"Bronhouder"	"VTHobject ID"	"Bedrijfstype"	"Beëndigd"	"Adres"	"Gemeente"	"Aantal stallen"	"IPPC"	"NH3 emissie (kg/j)"	"Geur emissie (ouE/s)"	"Fijnstof emissie (g/j)"	"BAG VBO X"	"BAG VBO Y"	"Gem. emissie X"	"Gem. emissie Y"	"Besluitdatum"	"Zaaktype"
"Horst aan de Maas"	"5766PP25"	"Melkrundvee"	"Nee"	"Lavendellaan 25 5766PP Griendtsveen"	"Horst aan de Maas"	"1"	"Nee"	"107,20"	"142,40"	"1.468,00"	"190005"	"383809"	"189990"	"383841"	"1995-05-30"	"Melding:Activiteitenbesluit"
"ODNML"	"5768AV26"	"voormalig bedrijf"	"Ja"	"Steegstraat 26 5768AV MEIJEL"	"Peel en Maas"	"1"	""	"0,00"	"0,00"	"0,00"	"190275"	"372480"	"190275"	"372480"	"2019-05-09"	"Intrekking:intrekking gehele veebestand"
"ODNML"	"5768AV30"	"voormalig bedrijf"	"Ja"	"Steegstraat 30 5768AV MEIJEL"	"Peel en Maas"	"1"	""	"0,00"	"0,00"	"0,00"	"190373"	"372527"	"190373"	"372527"	"2019-06-18"	"Intrekking:intrekking gehele veebestand"
"ODNML"	"5768CS10"	"voormalig bedrijf"	"Ja"	"Simonshoek 10 5768CS MEIJEL"	"Peel en Maas"	"1"	""	"0,00"	"0,00"	"0,00"	"189018"	"372602"	"189018"	"372602"	"2017-03-17"	"Intrekking:intrekking gehele veebestand"
"ODNML"	"5768CS7"	"Melkrundvee"	"Nee"	"Simonshoek 7 5768CS Meijel"	"Peel en Maas"	"1"	""	"334,00"	"1.068,00"	"5.700,00"	"189123"	"372594"	"189146"	"372569"	"2004-11-22"	"Vergunning:Beschikkking WM revisievergunning"
"ODNML"	"5768CS9"	"Paarden"	"Nee"	"Simonshoek 9 5768CS Meijel"	"Peel en Maas"	"1"	""	"148,10"	"0,00"	"0,00"	"189098"	"372583"	"189094"	"372528"	"2005-06-13"	"Vergunning:Beschikkking WM revisievergunning"
"ODNML"	"5768CZ12"	"Vleesvarkens"	"Nee"	"Simonshoeksesteeg 12 5768CZ MEIJEL"	"Peel en Maas"	"6"	"Ja"	"3.307,20"	"38.032,80"	"241.839,00"	"189363"	"371421"	"189378"	"371416"	"2022-11-08"	"Omgevingsvergunning-verandering"
"ODNML"	"5768CZ4"	"voormalig bedrijf"	"Ja"	"Simonshoeksesteeg 4 5768CZ MEIJEL"	"Peel en Maas"	"1"	""	"0,00"	"0,00"	"0,00"	"189061"	"372315"	"189061"	"372315"	"2012-12-27"	"Intrekking:intrekking gehele veebestand"
"ODNML"	"5768PB2"	"voormalig bedrijf"	"Ja"	"Berkenheg 2 5768PB Meijel"	"Peel en Maas"	"1"	""	"0,00"	"0,00"	"0,00"	"188263"	"373261"	"188285"	"373266"	"2015-07-09"	"Intrekking:Activiteitenbesluit"
"ODNML"	"5768PD10"	"Melkrundvee"	"Nee"	"Astenseweg 10 5768PD Meijel"	"Peel en Maas"	"1"	""	"1.509,40"	"0,00"	"16.144,00"	"188097"	"373350"	"188093"	"373394"	"2018-08-30"	"Melding:Activiteitenbesluit"
"ODNML"	"5768PD2"	"Vleesvee"	"Nee"	"Astenseweg 2 5768PD MEIJEL"	"Peel en Maas"	"1"	"Nee"	"565,00"	"5.696,00"	"5.280,00"	"188909"	"373196"	"188938"	"373167"	"2011-05-17"	"Vergunning:"
"ODNML"	"5768PE2"	"Biggen"	"Nee"	"Berg 2 5768PE Meijel"	"Peel en Maas"	"1"	"Nee"	"556,14"	"6.286,80"	"59.644,00"	"187857"	"373115"	"188076"	"373036"	"2020-12-22"	"Intrekking:Omgevingsverg. gedeeltelijke intrekking"
"ODNML"	"5768PE3"	"voormalig bedrijf"	"Ja"	"Berg 3 5768PE Meijel"	"Peel en Maas"	"1"	""	"0,00"	"0,00"	"0,00"	"187962"	"373233"	"187915"	"373284"	"2022-04-11"	"Intrekking:Omgevingsvergunning intrekking"
"ODNML"	"5768PE6"	"Melkrundvee"	"Nee"	"Berg 6 5768PE Meijel"	"Peel en Maas"	"1"	""	"2.359,60"	"0,00"	"26.216,00"	"187692"	"373284"	"187637"	"373313"	"2011-02-15"	"Vergunning:Beschikkking WM revisievergunning"
"ODNML"	"5768PG27"	"Paarden"	"Nee"	"Nederweerterdijk 27 5768PG Meijel"	"Peel en Maas"	"1"	""	"8,10"	"0,00"	"0,00"	"186776"	"371898"	"186781"	"371851"	"2020-10-09"	"Intrekking:Omgevingsverg. gedeeltelijke intrekking"
"ODNML"	"5768PG29"	"Paarden"	"Nee"	"Nederweerterdijk 29 5768PG Meijel"	"Peel en Maas"	"1"	"Nee"	"273,90"	"0,00"	"3.502,00"	"186716"	"371847"	"186748"	"371837"	"2021-05-05"	"Intrekking:Omgevingsverg. gedeeltelijke intrekking"
"ODNML"	"5768PG31"	"Paarden"	"Nee"	"Nederweerterdijk 31 5768PG Meijel"	"Peel en Maas"	"1"	"Nee"	"275,20"	"0,00"	"0,00"	"186695"	"371825"	"186696"	"371796"	"2021-01-26"	"Melding:Activiteitenbesluit"
"ODNML"	"5768PG33"	"Paarden"	"Nee"	"Nederweerterdijk 33 5768PG Meijel"	"Peel en Maas"	"1"	""	"175,00"	"0,00"	"0,00"	"186626"	"371759"	"186644"	"371696"	"2001-12-20"	"Vergunning:Beschikkking WM revisievergunning"
"ODNML"	"5768PH10"	"Vleesvarkens"	"Nee"	"Nederweerterdijk 10 5768PH Meijel"	"Peel en Maas"	"2"	"Nee"	"1.249,20"	"40.428,90"	"114.453,00"	"187263"	"372277"	"187145"	"372316"	"2022-06-21"	"Melding activiteitenbesluit met OBM"
"ODNML"	"5768PH18"	"Melkrundvee"	"Nee"	"Nederweerterdijk 18 5768PH Meijel"	"Peel en Maas"	"1"	""	"176,00"	"0,00"	"1.520,00"	"186815"	"371976"	"186806"	"371979"	"2013-11-21"	"Melding:Activiteitenbesluit"
"ODNML"	"5768PH26"	"Paarden"	"Nee"	"Nederweerterdijk 26 5768PH Meijel"	"Peel en Maas"	"1"	""	"25,00"	"0,00"	"0,00"	"186534"	"371830"	"186530"	"371844"	"2007-02-16"	"Vergunning:gedeeltelijke intrekking"
"ODNML"	"5768PH30"	"Leghennen"	"Nee"	"Nederweerterdijk 30 5768PH Meijel"	"Nederweert"	"2"	"Nee"	"1.363,58"	"2.186,43"	"101.093,00"	"186414"	"371639"	"186358"	"371658"	"2024-06-20"	"Intrekking gedeeltelijk veebestand"
"ODNML"	"5768PJ"	"Vleesvarkens"	"Nee"	"Vossenberg 2 5768PJ Meijel"	"Peel en Maas"	"3"	"Ja"	"4.680,00"	"132.080,00"	"322.400,00"	"186940"	"372040"	"186905"	"372136"	"2019-10-03"	"Vergunning:Beschikking tweede fase"
"ODNML"	"5768PJ3"	"Melkrundvee"	"Nee"	"Vossenberg 3 5768PJ Meijel"	"Peel en Maas"	"1"	""	"1.929,40"	"0,00"	"20.986,00"	"186735"	"372295"	"186727"	"372314"	"2014-02-13"	"Melding:Activiteitenbesluit"
"ODNML"	"5768PK15"	"Paarden"	"Nee"	"Steenoven 15 5768PK Meijel"	"Peel en Maas"	"1"	""	"130,70"	"0,00"	"0,00"	"188553"	"371900"	"188575"	"371910"	"2018-02-08"	"Melding:Activiteitenbesluit"
"ODNML"	"5768PL3"	"Paarden"	"Nee"	"Noorenweg 3 5768PL Meijel"	"Peel en Maas"	"1"	""	"45,00"	"0,00"	"0,00"	"188563"	"371762"	"188569"	"371772"	"2001-10-19"	"Vergunning:oprichtingsvergunning"
"ODNML"	"5768PM10"	"Vleesvarkens"	"Nee"	"Bleekweg 10 5768PM MEIJEL"	"Peel en Maas"	"1"	""	"1.181,00"	"12.144,00"	"77.220,00"	"188859"	"371975"	"188859"	"371975"	"2023-01-19"	"Omgevingsvergunning-verandering"
"ODNML"	"5768PN45"	"Paarden"	"Nee"	"Kampsteeg 45 5768PN Meijel"	"Peel en Maas"	"2"	""	"200,70"	"0,00"	"0,00"	"188535"	"371470"	"188539"	"371420"	"2021-01-15"	"Melding:Activiteitenbesluit"
"ODNML"	"5768PP13"	"Paarden"	"Nee"	"Langstraat 13 5768PP Meijel"	"Peel en Maas"	"1"	""	"125,00"	"0,00"	"0,00"	"188388"	"371045"	"188336"	"371011"	"2021-08-18"	"Melding:Activiteitenbesluit"
"ODNML"	"5768PP15"	"Nerts Vos"	"Nee"	"Langstraat 15 5768PP MEIJEL"	"Peel en Maas"	"2"	""	"2.115,32"	"197,85"	"68.635,00"	"188021"	"370816"	"188021"	"370816"	"2016-02-04"	"Vergunning:Omgevingsvergunning Inrichting"
"ODNML"	"5768PP18"	"Paarden"	"Nee"	"Langstraat 18 5768PP Meijel"	"Peel en Maas"	"7"	"Nee"	"393,00"	"0,00"	"0,00"	"187807"	"370813"	"187776"	"370928"	"2022-11-22"	"Melding activiteitenbesluit met OBM"
"ODNML"	"5768PP9"	"Melkrundvee"	"Nee"	"Langstraat 9 5768PP Meijel"	"Peel en Maas"	"1"	""	"548,40"	"1.602,00"	"11.793,00"	"188624"	"371122"	"188618"	"371081"	"2008-03-31"	"Melding:besluit landbouwbedrijven milieubeheer"
"ODNML"	"5768PR1"	"Paarden"	"Nee"	"Peelweg 1 5768PR Meijel"	"Peel en Maas"	"1"	""	"330,00"	"0,00"	"5.500,00"	"187383"	"372221"	"187427"	"372200"	"2014-12-19"	"Melding:Activiteitenbesluit"
"ODNML"	"5768PR16"	"Melkrundvee"	"Nee"	"Peelweg 16 5768PR Meijel"	"Peel en Maas"	"1"	""	"1.850,00"	"0,00"	"20.336,00"	"187820"	"371760"	"187780"	"371768"	"2019-11-02"	"Melding:Activiteitenbesluit"
"ODNML"	"5768PR27"	"Melkrundvee"	"Nee"	"Peelweg 27 5768PR Meijel"	"Peel en Maas"	"1"	""	"1.559,90"	"8.900,80"	"23.101,00"	"188311"	"370871"	"188370"	"370842"	"2022-08-02"	"Intrekking gedeeltelijk veebestand"
"ODNML"	"5768PR28"	"Paarden"	"Nee"	"Peelweg 28 5768PR Meijel"	"Peel en Maas"	"1"	""	"79,50"	"0,00"	"0,00"	"188200"	"371248"	"188167"	"371250"	"1999-08-23"	"Vergunning:beschikking WM veranderingsvergunning"
"ODNML"	"5768PR34"	"Vleesvee"	"Nee"	"Peelweg 34 5768PR Meijel"	"Peel en Maas"	"1"	""	"233,20"	"1.566,40"	"7.480,00"	"188258"	"371002"	"188229"	"370964"	"2012-12-27"	"Intrekking:gedeeltelijke intrekking"
"ODNML"	"5768PR40"	"Vleesvarkens"	"Nee"	"Peelweg 40 5768PR MEIJEL"	"Peel en Maas"	"4"	"Ja"	"6.859,20"	"112.243,20"	"666.816,00"	"188440"	"370430"	"188490"	"370480"	"2021-06-07"	"Vergunning:Omgevingsvergunning revisie"
"ODNML"	"5768PS15"	"Vleesvarkens"	"Nee"	"Donkerpeelkensweg 15 5768PS MEIJEL"	"Peel en Maas"	"3"	"Ja"	"3.387,00"	"76.498,00"	"481.500,00"	"189042"	"371454"	"189029"	"371431"	"2023-03-10"	"Ambtshalve wijziging"
"ODNML"	"5768PT6"	"Vleeskuikens"	"Nee"	"Steeghsweg 6 5768PT MEIJEL"	"Peel en Maas"	"3"	"Nee"	"1.352,40"	"12.751,20"	"850.080,00"	"189324"	"371038"	"189272"	"371044"	"2014-09-15"	"Melding:Activiteitenbesluit"
"ODNML"	"5768PV9"	"Paarden"	"Nee"	"Platveld 9 5768PV Meijel"	"Peel en Maas"	"5"	""	"1.042,60"	"2.359,80"	"17.680,00"	"188995"	"370646"	"189027"	"370607"	"2021-06-17"	"Vergunning:Omgevingsvergunning beperkte milieutoets"
"ODNML"	"5768PW13"	"Biggen"	"Nee"	"Vissersweg 13 5768PW Meijel"	"Peel en Maas"	"2"	""	"1.279,50"	"20.476,00"	"200.184,00"	"189371"	"370091"	"189398"	"370152"	"2020-10-27"	"Vergunning:Omgevingsvergunning beperkte milieutoets"
"ODNML"	"5768PW2"	"Paarden"	"Nee"	"Vissersweg 2 5768PW Meijel"	"Peel en Maas"	"1"	""	"204,20"	"399,15"	"6.924,00"	"189224"	"370722"	"189185"	"370719"	"2002-07-10"	"Vergunning:Beschikkking WM revisievergunning"
"ODNML"	"5768PX16"	"Vleesvee"	"Nee"	"Bloemendaalseweg 16 5768PX MEIJEL"	"Peel en Maas"	"1"	""	"4.518,00"	"42.738,40"	"95.976,00"	"188969"	"370321"	"188969"	"370321"	"2013-04-12"	"Melding:gedeeltelijke intrekking"
"ODNML"	"5768PX7"	"Vleesvee"	"Nee"	"Bloemendaalseweg 7 5768PX Meijel"	"Peel en Maas"	"1"	"Nee"	"1.401,80"	"8.900,00"	"43.568,00"	"189297"	"370380"	"189276"	"370325"	"2016-09-28"	"Vergunning:Omgevingsvergunning Inrichting"
"ODNML"	"5768RA5"	"Vleesvee"	"Nee"	"Roggelsedijk 5 5768RA Meijel"	"Peel en Maas"	"2"	"Nee"	"593,60"	"3.987,20"	"19.040,00"	"189524"	"371048"	"189572"	"371052"	"2024-09-04"	"Melding activiteitenbesluit met OBM"
"ODNML"	"5768RB18"	"voormalig bedrijf"	"Ja"	"Roggelsedijk 18 5768RB MEIJEL"	"Peel en Maas"	"1"	""	"0,00"	"0,00"	"0,00"	"189524"	"370342"	"189524"	"370342"	"2018-08-21"	"Intrekking:intrekking gehele veebestand"
"ODNML"	"5768RB26"	"Melkrundvee"	"Nee"	"Roggelsedijk 26 5768RB Meijel"	"Peel en Maas"	"1"	""	"817,40"	"0,00"	"7.340,00"	"189739"	"369939"	"189698"	"369903"	"1992-03-09"	"Vergunning:Beschikkking WM revisievergunning"
"ODNML"	"5768RC7"	"Zeugen"	"Nee"	"Marxweg 7 5768RC Meijel"	"Peel en Maas"	"6"	"Ja"	"2.752,55"	"40.888,10"	"337.923,00"	"190315"	"369839"	"190378"	"369873"	"2022-02-01"	"Vergunning:Beschikking eerste fase"
"ODNML"	"5768RD15"	"voormalig bedrijf"	"Ja"	"Witdonk 15 5768RD Meijel"	"Peel en Maas"	"1"	""	"0,00"	"0,00"	"0,00"	"190385"	"370046"	"190386"	"370057"	"2019-11-01"	"Intrekking:Omgevingsvergunning intrekking"
"ODNML"	"5768RD19"	"Melkrundvee"	"Nee"	"Witdonk 19 5768RD Meijel"	"Peel en Maas"	"1"	""	"1.979,20"	"0,00"	"20.916,00"	"190596"	"370035"	"190573"	"370086"	"2018-01-02"	"Melding:Activiteitenbesluit"
"ODNML"	"5768RE2"	"Melkrundvee"	"Nee"	"Kanaaldijk 2 5768RE Meijel"	"Peel en Maas"	"1"	""	"426,80"	"0,00"	"3.686,00"	"190562"	"370529"	"190606"	"370535"	"2004-02-02"	"Melding:AMvB melkveehouderij"
"ODNML"	"5768RG13"	"voormalig bedrijf"	"Ja"	"Krum 13 5768RG Meijel"	"Peel en Maas"	"1"	""	"0,00"	"0,00"	"0,00"	"189813"	"370807"	"189783"	"370821"	"2022-02-01"	"Intrekking:Omgevingsvergunning intrekking"
"ODNML"	"5768RG5"	"Paarden"	"Nee"	"Krum 5 5768RG Meijel"	"Peel en Maas"	"1"	""	"15,00"	"0,00"	"0,00"	"189815"	"370535"	"189805"	"370551"	"2003-01-29"	"Vergunning:gedeeltelijke intrekking"
"ODNML"	"5768RH12"	"Melkrundvee"	"Nee"	"Katsberg 12 5768RH Meijel"	"Peel en Maas"	"1"	""	"622,00"	"1.068,00"	"12.640,00"	"190330"	"370957"	"190326"	"370951"	"2014-08-19"	"Melding:Activiteitenbesluit"
"ODNML"	"5768RH3"	"Zeugen"	"Nee"	"Katsberg 3 5768RH Meijel"	"Peel en Maas"	"7"	"Nee"	"1.851,22"	"19.566,70"	"161.821,00"	"190242"	"371043"	"190256"	"371112"	"2024-07-08"	"Intrekking gedeeltelijk veebestand"
"ODNML"	"5768RH8"	"Vleesvarkens"	"Nee"	"Katsberg 8 5768RH Meijel"	"Peel en Maas"	"6"	"Ja"	"5.483,70"	"109.132,60"	"711.030,00"	"189942"	"370998"	"189988"	"370943"	"2024-11-15"	"Omgevingsvergunning-verandering OW"
"ODNML"	"5768RK5"	"Paarden"	"Nee"	"Heldensedijk 5 5768RK Meijel"	"Peel en Maas"	"1"	""	"60,00"	"0,00"	"0,00"	"190320"	"372969"	"190336"	"373011"	"2006-06-22"	"Vergunning:Beschikkking WM revisievergunning"
"ODNML"	"5768RL26"	"voormalig bedrijf"	"Ja"	"Heldensedijk 26 5768RL MEIJEL"	"Peel en Maas"	"1"	""	"0,00"	"0,00"	"0,00"	"191077"	"372800"	"191077"	"372800"	"2012-12-28"	"Intrekking:intrekking gehele veebestand"
"ODNML"	"5768RM2"	"Schapen"	"Nee"	"Trinesweg 2 5768RM Meijel"	"Peel en Maas"	"1"	""	"42,00"	"468,00"	"0,00"	"191171"	"372624"	"191129"	"372562"	"2003-03-25"	"Vergunning:Beschikkking WM revisievergunning"
"ODNML"	"5768RM3"	"Melkrundvee"	"Nee"	"Trinesweg 3 5768RM Meijel"	"Peel en Maas"	"1"	"Nee"	"603,00"	"0,00"	"5.328,00"	"191135"	"372277"	"191183"	"372278"	"2015-03-04"	"Intrekking:Activiteitenbesluit"
"ODNML"	"5768RN13"	"Vleesvarkens"	"Nee"	"Vieruitersten 13 5768RN Meijel"	"Peel en Maas"	"2"	"Nee"	"2.043,63"	"24.491,40"	"178.022,00"	"191192"	"373429"	"191132"	"373460"	"2019-11-25"	"Melding:Omgevingsvergunning beperkte milieutoets"
"ODNML"	"5768RP18"	"Geiten"	"Nee"	"Vieruitersten 18 5768RP Meijel"	"Peel en Maas"	"1"	""	"152,26"	"423,60"	"32.760,00"	"190567"	"373991"	"190621"	"374032"	"2020-12-10"	"Melding:Activiteitenbesluit"
"ODNML"	"5768RP22"	"Vleesvee"	"Nee"	"Vieruitersten 22 5768RP Meijel"	"Peel en Maas"	"1"	""	"1.655,50"	"12.282,00"	"43.580,00"	"190309"	"374171"	"190283"	"374200"	"2003-10-20"	"Vergunning:Beschikkking WM revisievergunning"
"ODNML"	"5768RP24"	"Vleesvee"	"Nee"	"Vieruitersten 24 5768RP Meijel"	"Peel en Maas"	"1"	""	"1.392,90"	"8.650,80"	"41.310,00"	"190507"	"374410"	"190456"	"374447"	"2022-10-13"	"Melding activiteitenbesluit met OBM"
"ODNML"	"5768RP6"	"Paarden"	"Nee"	"Vieruitersten 6 5768RP Meijel"	"Peel en Maas"	"1"	""	"172,20"	"0,00"	"0,00"	"191209"	"373334"	"191268"	"373328"	"2020-09-11"	"Intrekking:Omgevingsvergunning beperkte milieutoets"
"ODNML"	"5768RR24"	"voormalig bedrijf"	"Ja"	"Heufkesweg 24 5768RR Meijel"	"Peel en Maas"	"1"	""	"0,00"	"0,00"	"0,00"	"190768"	"373655"	"190829"	"373669"	"2020-08-25"	"Intrekking:Omgevingsvergunning beperkte milieutoets"
"ODNML"	"5768RR33"	"Leghennen"	"Ja"	"Heufkesweg 33 5768RR Meijel"	"Peel en Maas"	"1"	""	"nu"	"nu"	"nu"	"190799"	"373759"	"190753"	"373736"	"2025-04-29"	"Intrekken gehele veebestand OW"
"ODNML"	"5768RT13"	"Vleesvee"	"Nee"	"Molenbaan 13 5768RT Meijel"	"Peel en Maas"	"1"	""	"888,00"	"8.828,80"	"8.184,00"	"189642"	"373862"	"189587"	"373941"	"2016-03-03"	"Intrekking:gedeeltelijke intrekking"
"ODNML"	"5768RT18"	"Paarden"	"Nee"	"Molenbaan 18 5768RT MEIJEL"	"Peel en Maas"	"1"	""	"94,30"	"0,00"	"0,00"	"189887"	"373949"	"189887"	"373949"	"1999-08-23"	"Vergunning:Beschikkking WM revisievergunning"
"ODNML"	"5768RV2"	"Schapen"	"Nee"	"Molenpeel 2 5768RV Meijel"	"Peel en Maas"	"1"	"Nee"	"70,00"	"780,00"	"0,00"	"189593"	"374425"	"189628"	"374435"	"2020-08-28"	"Intrekking:Omgevingsverg. gedeeltelijke intrekking"
"ODNML"	"5768RV4A"	"Paarden"	"Nee"	"Molenpeel 4A 5768RV Meijel"	"Peel en Maas"	"1"	""	"678,20"	"0,00"	"0,00"	"189784"	"374385"	"189762"	"374402"	"2003-12-12"	"Vergunning:Beschikkking WM revisievergunning"
"ODNML"	"5768RV5"	"voormalig bedrijf"	"Ja"	"Molenpeel 5 5768RV Meijel"	"Peel en Maas"	"1"	""	"0,00"	"0,00"	"0,00"	"190055"	"374523"	"190086"	"374524"	"2020-02-11"	"Intrekking:Omgevingsvergunning beperkte milieutoets"
"ODNML"	"5768RX12"	"Paarden"	"Nee"	"Hof 12 5768RX Meijel"	"Peel en Maas"	"1"	""	"80,00"	"0,00"	"0,00"	"189119"	"373847"	"189112"	"373856"	"2001-07-11"	"Vergunning:Beschikkking WM revisievergunning"
"ODNML"	"5768RX8"	"voormalig bedrijf"	"Ja"	"Hof 8 5768RX MEIJEL"	"Peel en Maas"	"1"	""	"0,00"	"0,00"	"0,00"	"189011"	"373849"	"189011"	"373849"	"2018-07-18"	"Intrekking:intrekking gehele veebestand"
"ODNML"	"5768XG12"	"Nerts Vos"	"Nee"	"Steenkampseweg 12 5768XG Meijel"	"Peel en Maas"	"1"	""	"2.650,50"	"0,00"	"84.816,00"	"190059"	"371493"	"190108"	"371529"	"2005-12-07"	"Vergunning:Beschikkking WM revisievergunning"
"ODNML"	"5768XK1"	"Paarden"	"Nee"	"Heihorst 1 5768XK Meijel"	"Peel en Maas"	"1"	""	"403,10"	"1.536,00"	"6.244,00"	"189697"	"371927"	"189728"	"371903"	"2001-06-11"	"Vergunning:Beschikkking WM revisievergunning"
"ODNML"	"5768XK16"	"voormalig bedrijf"	"Ja"	"Heihorst 16 5768XK Meijel"	"Peel en Maas"	"1"	"Nee"	"0,00"	"0,00"	"0,00"	"189773"	"371612"	"189752"	"371591"	"2021-10-06"	"Intrekking:Omgevingsvergunning beperkte milieutoets"
"ODNML"	"5768XK7"	"voormalig bedrijf"	"Ja"	"Heihorst 7 5768XK MEIJEL"	"Peel en Maas"	"1"	""	"0,00"	"0,00"	"0,00"	"189773"	"371723"	"189773"	"371723"	"2015-08-20"	"Intrekking:intrekking gehele veebestand"
"ODNML"	"5768XM47"	"voormalig bedrijf"	"Ja"	"Donk 47 5768XM Meijel"	"Peel en Maas"	"1"	"Nee"	"0,00"	"0,00"	"0,00"	"189536"	"371409"	"189723"	"371416"	"2022-02-22"	"Intrekking:Omgevingsvergunning intrekking"
"ODNML"	"5801HL3"	"voormalig bedrijf"	"Ja"	"Hiept 3 5801HL Venray"	"Venray"	"1"	"Nee"	"nu"	"nu"	"nu"	"194383"	"393856"	"194387"	"393881"	"2022-04-12"	"Bewijs bedrijfsbeëindiging"
"ODNML"	"5801HR38"	"voormalig bedrijf"	"Ja"	"Hoopweg 38 5801HR VENRAY"	"Venray"	"1"	"Nee"	"0,00"	"0,00"	"0,00"	"193917"	"392483"	"193917"	"392483"	"2009-04-15"	"Intrekking:intrekking gehele veebestand"
"ODNML"	"5801JB21"	"Zeugen"	"Nee"	"Kiekweg 21 5801JB Venray"	"Venray"	"6"	"Ja"	"1.775,06"	"31.408,35"	"248.994,10"	"193720"	"392313"	"193662"	"392291"	"2012-07-24"	"Omgevingsvergunning-revisie"
"ODNML"	"5801PJ36"	"Paarden"	"Nee"	"Hardeweg 36 5801PJ Venray"	"Venray"	"1"	"Nee"	"137,40"	"0,00"	"0,00"	"193807"	"392524"	"193810"	"392549"	"1995-05-04"	"Omgevingsvergunning-oprichting"
"ODNML"	"5804AR5C"	"Paarden"	"Nee"	"Spurkt 5C 5804AR Venray"	"Venray"	"2"	"Nee"	"278,60"	"0,00"	"0,00"	"195650"	"395997"	"195711"	"396002"	"2017-12-11"	"Melding:Activiteitenbesluit"
"ODNML"	"5804AT95"	"voormalig bedrijf"	"Ja"	"Overloonseweg 95 5804AT Venray"	"Venray"	"1"	"Nee"	"0,00"	"0,00"	"0,00"	"195435"	"395289"	"195416"	"395288"	"2015-01-01"	"Correctie:ambtshalve wijziging"
"ODNML"	"5804AT99"	"Paarden"	"Nee"	"Overloonseweg 99 5804AT Venray"	"Venray"	"3"	"Nee"	"400,00"	"0,00"	"0,00"	"194780"	"396329"	"194750"	"396322"	"2010-03-31"	"Omgevingsvergunning-revisie"
"ODNML"	"5804AV26"	"Paarden"	"Nee"	"Overloonseweg 26 5804AV Venray"	"Venray"	"4"	"Nee"	"125,40"	"0,00"	"0,00"	"195449"	"395509"	"195468"	"395506"	"2015-09-22"	"Melding activiteitenbesluit"
"ODNML"	"5804AW10"	"Melkrundvee"	"Nee"	"Houtklef 10 5804AW Venray"	"Venray"	"3"	"Nee"	"3.252,40"	"0,00"	"35.806,00"	"195065"	"396842"	"195109"	"396803"	"2009-01-13"	"Vergunning:onbekend"
"ODNML"	"5804BJ15"	"voormalig bedrijf"	"Ja"	"Laagheidseweg 15 5804BJ VENRAY"	"Venray"	"1"	"Nee"	"0,00"	"0,00"	"0,00"	"194977"	"394744"	"194977"	"394744"	"2016-12-13"	"Intrekking:intrekking gehele veebestand"
"ODNML"	"5804BJ17"	"voormalig bedrijf"	"Ja"	"Laagheidseweg 17 5804BJ VENRAY"	"Venray"	"1"	"Nee"	"0,00"	"0,00"	"0,00"	"194934"	"394849"	"194934"	"394849"	"2012-08-09"	"Intrekking:intrekking gehele veebestand"
"ODNML"	"5804BJ17A"	"Paarden"	"Nee"	"Laagheidseweg 17A 5804BJ Venray"	"Venray"	"1"	"Nee"	"27,30"	"0,00"	"0,00"	"194903"	"394944"	"194829"	"394950"	"2014-10-08"	"Melding activiteitenbesluit"
"ODNML"	"5804BJ18"	"Melkrundvee"	"Nee"	"Laagheidseweg 18 5804BJ Venray"	"Venray"	"1"	"Nee"	"899,70"	"0,00"	"11.622,00"	"194600"	"395579"	"194624"	"395605"	"2013-09-13"	"Melding:besluit landbouwbedrijven milieubeheer"
"ODNML"	"5804BJ23"	"Melkrundvee"	"Nee"	"Laagheidseweg 23 5804BJ Venray"	"Venray"	"3"	"Nee"	"2.692,00"	"0,00"	"29.680,00"	"194272"	"395985"	"194253"	"395934"	"2009-04-07"	"Melding activiteitenbesluit"
"ODNML"	"5804BK6"	"voormalig bedrijf"	"Ja"	"Buitenweg 6 5804BK VENRAY"	"Venray"	"1"	"Nee"	"0,00"	"0,00"	"0,00"	"195027"	"394462"	"195027"	"394462"	"2013-01-01"	"Intrekking:intrekking gehele veebestand"
"ODNML"	"5804BK8A"	"voormalig bedrijf"	"Ja"	"Buitenweg 8A 5804BK VENRAY"	"Venray"	"1"	"Nee"	"0,00"	"0,00"	"0,00"	"194916"	"394370"	"194916"	"394370"	"2011-01-01"	"Correctie:ambtshalve wijziging"
"ODNML"	"5804DZ1"	"Melkrundvee"	"Nee"	"Broekweg 1 5804DZ Venray"	"Venray"	"1"	""	"782,80"	"0,00"	"7.024,00"	"194708"	"394283"	"194839"	"394622"	"1900-01-01"	"Melding:onbekend"
"ODNML"	"5807AA165"	"voormalig bedrijf"	"Ja"	"Stationsweg 165 5807AA Oostrum"	"Venray"	"1"	"Nee"	"nu"	"nu"	"nu"	"197571"	"393532"	"197580"	"393557"	"1999-08-18"	"Intrekking gehele veebestand"
"ODNML"	"5807AK61"	"voormalig bedrijf"	"Ja"	"Van Broekhuizenstraat 61 5807AK OOSTRUM LB"	"Venray"	"1"	"Nee"	"0,00"	"0,00"	"0,00"	"198897"	"393813"	"198897"	"393813"	"2015-02-18"	"Intrekking:intrekking gehele veebestand"
"ODNML"	"5807AL40"	"voormalig bedrijf"	"Ja"	"Van Broekhuizenstraat 40 5807AL OOSTRUM LB"	"Venray"	"1"	"Nee"	"0,00"	"0,00"	"0,00"	"198988"	"393747"	"198988"	"393747"	"2015-07-02"	"Intrekking:intrekking gehele veebestand"
"ODNML"	"5807AV2"	"voormalig bedrijf"	"Ja"	"Geysterseweg 2 5807AV Oostrum"	"Venray"	"1"	"Nee"	"0,00"	"0,00"	"0,00"	"198808"	"393577"	"198834"	"393589"	"1995-09-20"	"Correctie:ambtshalve wijziging"
"ODNML"	"5807AV30"	"Melkrundvee"	"Nee"	"Geysterseweg 30 5807AV Oostrum"	"Venray"	"4"	"Nee"	"1.283,00"	"0,00"	"13.760,00"	"199907"	"394907"	"199915"	"394890"	"2017-07-26"	"Melding activiteitenbesluit"
"ODNML"	"5807BD2"	"Melkrundvee"	"Nee"	"Mgr. Hanssenstraat 2 5807BD Oostrum"	"Venray"	"1"	"Nee"	"780,00"	"0,00"	"8.880,00"	"198513"	"393520"	"198523"	"393496"	"1994-04-13"	"Melding:onbekend"
"ODNML"	"5807EA17A"	"voormalig bedrijf"	"Ja"	"Wanssumseweg 17A 5807EA Oostrum"	"Venray"	"1"	"Nee"	"0,00"	"0,00"	"0,00"	"200044"	"393499"	"199953"	"393622"	"2010-01-01"	"Correctie:ambtshalve wijziging"
"ODNML"	"5807EB6"	"Vleesvarkens"	"Nee"	"De Zomp 6 5807EB OOSTRUM LB"	"Venray"	"3"	"Ja"	"2.364,30"	"55.574,70"	"401.193,00"	"200603"	"393722"	"200630"	"393719"	"2008-05-13"	"Omgevingsvergunning-revisie"
"ODNML"	"5807EB8"	"Leghennen"	"Nee"	"De Zomp 8 5807EB OOSTRUM LB"	"Venray"	"3"	"Ja"	"3.638,12"	"49.068,00"	"3.721.676,00"	"200589"	"393878"	"200637"	"393904"	"2019-06-06"	"Omgevingsvergunning-revisie"
"ODNML"	"5807EB9"	"Geiten"	"Nee"	"De Zomp 9 5807EB OOSTRUM LB"	"Venray"	"1"	"Nee"	"58,00"	"376,00"	"380,00"	"200354"	"394041"	"200337"	"394091"	"2024-10-09"	"Melding Besluit Activiteit Leefomgeving"
"ODNML"	"5807EC1"	"Paarden"	"Nee"	"Buskensven 1 5807EC Oostrum"	"Venray"	"1"	"Nee"	"277,60"	"0,00"	"4.650,00"	"199642"	"393504"	"199613"	"393537"	"2017-06-23"	"Melding activiteitenbesluit"
"ODNML"	"5807ER2"	"Paarden"	"Nee"	"Spralandweg 2 5807ER Oostrum"	"Venray"	"5"	""	"1.684,00"	"9.042,40"	"31.077,00"	"199255"	"394152"	"199280"	"394129"	"2017-06-06"	"Melding activiteitenbesluit met OBM"
"ODNML"	"5807ET12"	"Geiten"	"Nee"	"Vosseveen 12 5807ET Oostrum"	"Venray"	"2"	"Nee"	"2.303,70"	"26.042,40"	"28.437,00"	"201599"	"393321"	"201651"	"393108"	"2005-01-24"	"Omgevingsvergunning-revisie"
"ODNML"	"5807EX6"	"voormalig bedrijf"	"Ja"	"Hulstweg 6 5807EX OOSTRUM LB"	"Venray"	"1"	"Nee"	"0,00"	"0,00"	"0,00"	"198545"	"392664"	"198545"	"392664"	"2014-08-26"	"Intrekking:intrekking gehele veebestand"
"ODNML"	"5808AA1A"	"Leghennen"	"Nee"	"Hoogriebroekseweg 1A 5808AA Oirlo"	"Venray"	"6"	"Ja"	"6.632,50"	"20.230,00"	"4.561.000,00"	"197885"	"390200"	"197850"	"390284"	"2011-01-17"	"Omgevingsvergunning-revisie"
"ODNML"	"5808AA21"	"voormalig bedrijf"	"Ja"	"Hoogriebroekseweg 21 5808AA OIRLO"	"Venray"	"1"	"Nee"	"0,00"	"0,00"	"0,00"	"198562"	"390974"	"198562"	"390974"	"2014-08-07"	"Intrekking:intrekking gehele veebestand"
"ODNML"	"5808AA3"	"Paarden"	"Nee"	"Hoogriebroekseweg 3 5808AA Oirlo"	"Venray"	"1"	"Nee"	"47,60"	"0,00"	"0,00"	"198011"	"390345"	"198008"	"390346"	"2007-10-09"	"Melding activiteitenbesluit"
"ODNML"	"5808AB12"	"Melkrundvee"	"Nee"	"Koepas 12 5808AB Oirlo"	"Venray"	"1"	"Nee"	"589,60"	"0,00"	"5.092,00"	"197986"	"390746"	"197988"	"390767"	"1999-11-29"	"Melding:onbekend"
"ODNML"	"5808AB2"	"Schapen"	"Nee"	"Koepas 2 5808AB Oirlo"	"Venray"	"2"	"Nee"	"17,50"	"195,00"	"0,00"	"198208"	"390643"	"198228"	"390658"	"2020-05-29"	"Intrekking gedeeltelijk veebestand"
"ODNML"	"5808AC1"	"voormalig bedrijf"	"Ja"	"Rosakker 1 5808AC OIRLO"	"Venray"	"1"	"Nee"	"0,00"	"0,00"	"0,00"	"200212"	"390807"	"200212"	"390807"	"2018-06-29"	"Intrekking:intrekking gehele veebestand"
"ODNML"	"5808AD2"	"Leghennen"	"Nee"	"Bremmenkamp 2 5808AD Oirlo"	"Venray"	"6"	"Ja"	"6.221,40"	"24.635,00"	"3.975.100,00"	"199441"	"391296"	"199374"	"391248"	"2013-07-23"	"Omgevingsvergunning milieuneutraal"
"ODNML"	"5808AE1A"	"voormalig bedrijf"	"Ja"	"Castenrayseweg 1A 5808AE OIRLO"	"Venray"	"1"	"Nee"	"0,00"	"0,00"	"0,00"	"200357"	"390964"	"200357"	"390964"	"2014-08-05"	"Intrekking:intrekking gehele veebestand"
"ODNML"	"5808AG2"	"Leghennen"	"Nee"	"Castenrayseweg 2 5808AG Oirlo"	"Venray"	"2"	"Ja"	"2.762,86"	"59.097,50"	"1.765.250,00"	"200215"	"391011"	"200114"	"390930"	"2013-11-25"	"Vergunning:Omgevingsvergunning Inrichting"
"ODNML"	"5808AG6"	"voormalig bedrijf"	"Ja"	"Castenrayseweg 6 5808AG OIRLO"	"Venray"	"1"	"Nee"	"0,00"	"0,00"	"0,00"	"200324"	"390773"	"200324"	"390773"	"2012-09-30"	"Intrekking:intrekking gehele veebestand"
"ODNML"	"5808AJ14"	"Leghennen"	"Nee"	"Molenhoek 14 5808AJ Oirlo"	"Venray"	"2"	"Ja"	"9.758,40"	"92.440,00"	"8.282.080,00"	"200853"	"390649"	"201010"	"390624"	"2018-06-13"	"Omgevingsvergunning-verandering"
"ODNML"	"5808AJ16"	"Vleesvarkens"	"Nee"	"Molenhoek 16 5808AJ Oirlo"	"Venray"	"3"	"Ja"	"4.638,00"	"70.239,60"	"600.372,00"	"200845"	"390719"	"200898"	"390781"	"2024-03-21"	"Omgevingsvergunning milieuneutraal"
"ODNML"	"5808AK3"	"Leghennen"	"Nee"	"Boddenbroek 3 5808AK Oirlo"	"Venray"	"2"	"Ja"	"3.500,19"	"21.001,14"	"2.683.479,00"	"200687"	"391160"	"200601"	"391266"	"2013-02-21"	"Omgevingsvergunning-verandering"
"ODNML"	"5808AK4"	"Melkrundvee"	"Nee"	"Boddenbroek 4 5808AK Oirlo"	"Venray"	"1"	"Nee"	"2.676,00"	"0,00"	"34.920,00"	"200444"	"390997"	"200532"	"391001"	"2010-05-18"	"Melding:Activiteitenbesluit"
"ODNML"	"5808AL3"	"Leghennen"	"Nee"	"Rotven 3 5808AL Oirlo"	"Venray"	"3"	"Nee"	"3.027,67"	"12.241,02"	"2.100.495,00"	"201365"	"391565"	"201352"	"391634"	"2023-02-25"	"Melding activiteitenbesluit met OBM"
"ODNML"	"5808AL7"	"Vleesvarkens"	"Nee"	"Rotven 7 5808AL OIRLO"	"Venray"	"1"	"Ja"	"2.790,18"	"39.963,00"	"123.822,00"	"201631"	"391700"	"201550"	"391752"	"2013-04-22"	"Omgevingsvergunning-revisie"
"ODNML"	"5808AL8"	"voormalig bedrijf"	"Ja"	"Rotven 8 5808AL Oirlo"	"Venray"	"4"	"Nee"	"nu"	"nu"	"nu"	"201729"	"391641"	"201853"	"391727"	"2024-06-28"	"Intrekking gehele veebestand"
"ODNML"	"5808AM11"	"Zeugen"	"Ja"	"Meerloseweg 11 5808AM OIRLO"	"Venray"	"1"	"Ja"	"nu"	"nu"	"nu"	"201142"	"392317"	"201142"	"392317"	"2025-06-12"	"Intrekken gehele veebestand OW"
"ODNML"	"5808AM12"	"Paarden"	"Nee"	"Meerloseweg 12 5808AM Oirlo"	"Venray"	"1"	"Nee"	"125,00"	"0,00"	"0,00"	"201324"	"392187"	"201373"	"392145"	"2008-04-14"	"Vergunning:onbekend"
"ODNML"	"5808AM18"	"Zeugen"	"Nee"	"Meerloseweg 18 5808AM OIRLO"	"Venray"	"4"	"Ja"	"5.265,44"	"55.644,69"	"457.283,05"	"201520"	"392202"	"201649"	"392201"	"2012-01-12"	"Vergunning:beschikking WM veranderingsvergunning"
"ODNML"	"5808AM6"	"voormalig bedrijf"	"Ja"	"Meerloseweg 6 5808AM Oirlo"	"Venray"	"1"	"Nee"	"0,00"	"0,00"	"0,00"	"200910"	"391937"	"200899"	"391901"	"2015-01-01"	"Intrekking:ambtshalve wijziging"
"ODNML"	"5808AN4"	"Paarden"	"Nee"	"Ericaweg 4 5808AN Oirlo"	"Venray"	"1"	"Nee"	"69,95"	"41,00"	"878,00"	"201371"	"392518"	"201319"	"392599"	"2009-11-19"	"Melding:"
"ODNML"	"5808AN7"	"Vleesvarkens"	"Nee"	"Ericaweg 7 5808AN Oirlo"	"Venray"	"4"	"Nee"	"11.155,56"	"59.274,20"	"424.126,00"	"201470"	"392716"	"201517"	"392755"	"1994-10-12"	"Omgevingsvergunning-revisie"
"ODNML"	"5808AP10"	"voormalig bedrijf"	"Ja"	"Gunhoekweg 10 5808AP Oirlo"	"Venray"	"1"	"Nee"	"0,00"	"0,00"	"0,00"	"200041"	"392092"	"200047"	"392085"	"2017-09-27"	"Intrekking:ambtshalve wijziging"
"ODNML"	"5808AP15"	"Vleesvarkens"	"Nee"	"Gunhoekweg 15 5808AP Oirlo"	"Venray"	"4"	"Ja"	"7.287,75"	"151.359,55"	"718.029,00"	"201370"	"392715"	"201354"	"392752"	"2024-02-08"	"Omgevingsvergunning-verandering"
"ODNML"	"5808AR11"	"voormalig bedrijf"	"Ja"	"Hoofdstraat 11 5808AR OIRLO"	"Venray"	"1"	"Nee"	"0,00"	"0,00"	"0,00"	"200000"	"391717"	"200000"	"391717"	"2019-01-22"	"Intrekking:intrekking gehele veebestand"
"ODNML"	"5808AS47"	"Melkrundvee"	"Nee"	"Hoofdstraat 47 5808AS Oirlo"	"Venray"	"1"	"Nee"	"203,10"	"178,00"	"3.299,00"	"200312"	"391091"	"200342"	"391063"	"1996-01-24"	"Intrekking gedeeltelijk veebestand"
"ODNML"	"5808AV46"	"Zeugen"	"Nee"	"Hoofdstraat 46 5808AV Oirlo"	"Venray"	"5"	"Nee"	"1.442,18"	"12.556,70"	"114.125,00"	"200197"	"391272"	"200161"	"391239"	"2016-10-04"	"Melding activiteitenbesluit met OBM"
"ODNML"	"5808BK11"	"voormalig bedrijf"	"Ja"	"Zandhoek 11 5808BK Oirlo"	"Venray"	"1"	"Nee"	"nu"	"nu"	"nu"	"199282"	"391464"	"199235"	"391448"	"2023-07-12"	"Intrekking gehele veebestand"
"ODNML"	"5808BK11A"	"voormalig bedrijf"	"Ja"	"Zandhoek 11A 5808BK Oirlo"	"Venray"	"1"	"Nee"	"0,00"	"0,00"	"0,00"	"199370"	"391423"	"199334"	"391423"	"2012-06-04"	"Intrekking:Omgevingsvergunning intrekking"
"ODNML"	"5808BK13"	"voormalig bedrijf"	"Ja"	"Zandhoek 13 5808BK OIRLO"	"Venray"	"1"	"Nee"	"0,00"	"0,00"	"0,00"	"199317"	"391337"	"199317"	"391337"	"2012-07-18"	"Intrekking:Omgevingsvergunning intrekking"
"ODNML"	"5808BK2"	"Melkrundvee"	"Nee"	"Zandhoek 2 5808BK Oirlo"	"Venray"	"1"	""	"696,00"	"0,00"	"7.440,00"	"199638"	"391586"	"199658"	"391578"	"1992-01-09"	"Melding activiteitenbesluit"
"ODNML"	"5808BK8"	"voormalig bedrijf"	"Ja"	"Zandhoek 8 5808BK Oirlo"	"Venray"	"1"	"Nee"	"0,00"	"0,00"	"0,00"	"199373"	"391565"	"199389"	"391598"	"2012-01-01"	"Intrekking:Activiteitenbesluit"
"ODNML"	"5808BL1"	"voormalig bedrijf"	"Ja"	"Blakterweg 1 5808BL OIRLO"	"Venray"	"1"	"Nee"	"0,00"	"0,00"	"0,00"	"198042"	"392137"	"198042"	"392137"	"2012-01-01"	"Correctie:Omgevingsvergunning intrekking"
"ODNML"	"5808BL4A"	"voormalig bedrijf"	"Ja"	"Blakterweg 4A 5808BL OIRLO"	"Venray"	"1"	"Nee"	"0,00"	"0,00"	"0,00"	"198541"	"391751"	"198541"	"391751"	"2015-11-24"	"Intrekking:intrekking gehele veebestand"
"ODNML"	"5808BL5B"	"Leghennen"	"Nee"	"Blakterweg 5B 5808BL Oirlo"	"Venray"	"5"	"Nee"	"1.933,77"	"5.259,80"	"1.299.480,00"	"198937"	"391837"	"198930"	"391857"	"2025-11-25"	"Omgevingsvergunning-verandering OW"
"ODNML"	"5808BM12"	"voormalig bedrijf"	"Ja"	"Pauwweg 12 5808BM Oirlo"	"Venray"	"1"	"Nee"	"nu"	"nu"	"nu"	"199289"	"392027"	"199253"	"392020"	"2024-12-03"	"Intrekken gehele veebestand OW"
"ODNML"	"5808BW20"	"Vleesvarkens"	"Nee"	"Vosseveen 20 5808BW Oirlo"	"Venray"	"7"	"Ja"	"3.708,39"	"126.695,80"	"257.642,40"	"201653"	"393276"	"201681"	"393111"	"2015-07-29"	"Vergunning:Omgevingsvergunning Inrichting"
"ODNML"	"5808BX13"	"voormalig bedrijf"	"Ja"	"Wusterweg 13 5808BX OIRLO"	"Venray"	"1"	"Nee"	"nu"	"nu"	"nu"	"199127"	"390222"	"199127"	"390222"	"2024-12-09"	"Intrekken gehele veebestand OW"
"ODNML"	"5808BX9"	"Leghennen"	"Nee"	"Wusterweg 9 5808BX OIRLO"	"Venray"	"1"	"Nee"	"648,00"	"8.160,00"	"702.000,00"	"199331"	"390002"	"199331"	"390002"	"2015-01-12"	"Vergunning:"
"ODNML"	"5808BZ36"	"Vleesvarkens"	"Nee"	"Roffert 36 5808BZ Oirlo"	"Venray"	"2"	"Nee"	"7.353,00"	"37.582,00"	"250.002,00"	"200021"	"390485"	"200044"	"390390"	"2001-12-20"	"Omgevingsvergunning-revisie"
"ODNML"	"5808BZ40"	"Biggen"	"Nee"	"Roffert 40 5808BZ OIRLO"	"Venray"	"1"	"Nee"	"517,50"	"5.850,00"	"55.500,00"	"199968"	"390958"	"199972"	"390593"	"2012-08-08"	"Vergunning:oprichtingsvergunning"
"ODNML"	"5809AE46"	"voormalig bedrijf"	"Ja"	"Albionstraat 46 5809AE LEUNEN"	"Venray"	"1"	"Nee"	"0,00"	"0,00"	"0,00"	"196109"	"390975"	"196109"	"390975"	"2019-03-18"	"Intrekking:intrekking gehele veebestand"
"ODNML"	"5809DZ19"	"Melkrundvee"	"Nee"	"Weideweg 19 5809DZ Leunen"	"Venray"	"1"	""	"518,20"	"0,00"	"5.440,00"	"197196"	"391902"	"197159"	"391922"	"2017-10-31"	"Melding activiteitenbesluit"
"ODNML"	"5809DZ7"	"Geiten"	"Nee"	"Weideweg 7 5809DZ Leunen"	"Venray"	"5"	"Nee"	"3.620,60"	"37.444,00"	"47.810,00"	"197197"	"391632"	"197147"	"391658"	"2021-09-03"	"Vergunning:Omgevingsvergunning beperkte milieutoets"
"ODNML"	"5809EA3"	"voormalig bedrijf"	"Ja"	"Zuivelweg 3 5809EA LEUNEN"	"Venray"	"1"	"Nee"	"0,00"	"0,00"	"0,00"	"195898"	"391812"	"195898"	"391812"	"2011-09-20"	"Intrekking:intrekking gehele veebestand"
"ODNML"	"5809EB1"	"Vleesvarkens"	"Nee"	"Enge Steeg 1 5809EB Leunen"	"Venray"	"5"	"Ja"	"4.977,20"	"54.255,10"	"274.832,00"	"195740"	"391847"	"195749"	"391794"	"2025-08-11"	"Omgevingsvergunning-verandering"
"ODNML"	"5809EB2"	"voormalig bedrijf"	"Ja"	"Engesteeg 2 5809EB LEUNEN"	"Venray"	"1"	"Nee"	"0,00"	"0,00"	"0,00"	"195688"	"391437"	"195688"	"391437"	"2010-03-31"	"Intrekking:intrekking gehele veebestand"
"ODNML"	"5809EB4"	"voormalig bedrijf"	"Ja"	"Enge Steeg 4 5809EB Leunen"	"Venray"	"1"	"Nee"	"0,00"	"0,00"	"0,00"	"195693"	"391366"	"195641"	"391391"	"2021-02-02"	"Intrekking:Omgevingsvergunning beperkte milieutoets"
"ODNML"	"5809ED37"	"Vleesvee"	"Nee"	"Steegse Peelweg 37 5809ED Leunen"	"Venray"	"1"	""	"118,60"	"213,60"	"3.400,00"	"195524"	"390959"	"195557"	"390950"	"1988-09-21"	"Omgevingsvergunning-verandering"
"ODNML"	"5809ED45"	"Leghennen"	"Nee"	"Steegse Peelweg 45 5809ED Leunen"	"Venray"	"3"	"Ja"	"2.781,90"	"12.839,58"	"1.640.613,00"	"195387"	"390861"	"195370"	"390769"	"2014-04-30"	"Intrekking gedeeltelijk veebestand"
"ODNML"	"5809ED49A"	"voormalig bedrijf"	"Ja"	"Steegse Peelweg 49A 5809ED LEUNEN"	"Venray"	"1"	"Nee"	"0,00"	"0,00"	"0,00"	"195293"	"390765"	"195293"	"390765"	"2010-01-01"	"Correctie:ambtshalve wijziging"
"ODNML"	"5809ED51"	"Vleesvarkens"	"Nee"	"Steegse Peelweg 51 5809ED Leunen"	"Venray"	"3"	"Ja"	"3.779,40"	"41.298,80"	"168.055,20"	"195209"	"390682"	"195223"	"390625"	"2012-08-29"	"Vergunning:Omgevingsvergunning Inrichting"
"ODNML"	"5809EE14"	"voormalig bedrijf"	"Ja"	"Steegse Peelweg 14 5809EE LEUNEN"	"Venray"	"1"	"Nee"	"0,00"	"0,00"	"0,00"	"195487"	"391013"	"195487"	"391013"	"2013-05-16"	"Intrekking:intrekking gehele veebestand"
"ODNML"	"5809EE16"	"voormalig bedrijf"	"Ja"	"Steegse Peelweg 16 5809EE LEUNEN"	"Venray"	"1"	"Nee"	"0,00"	"0,00"	"0,00"	"195405"	"390980"	"195405"	"390980"	"2011-07-12"	"Intrekking:intrekking gehele veebestand"
"ODNML"	"5809EE8"	"Paarden"	"Nee"	"Steegse Peelweg 8 5809EE Leunen"	"Venray"	"1"	"Nee"	"52,00"	"78,00"	"0,00"	"195639"	"391104"	"195603"	"391112"	"2001-12-05"	"Intrekking gedeeltelijk veebestand"
"ODNML"	"5809EH13A"	"Vleesvarkens"	"Nee"	"Scheiweg 13A 5809EH Leunen"	"Venray"	"7"	"Ja"	"3.434,30"	"65.948,70"	"460.470,00"	"195440"	"390090"	"195492"	"390139"	"2012-05-29"	"Omgevingsvergunning-verandering"
"ODNML"	"5809EH15"	"Leghennen"	"Nee"	"Scheiweg 15 5809EH Leunen"	"Venray"	"3"	"Ja"	"7.616,90"	"69.388,32"	"6.309.052,00"	"195476"	"390019"	"195580"	"390074"	"2018-09-28"	"Omgevingsvergunning milieuneutraal"
"ODNML"	"5809EH25"	"voormalig bedrijf"	"Ja"	"Scheiweg 25 5809EH Leunen"	"Venray"	"6"	"Nee"	"nu"	"nu"	"nu"	"195021"	"389552"	"195056"	"389456"	"2025-06-12"	"Intrekken gehele veebestand OW"
"ODNML"	"5809EH6A"	"Vleesvarkens"	"Nee"	"Scheiweg 6A 5809EH LEUNEN"	"Venray"	"4"	"Ja"	"2.059,20"	"57.886,40"	"140.025,60"	"195330"	"390115"	"195308"	"390083"	"2016-12-30"	"Vergunning:Omgevingsvergunning Inrichting"
"ODNML"	"5809EH7"	"Paarden"	"Nee"	"Scheiweg 7 5809EH LEUNEN"	"Venray"	"1"	"Ja"	"255,00"	"1.170,00"	"0,00"	"195343"	"390350"	"195343"	"390350"	"2021-10-11"	"Melding:Activiteitenbesluit"
"ODNML"	"5809EJ10"	"Melkrundvee"	"Nee"	"Teeuwenhofweg 10 5809EJ Leunen"	"Venray"	"3"	"Nee"	"537,00"	"0,00"	"5.580,00"	"195770"	"389762"	"195777"	"389779"	"2003-02-24"	"Melding:onbekend"
"ODNML"	"5809EJ18"	"voormalig bedrijf"	"Ja"	"Teeuwenhofweg 18 5809EJ Leunen"	"Venray"	"7"	"Nee"	"nu"	"nu"	"nu"	"195407"	"389702"	"195425"	"389779"	"2025-06-12"	"Intrekken gehele veebestand OW"
"ODNML"	"5809EJ19"	"Vleesvarkens"	"Nee"	"Teeuwenhofweg 19 5809EJ LEUNEN"	"Venray"	"4"	"Ja"	"3.579,73"	"102.220,58"	"252.363,60"	"195149"	"389626"	"195245"	"389621"	"2014-06-10"	"Omgevingsvergunning-revisie"
"ODNML"	"5809EJ21"	"Schapen"	"Nee"	"Teeuwenhofweg 21 5809EJ Leunen"	"Venray"	"1"	"Nee"	"113,40"	"1.263,60"	"0,00"	"195222"	"389707"	"195150"	"389611"	"2010-09-29"	"Melding:Activiteitenbesluit"
"ODNML"	"5809EJ3"	"Vleesvee"	"Nee"	"Teeuwenhofweg 3 5809EJ Leunen"	"Venray"	"3"	"Nee"	"745,00"	"390,00"	"6.200,00"	"195754"	"389727"	"195740"	"389670"	"2022-10-14"	"Melding activiteitenbesluit"
"ODNML"	"5809EJ6A"	"Vleesvarkens"	"Nee"	"Teeuwenhofweg 6A 5809EJ LEUNEN"	"Venray"	"2"	"Nee"	"1.395,00"	"14.375,00"	"58.140,00"	"195990"	"389778"	"195982"	"389782"	"2025-10-21"	"Omgevingsvergunning-verandering OW"
"ODNML"	"5809EK1A"	"Paarden"	"Nee"	"Breevennenweg 1A 5809EK Leunen"	"Venray"	"1"	"Nee"	"163,90"	"0,00"	"0,00"	"196313"	"389086"	"196355"	"389108"	"2012-08-02"	"Melding:Activiteitenbesluit"
"ODNML"	"5809EK3"	"voormalig bedrijf"	"Ja"	"Breevennenweg 3 5809EK Leunen"	"Venray"	"1"	"Nee"	"0,00"	"0,00"	"0,00"	"196318"	"389040"	"196323"	"389038"	"2017-01-01"	"Correctie:ambtshalve wijziging"
"ODNML"	"5809EK5"	"Paarden"	"Nee"	"Breevennenweg 5 5809EK Leunen"	"Venray"	"1"	"Nee"	"127,20"	"479,80"	"1.308,00"	"196367"	"388880"	"196435"	"388843"	"2021-03-25"	"Intrekking gedeeltelijk veebestand"
"ODNML"	"5809EL1A"	"voormalig bedrijf"	"Ja"	"Veulenseweg 1A 5809EL LEUNEN"	"Venray"	"1"	"Nee"	"0,00"	"0,00"	"0,00"	"196240"	"390573"	"196240"	"390573"	"2013-07-05"	"Intrekking:intrekking gehele veebestand"
"ODNML"	"5809EM11"	"voormalig bedrijf"	"Ja"	"De Hoef 11 5809EM Leunen"	"Venray"	"1"	"Nee"	"0,00"	"0,00"	"0,00"	"196918"	"388990"	"196962"	"388983"	"2013-01-01"	"Correctie:ambtshalve wijziging"
"ODNML"	"5809EM9"	"Melkrundvee"	"Nee"	"De Hoef 9 5809EM Leunen"	"Venray"	"1"	"Nee"	"3.009,60"	"0,00"	"34.920,00"	"197197"	"389168"	"197230"	"389140"	"2011-03-30"	"Melding activiteitenbesluit"
"ODNML"	"5809EN12B"	"voormalig bedrijf"	"Ja"	"Overbroekseweg 12B 5809EN LEUNEN"	"Venray"	"1"	"Nee"	"0,00"	"0,00"	"0,00"	"197004"	"389661"	"197004"	"389661"	"2012-12-19"	"Intrekking:intrekking gehele veebestand"
"ODNML"	"5809EN4"	"voormalig bedrijf"	"Ja"	"Overbroekseweg 4 5809EN LEUNEN"	"Venray"	"1"	"Nee"	"0,00"	"0,00"	"0,00"	"196604"	"389514"	"196604"	"389514"	"2019-03-22"	"Intrekking:intrekking gehele veebestand"
"ODNML"	"5809EN8"	"Schapen"	"Ja"	"Overbroekseweg 8 5809EN Leunen"	"Venray"	"1"	"Nee"	"nu"	"nu"	"nu"	"196730"	"389576"	"196730"	"389573"	"2025-08-05"	"Intrekken gehele veebestand OW"
"ODNML"	"5809EN9"	"Melkrundvee"	"Nee"	"Overbroekseweg 9 5809EN Leunen"	"Venray"	"4"	"Nee"	"1.769,00"	"0,00"	"20.060,00"	"196982"	"389795"	"196962"	"389844"	"2017-12-18"	"Melding activiteitenbesluit"
"ODNML"	"5809EP6"	"Leghennen"	"Nee"	"Kraakse Pas 6 5809EP Leunen"	"Venray"	"1"	"Nee"	"700,00"	"4.830,00"	"35.000,00"	"196333"	"389778"	"196314"	"389837"	"2005-09-01"	"Melding activiteitenbesluit"
"ODNML"	"5809EP8"	"Paarden"	"Nee"	"Kraakse Pas 8 5809EP Leunen"	"Venray"	"2"	"Nee"	"120,00"	"0,00"	"0,00"	"196376"	"389832"	"196353"	"389869"	"2004-01-16"	"Melding:onbekend"
"ODNML"	"5809ER11"	"Vleesvarkens"	"Nee"	"Horsterweg 11 5809ER Leunen"	"Venray"	"3"	"Ja"	"5.942,70"	"56.207,40"	"240.240,60"	"196848"	"390398"	"196884"	"390461"	"2023-05-08"	"Intrekking gedeeltelijk veebestand"
"ODNML"	"5809ER19"	"Vleesvarkens"	"Nee"	"Horsterweg 19 5809ER Leunen"	"Venray"	"7"	"Ja"	"4.212,34"	"63.021,37"	"269.551,40"	"197329"	"389937"	"197335"	"389974"	"2013-05-16"	"Omgevingsvergunning-verandering"
"ODNML"	"5809ER7"	"Leghennen"	"Nee"	"Horsterweg 7 5809ER Leunen"	"Venray"	"2"	"Nee"	"1.898,13"	"5.162,90"	"1.275.540,00"	"196293"	"390808"	"196348"	"390843"	"2024-04-30"	"Ambtshalve wijziging"
"ODNML"	"5809ER99A"	"voormalig bedrijf"	"Ja"	"Horsterweg 99A 5809ER LEUNEN"	"Venray"	"1"	"Nee"	"0,00"	"0,00"	"0,00"	"196405"	"390762"	"196405"	"390762"	"2013-02-15"	"Intrekking:intrekking gehele veebestand"
"ODNML"	"5809ER9B"	"Vleesvarkens"	"Nee"	"Horsterweg 9B 5809ER LEUNEN"	"Venray"	"2"	"Ja"	"3.119,76"	"71.997,20"	"365.812,80"	"196720"	"390552"	"196751"	"390631"	"2018-01-29"	"Vergunning:Omgevingsvergunning Inrichting"
"ODNML"	"5809ET1"	"voormalig bedrijf"	"Ja"	"Laagriebroekseweg 1 5809ET LEUNEN"	"Venray"	"1"	"Nee"	"0,00"	"0,00"	"0,00"	"196845"	"391540"	"196845"	"391540"	"2012-01-16"	"Intrekking:intrekking gehele veebestand"
"ODNML"	"5809ET15"	"Paarden"	"Nee"	"Laagriebroekseweg 15 5809ET Leunen"	"Venray"	"2"	"Nee"	"155,10"	"0,00"	"0,00"	"197217"	"391206"	"197241"	"391198"	"2020-03-17"	"Melding activiteitenbesluit"
"ODNML"	"5809ET26"	"Melkrundvee"	"Nee"	"Laagriebroekseweg 26 5809ET Leunen"	"Venray"	"2"	"Nee"	"2.577,20"	"0,00"	"31.720,00"	"197162"	"390539"	"197117"	"390554"	"2016-07-29"	"Omgevingsvergunning-revisie"
"ODNML"	"5809ET30"	"voormalig bedrijf"	"Ja"	"Laagriebroekseweg 30 5809ET Leunen"	"Venray"	"1"	"Nee"	"nu"	"nu"	"nu"	"197088"	"390414"	"197062"	"390470"	"2024-08-20"	"Intrekking gehele veebestand"
"ODNML"	"5809ET32"	"voormalig bedrijf"	"Ja"	"Laagriebroekseweg 32 5809ET LEUNEN"	"Venray"	"1"	"Nee"	"0,00"	"0,00"	"0,00"	"197031"	"390372"	"197031"	"390372"	"2015-06-19"	"Intrekking:intrekking gehele veebestand"
"ODNML"	"5809EV2"	"Zeugen"	"Nee"	"Blankenberg 2 5809EV Leunen"	"Venray"	"2"	"Nee"	"1.166,70"	"10.964,90"	"90.310,00"	"196323"	"391142"	"196367"	"391136"	"2008-12-16"	"Melding activiteitenbesluit met OBM"
"ODNML"	"5809EV8"	"Schapen"	"Nee"	"Blankenberg 8 5809EV Leunen"	"Venray"	"1"	"Nee"	"1.285,00"	"4.290,00"	"7.400,00"	"196477"	"391186"	"196493"	"391158"	"2025-06-12"	"Melding Besluit Activiteit Leefomgeving"
"ODNML"	"5809GC10"	"Schapen"	"Nee"	"Houbenweg 10 5809GC Leunen"	"Venray"	"2"	"Nee"	"356,30"	"3.970,20"	"0,00"	"195221"	"389325"	"195215"	"389343"	"2005-12-21"	"Melding:onbekend"
"ODNML"	"5811AA21A"	"Schapen"	"Nee"	"Horsterweg 21A 5811AA Castenray"	"Venray"	"1"	"Nee"	"14,00"	"156,00"	"0,00"	"198002"	"389779"	"198009"	"389813"	"2014-04-14"	"Melding:besluit landbouwbedrijven milieubeheer"
"ODNML"	"5811AA27"	"voormalig bedrijf"	"Ja"	"Horsterweg 27 5811AA Castenray"	"Venray"	"1"	"Nee"	"nu"	"nu"	"nu"	"198343"	"389689"	"198449"	"389695"	"2024-07-16"	"Intrekking gehele veebestand"
"ODNML"	"5811AA33"	"voormalig bedrijf"	"Ja"	"Horsterweg 33 5811AA CASTENRAY"	"Venray"	"1"	"Nee"	"0,00"	"0,00"	"0,00"	"198876"	"389565"	"198876"	"389565"	"2017-11-28"	"Intrekking:intrekking gehele veebestand"
"ODNML"	"5811AA39D"	"Vleeskuikens"	"Nee"	"Horsterweg 39D 5811AA Castenray"	"Venray"	"4"	"Ja"	"2.068,50"	"19.503,00"	"1.300.200,00"	"199414"	"389391"	"199426"	"389505"	"2020-12-08"	"Omgevingsvergunning milieuneutraal"
"ODNML"	"5811AA6"	"voormalig bedrijf"	"Ja"	" 6 5811AA "	"Venray"	"1"	"Nee"	"0,00"	"0,00"	"0,00"	"198747"	"389955"	"198747"	"389955"	"2022-06-28"	"Correctie:ambtshalve wijziging"
"ODNML"	"5811AB41"	"voormalig bedrijf"	"Ja"	"Horsterweg 41 5811AB Castenray"	"Venray"	"1"	"Nee"	"0,00"	"0,00"	"0,00"	"199570"	"389331"	"199584"	"389395"	"2019-12-19"	"Intrekking:Omgevingsvergunning intrekking"
"ODNML"	"5811AC20"	"voormalig bedrijf"	"Ja"	"Horsterweg 20 5811AC CASTENRAY"	"Venray"	"1"	"Nee"	"0,00"	"0,00"	"0,00"	"197588"	"389787"	"197588"	"389787"	"2006-03-06"	"Melding:intrekking gehele veebestand"
"ODNML"	"5811AC20C"	"Paarden"	"Nee"	"Horsterweg 20C 5811AC CASTENRAY"	"Venray"	"1"	"Nee"	"6,20"	"0,00"	"0,00"	"197970"	"389654"	"197970"	"389654"	"2025-08-05"	"Intrekking gedeeltelijk veebestand OW"
"ODNML"	"5811AD1"	"Melkrundvee"	"Nee"	"Wusterweg 1 5811AD Castenray"	"Venray"	"2"	"Nee"	"516,00"	"241,80"	"5.846,00"	"199260"	"389446"	"199297"	"389528"	"2021-07-22"	"Melding:Activiteitenbesluit"
"ODNML"	"5811AD6"	"Leghennen"	"Nee"	"Wusterweg 6 5811AD Castenray"	"Venray"	"1"	"Nee"	"1.158,86"	"11.726,60"	"1.237.501,20"	"198755"	"389980"	"198747"	"389955"	"2018-05-24"	"Vergunning:Omgevingsvergunning beperkte milieutoets"
"ODNML"	"5811AE2"	"Zeugen"	"Nee"	"Hoogriebroekseweg 2 5811AE Castenray"	"Venray"	"4"	"Ja"	"2.147,78"	"29.171,07"	"184.332,60"	"197687"	"389927"	"197747"	"389873"	"2013-05-07"	"Omgevingsvergunning milieuneutraal"
"ODNML"	"5811AE2A"	"Leghennen"	"Nee"	"Hoogriebroekseweg 2A 5811AE Castenray"	"Venray"	"1"	"Nee"	"3.800,00"	"13.600,00"	"2.600.000,00"	"197821"	"390047"	"197861"	"389972"	"2024-03-20"	"Melding activiteitenbesluit met OBM"
"ODNML"	"5811AJ11"	"Vleesvee"	"Nee"	"Lollebeekweg 11 5811AJ Castenray"	"Venray"	"1"	"Nee"	"789,00"	"1.863,60"	"17.112,00"	"197937"	"388055"	"197895"	"388089"	"2017-04-18"	"Vergunning:Omgevingsvergunning Inrichting"
"ODNML"	"5811AJ13"	"Paarden"	"Nee"	"Lollebeekweg 13 5811AJ Castenray"	"Venray"	"1"	"Nee"	"37,20"	"0,00"	"0,00"	"197978"	"388075"	"197970"	"388124"	"2025-02-12"	"Melding Besluit Activiteit Leefomgeving"
"ODNML"	"5811AJ35"	"Paarden"	"Nee"	"Lollebeekweg 35 5811AJ Castenray"	"Venray"	"1"	"Nee"	"42,60"	"0,00"	"0,00"	"198839"	"388587"	"198833"	"388613"	"2001-12-20"	"Intrekking gedeeltelijk veebestand"
"ODNML"	"5811AJ39"	"Zeugen"	"Nee"	"Lollebeekweg 39 5811AJ Castenray"	"Venray"	"4"	"Nee"	"2.504,58"	"25.647,40"	"151.471,60"	"198932"	"388652"	"196696"	"388621"	"2017-05-16"	"Vergunning:Omgevingsvergunning Inrichting"
"ODNML"	"5811AJ45"	"Zeugen"	"Nee"	"Lollebeekweg 45 5811AJ Castenray"	"Venray"	"3"	"Nee"	"2.689,51"	"22.603,90"	"134.546,00"	"199093"	"388741"	"199058"	"388829"	"2019-07-19"	"Melding activiteitenbesluit met OBM"
"ODNML"	"5811AJ45A"	"voormalig bedrijf"	"Ja"	"Lollebeekweg 5A 5811AJ CASTENRAY"	"Venray"	"1"	"Nee"	"nu"	"nu"	"nu"	"199060"	"388812"	"199060"	"388812"	"2024-08-20"	"Bewijs bedrijfsbeëindiging"
"ODNML"	"5811AJ49"	"Schapen"	"Nee"	"Lollebeekweg 49 5811AJ Castenray"	"Venray"	"2"	"Nee"	"133,40"	"390,00"	"2.064,00"	"199191"	"388765"	"199148"	"388790"	"2023-07-27"	"Melding activiteitenbesluit"
"ODNML"	"5811AJ9"	"Vleesvarkens"	"Nee"	"Lollebeekweg 9 5811AJ Castenray"	"Venray"	"9"	"Ja"	"3.048,82"	"66.025,59"	"185.908,40"	"197831"	"388016"	"197771"	"388067"	"2020-10-22"	"Vergunning:Omgevingsvergunning verandering"
"ODNML"	"5811AL20"	"Paarden"	"Nee"	"Lollebeekweg 20 5811AL Castenray"	"Venray"	"3"	"Nee"	"311,00"	"390,00"	"4.300,00"	"198204"	"388177"	"198215"	"388144"	"2023-07-27"	"Melding activiteitenbesluit"
"ODNML"	"5811AL22"	"Nerts Vos"	"Nee"	"Lollebeekweg 22 5811AL Castenray"	"Venray"	"1"	"Nee"	"2.249,75"	"0,00"	"71.992,00"	"198355"	"388311"	"198404"	"388235"	"2015-10-21"	"Vergunning:onbekend"
"ODNML"	"5811AL34"	"Vleesvee"	"Nee"	"Lollebeekweg 34 5811AL Castenray"	"Venray"	"2"	"Nee"	"1.036,00"	"22.499,20"	"19.932,00"	"199066"	"388671"	"199073"	"388607"	"2004-10-11"	"Melding:onbekend"
"ODNML"	"5811AL36"	"Melkrundvee"	"Nee"	"Lollebeekweg 36 5811AL Castenray"	"Venray"	"4"	"Nee"	"2.094,40"	"0,00"	"26.356,00"	"199130"	"388700"	"199120"	"388647"	"2021-06-03"	"Melding activiteitenbesluit"
"ODNML"	"5811AM21"	"Melkrundvee"	"Nee"	"Castenrayseweg 21 5811AM Castenray"	"Venray"	"1"	"Nee"	"508,40"	"390,00"	"5.770,00"	"200628"	"390144"	"200709"	"390208"	"2021-06-18"	"Melding:Activiteitenbesluit"
"ODNML"	"5811AM35"	"voormalig bedrijf"	"Ja"	"Castenrayseweg 35 5811AM CASTENRAY"	"Venray"	"1"	"Nee"	"0,00"	"0,00"	"0,00"	"200810"	"389613"	"200810"	"389613"	"2012-01-01"	"Intrekking:intrekking gehele veebestand"
"ODNML"	"5811AN3"	"Zeugen"	"Nee"	"Matthiasstraat 3 5811AN Castenray"	"Venray"	"4"	"Nee"	"2.066,70"	"15.068,58"	"115.383,00"	"199936"	"389276"	"199943"	"389334"	"2011-10-11"	"Omgevingsvergunning-revisie"
"ODNML"	"5811AS2"	"voormalig bedrijf"	"Ja"	"Tunnelweg 2 5811AS CASTENRAY"	"Venray"	"1"	"Nee"	"0,00"	"0,00"	"0,00"	"200389"	"389340"	"200389"	"389340"	"2015-11-16"	"Intrekking:intrekking gehele veebestand"
"ODNML"	"5811AS3"	"voormalig bedrijf"	"Ja"	"Tunnelweg 3 5811AS CASTENRAY"	"Venray"	"1"	"Nee"	"0,00"	"0,00"	"0,00"	"200435"	"389436"	"200435"	"389436"	"2011-06-21"	"Intrekking:intrekking gehele veebestand"
"ODNML"	"5811AS7"	"Paarden"	"Nee"	"Tunnelweg 7 5811AS CASTENRAY"	"Venray"	"1"	""	"41,30"	"0,00"	"0,00"	"200592"	"389477"	"200583"	"389477"	"1999-08-25"	"Melding:onbekend"
"ODNML"	"5811AT12"	"voormalig bedrijf"	"Ja"	"Roffert 12 5811AT Castenray"	"Venray"	"1"	"Nee"	"nu"	"nu"	"nu"	"200205"	"389866"	"200233"	"389895"	"2023-01-14"	"Intrekking gehele veebestand"
"ODNML"	"5811AT21"	"Vleeskuikens"	"Nee"	"Roffert 21 5811AT Castenray"	"Venray"	"5"	"Ja"	"4.030,39"	"63.334,92"	"3.456.347,84"	"200096"	"389956"	"199958"	"389965"	"2025-08-25"	"Omgevingsvergunning-verandering OW"
"ODNML"	"5811AT23"	"Vleesvarkens"	"Nee"	"Roffert 23 5811AT Oirlo"	"Venray"	"1"	"Ja"	"1.493,86"	"44.777,04"	"117.230,40"	"200014"	"390070"	"199970"	"390079"	"2010-07-06"	"Vergunning:oprichtingsvergunning"
"ODNML"	"5811AT3"	"Schapen"	"Nee"	"Roffert 3 5811AT Castenray"	"Venray"	"1"	"Nee"	"160,30"	"1.786,20"	"0,00"	"200273"	"389536"	"200273"	"389536"	"2011-05-25"	"Intrekking gedeeltelijk veebestand"
"ODNML"	"5811AW12"	"Vleesvee"	"Nee"	"Klein Oirlo 12 5811AW Castenray"	"Venray"	"4"	"Nee"	"2.756,90"	"15.984,40"	"84.242,00"	"201478"	"389862"	"201514"	"389949"	"2019-01-22"	"Omgevingsvergunning milieuneutraal"
"ODNML"	"5811AW17"	"voormalig bedrijf"	"Ja"	"Klein Oirlo 17 5811AW Castenray"	"Venray"	"1"	"Nee"	"nu"	"nu"	"nu"	"201413"	"389391"	"201425"	"389333"	"2024-11-26"	"Intrekken gehele veebestand OW"
"ODNML"	"5811AW19"	"voormalig bedrijf"	"Ja"	"Klein-Oirlo 19 5811AW CASTENRAY"	"Venray"	"1"	"Nee"	"0,00"	"0,00"	"0,00"	"201418"	"389464"	"201418"	"389464"	"2012-09-20"	"Intrekking:intrekking gehele veebestand"
"ODNML"	"5811AW23"	"Paarden"	"Nee"	"Klein Oirlo 23 5811AW Castenray"	"Venray"	"2"	"Nee"	"140,00"	"0,00"	"0,00"	"201012"	"389690"	"201012"	"389668"	"1999-08-18"	"Melding:onbekend"
"ODNML"	"5811AZ5"	"voormalig bedrijf"	"Ja"	"Diepeling 5 5811AZ Castenray"	"Venray"	"1"	"Nee"	"nu"	"nu"	"nu"	"201813"	"389015"	"201834"	"389018"	"2022-07-16"	"Intrekking gehele veebestand"
"ODNML"	"5811BA1"	"Paarden"	"Nee"	"Roland 1 5811BA Castenray"	"Venray"	"1"	""	"26,20"	"124,80"	"0,00"	"201683"	"389882"	"201675"	"389905"	"2015-02-18"	"Intrekking:Activiteitenbesluit"
"ODNML"	"5811BA2"	"Paarden"	"Nee"	"Roland 2 5811BA Castenray"	"Venray"	"2"	""	"489,60"	"390,00"	"5.610,00"	"201678"	"389839"	"201355"	"389825"	"2021-05-10"	"Melding:Activiteitenbesluit"
"ODNML"	"5811BA3"	"Leghennen"	"Nee"	"Roland 3 5811BA Castenray"	"Venray"	"6"	"Ja"	"6.310,08"	"63.896,00"	"5.524.132,00"	"201771"	"389963"	"201721"	"390051"	"2023-12-19"	"Omgevingsvergunning-verandering"
"ODNML"	"5811BB1"	"Vleesvarkens"	"Nee"	"Oirloseheide 1 5811BB Castenray"	"Venray"	"3"	"Ja"	"5.233,51"	"52.446,98"	"356.365,15"	"202307"	"390277"	"202297"	"390365"	"2016-04-25"	"Omgevingsvergunning-revisie"
"ODNML"	"5811BC3A"	"Melkrundvee"	"Nee"	"Hoensel 3A 5811BC CASTENRAY"	"Venray"	"1"	"Nee"	"1.548,00"	"780,00"	"15.980,00"	"200862"	"389658"	"201115"	"389904"	"2013-08-22"	"Melding activiteitenbesluit met OBM"
"ODNML"	"5811BG2"	"Zeugen"	"Nee"	"Steegkamp 2 5811BG Castenray"	"Venray"	"7"	"Nee"	"2.327,85"	"29.454,50"	"270.227,00"	"199189"	"389395"	"199164"	"389320"	"2024-01-15"	"Melding activiteitenbesluit met OBM"
"ODNML"	"5811BG4"	"Vleesvarkens"	"Nee"	"Steegkamp 4 5811BG CASTENRAY"	"Venray"	"2"	"Nee"	"1.760,00"	"11.132,00"	"38.708,00"	"199226"	"389165"	"199156"	"389153"	"2017-08-18"	"Melding activiteitenbesluit met OBM"
"ODNML"	"5811BG5"	"Leghennen"	"Nee"	"Steegkamp 5 5811BG Castenray"	"Venray"	"2"	"Ja"	"1.747,59"	"23.636,09"	"2.343.520,60"	"199436"	"389076"	"199433"	"389146"	"2021-05-25"	"Vergunning:Omgevingsvergunning verandering"
"ODNML"	"5812AA9"	"voormalig bedrijf"	"Ja"	"Heidseweg 9 5812AA Heide"	"Venray"	"1"	"Nee"	"0,00"	"0,00"	"0,00"	"194377"	"391155"	"194384"	"391130"	"2022-07-01"	"Melding:Activiteitenbesluit"
"ODNML"	"5812AB66"	"voormalig bedrijf"	"Ja"	"Heidseweg 66 5812AB HEIDE"	"Venray"	"1"	"Nee"	"0,00"	"0,00"	"0,00"	"193994"	"390502"	"193994"	"390502"	"2020-02-06"	"Intrekking:intrekking gehele veebestand"
"ODNML"	"5812AC14"	"Melkrundvee"	"Nee"	"Lemmenweg 14 5812AC Heide"	"Venray"	"3"	"Nee"	"1.514,80"	"0,00"	"16.798,00"	"194253"	"391266"	"194275"	"391279"	"2009-08-25"	"Melding:Activiteitenbesluit"
"ODNML"	"5812AD14-14A"	"voormalig bedrijf"	"Ja"	"Spiekert 14-14A 5812AD HEIDE"	"Venray"	"1"	"Nee"	"0,00"	"0,00"	"0,00"	"194457"	"390801"	"194457"	"390801"	"2011-10-06"	"Intrekking:intrekking gehele veebestand"
"ODNML"	"5812AE12"	"Vleesvarkens"	"Nee"	"Begijnhofweg 12 5812AE Heide"	"Venray"	"6"	"Ja"	"13.255,20"	"288.807,60"	"1.354.762,80"	"194690"	"390089"	"194555"	"390060"	"2016-03-22"	"Vergunning:Omgevingsvergunning Inrichting"
"ODNML"	"5812AE4"	"Melkrundvee"	"Nee"	"Begijnhofweg 4 5812AE Heide"	"Venray"	"4"	"Nee"	"2.030,80"	"0,00"	"21.826,00"	"194486"	"390453"	"194448"	"390440"	"2012-10-11"	"Melding:Activiteitenbesluit"
"ODNML"	"5812AE5"	"Zeugen"	"Nee"	"Begijnhofweg 5 5812AE Heide"	"Venray"	"9"	"Nee"	"2.761,67"	"37.625,65"	"156.308,20"	"194452"	"390617"	"194470"	"390664"	"2012-12-11"	"Omgevingsvergunning-revisie"
"ODNML"	"5812AE7"	"Vleesvee"	"Nee"	"Begijnhofweg 7 5812AE Heide"	"Venray"	"1"	"Nee"	"647,50"	"266,00"	"7.390,00"	"194551"	"390597"	"194577"	"390631"	"2007-05-08"	"Melding activiteitenbesluit"
"ODNML"	"5812AG1"	"voormalig bedrijf"	"Ja"	"Volen 1 5812AG Heide"	"Venray"	"1"	"Nee"	"0,00"	"0,00"	"0,00"	"193919"	"390370"	"193961"	"390312"	"2016-03-16"	"Intrekking:van rechtswege vervallen"
"ODNML"	"5812AG1B"	"Paarden"	"Nee"	"Volen 1B 5812AG Heide"	"Venray"	"1"	"Nee"	"177,00"	"0,00"	"0,00"	"194065"	"390158"	"194059"	"390180"	"2011-01-25"	"Melding activiteitenbesluit"
"ODNML"	"5812AG5"	"Melkrundvee"	"Nee"	"Volen 5 5812AG Heide"	"Venray"	"2"	""	"1.890,00"	"0,00"	"20.610,00"	"194127"	"389880"	"194133"	"389913"	"2014-04-29"	"Melding activiteitenbesluit"
"ODNML"	"5812AG6"	"Paarden"	"Nee"	"Volen 6 5812AG Heide"	"Venray"	"1"	""	"125,00"	"0,00"	"0,00"	"194042"	"389908"	"193998"	"389933"	"2009-01-15"	"Melding:besluit landbouwbedrijven milieubeheer"
"ODNML"	"5812AG7"	"Vleesvarkens"	"Nee"	"Volen 7 5812AG Heide"	"Venray"	"4"	"Ja"	"7.012,44"	"101.596,80"	"550.278,00"	"194233"	"389826"	"194279"	"389829"	"2014-04-10"	"Omgevingsvergunning-revisie"
"ODNML"	"5812AG8"	"Vleesvarkens"	"Nee"	"Volen 8 5812AG Heide"	"Venray"	"4"	"Ja"	"3.987,80"	"107.676,80"	"262.273,20"	"194137"	"389809"	"194059"	"389715"	"2017-02-01"	"Omgevingsvergunning-revisie"
"ODNML"	"5812AH25"	"Biggen"	"Nee"	"Ysselsteynseweg 25 5812AH HEIDE"	"Venray"	"7"	"Ja"	"5.494,68"	"69.283,84"	"448.548,40"	"192752"	"389693"	"192955"	"389694"	"2022-10-27"	"Ambtshalve wijziging"
"ODNML"	"5812AJ4"	"Melkrundvee"	"Nee"	"Nachtegaalweg 4 5812AJ Heide"	"Venray"	"1"	"Nee"	"264,00"	"0,00"	"2.280,00"	"193295"	"390614"	"193260"	"390582"	"1991-10-29"	"Melding activiteitenbesluit"
"ODNML"	"5812AJ6"	"Paarden"	"Nee"	"Nachtegaalweg 6 5812AJ Heide"	"Venray"	"1"	"Nee"	"191,00"	"0,00"	"0,00"	"193253"	"390665"	"193213"	"390675"	"2006-12-11"	"Melding activiteitenbesluit"
"ODNML"	"5812AK1"	"Paarden"	"Ja"	"Heidseschoolweg 1 5812AK Heide"	"Venray"	"1"	"Nee"	"250,00"	"0,00"	"0,00"	"193460"	"391027"	"193508"	"391031"	"2021-07-06"	"Bëendigd maar niet ingetrokken"
"ODNML"	"5812AK1A"	"Vleesvarkens"	"Nee"	"Heidseschoolweg 1A 5812AK Heide"	"Venray"	"3"	"Ja"	"3.831,00"	"42.248,00"	"209.610,00"	"193508"	"391173"	"193494"	"391172"	"2013-11-13"	"Omgevingsvergunning-verandering"
"ODNML"	"5812AK8"	"Leghennen"	"Nee"	"Heidseschoolweg 8 5812AK Heide"	"Venray"	"1"	"Ja"	"4.208,94"	"3.559,80"	"879.480,00"	"193568"	"390690"	"193539"	"390653"	"1993-01-05"	"Omgevingsvergunning-revisie"
"ODNML"	"5812AN2"	"Vleesvarkens"	"Nee"	"Droesenweg 2 5812AN Heide"	"Venray"	"2"	"Nee"	"845,00"	"390,00"	"8.500,00"	"193746"	"391209"	"193765"	"391242"	"2025-05-16"	"Melding Besluit Activiteit Leefomgeving"
"ODNML"	"5812AP87"	"Vleesvarkens"	"Nee"	"Deurneseweg 87 5812AP Heide"	"Venray"	"8"	"Ja"	"3.660,57"	"68.290,41"	"265.554,80"	"192810"	"390895"	"192769"	"390800"	"2013-09-05"	"Vergunning:"
"ODNML"	"5812AR40"	"voormalig bedrijf"	"Ja"	"Deurneseweg 40 5812AR HEIDE"	"Venray"	"1"	"Nee"	"0,00"	"0,00"	"0,00"	"194121"	"391609"	"194121"	"391609"	"2011-01-01"	"Correctie:ambtshalve wijziging"
"ODNML"	"5812AR58"	"Schapen"	"Nee"	"Deurneseweg 58 5812AR Heide"	"Venray"	"1"	"Nee"	"1.704,50"	"9.303,00"	"54.621,00"	"193471"	"391326"	"193451"	"391359"	"2001-12-20"	"Intrekking gedeeltelijk veebestand"
"ODNML"	"5812AR72"	"Leghennen"	"Nee"	"Deurneseweg 72 5812AR Heide"	"Venray"	"2"	"Ja"	"5.948,70"	"35.519,00"	"2.968.875,00"	"193172"	"391146"	"193078"	"391248"	"2012-07-24"	"Omgevingsvergunning-verandering"
"ODNML"	"5812AR90"	"voormalig bedrijf"	"Ja"	"Deurneseweg 90 5812AR Heide"	"Venray"	"1"	"Nee"	"0,00"	"0,00"	"0,00"	"192516"	"390843"	"192510"	"390868"	"2010-01-01"	"Correctie:ambtshalve wijziging"
"ODNML"	"5812AT2"	"Vleesvarkens"	"Nee"	"Janslust 2 5812AT Heide"	"Venray"	"1"	"Nee"	"150,00"	"1.150,00"	"7.650,00"	"193926"	"391799"	"193890"	"391810"	"1998-01-15"	"Intrekking gedeeltelijk veebestand"
"ODNML"	"5813AA101"	"Paarden"	"Nee"	"Deurneseweg 101 5813AA Ysselsteyn"	"Venray"	"5"	"Nee"	"232,80"	"0,00"	"0,00"	"192186"	"390697"	"192173"	"390660"	"2020-08-24"	"Melding:Activiteitenbesluit"
"ODNML"	"5813AA177"	"Vleesvarkens"	"Nee"	"Deurneseweg 177 5813AA Ysselsteyn"	"Venray"	"5"	"Nee"	"1.169,40"	"11.277,00"	"111.180,00"	"189130"	"389476"	"189131"	"389432"	"2020-08-18"	"Vergunning:Omgevingsvergunning revisie"
"ODNML"	"5813AB104"	"Zeugen"	"Nee"	"Deurneseweg 104 5813AB Ysselsteyn"	"Venray"	"7"	"Nee"	"2.748,95"	"43.032,43"	"334.303,80"	"191979"	"390660"	"191899"	"390723"	"2019-08-26"	"Melding activiteitenbesluit met OBM"
"ODNML"	"5813AB116"	"Leghennen"	"Nee"	"Deurneseweg 116 5813AB Ysselsteyn"	"Venray"	"2"	"Ja"	"2.661,12"	"22.176,00"	"316.800,00"	"191506"	"390451"	"191340"	"390543"	"2001-11-06"	"Omgevingsvergunning-revisie"
"ODNML"	"5813AB132"	"Melkrundvee"	"Nee"	"Deurneseweg 132 5813AB Ysselsteyn"	"Venray"	"1"	"Nee"	"1.485,60"	"0,00"	"16.260,00"	"191050"	"390304"	"191033"	"390341"	"2000-02-14"	"Melding:onbekend"
"ODNML"	"5813AB138"	"Zeugen"	"Nee"	"Deurneseweg 138 5813AB Ysselsteyn"	"Venray"	"5"	"Ja"	"1.368,43"	"52.953,18"	"274.495,95"	"190843"	"390232"	"190826"	"390347"	"2016-09-27"	"Omgevingsvergunning-verandering"
"ODNML"	"5813AB142"	"voormalig bedrijf"	"Ja"	"Deurneseweg 142 5813AB Ysselsteyn"	"Venray"	"1"	"Nee"	"0,00"	"0,00"	"0,00"	"190680"	"390175"	"190680"	"390202"	"2012-01-01"	"Correctie:ambtshalve wijziging"
"ODNML"	"5813AB144"	"Zeugen"	"Nee"	"Deurneseweg 144 5813AB Ysselsteyn"	"Venray"	"5"	"Ja"	"2.040,84"	"38.740,60"	"190.828,00"	"190607"	"390151"	"190561"	"390213"	"2014-11-12"	"Omgevingsvergunning-verandering"
"ODNML"	"5813AB148"	"voormalig bedrijf"	"Ja"	"Deurneseweg 148 5813AB Ysselsteyn"	"Venray"	"1"	"Nee"	"0,00"	"0,00"	"0,00"	"190480"	"390108"	"190460"	"390135"	"2020-09-21"	"Intrekking:"
"ODNML"	"5813AB150"	"Paarden"	"Nee"	"Deurneseweg 150 5813AB Ysselsteyn"	"Venray"	"2"	"Nee"	"108,00"	"0,00"	"760,00"	"190414"	"390087"	"190388"	"390112"	"2014-08-15"	"Melding activiteitenbesluit"
"ODNML"	"5813AB96"	"Paarden"	"Nee"	"Deurneseweg 96 5813AB Ysselsteyn"	"Venray"	"3"	"Nee"	"265,20"	"0,00"	"0,00"	"192322"	"390842"			"2024-04-11"	"Melding activiteitenbesluit"
"ODNML"	"5813AC182"	"Leghennen"	"Nee"	"Deurneseweg 182 5813AC Ysselsteyn"	"Venray"	"4"	"Ja"	"14.040,00"	"163.800,00"	"9.929.790,00"	"188726"	"389640"	"188636"	"389815"	"2022-07-25"	"Omgevingsvergunning-revisie"
"ODNML"	"5813AD13"	"voormalig bedrijf"	"Ja"	"Peelweg 13 5813AD YSSELSTEYN LB"	"Venray"	"1"	"Nee"	"0,00"	"0,00"	"0,00"	"189813"	"390443"	"189813"	"390443"	"2011-09-20"	"Intrekking:intrekking gehele veebestand"
"ODNML"	"5813AD16"	"Paarden"	"Nee"	"Peelweg 16 5813AD Ysselsteyn"	"Venray"	"1"	"Nee"	"75,00"	"0,00"	"0,00"	"189636"	"391973"	"189701"	"391993"	"2024-07-23"	"Melding activiteitenbesluit"
"ODNML"	"5813AD17"	"Leghennen"	"Nee"	"Peelweg 17 5813AD Ysselsteyn"	"Venray"	"2"	"Ja"	"5.326,32"	"51.447,44"	"7.868.432,00"	"189807"	"390571"	"189653"	"390520"	"2019-03-14"	"Omgevingsvergunning-verandering"
"ODNML"	"5813AD25"	"Leghennen"	"Nee"	"Peelweg 25 5813AD Ysselsteyn"	"Venray"	"2"	"Ja"	"3.564,00"	"41.580,00"	"2.732.400,00"	"189698"	"390900"	"189610"	"390853"	"2025-06-10"	"Intrekking gedeeltelijk veebestand OW"
"ODNML"	"5813AD29"	"Leghennen"	"Nee"	"Peelweg 29 en 31 5813AD Ysselsteyn"	"Venray"	"3"	"Ja"	"1.028,00"	"17.476,00"	"1.336.400,00"	"189671"	"391047"	"189544"	"391229"	"2020-06-29"	"Omgevingsvergunning-revisie"
"ODNML"	"5813AD37"	"voormalig bedrijf"	"Ja"	"Peelweg 37 5813AD Ysselsteyn"	"Venray"	"1"	"Nee"	"0,00"	"0,00"	"0,00"	"189300"	"392676"	"189305"	"392778"	"2019-12-24"	"Intrekking:Omgevingsvergunning intrekking"
"ODNML"	"5813AD4"	"Vleesvarkens"	"Ja"	"Peelweg 4 5813AD Ysselsteyn"	"Venray"	"6"	"Ja"	"nu"	"nu"	"nu"	"189850"	"390578"	"189932"	"390604"	"2026-02-13"	"Intrekking gehele veebestand"
"ODNML"	"5813AD43"	"voormalig bedrijf"	"Ja"	"Peelweg 43 5813AD YSSELSTEYN LB"	"Venray"	"1"	"Nee"	"0,00"	"0,00"	"0,00"	"189406"	"392969"	"189406"	"392969"	"2009-12-21"	"Intrekking:intrekking gehele veebestand"
"ODNML"	"5813AE12"	"voormalig bedrijf"	"Ja"	"Kempkensberg 12 5813AE Ysselsteyn"	"Venray"	"4"	"Nee"	"nu"	"nu"	"nu"	"191013"	"391376"	"191094"	"391399"	"2024-08-23"	"Intrekking gehele veebestand"
"ODNML"	"5813AE1A"	"Zeugen"	"Nee"	"Kempkensberg 1A 5813AE Ysselsteyn"	"Venray"	"11"	"Ja"	"11.572,72"	"95.989,08"	"717.032,00"	"190370"	"391224"	"190436"	"391318"	"2026-02-05"	"Omgevingsvergunning-verandering OW"
"ODNML"	"5813AE1B"	"Vleeskuikens"	"Nee"	"Kempkensberg 1B 5813AE YSSELSTEYN LB"	"Venray"	"3"	"Ja"	"4.487,38"	"44.279,40"	"2.863.820,00"	"190215"	"391245"	"190183"	"391294"	"2017-05-11"	"Omgevingsvergunning-revisie"
"ODNML"	"5813AE2"	"Vleeskuikens"	"Nee"	"Kempkensberg 2 5813AE Ysselsteyn"	"Venray"	"3"	"Ja"	"3.668,00"	"34.584,00"	"2.305.600,00"	"189926"	"391050"	"189957"	"390984"	"2017-02-21"	"Omgevingsvergunning-revisie"
"ODNML"	"5813AE2A"	"Vleesvarkens"	"Nee"	"Kempkensberg 2A 5813AE YSSELSTEYN LB"	"Venray"	"2"	"Ja"	"4.392,00"	"78.616,80"	"671.976,00"	"189837"	"390938"	"189842"	"390892"	"2007-07-02"	"Melding:"
"ODNML"	"5813AE3"	"Vleesvee"	"Nee"	"Kempkensberg 3 5813AE Ysselsteyn"	"Venray"	"1"	"Nee"	"185,50"	"1.246,00"	"5.950,00"	"190548"	"391278"	"190543"	"391277"	"2007-11-05"	"Melding:onbekend"
"ODNML"	"5813AE30"	"voormalig bedrijf"	"Ja"	"Kempkensberg 30 5813AE Ysselsteyn"	"Venray"	"11"	"Nee"	"nu"	"nu"	"nu"	"189455"	"390940"	"189371"	"390986"	"2024-09-20"	"Intrekking gehele veebestand"
"ODNML"	"5813AE32"	"voormalig bedrijf"	"Ja"	"Kempkensberg 32 5813AE Ysselsteyn"	"Venray"	"3"	"Nee"	"nu"	"nu"	"nu"	"189412"	"390889"	"189364"	"390820"	"2025-03-18"	"Intrekken gehele veebestand OW"
"ODNML"	"5813AE4"	"Paarden"	"Nee"	"Kempkensberg 4 5813AE Ysselsteyn"	"Venray"	"1"	"Nee"	"334,88"	"242,50"	"2.950,00"	"190109"	"391105"	"190167"	"391090"	"2024-12-02"	"Intrekking gedeeltelijk veebestand OW"
"ODNML"	"5813AE5"	"voormalig bedrijf"	"Ja"	"Kempkensberg 5 5813AE YSSELSTEYN LB"	"Venray"	"2"	"Nee"	"nu"	"nu"	"nu"	"190588"	"391301"	"190588"	"391304"	"2021-12-10"	"Bewijs bedrijfsbeëindiging"
"ODNML"	"5813AE50"	"voormalig bedrijf"	"Ja"	"Kempkensberg 50 5813AE YSSELSTEYN LB"	"Venray"	"1"	"Nee"	"0,00"	"0,00"	"0,00"	"188018"	"390630"	"188018"	"390630"	"2010-12-13"	"Intrekking:intrekking gehele veebestand"
"ODNML"	"5813AE9"	"Vleesvarkens"	"Nee"	"Kempkensberg 9 5813AE YSSELSTEYN LB"	"Venray"	"3"	"Ja"	"5.151,21"	"62.252,55"	"348.252,40"	"191186"	"391576"	"191179"	"391562"	"2022-09-17"	"Intrekking gedeeltelijk veebestand"
"ODNML"	"5813AG1"	"Vleesvarkens"	"Ja"	"Meerselsepeel 1 5813AG Ysselsteyn"	"Venray"	"10"	"Ja"	"nu"	"nu"	"nu"	"188641"	"390078"	"188587"	"390034"	"2026-03-09"	"Intrekken gehele veebestand OW"
"ODNML"	"5813AG22A"	"voormalig bedrijf"	"Ja"	"Meerselsepeel 22A 5813AG YSSELSTEYN LB"	"Venray"	"1"	"Nee"	"0,00"	"0,00"	"0,00"	"188602"	"390165"	"188602"	"390165"	"2010-01-01"	"Correctie:ambtshalve wijziging"
"ODNML"	"5813AG6"	"voormalig bedrijf"	"Ja"	"Meerselsepeel 6 5813AG YSSELSTEYN LB"	"Venray"	"1"	"Nee"	"0,00"	"0,00"	"0,00"	"188539"	"390928"	"188539"	"390928"	"2015-06-17"	"Intrekking:intrekking gehele veebestand"
"ODNML"	"5813AG7A"	"Vleesvarkens"	"Nee"	"Meerselsepeel 7A 5813AG Ysselsteyn"	"Venray"	"6"	"Ja"	"5.373,12"	"93.329,63"	"573.907,40"	"188369"	"391328"	"188268"	"391297"	"2023-11-07"	"Omgevingsvergunning-revisie"
"ODNML"	"5813AG8"	"Zeugen"	"Nee"	"Meerselsepeel 8 5813AG Ysselsteyn"	"Venray"	"7"	"Ja"	"7.110,47"	"102.342,30"	"478.000,00"	"188441"	"391257"	"188560"	"391310"	"2015-11-17"	"Omgevingsvergunning-revisie"
"ODNML"	"5813AG9"	"voormalig bedrijf"	"Ja"	"Meerselsepeel 9 5813AG YSSELSTEYN LB"	"Venray"	"1"	"Nee"	"0,00"	"0,00"	"0,00"	"188397"	"391530"	"188397"	"391530"	"2012-12-18"	"Intrekking:intrekking gehele veebestand"
"ODNML"	"5813AH2"	"Schapen"	"Nee"	"Pastoor Jacobspeel 2 5813AH Ysselsteyn"	"Venray"	"1"	"Nee"	"42,40"	"234,00"	"286,00"	"187860"	"389969"	"187819"	"389984"	"2023-01-26"	"Intrekking gedeeltelijk veebestand"
"ODNML"	"5813AH4"	"Vleesvarkens"	"Nee"	"Pastoor Jacobspeel 4 5813AH Ysselsteyn"	"Venray"	"4"	""	"1.458,00"	"29.992,00"	"193.621,50"	"187774"	"390401"	"187707"	"390417"	"2007-07-23"	"Melding:onbekend"
"ODNML"	"5813AH5"	"Melkrundvee"	"Nee"	"Pastoor Jacobspeel 5 5813AH Ysselsteyn"	"Venray"	"3"	"Nee"	"3.216,00"	"0,00"	"34.920,00"	"187770"	"390605"	"187793"	"390627"	"2013-10-03"	"Melding:Activiteitenbesluit"
"ODNML"	"5813AJ40"	"voormalig bedrijf"	"Ja"	"Heidse Peelweg 40 5813AJ YSSELSTEYN LB"	"Venray"	"1"	"Nee"	"0,00"	"0,00"	"0,00"	"189939"	"389223"	"189939"	"389223"	"2012-04-02"	"Intrekking:intrekking gehele veebestand"
"ODNML"	"5813AJ46"	"Melkrundvee"	"Nee"	"Heidse Peelweg 46 5813AJ Ysselsteyn"	"Venray"	"2"	"Nee"	"820,00"	"0,00"	"17.200,00"	"189694"	"389104"	"189632"	"389128"	"2017-10-06"	"Melding activiteitenbesluit"
"ODNML"	"5813AJ47"	"voormalig bedrijf"	"Ja"	"Heidse Peelweg 47 5813AJ YSSELSTEYN LB"	"Venray"	"1"	"Nee"	"0,00"	"0,00"	"0,00"	"189623"	"389016"	"189623"	"389016"	"2015-06-23"	"Intrekking:intrekking gehele veebestand"
"ODNML"	"5813AJ48"	"Zeugen"	"Nee"	"Heidse Peelweg 48 5813AJ Ysselsteyn"	"Venray"	"3"	"Ja"	"1.556,56"	"38.616,00"	"124.428,00"	"189335"	"388994"	"189282"	"389096"	"2024-06-28"	"Omgevingsvergunning-oprichting"
"ODNML"	"5813AJ49"	"voormalig bedrijf"	"Ja"	"Heidse Peelweg 49 5813AJ YSSELSTEYN LB"	"Venray"	"1"	"Nee"	"0,00"	"0,00"	"0,00"	"189452"	"388943"	"189452"	"388943"	"2022-06-28"	"Intrekking:Omgevingsvergunning beperkte milieutoets"
"ODNML"	"5813AK10"	"Paarden"	"Nee"	"Zeilbergseweg 10 5813AK Ysselsteyn"	"Venray"	"1"	"Nee"	"30,00"	"0,00"	"0,00"	"189181"	"387848"	"189181"	"387879"	"2017-08-26"	"Melding activiteitenbesluit"
"ODNML"	"5813AK12"	"voormalig bedrijf"	"Ja"	"Zeilbergseweg 12 5813AK Ysselsteyn"	"Venray"	"1"	"Nee"	"nu"	"nu"	"nu"	"188853"	"387849"	"188864"	"387898"	"2023-07-21"	"Intrekking gehele veebestand"
"ODNML"	"5813AL41"	"Melkrundvee"	"Nee"	"Timmermannsweg 41 5813AL Ysselsteyn"	"Venray"	"6"	"Ja"	"5.884,60"	"54.234,00"	"206.074,00"	"190197"	"388299"	"190269"	"388270"	"2015-12-30"	"Omgevingsvergunning-revisie"
"ODNML"	"5813AL45"	"Zeugen"	"Nee"	"Timmermannsweg 45 5813AL YSSELSTEYN LB"	"Venray"	"3"	"Nee"	"5.503,40"	"30.897,20"	"229.660,00"	"190251"	"388046"	"190248"	"388046"	"2000-03-20"	"Omgevingsvergunning-revisie"
"ODNML"	"5813AL51"	"Vleesvarkens"	"Nee"	"Timmermannsweg 51 5813AL YSSELSTEYN LB"	"Venray"	"4"	"Ja"	"5.351,40"	"78.480,60"	"488.054,70"	"190185"	"387879"	"190227"	"387873"	"2013-07-01"	"Omgevingsvergunning-revisie"
"ODNML"	"5813AL51A"	"voormalig bedrijf"	"Ja"	"Timmermannsweg 51A 5813AL YSSELSTEYN LB"	"Venray"	"1"	"Nee"	"0,00"	"0,00"	"0,00"	"190232"	"387925"	"190232"	"387925"	"2013-07-01"	"Vergunning:Omgevingsvergunning Inrichting"
"ODNML"	"5813AL57"	"Schapen"	"Nee"	"Timmermannsweg 57 5813AL Ysselsteyn"	"Venray"	"1"	""	"35,00"	"390,00"	"0,00"	"190118"	"387572"	"190161"	"387547"	"2003-03-18"	"Omgevingsvergunning-revisie"
"ODNML"	"5813AM103"	"Vleesvarkens"	"Nee"	"Timmermannsweg 103 5813AM Ysselsteyn"	"Venray"	"4"	"Ja"	"1.939,20"	"53.133,60"	"141.930,00"	"189821"	"385818"	"189890"	"385791"	"2011-02-07"	"Vergunning:Beschikkking WM revisievergunning"
"ODNML"	"5813AM109"	"voormalig bedrijf"	"Ja"	"Timmermannsweg 109 5813AM YSSELSTEYN LB"	"Venray"	"2"	"Nee"	"nu"	"nu"	"nu"	"189886"	"385611"	"189877"	"385647"	"2025-03-13"	"Intrekken gehele veebestand OW"
"ODNML"	"5813AM113"	"Melkrundvee"	"Nee"	"Timmermannsweg 113 5813AM Ysselsteyn"	"Venray"	"1"	"Nee"	"2.121,20"	"0,00"	"22.964,00"	"189853"	"385491"	"189883"	"385523"	"2005-01-31"	"Omgevingsvergunning-revisie"
"ODNML"	"5813AM119"	"Melkrundvee"	"Nee"	"Timmermannsweg 119 5813AM Ysselsteyn"	"Venray"	"5"	"Nee"	"1.684,00"	"142,40"	"19.292,00"	"189925"	"385301"	"189962"	"385304"	"1994-12-27"	"Melding activiteitenbesluit"
"ODNML"	"5813AM121"	"Vleeskuikens"	"Nee"	"Timmermannsweg 121 5813AM Ysselsteyn"	"Venray"	"1"	"Nee"	"2.244,00"	"10.890,00"	"726.000,00"	"189943"	"385218"	"189998"	"385241"	"2020-05-08"	"Melding activiteitenbesluit"
"ODNML"	"5813AM123"	"Vleeskuikens"	"Nee"	"Timmermannsweg 123 5813AM Ysselsteyn"	"Venray"	"2"	"Nee"	"2.380,00"	"11.550,00"	"770.000,00"	"189968"	"385145"	"190013"	"385179"	"2020-05-08"	"Melding activiteitenbesluit"
"ODNML"	"5813AM127"	"Paarden"	"Nee"	"Timmermannsweg 127 5813AM Ysselsteyn"	"Venray"	"2"	"Nee"	"190,00"	"0,00"	"0,00"	"190017"	"385025"	"190042"	"385059"	"2019-01-23"	"Melding activiteitenbesluit"
"ODNML"	"5813AM129"	"Melkrundvee"	"Nee"	"Timmermannsweg 129 5813AM Ysselsteyn"	"Venray"	"2"	"Nee"	"564,00"	"1.166,00"	"7.730,00"	"190035"	"384961"	"190079"	"384993"	"2003-04-22"	"Omgevingsvergunning-revisie"
"ODNML"	"5813AM135"	"Schapen"	"Nee"	"Timmermannsweg 135 5813AM Ysselsteyn"	"Venray"	"1"	"Nee"	"3,50"	"39,00"	"0,00"	"190113"	"384744"	"190125"	"384767"	"2025-08-05"	"Intrekking gedeeltelijk veebestand OW"
"ODNML"	"5813AM71"	"Vleesvarkens"	"Nee"	"Timmermannsweg 71 5813AM Ysselsteyn"	"Venray"	"1"	"Ja"	"730,00"	"390,00"	"8.500,00"	"190026"	"387179"	"190065"	"387232"	"2025-02-11"	"Intrekking gedeeltelijk veebestand OW"
"ODNML"	"5813AP40"	"voormalig bedrijf"	"Ja"	"Timmermannsweg 40 5813AP Ysselsteyn"	"Venray"	"1"	"Nee"	"0,00"	"0,00"	"0,00"	"190162"	"388317"	"190117"	"388334"	"2022-07-01"	"Melding:Activiteitenbesluit"
"ODNML"	"5813AP42"	"Melkrundvee"	"Nee"	"Timmermannsweg 42 5813AP Ysselsteyn"	"Venray"	"1"	""	"674,00"	"156,00"	"5.700,00"	"190147"	"388221"	"190098"	"388214"	"2020-06-05"	"Intrekking gedeeltelijk veebestand"
"ODNML"	"5813AP50"	"Melkrundvee"	"Nee"	"Timmermannsweg 50 5813AP Ysselsteyn"	"Venray"	"1"	"Nee"	"2.012,00"	"0,00"	"19.520,00"	"190101"	"387923"	"190055"	"387895"	"2011-09-23"	"Melding activiteitenbesluit"
"ODNML"	"5813AP54"	"voormalig bedrijf"	"Ja"	"Timmermannsweg 54 5813AP Ysselsteyn"	"Venray"	"5"	"Nee"	"nu"	"nu"	"nu"	"190073"	"387731"	"189990"	"387782"	"2024-12-17"	"Intrekken gehele veebestand OW"
"ODNML"	"5813AP56"	"Leghennen"	"Nee"	"Timmermannsweg 56 5813AP Ysselsteyn"	"Venray"	"7"	"Ja"	"7.578,20"	"48.220,00"	"5.579.146,00"	"190053"	"387608"	"189944"	"387664"	"2018-03-07"	"Vergunning:"
"ODNML"	"5813AP60"	"Vleesvarkens"	"Nee"	"Timmermannsweg 60 5813AP Ysselsteyn"	"Venray"	"3"	"Ja"	"2.648,50"	"10.791,00"	"1.018.960,00"	"190036"	"387497"	"189915"	"387509"	"2024-04-29"	"Omgevingsvergunning-oprichting"
"ODNML"	"5813AP62"	"Zeugen"	"Nee"	"Timmermannsweg 62 5813AP YSSELSTEYN LB"	"Venray"	"2"	"Ja"	"2.109,26"	"37.807,07"	"305.210,75"	"189942"	"387419"	"189922"	"387417"	"2021-10-05"	"Omgevingsvergunning milieuneutraal"
"ODNML"	"5813AP64"	"Zeugen"	"Nee"	"Timmermannsweg 64 5813AP Ysselsteyn"	"Venray"	"9"	"Ja"	"6.707,26"	"76.072,48"	"609.154,00"	"190004"	"387271"	"189923"	"387335"	"2012-08-27"	"Omgevingsvergunning-revisie"
"ODNML"	"5813AP66"	"Vleesvarkens"	"Nee"	"Timmermannsweg 66 5813AP Ysselsteyn"	"Venray"	"4"	"Ja"	"3.570,60"	"54.160,40"	"344.320,80"	"189993"	"387203"	"189922"	"387200"	"2019-04-08"	"Omgevingsvergunning-revisie"
"ODNML"	"5813AP68"	"Vleesvee"	"Nee"	"Timmermannsweg 68 5813AP Ysselsteyn"	"Venray"	"1"	""	"527,40"	"3.844,80"	"14.935,00"	"189970"	"387081"	"189886"	"387129"	"2002-01-03"	"Melding activiteitenbesluit"
"ODNML"	"5813AP70"	"voormalig bedrijf"	"Ja"	"Timmermannsweg 70 5813AP YSSELSTEYN LB"	"Venray"	"1"	"Nee"	"0,00"	"0,00"	"0,00"	"189923"	"386996"	"189923"	"386996"	"2012-12-11"	"Intrekking:intrekking gehele veebestand"
"ODNML"	"5813AP74"	"voormalig bedrijf"	"Ja"	"Timmermannsweg 74 5813AP YSSELSTEYN LB"	"Venray"	"1"	"Nee"	"0,00"	"0,00"	"0,00"	"189882"	"386869"	"189882"	"386869"	"2012-12-19"	"Intrekking:intrekking gehele veebestand"
"ODNML"	"5813AP7682"	"Vleeskuikens"	"Nee"	"Timmermannsweg 7682 5813AP YSSELSTEYN LB"	"Venray"	"6"	"Ja"	"5.946,50"	"56.067,00"	"3.655.600,00"	"189891"	"386763"	"189811"	"386717"	"2012-02-06"	"Vergunning:WM uitbreidings-wijzigingsvergunning"
"ODNML"	"5813AP86"	"Melkrundvee"	"Nee"	"Timmermannsweg 86 5813AP Ysselsteyn"	"Venray"	"4"	""	"2.342,40"	"0,00"	"25.446,00"	"189887"	"386520"	"189838"	"386523"	"2013-04-29"	"Melding:Activiteitenbesluit"
"ODNML"	"5813AP90"	"Leghennen"	"Nee"	"Timmermannsweg 90 5813AP Ysselsteyn"	"Venray"	"4"	"Ja"	"5.483,21"	"36.445,00"	"4.454.846,00"	"189855"	"386322"	"189771"	"386383"	"2014-02-14"	"Vergunning:Omgevingsvergunning revisie"
"ODNML"	"5813AP94"	"Ov.Pluimvee"	"Nee"	"Timmermannsweg 94 5813AP Ysselsteyn"	"Venray"	"1"	"Nee"	"11.968,00"	"27.280,00"	"1.513.600,00"	"189831"	"386159"	"189779"	"386210"	"2010-11-29"	"Vergunning:onbekend"
"ODNML"	"5813AP98"	"voormalig bedrijf"	"Ja"	"Timmermannsweg 98 5813AP Ysselsteyn"	"Venray"	"1"	"Nee"	"nu"	"nu"	"nu"	"189807"	"386023"	"189743"	"386054"	"2025-05-27"	"Intrekken gehele veebestand OW"
"ODNML"	"5813AR100"	"Vleesvarkens"	"Nee"	"Timmermannsweg 100 5813AR Ysselsteyn"	"Venray"	"1"	""	"1.420,60"	"37.642,80"	"94.264,00"	"189781"	"385930"	"189742"	"385910"	"2016-01-20"	"Vergunning:Omgevingsvergunning Inrichting"
"ODNML"	"5813AR104"	"voormalig bedrijf"	"Ja"	"Timmermannsweg 104 5813AR Ysselsteyn"	"Venray"	"1"	"Nee"	"0,00"	"0,00"	"0,00"	"189767"	"385802"	"189726"	"385788"	"2022-06-28"	"Correctie:ambtshalve wijziging"
"ODNML"	"5813AR108"	"voormalig bedrijf"	"Ja"	"Timmermannsweg 108 5813AR YSSELSTEYN LB"	"Venray"	"1"	"Nee"	"0,00"	"0,00"	"0,00"	"189708"	"385690"	"189708"	"385690"	"2013-04-22"	"Intrekking:intrekking gehele veebestand"
"ODNML"	"5813AR110"	"Vleesvarkens"	"Nee"	"Timmermannsweg 110 5813AR Ysselsteyn"	"Venray"	"3"	"Ja"	"5.232,60"	"78.059,70"	"253.765,80"	"189756"	"385636"	"189652"	"385637"	"2015-01-22"	"Vergunning:Omgevingsvergunning revisie"
"ODNML"	"5813AR114"	"Melkrundvee"	"Nee"	"Timmermannsweg 114 5813AR Ysselsteyn"	"Venray"	"1"	""	"1.040,00"	"0,00"	"11.840,00"	"189796"	"385476"	"189794"	"385461"	"2001-07-11"	"Melding:onbekend"
"ODNML"	"5813AR120"	"Leghennen"	"Nee"	"Timmermannsweg 120 5813AR Ysselsteyn"	"Venray"	"5"	"Ja"	"6.665,10"	"14.790,00"	"3.019.586,00"	"189859"	"385282"	"189804"	"385308"	"2018-10-12"	"Omgevingsvergunning milieuneutraal"
"ODNML"	"5813AR122"	"Vleesvarkens"	"Nee"	"Timmermannsweg 122 5813AR Ysselsteyn"	"Venray"	"3"	"Nee"	"2.020,55"	"26.721,12"	"138.101,00"	"189885"	"385201"	"189815"	"385169"	"2021-11-19"	"Vergunning:Omgevingsvergunning beperkte milieutoets"
"ODNML"	"5813AR128"	"Vleesvarkens"	"Nee"	"Timmermannsweg 128 5813AR Ysselsteyn"	"Venray"	"9"	"Ja"	"5.195,36"	"77.530,50"	"424.840,00"	"189953"	"385018"	"189942"	"384979"	"2014-09-18"	"Omgevingsvergunning-verandering"
"ODNML"	"5813AR130"	"Melkrundvee"	"Nee"	"Timmermannsweg 130 5813AR Ysselsteyn"	"Venray"	"4"	"Nee"	"2.427,10"	"2.205,60"	"28.829,00"	"189975"	"384936"	"189938"	"384902"	"2015-10-07"	"Melding activiteitenbesluit"
"ODNML"	"5813AR136"	"Melkrundvee"	"Nee"	"Timmermannsweg 136 5813AR Ysselsteyn"	"Venray"	"1"	""	"609,00"	"0,00"	"6.510,00"	"190048"	"384718"	"189995"	"384739"	"1900-01-01"	"Melding:onbekend"
"ODNML"	"5813AS1"	"Melkrundvee"	"Nee"	"Ontginningsweg 1 5813AS Ysselsteyn"	"Venray"	"1"	"Nee"	"1.430,10"	"131,60"	"12.617,00"	"191378"	"388000"	"191372"	"387974"	"2004-04-08"	"Omgevingsvergunning-oprichting"
"ODNML"	"5813AT11"	"Ov.Pluimvee"	"Nee"	"Paardekopweg 11 5813AT Ysselsteyn"	"Venray"	"10"	"Nee"	"22.401,22"	"69.306,25"	"3.279.322,00"	"192342"	"387080"	"192382"	"386997"	"2008-07-14"	"Omgevingsvergunning-revisie"
"ODNML"	"5813AT11A"	"Ov.Pluimvee"	"Nee"	"Paardekopweg 11A 5813AT Ysselsteyn"	"Venray"	"5"	""	"3.542,58"	"8.085,25"	"444.706,00"	"192181"	"387001"	"192169"	"386925"	"2023-06-16"	"Intrekking gedeeltelijk veebestand"
"ODNML"	"5813AT13"	"Vleesvarkens"	"Nee"	"Paardekopweg 13 5813AT Ysselsteyn"	"Venray"	"3"	"Nee"	"2.256,00"	"26.128,00"	"122.400,00"	"191811"	"386821"	"191810"	"386764"	"2020-09-29"	"Melding activiteitenbesluit met OBM"
"ODNML"	"5813AT15"	"Leghennen"	"Nee"	"Paardekopweg 15 5813AT Ysselsteyn"	"Venray"	"4"	""	"2.081,10"	"7.850,00"	"1.129.608,00"	"191705"	"386762"	"191725"	"386707"	"2001-02-21"	"Omgevingsvergunning-revisie"
"ODNML"	"5813AT19"	"Melkrundvee"	"Nee"	"Paardekopweg 19 5813AT Ysselsteyn"	"Venray"	"4"	"Nee"	"3.070,80"	"0,00"	"28.920,00"	"191289"	"386561"	"191292"	"386506"	"2012-12-20"	"Omgevingsvergunning milieuneutraal"
"ODNML"	"5813AT9"	"voormalig bedrijf"	"Ja"	"Paardekopweg 9 5813AT YSSELSTEYN LB"	"Venray"	"1"	"Nee"	"0,00"	"0,00"	"0,00"	"192479"	"387105"	"192479"	"387105"	"2011-01-18"	"Correctie:intrekking gehele veebestand"
"ODNML"	"5813AV1"	"Vleesvarkens"	"Nee"	"Moostdijk 1 5813AV Ysselsteyn"	"Venray"	"5"	"Ja"	"2.255,60"	"37.204,20"	"126.017,60"	"191517"	"386163"	"191552"	"386193"	"2021-08-10"	"Vergunning:Omgevingsvergunning verandering"
"ODNML"	"5813AV11"	"Melkrundvee"	"Nee"	"Moostdijk 11 5813AV Ysselsteyn"	"Venray"	"3"	"Nee"	"3.567,40"	"0,00"	"52.738,00"	"191749"	"385563"	"191789"	"385577"	"2015-01-06"	"Omgevingsvergunning-revisie"
"ODNML"	"5813AV12"	"voormalig bedrijf"	"Ja"	"Moostdijk 12 5813AV YSSELSTEYN LB"	"Venray"	"1"	"Nee"	"0,00"	"0,00"	"0,00"	"191629"	"385554"	"191629"	"385554"	"2013-12-04"	"Intrekking:ambtshalve wijziging"
"ODNML"	"5813AV14"	"Melkrundvee"	"Nee"	"Moostdijk 14 5813AV Ysselsteyn"	"Venray"	"5"	"Nee"	"3.207,80"	"0,00"	"33.956,00"	"191734"	"385416"	"191321"	"385462"	"2011-02-07"	"Omgevingsvergunning-revisie"
"ODNML"	"5813AV3"	"Nerts Vos"	"Nee"	"Moostdijk 3 5813AV Ysselsteyn"	"Venray"	"1"	"Nee"	"1.499,75"	"0,00"	"47.992,00"	"191539"	"386102"	"191637"	"386093"	"2007-07-02"	"Omgevingsvergunning-revisie"
"ODNML"	"5813AV4"	"Vleesvarkens"	"Nee"	"Moostdijk 4 5813AV Ysselsteyn"	"Venray"	"5"	"Nee"	"2.814,20"	"27.979,60"	"208.238,00"	"191477"	"386085"	"191427"	"386061"	"2011-12-14"	"Omgevingsvergunning-revisie"
"ODNML"	"5813AV5"	"Paarden"	"Nee"	"Moostdijk 5 5813AV Ysselsteyn"	"Venray"	"1"	"Nee"	"25,00"	"0,00"	"0,00"	"191616"	"385896"	"191682"	"385901"	"2023-11-13"	"Melding activiteitenbesluit"
"ODNML"	"5813AV7"	"Schapen"	"Nee"	"Moostdijk 7 5813AV YSSELSTEYN LB"	"Venray"	"2"	"Nee"	"595,00"	"390,00"	"8.500,00"	"191682"	"385845"	"191704"	"385856"	"2024-10-08"	"Intrekking gedeeltelijk veebestand OW"
"ODNML"	"5813AX90"	"Paarden"	"Nee"	"Ossendijk 90 5813AX YSSELSTEYN LB"	"Venray"	"1"	"Nee"	"100,00"	"0,00"	"0,00"	"191015"	"391761"	"191024"	"391725"	"2014-02-17"	"Intrekking:gedeeltelijke intrekking"
"ODNML"	"5813BB117"	"Melkrundvee"	"Nee"	"Puttenweg 117 5813BB Ysselsteyn"	"Venray"	"1"	""	"2.174,00"	"0,00"	"19.520,00"	"193223"	"386565"	"193263"	"386543"	"1900-01-01"	"Melding:onbekend"
"ODNML"	"5813BB43-45"	"Paarden"	"Nee"	"Puttenweg 43-45 5813BB YSSELSTEYN LB"	"Venray"	"1"	"Nee"	"418,00"	"0,00"	"0,00"	"191207"	"388614"	"191207"	"388614"	"2021-04-02"	"Melding:Activiteitenbesluit"
"ODNML"	"5813BB71"	"Vleesvarkens"	"Nee"	"Puttenweg 71 5813BB Ysselsteyn"	"Venray"	"1"	""	"0,00"	"0,00"	"0,00"	"191835"	"387926"	"191897"	"387995"	"2024-02-01"	"Intrekking gedeeltelijk veebestand"
"ODNML"	"5813BB87-93"	"voormalig bedrijf"	"Ja"	"Puttenweg 87-93 5813BB YSSELSTEYN LB"	"Venray"	"6"	"Nee"	"nu"	"nu"	"nu"	"192250"	"387625"	"192331"	"387541"	"2025-01-08"	"Intrekken gehele veebestand OW"
"ODNML"	"5813BB93"	"voormalig bedrijf"	"Ja"	"Puttenweg 93 5813BB Ysselsteyn"	"Venray"	"1"	"Nee"	"nu"	"nu"	"nu"	"192358"	"387426"	"192396"	"387475"	"2011-12-15"	"Bewijs bedrijfsbeëindiging"
"ODNML"	"5813BB99"	"voormalig bedrijf"	"Ja"	"Puttenweg 99 5813BB YSSELSTEYN LB"	"Venray"	"1"	"Nee"	"0,00"	"0,00"	"0,00"	"192511"	"387350"	"192511"	"387350"	"2010-10-12"	"Intrekking:intrekking gehele veebestand"
"ODNML"	"5813BD108"	"Ov.Pluimvee"	"Nee"	"Puttenweg 108 5813BD Ysselsteyn"	"Venray"	"5"	"Nee"	"9.078,35"	"41.758,55"	"2.316.926,00"	"192868"	"386928"	"192745"	"386949"	"2013-04-18"	"Omgevingsvergunning-verandering"
"ODNML"	"5813BD110"	"Melkrundvee"	"Nee"	"Puttenweg 110 5813BD Ysselsteyn"	"Venray"	"4"	"Nee"	"1.936,40"	"0,00"	"21.368,00"	"192921"	"386877"	"192900"	"386832"	"2025-01-07"	"Intrekking gedeeltelijk veebestand OW"
"ODNML"	"5813BD116"	"Zeugen"	"Nee"	"Puttenweg 116 5813BD YSSELSTEYN LB"	"Venray"	"4"	"Ja"	"2.990,92"	"71.488,72"	"270.845,60"	"193112"	"386615"	"193096"	"386575"	"2019-01-12"	"Omgevingsvergunning-revisie"
"ODNML"	"5813BD120"	"Melkrundvee"	"Nee"	"Puttenweg 120 5813BD Ysselsteyn"	"Venray"	"5"	""	"2.374,80"	"6.900,00"	"54.816,00"	"193191"	"386458"	"193161"	"386473"	"2003-03-11"	"Omgevingsvergunning-revisie"
"ODNML"	"5813BD126"	"voormalig bedrijf"	"Ja"	"Puttenweg 126 5813BD YSSELSTEYN LB"	"Venray"	"1"	"Nee"	"0,00"	"0,00"	"0,00"	"193209"	"386242"	"193209"	"386242"	"2021-03-25"	"Intrekking:Omgevingsvergunning intrekking"
"ODNML"	"5813BD134"	"Vleesvarkens"	"Nee"	"Puttenweg 134 5813BD Ysselsteyn"	"Venray"	"4"	"Ja"	"5.323,20"	"61.216,80"	"390.257,10"	"193371"	"385975"	"193342"	"385929"	"2023-11-01"	"Omgevingsvergunning-verandering"
"ODNML"	"5813BD48"	"Vleesvarkens"	"Nee"	"Puttenweg 48 5813BD Ysselsteyn"	"Venray"	"1"	"Nee"	"912,67"	"11.298,10"	"99.231,00"	"191150"	"388405"	"191130"	"388373"	"2005-05-23"	"Omgevingsvergunning-revisie"
"ODNML"	"5813BD52"	"Melkrundvee"	"Nee"	"Puttenweg 52 5813BD Ysselsteyn"	"Venray"	"1"	"Nee"	"3.057,60"	"0,00"	"33.552,00"	"191275"	"388301"	"191271"	"388260"	"2009-03-17"	"Melding activiteitenbesluit"
"ODNML"	"5813BD60"	"voormalig bedrijf"	"Ja"	"Puttenweg 60 5813BD Ysselsteyn"	"Venray"	"2"	"Nee"	"303,80"	"655,20"	"0,00"	"191444"	"388147"	"191349"	"388118"	"2023-03-22"	"Melding activiteitenbesluit met OBM"
"ODNML"	"5813BD70"	"Leghennen"	"Ja"	"Puttenweg 70 5813BD Ysselsteyn"	"Venray"	"7"	"Ja"	"nu"	"nu"	"nu"	"191699"	"387953"	"191647"	"387863"	"2025-06-12"	"Intrekken gehele veebestand OW"
"ODNML"	"5813BD78"	"Zeugen"	"Nee"	"Puttenweg 78 5813BD Ysselsteyn"	"Venray"	"4"	"Nee"	"3.150,99"	"36.372,22"	"193.397,40"	"191808"	"387808"	"191835"	"387737"	"2010-04-07"	"Vergunning:beschikking WM veranderingsvergunning"
"ODNML"	"5813BD82"	"Melkrundvee"	"Nee"	"Puttenweg 82 5813BD Ysselsteyn"	"Venray"	"3"	"Nee"	"2.347,60"	"0,00"	"25.348,00"	"192021"	"387672"	"192009"	"387617"	"2006-08-21"	"Omgevingsvergunning-revisie"
"ODNML"	"5813BE2"	"Paarden"	"Nee"	"Peelken 2 5813BE Ysselsteyn"	"Venray"	"4"	""	"169,20"	"0,00"	"0,00"	"191627"	"387317"	"191610"	"387302"	"2024-08-13"	"Melding activiteitenbesluit"
"ODNML"	"5813BG100"	"Schapen"	"Nee"	"Steegse Peelweg 100 5813BG Ysselsteyn"	"Venray"	"1"	""	"70,00"	"780,00"	"0,00"	"193253"	"389158"	"193159"	"389198"	"2007-07-17"	"Melding activiteitenbesluit"
"ODNML"	"5813BG147"	"Paarden"	"Nee"	"Steegse Peelweg 147 5813BG Ysselsteyn"	"Venray"	"2"	"Nee"	"672,40"	"0,00"	"14.110,00"	"191700"	"388156"	"191786"	"388150"	"1993-05-18"	"Omgevingsvergunning-verandering"
"ODNML"	"5813BH11"	"voormalig bedrijf"	"Ja"	"Rouwkuilenweg 11 5813BH Ysselsteyn"	"Venray"	"1"	"Nee"	"0,00"	"0,00"	"0,00"	"191715"	"389651"	"191797"	"389629"	"2012-09-30"	"Intrekking:Vervallen melding"
"ODNML"	"5813BH14"	"Leghennen"	"Nee"	"Rouwkuilenweg 14 5813BH Ysselsteyn"	"Venray"	"4"	"Ja"	"2.302,76"	"13.583,34"	"2.596.815,00"	"191656"	"389580"	"191564"	"389556"	"2012-12-20"	"Intrekking gedeeltelijk veebestand"
"ODNML"	"5813BH16"	"Paarden"	"Nee"	"Rouwkuilenweg 16 5813BH Ysselsteyn"	"Venray"	"2"	""	"314,00"	"966,00"	"6.426,00"	"191675"	"389481"	"191622"	"389376"	"2011-08-15"	"Intrekking gedeeltelijk veebestand"
"ODNML"	"5813BH23"	"Paarden"	"Nee"	"Rouwkuilenweg 23 5813BH Ysselsteyn"	"Venray"	"1"	"Nee"	"250,00"	"0,00"	"0,00"	"191730"	"389084"	"191794"	"389123"	"2024-12-05"	"Intrekking gedeeltelijk veebestand OW"
"ODNML"	"5813BH25"	"Zeugen"	"Nee"	"Rouwkuilenweg 25 5813BH Ysselsteyn"	"Venray"	"5"	"Ja"	"2.635,45"	"75.960,37"	"304.800,00"	"191731"	"388973"	"191856"	"389003"	"2013-09-04"	"Omgevingsvergunning-revisie"
"ODNML"	"5813BH27"	"Leghennen"	"Nee"	"Rouwkuilenweg 27 5813BH Ysselsteyn"	"Venray"	"5"	"Ja"	"6.055,99"	"46.696,76"	"5.038.245,20"	"191735"	"388937"	"191929"	"388911"	"2026-03-09"	"Omgevingsvergunning-verandering OW"
"ODNML"	"5813BH29"	"Vleesvarkens"	"Nee"	"Rouwkuilenweg 29 5813BH Ysselsteyn"	"Venray"	"3"	"Ja"	"3.960,00"	"96.945,00"	"566.865,00"	"191735"	"388842"	"191903"	"388826"	"2014-09-25"	"Omgevingsvergunning-verandering"
"ODNML"	"5813BH30"	"Paarden"	"Nee"	"Rouwkuilenweg 30 5813BH Ysselsteyn"	"Venray"	"4"	"Nee"	"1.103,60"	"0,00"	"0,00"	"191692"	"388729"	"191627"	"388746"	"2009-08-25"	"Omgevingsvergunning-revisie"
"ODNML"	"5813BH35"	"Paarden"	"Nee"	"Rouwkuilenweg 35 5813BH YSSELSTEYN LB"	"Venray"	"1"	"Nee"	"79,70"	"0,00"	"0,00"	"191804"	"388581"	"191802"	"388581"	"2001-11-20"	"Omgevingsvergunning-revisie"
"ODNML"	"5813BH39"	"voormalig bedrijf"	"Ja"	"Rouwkuilenweg 39 5813BH YSSELSTEYN LB"	"Venray"	"1"	"Nee"	"0,00"	"0,00"	"0,00"	"191821"	"388430"	"191821"	"388430"	"2018-05-24"	"Melding:intrekking gehele veebestand"
"ODNML"	"5813BH3A"	"voormalig bedrijf"	"Ja"	"Rouwkuilenweg 3A 5813BH YSSELSTEYN LB"	"Venray"	"1"	"Nee"	"0,00"	"0,00"	"0,00"	"191823"	"390022"	"191823"	"390022"	"2014-09-11"	"Intrekking:intrekking gehele veebestand"
"ODNML"	"5813BJ12"	"Paarden"	"Nee"	"Pottevenweg 12 5813BJ YSSELSTEYN LB"	"Venray"	"1"	"Ja"	"259,00"	"390,00"	"3.400,00"	"191356"	"389009"	"191356"	"389009"	"2021-12-09"	"Melding:Activiteitenbesluit"
"ODNML"	"5813BK39"	"voormalig bedrijf"	"Ja"	"Ysselsteynseweg 39 5813BK Ysselsteyn"	"Venray"	"1"	"Nee"	"nu"	"nu"	"nu"	"192010"	"389738"	"192020"	"389670"	"2023-05-22"	"Intrekking gehele veebestand"
"ODNML"	"5813BK49"	"Leghennen"	"Nee"	"Ysselsteynseweg 49 5813BK Ysselsteyn"	"Venray"	"1"	"Ja"	"4.000,00"	"14.400,00"	"1.840.000,00"	"191528"	"389701"	"191608"	"389608"	"2022-01-24"	"Omgevingsvergunning milieuneutraal"
"ODNML"	"5813BK59"	"Leghennen"	"Nee"	"Ysselsteynseweg 59 5813BK Ysselsteyn"	"Venray"	"3"	"Ja"	"3.660,00"	"42.700,00"	"2.292.640,00"	"191175"	"389549"	"191127"	"389489"	"2023-04-13"	"Omgevingsvergunning milieuneutraal"
"ODNML"	"5813BK63"	"Vleesvarkens"	"Nee"	"Ysselsteynseweg 63 5813BK YSSELSTEYN LB"	"Venray"	"3"	"Ja"	"5.991,60"	"88.236,00"	"657.563,40"	"191099"	"389380"	"191135"	"389404"	"2006-07-10"	"Omgevingsvergunning-verandering"
"ODNML"	"5813BK65"	"Dekberen"	"Ja"	"Ysselsteynseweg 65 5813BK YSSELSTEYN LB"	"Venray"	"1"	"Nee"	"nu"	"nu"	"nu"	"190963"	"389468"	"190963"	"389468"	"2026-03-09"	"Melding beëindiging veehouderij"
"ODNML"	"5813BK67"	"Zeugen"	"Nee"	"Ysselsteynseweg 67 5813BK Ysselsteyn"	"Venray"	"6"	"Ja"	"4.027,31"	"38.000,08"	"170.559,60"	"190749"	"389406"	"190846"	"389382"	"2023-11-16"	"Intrekking gedeeltelijk veebestand"
"ODNML"	"5813BM40"	"Vleesvarkens"	"Nee"	"Ysselsteynseweg 40 5813BM YSSELSTEYN LB"	"Venray"	"6"	"Ja"	"8.013,60"	"192.330,60"	"485.163,00"	"192694"	"389885"	"192702"	"389928"	"2013-08-30"	"Omgevingsvergunning-revisie"
"ODNML"	"5813BM42"	"Zeugen"	"Nee"	"Ysselsteynseweg 42 5813BM YSSELSTEYN LB"	"Venray"	"1"	"Ja"	"1.962,48"	"36.071,81"	"102.393,00"	"192378"	"389845"	"192423"	"389820"	"2009-02-03"	"Vergunning:Beschikkking WM revisievergunning"
"ODNML"	"5813BM48"	"Zeugen"	"Nee"	"Ysselsteynseweg 48 5813BM Ysselsteyn"	"Venray"	"4"	"Nee"	"1.400,89"	"9.116,96"	"53.105,60"	"192095"	"389825"	"192051"	"389889"	"2012-09-04"	"Omgevingsvergunning-revisie"
"ODNML"	"5813BM66"	"Leghennen"	"Nee"	"Ysselsteynseweg 66 5813BM Ysselsteyn"	"Venray"	"1"	"Ja"	"1.200,00"	"10.800,00"	"120.000,00"	"191433"	"389705"	"191354"	"389732"	"1998-12-23"	"Omgevingsvergunning-revisie"
"ODNML"	"5813BM70"	"Leghennen"	"Nee"	"Ysselsteynseweg 70 5813BM Ysselsteyn"	"Venray"	"2"	"Ja"	"3.000,00"	"35.000,00"	"2.300.000,00"	"191245"	"389700"	"191210"	"389782"	"2023-04-13"	"Omgevingsvergunning milieuneutraal"
"ODNML"	"5813BM78"	"Vleesvarkens"	"Ja"	"Ysselsteynseweg 78 5813BM YSSELSTEYN LB"	"Venray"	"5"	"Ja"	"nu"	"nu"	"nu"	"191004"	"389768"	"191042"	"389707"	"2026-03-05"	"Intrekking gehele veebestand"
"ODNML"	"5813BM80"	"Leghennen"	"Nee"	"Ysselsteynseweg 80 5813BM Ysselsteyn"	"Venray"	"2"	"Ja"	"8.254,74"	"51.029,24"	"9.755.590,00"	"190975"	"389553"	"190971"	"389648"	"2009-07-31"	"Omgevingsvergunning-revisie"
"ODNML"	"5813BP10"	"voormalig bedrijf"	"Ja"	"Ringweg 10 5813BP Ysselsteyn"	"Venray"	"1"	"Nee"	"0,00"	"0,00"	"0,00"	"190615"	"388500"	"190619"	"388468"	"2022-07-01"	"Melding:Activiteitenbesluit"
"ODNML"	"5813BP12"	"voormalig bedrijf"	"Ja"	"Ringweg 12 5813BP YSSELSTEYN LB"	"Venray"	"1"	"Nee"	"0,00"	"0,00"	"0,00"	"190909"	"388986"	"190909"	"388986"	"2012-12-21"	"Intrekking:intrekking gehele veebestand"
"ODNML"	"5813BP2"	"voormalig bedrijf"	"Ja"	"Ringweg 2 5813BP Ysselsteyn"	"Venray"	"1"	"Nee"	"nu"	"nu"	"nu"	"189745"	"389297"	"189704"	"389324"	"2023-08-22"	"Intrekking gehele veebestand"
"ODNML"	"5813BP8"	"voormalig bedrijf"	"Ja"	"Ringweg 8 5813BP Ysselsteyn"	"Venray"	"1"	"Nee"	"nu"	"nu"	"nu"	"190076"	"388602"	"190051"	"388565"	"2023-07-04"	"Intrekking gehele veebestand"
"ODNML"	"5813BP8A"	"voormalig bedrijf"	"Ja"	"Ringweg 8A 5813BP Ysselsteyn"	"Venray"	"1"	"Nee"	"0,00"	"0,00"	"0,00"	"190486"	"388457"	"190492"	"388384"	"2022-07-01"	"Melding:Activiteitenbesluit"
"ODNML"	"5813BT12"	"Paarden"	"Nee"	"Buntweg 12 5813BT Ysselsteyn"	"Venray"	"1"	"Nee"	"175,00"	"0,00"	"0,00"	"190074"	"388780"	"190066"	"388815"	"2006-07-17"	"Omgevingsvergunning-revisie"
"ODNML"	"5814AA31"	"Zeugen"	"Nee"	"Veulenseweg 31 5814AA Veulen"	"Venray"	"5"	"Ja"	"1.204,28"	"28.548,66"	"234.699,00"	"195362"	"388728"	"195379"	"388654"	"2013-05-14"	"Omgevingsvergunning-revisie"
"ODNML"	"5814AB57"	"Melkrundvee"	"Nee"	"Veulenseweg 57 5814AB Veulen"	"Venray"	"1"	""	"2.173,60"	"0,00"	"19.696,00"	"194436"	"387939"	"194479"	"387928"	"1900-01-01"	"Melding:onbekend"
"ODNML"	"5814AB61"	"Geiten"	"Nee"	"Veulenseweg 61 5814AB Veulen"	"Venray"	"3"	"Nee"	"1.070,90"	"12.626,80"	"11.909,00"	"194018"	"387978"	"194061"	"387971"	"2006-11-09"	"Melding:onbekend"
"ODNML"	"5814AC32"	"Paarden"	"Nee"	"Veulenseweg 32 5814AC Veulen"	"Venray"	"2"	""	"233,00"	"0,00"	"2.290,00"	"195494"	"388751"	"195473"	"388794"	"2024-04-11"	"Intrekking gedeeltelijk veebestand OW"
"ODNML"	"5814AD40"	"Melkrundvee"	"Nee"	"Veulenseweg 40 5814AD Veulen"	"Venray"	"2"	""	"1.793,00"	"0,00"	"22.216,00"	"194926"	"388568"	"194903"	"388598"	"2024-07-11"	"Melding activiteitenbesluit"
"ODNML"	"5814AD68"	"Melkrundvee"	"Nee"	"Veulenseweg 68 5814AD Veulen"	"Venray"	"1"	""	"1.176,40"	"0,00"	"13.018,00"	"193952"	"387991"	"193959"	"388032"	"2009-12-16"	"Melding:"
"ODNML"	"5814AE1"	"Biggen"	"Nee"	"Lorbaan 1 5814AE Veulen"	"Venray"	"2"	"Nee"	"295,10"	"2.895,20"	"35.078,00"	"195437"	"388060"	"195463"	"388002"	"2009-02-11"	"Intrekking gedeeltelijk veebestand"
"ODNML"	"5814AE10"	"Leghennen"	"Nee"	"Lorbaan 10 5814AE Veulen"	"Venray"	"3"	"Nee"	"4.620,00"	"18.280,00"	"2.600.000,00"	"195231"	"386951"	"195170"	"387009"	"2014-06-04"	"Omgevingsvergunning milieuneutraal"
"ODNML"	"5814AE4"	"voormalig bedrijf"	"Ja"	"Lorbaan 4 5814AE VEULEN"	"Venray"	"1"	"Nee"	"0,00"	"0,00"	"0,00"	"195299"	"387771"	"195299"	"387771"	"2014-10-15"	"Intrekking:intrekking gehele veebestand"
"ODNML"	"5814AE4B"	"Vleesvarkens"	"Nee"	"Lorbaan 4B 5814AE VEULEN"	"Venray"	"2"	"Nee"	"595,70"	"12.144,00"	"29.376,00"	"195257"	"387604"	"195255"	"387608"	"2023-12-19"	"Melding activiteitenbesluit"
"ODNML"	"5814AE5"	"Konijnen"	"Nee"	"Lorbaan 5 5814AE Veulen"	"Venray"	"1"	"Nee"	"3.167,60"	"2.304,00"	"2.430,00"	"195363"	"387501"	"195422"	"387522"	"2005-08-22"	"Omgevingsvergunning-revisie"
"ODNML"	"5814AE6"	"Melkrundvee"	"Nee"	"Lorbaan 6 5814AE Veulen"	"Venray"	"1"	"Nee"	"1.741,00"	"0,00"	"19.216,00"	"195021"	"387463"	"195001"	"387495"	"1900-01-01"	"Melding:onbekend"
"ODNML"	"5814AE8"	"Nerts Vos"	"Nee"	"Lorbaan 8 5814AE Veulen"	"Venray"	"1"	"Nee"	"1.450,00"	"0,00"	"46.400,00"	"195274"	"387254"	"195188"	"387210"	"2007-10-30"	"Omgevingsvergunning-revisie"
"ODNML"	"5814AE9"	"Melkrundvee"	"Nee"	"Lorbaan 9 5814AE Veulen"	"Venray"	"3"	"Nee"	"1.272,50"	"534,00"	"13.175,00"	"195349"	"387100"	"195378"	"387096"	"1987-05-06"	"Omgevingsvergunning-oprichting"
"ODNML"	"5814AK17"	"Vleesvarkens"	"Ja"	"Veulensewaterweg 17 5814AK Veulen"	"Venray"	"1"	"Ja"	"nu"	"nu"	"nu"	"194390"	"386773"	"194422"	"386713"	"2026-02-27"	"Intrekking gehele veebestand"
"ODNML"	"5814AK22"	"Melkrundvee"	"Nee"	"Veulensewaterweg 22 5814AK Veulen"	"Venray"	"4"	"Nee"	"3.325,20"	"1.495,20"	"37.668,00"	"193538"	"386689"	"193533"	"386713"	"2004-08-31"	"Melding activiteitenbesluit"
"ODNML"	"5814AK23"	"Zeugen"	"Nee"	"Veulensewaterweg 23 5814AK Veulen"	"Venray"	"3"	"Ja"	"1.752,12"	"40.001,90"	"125.068,00"	"193720"	"386681"	"193746"	"386560"	"2023-03-07"	"Omgevingsvergunning-verandering"
"ODNML"	"5814AK27"	"Vleesvarkens"	"Nee"	"Veulensewaterweg 27 5814AK Veulen"	"Venray"	"6"	"Ja"	"3.766,51"	"57.541,86"	"237.395,00"	"193610"	"386645"	"193618"	"386568"	"2023-12-07"	"Omgevingsvergunning milieuneutraal"
"ODNML"	"5814AK7"	"Vleesvarkens"	"Nee"	"Veulensewaterweg 7 5814AK Veulen"	"Venray"	"5"	"Ja"	"2.051,10"	"119.001,00"	"593.411,00"	"195833"	"387147"	"195896"	"387090"	"2025-07-14"	"Omgevingsvergunning-verandering"
"ODNML"	"5814AK8"	"voormalig bedrijf"	"Ja"	"Veulensewaterweg 8 5814AK VEULEN"	"Venray"	"1"	"Nee"	"0,00"	"0,00"	"0,00"	"195537"	"387114"	"195537"	"387114"	"2015-06-26"	"Intrekking:intrekking gehele veebestand"
"ODNML"	"5814AL1"	"Paarden"	"Nee"	"Jaegerhofweg 1 5814AL Veulen"	"Venray"	"1"	"Nee"	"90,00"	"0,00"	"0,00"	"193675"	"388121"	"193640"	"388152"	"2019-04-16"	"Melding:Activiteitenbesluit"
"ODNML"	"5814AL10"	"Geiten"	"Nee"	"Jaegerhofweg 10 5814AL Veulen"	"Venray"	"5"	"Nee"	"2.143,00"	"22.761,00"	"22.930,00"	"194362"	"387230"	"194344"	"387214"	"2020-11-02"	"Melding activiteitenbesluit met OBM"
"ODNML"	"5814AL1A"	"Melkrundvee"	"Nee"	"Jaegerhofweg 1A 5814AL VEULEN"	"Venray"	"2"	"Nee"	"1.849,00"	"0,00"	"19.720,00"	"193529"	"388268"	"193513"	"388268"	"2001-12-20"	"Melding:onbekend"
"ODNML"	"5814AL21"	"Schapen"	"Nee"	"Jaegerhofweg 21 5814AL Veulen"	"Venray"	"1"	"Nee"	"140,00"	"1.560,00"	"0,00"	"194611"	"386946"	"194651"	"386963"	"2014-11-12"	"Melding:besluit landbouwbedrijven milieubeheer"
"ODNML"	"5814AL4A"	"Melkrundvee"	"Nee"	"Jaegerhofweg 4A 5814AL Veulen"	"Venray"	"1"	"Nee"	"1.067,60"	"142,40"	"12.018,00"	"194087"	"387600"	"194060"	"387564"	"1991-04-23"	"Melding:onbekend"
"ODNML"	"5814AL5"	"Vleesvarkens"	"Nee"	"Jaegerhofweg 5 5814AL Veulen"	"Venray"	"4"	"Ja"	"4.427,25"	"113.292,25"	"486.693,00"	"194214"	"387513"	"194336"	"387526"	"2017-10-16"	"Omgevingsvergunning-revisie"
"ODNML"	"5814AL8"	"Vleesvarkens"	"Nee"	"Jaegerhofweg 8 5814AL Veulen"	"Venray"	"1"	"Ja"	"2.650,00"	"47.435,00"	"405.450,00"	"194232"	"387372"	"194224"	"387261"	"2023-07-03"	"Omgevingsvergunning milieuneutraal"
"ODNML"	"5814AM12"	"Vleesvee"	"Nee"	"Eijkenhofweg 12 5814AM Veulen"	"Venray"	"3"	"Nee"	"1.807,70"	"8.793,20"	"48.373,00"	"193080"	"387520"	"193071"	"387560"	"1900-02-01"	"Melding activiteitenbesluit met OBM"
"ODNML"	"5814AM16"	"Vleesvarkens"	"Nee"	"Eijkenhofweg 16 5814AM Veulen"	"Venray"	"7"	"Nee"	"486,00"	"34.273,80"	"218.681,10"	"192923"	"387404"	"192890"	"387425"	"2021-08-24"	"Melding activiteitenbesluit met OBM"
"ODNML"	"5814AM18"	"Leghennen"	"Nee"	"Eijkenhofweg 18 5814AM Veulen"	"Venray"	"3"	"Ja"	"4.082,40"	"33.048,00"	"4.176.575,00"	"192828"	"387367"	"192785"	"387463"	"2025-05-06"	"Omgevingsvergunning-verandering OW"
"ODNML"	"5814AM2"	"Melkrundvee"	"Nee"	"Eijkenhofweg 2 5814AM Veulen"	"Venray"	"1"	"Nee"	"2.094,80"	"0,00"	"22.736,00"	"193665"	"387767"	"193594"	"387807"	"2006-06-03"	"Melding:onbekend"
"ODNML"	"5814AM5"	"voormalig bedrijf"	"Ja"	"Eijkenhofweg 5 5814AM Veulen"	"Venray"	"3"	"Nee"	"nu"	"nu"	"nu"	"193153"	"387462"	"193203"	"387388"	"2024-08-16"	"Intrekking gehele veebestand"
"ODNML"	"5814AM5A"	"Vleesvee"	"Nee"	"Eijkenhofweg 5A 5814AM Veulen"	"Venray"	"1"	"Nee"	"53,00"	"356,00"	"1.700,00"	"193049"	"387424"	"193088"	"387365"	"2015-09-15"	"Melding:Activiteitenbesluit"
"ODNML"	"5814AM5C"	"Vleesvarkens"	"Nee"	"Eijkenhofweg 5C 5814AM VEULEN"	"Venray"	"3"	"Ja"	"6.331,50"	"104.319,00"	"814.954,50"	"192925"	"387383"	"192957"	"387227"	"2015-07-15"	"Omgevingsvergunning-verandering"
"ODNML"	"5814AM6"	"Leghennen"	"Nee"	"Eijkenhofweg 6 5814AM Veulen"	"Venray"	"3"	"Ja"	"3.366,63"	"30.936,60"	"5.914.350,00"	"193236"	"387555"	"193116"	"387688"	"2017-01-04"	"Omgevingsvergunning-revisie"
"ODNML"	"5814AM7"	"Vleesvee"	"Nee"	"Eijkenhofweg 7 5814AM Veulen"	"Venray"	"5"	"Nee"	"3.288,00"	"23.275,80"	"186.516,00"	"192650"	"387229"	"192694"	"387189"	"2016-09-20"	"Melding activiteitenbesluit met OBM"
"ODNML"	"5814AN27"	"Melkrundvee"	"Ja"	"Brugpas 27 5814AN Veulen"	"Venray"	"2"	"Nee"	"nu"	"nu"	"nu"	"194227"	"388753"	"194154"	"388839"	"2026-02-03"	"Intrekking gehele veebestand"
"ODNML"	"5814AN27A"	"voormalig bedrijf"	"Ja"	"Brugpas 27A 5814AN VEULEN"	"Venray"	"1"	"Nee"	"0,00"	"0,00"	"0,00"	"194141"	"388837"	"194141"	"388837"	"2014-12-05"	"Correctie:intrekking gehele veebestand"
"ODNML"	"5814AR15"	"Paarden"	"Nee"	"Houbenweg 15 5814AR Veulen"	"Venray"	"1"	"Nee"	"50,00"	"0,00"	"0,00"	"194930"	"389373"	"194883"	"389354"	"2013-09-30"	"Melding activiteitenbesluit"
"ODNML"	"5814AR7"	"voormalig bedrijf"	"Ja"	"Houbenweg 7 5814AR Veulen"	"Venray"	"4"	"Nee"	"2.165,40"	"42.024,72"	"98.697,60"	"195122"	"388973"	"195076"	"389076"	"2021-09-10"	"Vergunning:Omgevingsvergunning revisie"
"ODNML"	"5814AS73"	"Leghennen"	"Nee"	"Steegse Peelweg 73 5814AS Veulen"	"Venray"	"1"	""	"1.270,08"	"4.798,08"	"917.280,00"	"194556"	"389788"	"194646"	"389798"	"2017-08-15"	"Melding activiteitenbesluit met OBM"
"ODNML"	"5814AS77"	"Vleesvarkens"	"Nee"	"Steegse Peelweg 77 5814AS Veulen"	"Venray"	"4"	"Ja"	"2.087,34"	"81.690,95"	"234.843,00"	"194215"	"389638"	"194290"	"389526"	"2021-12-06"	"Omgevingsvergunning-revisie"
"ODNML"	"5814AS80"	"Schapen"	"Nee"	"Steegse Peelweg 80 5814AS Veulen"	"Venray"	"1"	""	"14,00"	"156,00"	"0,00"	"194406"	"389761"	"194433"	"389810"	"2008-12-24"	"Melding:"
"ODNML"	"5814AS87"	"Paarden"	"Nee"	"Steegse Peelweg 87 5814AS Veulen"	"Venray"	"1"	"Nee"	"136,00"	"0,00"	"0,00"	"193771"	"389408"	"193778"	"389388"	"2011-01-19"	"Melding:Activiteitenbesluit"
"ODNML"	"5814AS87A"	"voormalig bedrijf"	"Ja"	"Steegse Peelweg 87A 5814AS VEULEN"	"Venray"	"1"	"Nee"	"0,00"	"0,00"	"0,00"	"193767"	"389350"	"193767"	"389350"	"2021-03-15"	"Intrekking:Omgevingsvergunning intrekking"
"ODNML"	"5814AS95"	"Paarden"	"Nee"	"Steegse Peelweg 95 5814AS VEULEN"	"Venray"	"1"	"Nee"	"50,00"	"0,00"	"0,00"	"193352"	"389191"	"193357"	"389182"	"2005-11-14"	"Omgevingsvergunning-oprichting"
"ODNML"	"5815CA2"	"Zeugen"	"Nee"	"Weverslo 2 5815CA Merselo"	"Venray"	"5"	"Nee"	"294,00"	"7.700,00"	"67.200,00"	"192604"	"391538"	"192629"	"391605"	"2007-11-26"	"Melding:Omgevingsvergunning revisie"
"ODNML"	"5815CA2"	"Zeugen"	"Nee"	"Weverslo 2 5815CA Merselo"	"Venray"	"5"	"Nee"	"5.446,00"	"42.883,20"	"369.311,00"	"192604"	"391538"	"192618"	"391590"	"2007-11-26"	"Omgevingsvergunning-revisie"
"ODNML"	"5815CA2B"	"voormalig bedrijf"	"Ja"	"Weverslo 2B 5815CA Merselo"	"Venray"	"1"	"Nee"	"nu"	"nu"	"nu"	"192797"	"391467"	"192821"	"391518"	"2025-01-07"	"Intrekken gehele veebestand OW"
"ODNML"	"5815CA4"	"Paarden"	"Nee"	"Weverslo 4 5815CA Merselo"	"Venray"	"3"	"Nee"	"415,00"	"0,00"	"0,00"	"192500"	"391369"	"192441"	"391373"	"2017-08-01"	"Melding activiteitenbesluit met OBM"
"ODNML"	"5815CA5"	"Zeugen"	"Nee"	"Weverslo 5 5815CA Merselo"	"Venray"	"1"	"Nee"	"2.214,60"	"13.977,10"	"118.476,00"	"192458"	"391559"	"192418"	"391541"	"1993-05-18"	"Omgevingsvergunning-verandering"
"ODNML"	"5815CA6"	"Melkrundvee"	"Nee"	"Weverslo 6 5815CA Merselo"	"Venray"	"4"	""	"2.529,00"	"0,00"	"37.470,00"	"192423"	"391670"	"192442"	"391722"	"2022-11-18"	"Intrekking gedeeltelijk veebestand"
"ODNML"	"5815CB18"	"voormalig bedrijf"	"Ja"	"Haag 18 5815CB MERSELO"	"Venray"	"1"	"Nee"	"0,00"	"0,00"	"0,00"	"192334"	"392998"	"192334"	"392998"	"2012-12-20"	"Intrekking:intrekking gehele veebestand"
"ODNML"	"5815CB19"	"voormalig bedrijf"	"Ja"	"Haag 19 5815CB Merselo"	"Venray"	"3"	"Nee"	"nu"	"nu"	"nu"	"192288"	"392668"	"192376"	"392676"	"2025-08-05"	"Intrekken gehele veebestand OW"
"ODNML"	"5815CB23"	"Vleesvarkens"	"Nee"	"Haag 23 5815CB Merselo"	"Venray"	"1"	"Ja"	"1.490,40"	"56.692,80"	"107.136,00"	"192075"	"392406"	"192092"	"392337"	"2016-02-04"	"Vergunning:Omgevingsvergunning Inrichting"
"ODNML"	"5815CB31"	"Melkrundvee"	"Nee"	"Haag 31 5815CB Merselo"	"Venray"	"2"	"Nee"	"1.921,10"	"249,20"	"21.651,00"	"191920"	"392142"	"191958"	"392090"	"1997-11-26"	"Omgevingsvergunning-revisie"
"ODNML"	"5815CB32"	"voormalig bedrijf"	"Ja"	"Haag 32 5815CB Merselo"	"Venray"	"1"	"Nee"	"0,00"	"0,00"	"0,00"	"192192"	"392607"	"192192"	"392607"	"2015-01-01"	"Correctie:ambtshalve wijziging"
"ODNML"	"5815CB37"	"Vleesvarkens"	"Ja"	"Haag 37 5815CB MERSELO"	"Venray"	"1"	"Nee"	"nu"	"nu"	"nu"	"191560"	"391973"	"191566"	"391971"	"2026-02-24"	"Intrekking gehele veebestand"
"ODNML"	"5815CB5"	"voormalig bedrijf"	"Ja"	"Haag 5 5815CB MERSELO"	"Venray"	"1"	"Nee"	"0,00"	"0,00"	"0,00"	"192600"	"393320"	"192600"	"393320"	"2015-07-14"	"Intrekking:intrekking gehele veebestand"
"ODNML"	"5815CC80"	"voormalig bedrijf"	"Ja"	"Ossendijk 80 5815CC MERSELO"	"Venray"	"1"	"Nee"	"0,00"	"0,00"	"0,00"	"190880"	"391847"	"190880"	"391847"	"2010-01-01"	"Intrekking:intrekking gehele veebestand"
"ODNML"	"5815CJ7A"	"Paarden"	"Nee"	"Daland 7A 5815CJ MERSELO"	"Venray"	"1"	"Nee"	"60,90"	"0,00"	"248,00"	"191335"	"394171"	"191335"	"394171"	"2002-09-12"	"Melding activiteitenbesluit"
"ODNML"	"5815CK2"	"Melkrundvee"	"Nee"	"Testrik 2 5815CK Merselo"	"Venray"	"4"	"Nee"	"2.841,20"	"0,00"	"31.826,00"	"190786"	"393921"	"190765"	"393943"	"2009-12-09"	"Omgevingsvergunning-revisie"
"ODNML"	"5815CL23"	"voormalig bedrijf"	"Ja"	"Kleindorp 23 5815CL Merselo"	"Venray"	"1"	"Nee"	"0,00"	"0,00"	"0,00"	"192705"	"394130"	"192669"	"394123"	"2003-09-25"	"Intrekking:Vervallen melding"
"ODNML"	"5815CL31"	"voormalig bedrijf"	"Ja"	"Kleindorp 31 5815CL Merselo"	"Venray"	"1"	"Nee"	"nu"	"nu"	"nu"	"192747"	"394285"	"192739"	"394313"	"2024-05-03"	"Intrekking gehele veebestand"
"ODNML"	"5815CM7"	"Melkrundvee"	"Nee"	"De Boterpot 7 5815CM Merselo"	"Venray"	"4"	"Nee"	"5.683,60"	"0,00"	"77.900,00"	"193832"	"394784"	"193832"	"394839"	"2021-01-19"	"Omgevingsvergunning-verandering"
"ODNML"	"5815CN58"	"Paarden"	"Nee"	"Beekweg 58 5815CN Merselo"	"Venray"	"3"	"Nee"	"810,00"	"390,00"	"8.500,00"	"193409"	"394623"	"193443"	"394662"	"2025-01-07"	"Melding Besluit Activiteit Leefomgeving"
"ODNML"	"5815CN81"	"Vleesvee"	"Nee"	"Beekweg 81 5815CN Merselo"	"Venray"	"3"	"Nee"	"1.663,50"	"16.767,60"	"15.543,00"	"192234"	"394646"	"192199"	"394606"	"2020-10-27"	"Melding:Omgevingsvergunning beperkte milieutoets"
"ODNML"	"5815CP2"	"voormalig bedrijf"	"Ja"	"Rozendaal 2 5815CP MERSELO"	"Venray"	"17"	"Nee"	"nu"	"nu"	"nu"	"191924"	"395880"	"192037"	"395962"	"2025-01-10"	"Intrekken gehele veebestand OW"
"ODNML"	"5815CS1B"	"Vleesvee"	"Nee"	"Beek 1B 5815CS Merselo"	"Venray"	"2"	"Nee"	"591,60"	"0,00"	"10.932,00"	"193335"	"393838"	"193335"	"393838"	"2014-12-19"	"Melding activiteitenbesluit"
"ODNML"	"5815CT1"	"voormalig bedrijf"	"Ja"	"Pas 1 5815CT MERSELO"	"Venray"	"1"	"Nee"	"0,00"	"0,00"	"0,00"	"193211"	"393601"	"193211"	"393601"	"2014-11-21"	"Intrekking:intrekking gehele veebestand"
"ODNML"	"5815CV3"	"voormalig bedrijf"	"Ja"	"Handrik 3 5815CV Merselo"	"Venray"	"3"	"Nee"	"nu"	"nu"	"nu"	"193421"	"392965"	"193442"	"393016"	"2025-06-10"	"Intrekken gehele veebestand OW"
"ODNML"	"5815CW21"	"voormalig bedrijf"	"Ja"	"Veldstraat 21 5815CW Merselo"	"Venray"	"1"	"Nee"	"nu"	"nu"	"nu"	"192252"	"393177"	"192256"	"393114"	"2023-07-18"	"Intrekking gehele veebestand"
"ODNML"	"5815CW35A"	"Vleesvarkens"	"Nee"	"Veldstraat 35A 5815CW MERSELO"	"Venray"	"2"	"Ja"	"2.516,00"	"40.942,00"	"219.708,00"	"191743"	"393041"	"191731"	"393015"	"2012-04-26"	"Omgevingsvergunning-revisie"
"ODNML"	"5815CX28"	"Vleesvarkens"	"Nee"	"Veldstraat 28 5815CX Merselo"	"Venray"	"2"	"Ja"	"2.311,50"	"63.821,40"	"246.942,00"	"191965"	"393102"	"191950"	"393219"	"2020-05-15"	"Omgevingsvergunning-revisie"
"ODNML"	"5815CZ12"	"Melkrundvee"	"Nee"	"Ossendijk 12 5815CZ Merselo"	"Venray"	"1"	"Nee"	"1.614,20"	"0,00"	"17.460,00"	"191027"	"393679"	"191039"	"393714"	"2003-01-10"	"Melding:onbekend"
"ODNML"	"5815CZ80"	"voormalig bedrijf"	"Ja"	"Ossendijk 80 5815CZ MERSELO"	"Venray"	"1"	"Nee"	"0,00"	"0,00"	"0,00"	"190880"	"391847"	"190880"	"391847"	"2009-12-16"	"Intrekking:intrekking gehele veebestand"
"ODNML"	"5815EB14"	"Vleesvee"	"Nee"	"Op de Ries 14 5815EB Merselo"	"Venray"	"1"	"Nee"	"945,00"	"9.612,00"	"8.910,00"	"192025"	"394030"	"192035"	"394069"	"2006-01-16"	"Omgevingsvergunning-revisie"
"ODNML"	"5815EB8"	"Zeugen"	"Nee"	"Op de Ries 8 5815EB Merselo"	"Venray"	"2"	"Ja"	"2.004,48"	"49.544,61"	"158.036,80"	"192313"	"394032"	"192280"	"394181"	"2012-01-24"	"Omgevingsvergunning-revisie"
"ODNML"	"5815ED10"	"Vleesvarkens"	"Nee"	"De Steeg 10 5815ED Merselo"	"Venray"	"2"	"Nee"	"421,20"	"9.273,60"	"66.463,20"	"192737"	"393949"	"192806"	"393963"	"2020-01-16"	"Melding activiteitenbesluit met OBM"
"ODNML"	"5815EE6"	"Leghennen"	"Nee"	"Den Tiel 6 5815EE Merselo"	"Venray"	"4"	"Ja"	"5.379,00"	"33.252,00"	"5.152.030,00"	"192891"	"394193"	"192977"	"394165"	"2016-02-05"	"Omgevingsvergunning-revisie"
"ODNML"	"5815EJ13"	"voormalig bedrijf"	"Ja"	"Hansenberg 13 5815EJ MERSELO"	"Venray"	"1"	"Nee"	"0,00"	"0,00"	"0,00"	"193920"	"395846"	"193920"	"395846"	"2010-01-13"	"Intrekking:intrekking gehele veebestand"
"ODNML"	"5815EJ2"	"Vleeskuikens"	"Nee"	"Hansenberg 2 5815EJ Merselo"	"Venray"	"6"	"Nee"	"599,90"	"4.801,50"	"320.100,00"	"193327"	"395667"	"193350"	"395651"	"2014-07-17"	"Melding activiteitenbesluit met OBM"
"ODNML"	"5815EJ3A"	"voormalig bedrijf"	"Ja"	"Hansenberg 3A 5815EJ MERSELO"	"Venray"	"1"	"Nee"	"0,00"	"0,00"	"0,00"	"193425"	"395767"	"193425"	"395767"	"2021-05-31"	"Intrekking:Omgevingsvergunning intrekking"
"ODNML"	"5816AA1"	"Zeugen"	"Nee"	"Zwartwater 1 5816AA Vredepeel"	"Venray"	"7"	"Ja"	"4.568,41"	"65.260,67"	"506.116,20"	"190244"	"394905"	"190212"	"394861"	"2011-06-14"	"Vergunning:Beschikkking WM revisievergunning"
"ODNML"	"5816AA2"	"Zeugen"	"Nee"	"Zwartwater 2 5816AA Vredepeel"	"Venray"	"7"	"Nee"	"1.658,84"	"18.843,93"	"166.922,45"	"190336"	"394980"	"190294"	"395011"	"2013-08-23"	"Melding activiteitenbesluit met OBM"
"ODNML"	"5816AB83"	"voormalig bedrijf"	"Ja"	"Beekweg 83 5816AB VREDEPEEL"	"Venray"	"1"	"Nee"	"0,00"	"0,00"	"0,00"	"192062"	"394567"	"192062"	"394567"	"2009-04-15"	"Intrekking:intrekking gehele veebestand"
"ODNML"	"5816AB90"	"voormalig bedrijf"	"Ja"	"Beekweg 90 5816AB Vredepeel"	"Venray"	"1"	"Nee"	"nu"	"nu"	"nu"	"189928"	"394927"	"189928"	"394927"	"2023-11-07"	"Intrekking gehele veebestand"
"ODNML"	"5816AB98"	"Leghennen"	"Nee"	"Beekweg 98 5816AB Vredepeel"	"Venray"	"3"	"Ja"	"10.668,65"	"62.308,80"	"4.297.264,00"	"189560"	"394875"	"189561"	"395091"	"2013-07-30"	"Vergunning:Omgevingsvergunning Inrichting"
"ODNML"	"5816AC4"	"Melkrundvee"	"Nee"	"Ripseweg 4 5816AC Vredepeel"	"Venray"	"2"	"Nee"	"1.768,80"	"0,00"	"19.206,00"	"189087"	"394804"	"189102"	"394838"	"2003-12-23"	"Omgevingsvergunning-revisie"
"ODNML"	"5816AC6"	"Paarden"	"Nee"	"Ripseweg 6 5816AC Vredepeel"	"Venray"	"1"	"Nee"	"10,00"	"0,00"	"0,00"	"189008"	"394792"	"189033"	"394816"	"2017-03-10"	"Melding:Activiteitenbesluit"
"ODNML"	"5816AD11"	"Melkrundvee"	"Nee"	"Kuulenweg 11 5816AD VREDEPEEL"	"Venray"	"1"	"Nee"	"4.725,60"	"0,00"	"51.030,00"	"189555"	"395902"	"189555"	"395902"	"2014-03-27"	"Vergunning:"
"ODNML"	"5816AD11-15"	"voormalig bedrijf"	"Ja"	"Kuulenweg 11-15 5816AD VREDEPEEL"	"Venray"	"1"	"Nee"	"0,00"	"0,00"	"0,00"	"189616"	"395895"	"189616"	"395895"	"2014-03-27"	"Intrekking:intrekking gehele veebestand"
"ODNML"	"5816AE1"	"Vleesvarkens"	"Nee"	"Twistweg 1 5816AE Vredepeel"	"Venray"	"2"	"Ja"	"3.760,20"	"80.982,30"	"461.478,60"	"188451"	"395175"	"188578"	"395243"	"2011-02-16"	"Vergunning:Beschikkking WM revisievergunning"
"ODNML"	"5816AE10"	"Zeugen"	"Nee"	"Twistweg 10 5816AE Vredepeel"	"Venray"	"5"	"Ja"	"2.189,98"	"33.349,20"	"209.635,00"	"188356"	"395992"	"188377"	"396033"	"2021-06-16"	"Vergunning:Omgevingsvergunning revisie"
"ODNML"	"5816AE12"	"voormalig bedrijf"	"Ja"	"Twistweg 12 5816AE VREDEPEEL"	"Venray"	"1"	"Nee"	"0,00"	"0,00"	"0,00"	"188296"	"396248"	"188296"	"396248"	"2015-06-26"	"Intrekking:intrekking gehele veebestand"
"ODNML"	"5816AE14"	"voormalig bedrijf"	"Ja"	"Twistweg 14 5816AE Vredepeel"	"Venray"	"1"	"Nee"	"0,00"	"0,00"	"0,00"	"188155"	"396600"	"188176"	"396592"	"2022-06-28"	"Correctie:Omgevingsvergunning intrekking"
"ODNML"	"5816AE14A"	"Nerts Vos"	"Nee"	"Twistweg 14A 5816AE VREDEPEEL"	"Venray"	"1"	"Ja"	"1.497,50"	"0,00"	"47.920,00"	"188185"	"396569"	"188281"	"396561"	"2012-09-14"	"Intrekking:gedeeltelijke intrekking"
"ODNML"	"5816AE14C"	"Biggen"	"Nee"	"Twistweg 14C 5816AE VREDEPEEL"	"Venray"	"2"	"Ja"	"3.911,76"	"57.682,80"	"498.308,00"	"188767"	"396466"	"188774"	"396414"	"2018-03-21"	"Omgevingsvergunning-verandering"
"ODNML"	"5816AE15A"	"Vleesvarkens"	"Nee"	"Twistweg 15A 5816AE VREDEPEEL"	"Venray"	"2"	"Ja"	"3.906,00"	"43.562,00"	"167.688,00"	"187966"	"396912"	"187921"	"396929"	"2018-06-20"	"Vergunning:Omgevingsvergunning Inrichting"
"ODNML"	"5816AE17"	"Nerts Vos"	"Nee"	"Twistweg 17 5816AE Vredepeel"	"Venray"	"1"	"Nee"	"551,00"	"0,00"	"7.600,00"	"187922"	"397148"	"187834"	"397136"	"2016-09-20"	"Omgevingsvergunning-revisie"
"ODNML"	"5816AE3"	"Melkrundvee"	"Nee"	"Twistweg 3 5816AE Vredepeel"	"Venray"	"3"	"Nee"	"888,00"	"0,00"	"9.384,00"	"188442"	"395235"	"188404"	"395231"	"2016-07-07"	"Melding:Activiteitenbesluit"
"ODNML"	"5816AE4"	"voormalig bedrijf"	"Ja"	"Twistweg 4 5816AE VREDEPEEL"	"Venray"	"1"	"Nee"	"0,00"	"0,00"	"0,00"	"188482"	"395512"	"188482"	"395512"	"2000-01-01"	"Intrekking:intrekking gehele veebestand"
"ODNML"	"5816AE4A"	"Vleesvarkens"	"Nee"	"Twistweg 4A 5816AE Vredepeel"	"Venray"	"9"	"Ja"	"5.683,41"	"77.884,10"	"551.263,50"	"188428"	"395644"	"188497"	"395647"	"2012-07-03"	"Omgevingsvergunning-revisie"
"ODNML"	"5816AE5"	"Paarden"	"Nee"	"Twistweg 5 5816AE Vredepeel"	"Venray"	"1"	""	"68,40"	"265,20"	"516,00"	"188371"	"395664"	"188332"	"395643"	"2001-07-25"	"Melding:onbekend"
"ODNML"	"5816AE6"	"Vleesvee"	"Nee"	"Twistweg 6 5816AE Vredepeel"	"Venray"	"1"	"Nee"	"1.178,80"	"427,20"	"36.146,00"	"188401"	"395788"	"188435"	"395849"	"2020-12-22"	"Vergunning:Omgevingsvergunning revisie"
"ODNML"	"5816AE7"	"Zeugen"	"Nee"	"Twistweg 7 5816AE Vredepeel"	"Venray"	"7"	"Ja"	"2.175,64"	"41.339,69"	"294.744,85"	"188354"	"395734"	"188278"	"395734"	"2015-12-15"	"Vergunning:Omgevingsvergunning Inrichting"
"ODNML"	"5816AE9"	"Vleesvarkens"	"Nee"	"Twistweg 9 5816AE Vredepeel"	"Venray"	"2"	"Ja"	"3.553,50"	"45.019,00"	"370.719,00"	"188235"	"396145"	"188135"	"396142"	"2009-05-18"	"Omgevingsvergunning-revisie"
"ODNML"	"5816AJ11"	"Melkrundvee"	"Nee"	"Vredeweg 11 5816AJ Vredepeel"	"Venray"	"4"	"Nee"	"2.626,40"	"0,00"	"27.470,00"	"187170"	"396095"	"187126"	"396095"	"2024-05-06"	"Omgevingsvergunning-revisie"
"ODNML"	"5816AJ17"	"Vleesvarkens"	"Nee"	"Vredeweg 17 5816AJ Vredepeel"	"Venray"	"2"	"Ja"	"3.827,25"	"72.260,25"	"230.877,00"	"187096"	"396654"	"186995"	"396710"	"2023-07-26"	"Omgevingsvergunning milieuneutraal"
"ODNML"	"5816AJ19"	"Melkrundvee"	"Nee"	"Vredeweg 19 5816AJ Vredepeel"	"Venray"	"2"	"Nee"	"1.160,00"	"0,00"	"12.662,00"	"187023"	"397083"	"186976"	"397079"	"1995-10-27"	"Melding activiteitenbesluit"
"ODNML"	"5816AJ21"	"Geiten"	"Nee"	"Vredeweg 21 5816AJ Vredepeel"	"Venray"	"5"	"Nee"	"3.495,00"	"56.248,00"	"72.418,00"	"187012"	"397147"	"186973"	"397218"	"2013-10-22"	"Vergunning:Omgevingsvergunning Inrichting"
"ODNML"	"5816AJ5"	"Melkrundvee"	"Nee"	"Vredeweg 5 5816AJ Vredepeel"	"Venray"	"1"	""	"975,00"	"0,00"	"11.100,00"	"187297"	"395170"	"187258"	"395162"	"2024-05-06"	"Omgevingsvergunning-revisie"
"ODNML"	"5816AJ7"	"Melkrundvee"	"Nee"	"Vredeweg 7 5816AJ Vredepeel"	"Venray"	"8"	"Nee"	"17.466,00"	"0,00"	"323.628,00"	"187236"	"395607"	"187414"	"395672"	"2024-05-06"	"Omgevingsvergunning-revisie"
"ODNML"	"5816AK10"	"Melkrundvee"	"Nee"	"Vredeweg 10 5816AK Vredepeel"	"Venray"	"1"	""	"2.825,20"	"0,00"	"30.706,00"	"187239"	"395996"	"187291"	"396019"	"2014-07-25"	"Melding:"
"ODNML"	"5816AK14"	"Paarden"	"Nee"	"Vredeweg 14 5816AK Vredepeel"	"Venray"	"1"	""	"100,00"	"0,00"	"0,00"	"187167"	"396542"	"187222"	"396539"	"2010-09-24"	"Melding:"
"ODNML"	"5816AK16"	"Geiten"	"Nee"	"Vredeweg 16 5816AK Vredepeel"	"Venray"	"4"	"Nee"	"4.720,00"	"49.190,00"	"50.700,00"	"187157"	"396614"	"187188"	"396670"	"2017-05-11"	"Vergunning:Omgevingsvergunning Inrichting"
"ODNML"	"5816AK20"	"Geiten"	"Nee"	"Vredeweg 20 5816AK Vredepeel"	"Venray"	"1"	""	"4.962,00"	"48.880,00"	"49.590,00"	"187066"	"397154"	"187125"	"397167"	"2017-12-21"	"Omgevingsvergunning-verandering"
"ODNML"	"5816AK2A"	"Leghennen"	"Nee"	"Vredeweg 2A 5816AK Vredepeel"	"Venray"	"1"	"Ja"	"4.726,00"	"17.504,56"	"3.711.260,00"	"187402"	"394837"	"187468"	"394831"	"2012-11-02"	"Vergunning:Omgevingsvergunning Inrichting"
"ODNML"	"5816AK8"	"Melkrundvee"	"Nee"	"Vredeweg 8 5816AK Vredepeel"	"Venray"	"6"	"Nee"	"2.092,00"	"1.708,80"	"25.774,00"	"187296"	"395573"	"187344"	"395590"	"2024-09-19"	"Melding Besluit Activiteit Leefomgeving"
"ODNML"	"5817AC2"	"Paarden"	"Nee"	"St. Jozeflaan 2 5817AC Smakt"	"Venray"	"1"	"Nee"	"24,30"	"0,00"	"0,00"	"198067"	"396984"	"198091"	"396961"	"2011-07-05"	"Omgevingsvergunning-verandering"
"ODNML"	"5817AE2"	"Melkrundvee"	"Nee"	"Carmelietenstraat 2 5817AE Smakt"	"Venray"	"2"	"Nee"	"1.149,20"	"0,00"	"14.968,00"	"197895"	"397457"	"197919"	"397428"	"2022-02-08"	"Melding:Activiteitenbesluit"
"ODNML"	"5817AE4"	"voormalig bedrijf"	"Ja"	"Carmelietenstraat 4 5817AE SMAKT"	"Venray"	"1"	"Nee"	"0,00"	"0,00"	"0,00"	"197992"	"397448"	"197992"	"397448"	"2010-11-29"	"Intrekking:intrekking gehele veebestand"
"ODNML"	"5817AG15"	"Paarden"	"Nee"	"Pelgrimslaan 15 5817AG Smakt"	"Venray"	"2"	"Nee"	"308,10"	"427,00"	"44.820,00"	"197513"	"397856"	"197552"	"397828"	"1993-03-16"	"Omgevingsvergunning-oprichting"
"ODNML"	"5817AG2"	"Vleesvarkens"	"Nee"	"Pelgrimslaan 2 5817AG Smakt"	"Venray"	"3"	"Ja"	"1.225,00"	"35.650,00"	"222.462,00"	"197540"	"397171"	"197530"	"397115"	"2011-05-17"	"Omgevingsvergunning-verandering"
"ODNML"	"5817AH1"	"voormalig bedrijf"	"Ja"	"Loobeek 1 5817AH SMAKT"	"Venray"	"1"	"Nee"	"0,00"	"0,00"	"0,00"	"197543"	"397303"	"197543"	"397303"	"2015-07-14"	"Intrekking:intrekking gehele veebestand"
"ODNML"	"5817AH2"	"Melkrundvee"	"Nee"	"Loobeek 2 5817AH Smakt"	"Venray"	"1"	"Nee"	"74,80"	"0,00"	"646,00"	"197445"	"397453"	"197435"	"397481"	"2021-12-21"	"Intrekking:Omgevingsverg. gedeeltelijke intrekking"
"ODNML"	"5817AH3"	"voormalig bedrijf"	"Ja"	"Loobeek 3 5817AH Smakt"	"Venray"	"1"	"Nee"	"0,00"	"0,00"	"0,00"	"197243"	"397539"	"197284"	"397574"	"2021-03-30"	"Intrekking:Omgevingsvergunning intrekking"
"ODNML"	"5817AH3C"	"Vleesvarkens"	"Nee"	"Loobeek 3C 5817AH SMAKT"	"Venray"	"1"	"Nee"	"1.194,00"	"27.462,00"	"182.682,00"	"197294"	"397385"	"197294"	"397385"	"2024-11-13"	"Intrekking gedeeltelijk veebestand"
"ODNML"	"5817AJ12"	"Zeugen"	"Nee"	"Spurkt 12 5817AJ Smakt"	"Venray"	"7"	"Nee"	"1.775,99"	"21.264,06"	"155.920,80"	"196838"	"396673"	"196881"	"396727"	"2015-06-18"	"Melding activiteitenbesluit met OBM"
"ODNML"	"5851AA15A"	"Vleeskuikens"	"Ja"	"Heukelom 15A 5851AA Afferden L"	"Bergen"	"1"	"Ja"	"nu"	"nu"	"nu"	"199452"	"404001"	"199469"	"404055"	"2023-09-21"	"Intrekking gehele veebestand"
"ODNML"	"5851AA23"	"Melkrundvee"	"Nee"	"Heukelom 23 5851AA Afferden L"	"Bergen"	"1"	"Nee"	"660,70"	"195,00"	"5.554,00"	"199593"	"403616"	"199643"	"403629"	"2007-08-29"	"Melding:besluit landbouwbedrijven milieubeheer"
"ODNML"	"5851AB12"	"Melkrundvee"	"Nee"	"Heukelom 12 5851AB Afferden L"	"Bergen"	"1"	"Nee"	"2.604,30"	"0,00"	"28.030,00"	"199407"	"403585"	"199341"	"403536"	"2006-09-06"	"Vergunning:beschikking WM veranderingsvergunning"
"ODNML"	"5851AB22"	"Melkrundvee"	"Nee"	"Heukelom 22 5851AB Afferden L"	"Bergen"	"1"	"Nee"	"1.360,80"	"0,00"	"12.222,00"	"199428"	"403440"	"199384"	"403446"	"2012-07-26"	"Melding:besluit landbouwbedrijven milieubeheer"
"ODNML"	"5851AB30"	"Paarden"	"Nee"	"Heukelom 30 5851AB Afferden L"	"Bergen"	"1"	"Nee"	"356,10"	"1.554,80"	"4.214,00"	"199570"	"403155"	"199551"	"403152"	"2013-05-07"	"Vergunning:Activiteitenbesluit"
"ODNML"	"5851AB8"	"Melkrundvee"	"Nee"	"Heukelom 8 5851AB Afferden L"	"Bergen"	"1"	"Nee"	"2.892,50"	"0,00"	"34.562,00"	"199316"	"403734"	"199344"	"403753"	"2014-04-09"	"Melding:Activiteitenbesluit"
"ODNML"	"5851AD33"	"Paarden"	"Nee"	"Gening 33 5851AD Afferden L"	"Bergen"	"1"	"Nee"	"79,40"	"142,40"	"1.040,00"	"199100"	"404338"	"199129"	"404376"	"2001-02-06"	"Melding:besluit landbouwbedrijven milieubeheer"
"ODNML"	"5851AD35"	"Paarden"	"Nee"	"Gening 35 5851AD Afferden L"	"Bergen"	"1"	"Nee"	"179,70"	"0,00"	"0,00"	"199186"	"404252"	"199207"	"404264"	"2006-10-24"	"Vergunning:Beschikkking WM revisievergunning"
"ODNML"	"5851AS69"	"Melkrundvee"	"Nee"	"Kapelstraat 69 5851AS Afferden L"	"Bergen"	"1"	"Nee"	"1.745,70"	"0,00"	"19.602,00"	"198881"	"406039"	"198872"	"406061"	"2004-08-10"	"Vergunning:Beschikkking WM revisievergunning"
"ODNML"	"5851EA2"	"Melkrundvee"	"Nee"	"Hengeland 2 5851EA Afferden L"	"Bergen"	"1"	"Nee"	"288,00"	"0,00"	"2.556,00"	"197538"	"406309"	"197536"	"406310"	"2003-03-07"	"Melding:besluit landbouwbedrijven milieubeheer"
"ODNML"	"5851EA3A"	"Melkrundvee"	"Nee"	"Hengeland 3A 5851EA Afferden L"	"Bergen"	"5"	"Nee"	"1.271,70"	"0,00"	"13.800,00"	"197199"	"406417"			"2025-05-21"	"Melding activiteitenbesluit"
"ODNML"	"5851EA4"	"voormalig bedrijf"	"Ja"	"Hengeland 4 5851EA AFFERDEN LB"	"Bergen"	"1"	"Nee"	"0,00"	"0,00"	"0,00"	"197634"	"406329"	"197634"	"406329"	"2011-11-29"	"Correctie:intrekking gehele veebestand"
"ODNML"	"5851EA5"	"Paarden"	"Nee"	"Hengeland 5 5851EA Afferden L"	"Bergen"	"1"	"Nee"	"125,00"	"0,00"	"0,00"	"197194"	"406506"	"197197"	"406540"	"2016-07-19"	"Melding:Activiteitenbesluit"
"ODNML"	"5851EA6"	"Vleesvarkens"	"Nee"	"Hengeland 6 5851EA Afferden L"	"Bergen"	"1"	"Ja"	"1.750,30"	"47.085,80"	"122.475,00"	"197820"	"406433"	"197830"	"406396"	"2011-11-29"	"Vergunning:Beschikkking WM revisievergunning"
"ODNML"	"5851EC52"	"voormalig bedrijf"	"Ja"	"Afferdse Heide 52 5851EC AFFERDEN LB"	"Bergen"	"1"	"Nee"	"0,00"	"0,00"	"0,00"	"198342"	"406251"	"198342"	"406251"	"2014-01-06"	"Intrekking:intrekking gehele veebestand"
"ODNML"	"5851EE13A"	"Vleesvee"	"Nee"	"Bleijenbeek 13A 5851EE Afferden L"	"Bergen"	"3"	"Nee"	"549,10"	"3.809,20"	"16.820,00"	"201387"	"406053"	"201429"	"406066"	"2024-02-28"	"Melding activiteitenbesluit met OBM"
"ODNML"	"5851EE15A"	"Vleesvarkens"	"Nee"	"Bleijenbeek 15A 5851EE AFFERDEN LB"	"Bergen"	"1"	"Nee"	"3.363,90"	"21.473,40"	"152.375,00"	"201498"	"405931"	"201498"	"405931"	"2011-09-13"	"Vergunning:beschikking WM veranderingsvergunning"
"ODNML"	"5851EG2"	"voormalig bedrijf"	"Ja"	"Lakei 2 5851EG AFFERDEN LB"	"Bergen"	"1"	"Nee"	"0,00"	"0,00"	"0,00"	"201553"	"406802"	"201553"	"406802"	"2009-12-21"	"Intrekking:intrekking gehele veebestand"
"ODNML"	"5851EG3A"	"Melkrundvee"	"Nee"	"Lakei 3A 5851EG AFFERDEN LB"	"Bergen"	"1"	"Nee"	"428,00"	"0,00"	"5.720,00"	"201532"	"407002"	"201532"	"407002"	"2004-03-09"	"Melding:besluit landbouwbedrijven milieubeheer"
"ODNML"	"5851EG7"	"Vleesvarkens"	"Nee"	"Lakei 7 5851EG Afferden L"	"Bergen"	"1"	"Nee"	"174,00"	"1.334,00"	"8.874,00"	"201081"	"407367"	"201108"	"407439"	"2013-06-24"	"Intrekking:gedeeltelijke intrekking"
"ODNML"	"5851GA1"	"voormalig bedrijf"	"Ja"	"Berkenkamp 1 5851GA AFFERDEN LB"	"Bergen"	"1"	"Nee"	"0,00"	"0,00"	"0,00"	"199555"	"404316"	"199555"	"404316"	"2010-04-14"	"Intrekking:intrekking gehele veebestand"
"ODNML"	"5851GA7"	"Melkrundvee"	"Nee"	"Berkenkamp 7 5851GA Afferden L"	"Bergen"	"1"	"Nee"	"805,00"	"0,00"	"8.560,00"	"199878"	"403727"	"199880"	"403714"	"1983-05-25"	"Vergunning:hinderwetvergunning"
"ODNML"	"5853AA11"	"Melkrundvee"	"Nee"	"Gochsedijk 11 5853AA Siebengewald"	"Bergen"	"1"	"Nee"	"435,00"	"0,00"	"3.900,00"	"203330"	"405821"	"203307"	"405828"	"2003-01-30"	"Melding:besluit landbouwbedrijven milieubeheer"
"ODNML"	"5853AA9"	"Paarden"	"Nee"	"Gochsedijk 9 5853AA Siebengewald"	"Bergen"	"1"	"Nee"	"100,00"	"0,00"	"0,00"	"203288"	"405757"	"203245"	"405767"	"2017-02-09"	"Melding:Activiteitenbesluit"
"ODNML"	"5853AC2B"	"Vleesvarkens"	"Nee"	"Gochsedijk 2B 5853AC SIEBENGEWALD"	"Bergen"	"1"	"Nee"	"2.928,60"	"30.651,60"	"123.248,00"	"203360"	"405720"	"203360"	"405720"	"2014-03-25"	"Vergunning:Omgevingsvergunning Inrichting"
"ODNML"	"5853AX2"	"Vleeskuikens"	"Nee"	"Gaesdoncksestraat 2 5853AX Siebengewald"	"Bergen"	"1"	"Nee"	"889,05"	"3.423,00"	"274.200,00"	"205129"	"407129"	"205134"	"407152"	"2001-03-26"	"Vergunning:Beschikkking WM revisievergunning"
"ODNML"	"5853EB19"	"Zeugen"	"Nee"	"Augustinusweg 19 5853EB Siebengewald"	"Bergen"	"1"	"Nee"	"2.080,93"	"25.885,80"	"190.663,00"	"204274"	"407930"	"204222"	"407853"	"2021-04-08"	"Vergunning:Omgevingsvergunning beperkte milieutoets"
"ODNML"	"5853EB29"	"Vleesvarkens"	"Nee"	"Augustinusweg 29 5853EB SIEBENGEWALD"	"Bergen"	"1"	"Ja"	"4.518,96"	"55.289,30"	"502.583,00"	"203845"	"408057"	"203845"	"408057"	"2008-08-05"	"Vergunning:oprichtingsvergunning"
"ODNML"	"5853EG1"	"Zeugen"	"Nee"	"Koekoek 1 5853EG Siebengewald"	"Bergen"	"1"	"Nee"	"2.150,92"	"26.333,90"	"215.083,00"	"203013"	"407209"	"203052"	"407179"	"2012-08-28"	"Vergunning:Beschikkking WM revisievergunning"
"ODNML"	"5853EG14"	"voormalig bedrijf"	"Ja"	"Koekoek 14 5853EG Siebengewald"	"Bergen"	"1"	"Nee"	"0,00"	"0,00"	"0,00"	"202843"	"407163"	"202802"	"407183"	"2021-06-15"	"Intrekking:Omgevingsverg. gedeeltelijke intrekking"
"ODNML"	"5853EG38"	"Melkrundvee"	"Nee"	"Koekoek 38 5853EG Siebengewald"	"Bergen"	"1"	"Nee"	"2.456,00"	"11.500,00"	"85.100,00"	"202102"	"407308"	"202089"	"407336"	"2010-04-14"	"Intrekking:gedeeltelijke intrekking"
"ODNML"	"5853EG4A"	"Zeugen"	"Ja"	"Koekoek 4A 5853EG SIEBENGEWALD"	"Bergen"	"1"	"Ja"	"nu"	"nu"	"nu"	"202956"	"407377"	"202956"	"407377"	"2025-10-09"	"Intrekken gehele veebestand OW"
"ODNML"	"5853EH1"	"Melkrundvee"	"Nee"	"Ottenskamp 1 5853EH Siebengewald"	"Bergen"	"1"	"Nee"	"2.215,70"	"0,00"	"20.746,00"	"203064"	"406597"	"203076"	"406574"	"2016-02-11"	"Melding:Activiteitenbesluit"
"ODNML"	"5853EJ23"	"Melkrundvee"	"Nee"	"Vrij 23 5853EJ Siebengewald"	"Bergen"	"1"	"Nee"	"927,00"	"356,00"	"9.546,00"	"202348"	"408351"	"202378"	"408325"	"1989-11-07"	"Vergunning:Beschikkking WM revisievergunning"
"ODNML"	"5853EJ27"	"Vleesvarkens"	"Nee"	"Vrij 27 5853EJ Siebengewald"	"Bergen"	"1"	"Nee"	"538,75"	"14.922,50"	"36.425,00"	"202187"	"408317"	"202221"	"408303"	"2020-05-27"	"Vergunning:Omgevingsvergunning beperkte milieutoets"
"ODNML"	"5853EJ3"	"Melkrundvee"	"Nee"	"Vrij 3 5853EJ Siebengewald"	"Bergen"	"1"	"Nee"	"2.062,00"	"0,00"	"18.380,00"	"203533"	"408105"	"203522"	"408075"	"2007-07-13"	"Melding:besluit landbouwbedrijven milieubeheer"
"ODNML"	"5853EJ5"	"Geiten"	"Nee"	"Vrij 5 5853EJ Siebengewald"	"Bergen"	"1"	"Nee"	"470,00"	"5.010,00"	"6.530,00"	"202910"	"408226"	"202888"	"408168"	"2022-06-29"	"Melding activiteitenbesluit"
"ODNML"	"5853EK14"	"Melkrundvee"	"Nee"	"Vrij 14 5853EK Siebengewald"	"Bergen"	"1"	"Nee"	"1.220,60"	"783,20"	"13.211,00"	"202150"	"408307"	"202108"	"408306"	"1989-12-12"	"Vergunning:Beschikkking WM revisievergunning"
"ODNML"	"5853EM10"	"Zeugen"	"Nee"	"Beltweg 10 5853EM Siebengewald"	"Bergen"	"1"	"Nee"	"3.703,64"	"79.709,80"	"582.635,00"	"200025"	"409010"	"200008"	"409049"	"2013-09-25"	"Vergunning:Omgevingsvergunning Inrichting"
"ODNML"	"5853EM11"	"Zeugen"	"Nee"	"Beltweg 11 5853EM Siebengewald"	"Bergen"	"1"	"Nee"	"1.961,57"	"27.808,70"	"221.826,00"	"201141"	"408329"	"201136"	"408285"	"2011-11-02"	"Vergunning:Beschikkking WM revisievergunning"
"ODNML"	"5853EM23"	"Vleesvarkens"	"Nee"	"Beltweg 23 5853EM Siebengewald"	"Bergen"	"1"	"Nee"	"3.465,00"	"38.302,00"	"148.896,00"	"200482"	"408603"	"200451"	"408579"	"2013-11-19"	"Vergunning:Omgevingsvergunning Inrichting"
"ODNML"	"5853EM25"	"Vleesvee"	"Nee"	"Beltweg 25 5853EM Siebengewald"	"Bergen"	"1"	"Nee"	"318,00"	"2.136,00"	"10.200,00"	"200278"	"408634"	"200251"	"408592"	"2001-09-26"	"Melding:besluit landbouwbedrijven milieubeheer"
"ODNML"	"5853EM2A"	"Paarden"	"Nee"	"Beltweg 2A 5853EM SIEBENGEWALD"	"Bergen"	"1"	"Nee"	"82,60"	"0,00"	"0,00"	"201260"	"408395"	"201260"	"408395"	"1992-08-31"	"Vergunning:Beschikkking WM revisievergunning"
"ODNML"	"5853EN1"	"Vleesvarkens"	"Nee"	"Grensweg 1 5853EN Siebengewald"	"Bergen"	"1"	"Ja"	"2.916,00"	"52.164,00"	"320.760,00"	"201533"	"408578"	"201513"	"408605"	"2011-01-24"	"Vergunning:Beschikkking WM revisievergunning"
"ODNML"	"5853EN13A"	"Vleesvee"	"Nee"	"Grensweg 13A 5853EN Siebengewald"	"Bergen"	"1"	"Nee"	"6.432,00"	"73.674,40"	"425.064,00"	"200529"	"409191"	"200529"	"409191"	"2007-11-13"	"Vergunning:oprichtingsvergunning"
"ODNML"	"5853EN2"	"Leghennen"	"Nee"	"Grensweg 2 5853EN Siebengewald"	"Bergen"	"3"	"Nee"	"1.319,80"	"12.302,40"	"820.160,00"	"201680"	"408821"	"201680"	"408746"	"2025-01-28"	"Melding activiteitenbesluit met OBM"
"ODNML"	"5853EN2A"	"voormalig bedrijf"	"Ja"	"Grensweg 2A 5853EN SIEBENGEWALD"	"Bergen"	"1"	"Nee"	"0,00"	"0,00"	"0,00"	"202178"	"408582"	"202178"	"408582"	"2021-06-15"	"Intrekking:Omgevingsverg. gedeeltelijke intrekking"
"ODNML"	"5853EN31"	"Vleeskuikens"	"Nee"	"Grensweg 31 5853EN SIEBENGEWALD"	"Bergen"	"1"	"Ja"	"3.748,50"	"58.905,00"	"3.927.000,00"	"199474"	"409518"	"199474"	"409518"	"2019-02-20"	"Vergunning:Omgevingsvergunning Inrichting"
"ODNML"	"5853EP81"	"Paarden"	"Nee"	"Nieuweweg 81 5853EP SIEBENGEWALD"	"Bergen"	"1"	"Nee"	"137,50"	"0,00"	"0,00"	"203123"	"407554"	"203123"	"407554"	"2003-06-05"	"Vergunning:oprichtingsvergunning"
"ODNML"	"5853EP83"	"Melkrundvee"	"Nee"	"Nieuweweg 83 5853EP Siebengewald"	"Bergen"	"1"	"Nee"	"703,20"	"712,00"	"10.190,00"	"201635"	"408158"	"201625"	"408124"	"1999-08-16"	"Vergunning:beschikking WM veranderingsvergunning"
"ODNML"	"5853ER104"	"Schapen"	"Nee"	"Nieuweweg 104 5853ER Siebengewald"	"Bergen"	"1"	"Nee"	"15,20"	"78,00"	"172,00"	"201997"	"408057"	"201999"	"408078"	"2008-03-31"	"Melding:besluit landbouwbedrijven milieubeheer"
"ODNML"	"5853ES11"	"Melkrundvee"	"Nee"	"Pannenweg 11 5853ES Siebengewald"	"Bergen"	"1"	"Nee"	"765,60"	"0,00"	"6.612,00"	"203395"	"407267"	"203382"	"407221"	"2016-07-04"	"Melding:Activiteitenbesluit"
"ODNML"	"5853ES2"	"Melkrundvee"	"Nee"	"Pannenweg 2 5853ES Siebengewald"	"Bergen"	"1"	"Nee"	"466,00"	"0,00"	"4.162,00"	"203931"	"406719"	"203957"	"406737"	"1992-01-31"	"Melding:besluit landbouwbedrijven milieubeheer"
"ODNML"	"5853ES5"	"Melkrundvee"	"Nee"	"Pannenweg 5 5853ES Siebengewald"	"Bergen"	"1"	"Nee"	"4.453,00"	"0,00"	"49.768,00"	"203774"	"406589"	"203741"	"406583"	"2022-08-04"	"Omgevingsvergunning-verandering"
"ODNML"	"5853ET2"	"Geiten"	"Nee"	"Beekheuvel 2 5853ET Siebengewald"	"Bergen"	"1"	"Nee"	"14.013,10"	"140.246,20"	"142.231,00"	"204652"	"405660"	"204418"	"406193"	"2017-11-14"	"Vergunning:Omgevingsvergunning Inrichting"
"ODNML"	"5853ET2B"	"Vleesvarkens"	"Nee"	"Beekheuvel 2B 5853ET SIEBENGEWALD"	"Bergen"	"1"	"Ja"	"4.334,70"	"61.335,80"	"277.080,00"	"204441"	"405440"	"204441"	"405440"	"2014-10-22"	"Vergunning:milieu neutrale wijziging"
"ODNML"	"5853ET4A"	"Melkrundvee"	"Ja"	"Beekheuvel 4A 5853ET SIEBENGEWALD"	"Bergen"	"1"	"Nee"	"nu"	"nu"	"nu"	"204088"	"405473"	"204088"	"405473"	"2026-03-11"	"Melding beëindiging veehouderij BAL"
"ODNML"	"5853ET6A"	"Melkrundvee"	"Nee"	"Beekheuvel 6A 5853ET SIEBENGEWALD"	"Bergen"	"1"	"Nee"	"52,80"	"0,00"	"456,00"	"203876"	"405247"	"203876"	"405247"	"1994-08-11"	"Melding:besluit landbouwbedrijven milieubeheer"
"ODNML"	"5853EX3"	"Paarden"	"Nee"	"Bosweg 3 5853EX Siebengewald"	"Bergen"	"1"	"Nee"	"121,00"	"0,00"	"0,00"	"200464"	"408210"	"200475"	"408170"	"2006-07-18"	"Vergunning:oprichtingsvergunning"
"ODNML"	"5853GC2"	"Biggen"	"Nee"	"Kleine Horsterweg 2 5853GC Siebengewald"	"Bergen"	"1"	"Ja"	"5.569,20"	"175.742,00"	"485.564,00"	"202573"	"406482"	"202676"	"406549"	"2021-02-02"	"Vergunning:Omgevingsvergunning revisie"
"ODNML"	"5853GD5"	"Leghennen"	"Nee"	"Horsterbeekweg 5 5853GD SIEBENGEWALD"	"Bergen"	"16"	"Ja"	"6.092,68"	"34.959,00"	"3.357.700,00"	"202429"	"405747"	"202464"	"405796"	"2025-01-02"	"Omgevingsvergunning-revisie"
"ODNML"	"5854AC32"	"Melkrundvee"	"Nee"	"Oude Kerkstraat 32 5854AC BERGEN LB"	"Bergen"	"1"	"Nee"	"2.087,00"	"0,00"	"18.740,00"	"199604"	"401790"	"199604"	"401790"	"1989-08-15"	"Vergunning:beschikking WM veranderingsvergunning"
"ODNML"	"5854AN10"	"Melkrundvee"	"Nee"	"Daem van Kekenstraat 10 5854AN Bergen L"	"Bergen"	"1"	"Nee"	"1.206,10"	"0,00"	"10.688,00"	"200440"	"401892"	"200434"	"401895"	"2006-03-17"	"Melding:besluit landbouwbedrijven milieubeheer"
"ODNML"	"5854AV22"	"Vleesvee"	"Nee"	"Rijksweg 22 5854AV Bergen L"	"Bergen"	"1"	"Nee"	"217,00"	"0,00"	"5.950,00"	"201328"	"400888"	"201327"	"400890"	"1997-11-28"	"Melding:besluit landbouwbedrijven milieubeheer"
"ODNML"	"5854AV40"	"Paarden"	"Nee"	"Rijksweg 40 5854AV Bergen L"	"Bergen"	"1"	"Nee"	"54,60"	"0,00"	"0,00"	"201581"	"400521"	"201555"	"400512"	"2001-12-17"	"Vergunning:beschikking WM veranderingsvergunning"
"ODNML"	"5854NE1411"	"Paarden"	"Nee"	"De Flammert 1411 5854NE BERGEN LB"	"Bergen"	"1"	"Nee"	"162,40"	"0,00"	"0,00"	"200449"	"402632"	"200449"	"402632"	"2014-03-31"	"Melding:Activiteitenbesluit"
"ODNML"	"5854PB141"	"Melkrundvee"	"Nee"	"Siebengewaldseweg 141 5854PB Bergen L"	"Bergen"	"1"	"Nee"	"909,20"	"0,00"	"9.710,00"	"202318"	"404473"	"202313"	"404494"	"2006-12-20"	"Melding:besluit landbouwbedrijven milieubeheer"
"ODNML"	"5854PB145"	"voormalig bedrijf"	"Ja"	"Siebengewaldseweg 145 5854PB BERGEN LB"	"Bergen"	"1"	"Nee"	"0,00"	"0,00"	"0,00"	"202336"	"405025"	"202336"	"405025"	"2009-12-21"	"Intrekking:intrekking gehele veebestand"
"ODNML"	"5854PB153"	"Vleesvarkens"	"Nee"	"Siebengewaldseweg 153 5854PB Bergen L"	"Bergen"	"1"	"Nee"	"1.152,00"	"16.008,00"	"102.600,00"	"202649"	"404896"	"202595"	"404931"	"2011-10-20"	"Vergunning:milieu neutrale wijziging"
"ODNML"	"5854PB157"	"Vleesvarkens"	"Nee"	"Siebengewaldseweg 157 5854PB Bergen L"	"Bergen"	"2"	"Ja"	"5.562,00"	"64.339,20"	"523.260,00"	"202725"	"405024"	"202674"	"405076"	"2014-07-02"	"Vergunning:Omgevingsvergunning Inrichting"
"ODNML"	"5854PH7"	"Paarden"	"Nee"	"Smal 7 5854PH Bergen L"	"Bergen (L)"	"1"	"Nee"	"100,00"	"0,00"	"0,00"	"200845"	"403812"	"200830"	"403803"	"2023-09-13"	"Melding activiteitenbesluit"
"ODNML"	"5854PK13"	"Melkrundvee"	"Nee"	"Ceresweg 13 5854PK Bergen L"	"Bergen"	"1"	"Nee"	"2.358,00"	"0,00"	"25.280,00"	"203297"	"402350"	"203271"	"402442"	"2009-09-01"	"Vergunning:Beschikkking WM revisievergunning"
"ODNML"	"5854pk15a"	"Paarden"	"Nee"	"Ceresweg 15 5854pk Bergen L"	"Bergen (L)"	"1"	"Nee"	"100,00"	"0,00"	"0,00"	"203462"	"402153"			"2025-04-24"	"Melding activiteitenbesluit"
"ODNML"	"5854PK17"	"Melkrundvee"	"Nee"	"Ceresweg 17 5854PK Bergen L"	"Bergen"	"1"	"Nee"	"125,00"	"0,00"	"0,00"	"203416"	"402089"	"203456"	"402082"	"2025-05-28"	"Melding activiteitenbesluit"
"ODNML"	"5854PK19"	"Melkrundvee"	"Nee"	"Ceresweg 19 5854PK Bergen L"	"Bergen"	"1"	"Nee"	"3.216,00"	"0,00"	"28.920,00"	"204573"	"401321"	"204542"	"401302"	"2008-02-20"	"Vergunning:Beschikkking WM revisievergunning"
"ODNML"	"5854PK5"	"Paarden"	"Nee"	"Ceresweg 5 5854PK Bergen L"	"Bergen"	"1"	"Nee"	"15,00"	"0,00"	"0,00"	"203403"	"404471"	"203402"	"404487"	"2012-07-26"	"Melding:besluit landbouwbedrijven milieubeheer"
"ODNML"	"5854PM1"	"Melkrundvee"	"Nee"	"Holshaeg 1 5854PM BERGEN LB"	"Bergen"	"1"	"Nee"	"2.054,00"	"0,00"	"18.644,00"	"200747"	"400823"	"200747"	"400823"	"1981-04-28"	"Vergunning:Beschikkking WM revisievergunning"
"ODNML"	"5854PM5"	"Melkrundvee"	"Nee"	"Holshaeg 5 5854PM Bergen L"	"Bergen"	"1"	"Nee"	"137,20"	"0,00"	"1.484,00"	"201080"	"400407"	"201104"	"400416"	"2007-03-01"	"Melding:besluit landbouwbedrijven milieubeheer"
"ODNML"	"5854PM8"	"Melkrundvee"	"Nee"	"Holshaeg 8 5854PM Bergen L"	"Bergen"	"1"	"Nee"	"832,00"	"0,00"	"8.980,00"	"200787"	"400216"	"200770"	"400232"	"1991-04-02"	"Vergunning:Beschikkking WM revisievergunning"
"ODNML"	"5854PP1"	"Melkrundvee"	"Nee"	"Aijen 1 5854PP Bergen L"	"Bergen"	"1"	"Nee"	"634,60"	"356,00"	"6.559,00"	"200399"	"399558"	"200398"	"399562"	"1991-09-03"	"Vergunning:Beschikkking WM revisievergunning"
"ODNML"	"5854PS7"	"Melkrundvee"	"Nee"	"Aijenseweg 7 5854PS Bergen L"	"Bergen"	"1"	"Nee"	"1.799,60"	"0,00"	"16.172,00"	"200450"	"400324"	"200415"	"400318"	"1993-11-02"	"Vergunning:WM uitbreidings-wijzigingsvergunning"
"ODNML"	"5854PT24B"	"Melkrundvee"	"Nee"	"Aijenseweg 24B 5854PT BERGEN LB"	"Bergen"	"1"	"Nee"	"1.158,80"	"0,00"	"10.466,00"	"200230"	"399928"	"200230"	"399928"	"1992-09-22"	"Vergunning:Beschikkking WM revisievergunning"
"ODNML"	"5854RA7"	"Paarden"	"Nee"	"Parallelweg 7 5854RA Bergen L"	"Bergen"	"2"	"Nee"	"181,50"	"0,00"	"0,00"	"201781"	"400020"	"201785"	"400029"	"2022-07-12"	"Melding activiteitenbesluit"
"ODNML"	"5854RC1"	"Melkrundvee"	"Nee"	"Sintelenberg 1 5854RC Bergen L"	"Bergen"	"1"	"Nee"	"2.403,90"	"1.102,00"	"33.366,00"	"200985"	"399224"	"201021"	"399208"	"1990-06-19"	"Vergunning:Beschikkking WM revisievergunning"
"ODNML"	"5854RD3"	"Melkrundvee"	"Nee"	"Kampweg 3 5854RD Bergen L"	"Bergen"	"1"	"Nee"	"859,60"	"0,00"	"9.338,00"	"200527"	"399356"	"200574"	"399340"	"1990-06-03"	"Vergunning:Beschikkking WM revisievergunning"
"ODNML"	"5855AA5"	"voormalig bedrijf"	"Ja"	"Knikkerdorp 5 5855AA Well L"	"Bergen"	"1"	"Nee"	"0,00"	"0,00"	"0,00"	"204822"	"396307"	"204829"	"396342"	"2010-08-23"	"Correctie:van rechtswege vervallen"
"ODNML"	"5855AS13"	"Melkrundvee"	"Nee"	"Elsteren 13 5855AS Well L"	"Bergen"	"1"	"Nee"	"2.350,00"	"0,00"	"21.040,00"	"202488"	"396741"	"202482"	"396681"	"2004-10-12"	"Vergunning:WM uitbreidings-wijzigingsvergunning"
"ODNML"	"5855AS15"	"Vleesvee"	"Nee"	"Elsteren 15 5855AS Well L"	"Bergen"	"1"	"Nee"	"2.835,00"	"28.836,00"	"26.730,00"	"202579"	"396731"	"202630"	"396763"	"2007-03-27"	"Vergunning:Beschikkking WM revisievergunning"
"ODNML"	"5855ED10"	"Vleesvee"	"Nee"	"Halve Maan 10 5855ED Well L"	"Bergen"	"1"	"Nee"	"630,08"	"10.007,60"	"9.108,00"	"202696"	"398768"	"202686"	"398743"	"2015-12-22"	"Vergunning:Omgevingsvergunning Inrichting"
"ODNML"	"5855ED2"	"Paarden"	"Nee"	"Halve Maan 2 5855ED Well L"	"Bergen"	"1"	"Nee"	"150,00"	"0,00"	"0,00"	"202401"	"399103"	"202341"	"399113"	"2013-01-28"	"Intrekking:gedeeltelijke intrekking"
"ODNML"	"5855ED3"	"Vleesvarkens"	"Nee"	"Halve Maan 3 5855ED Well L"	"Bergen"	"1"	"Nee"	"315,00"	"8.890,00"	"21.700,00"	"202730"	"399158"	"202723"	"399184"	"2016-06-06"	"Vergunning:Omgevingsvergunning Inrichting"
"ODNML"	"5855ED5"	"Vleesvarkens"	"Nee"	"Halve Maan 5 5855ED Well L"	"Bergen"	"1"	"Nee"	"278,00"	"1.099,20"	"39.935,00"	"202941"	"399332"	"202791"	"399056"	"1998-12-24"	"Melding:besluit landbouwbedrijven milieubeheer"
"ODNML"	"5855EE2"	"Melkrundvee"	"Nee"	"Vossenheuvel 2 5855EE Well L"	"Bergen"	"1"	"Nee"	"1.113,00"	"712,00"	"10.040,00"	"202165"	"398592"	"202140"	"398603"	"2001-07-03"	"Melding:besluit landbouwbedrijven milieubeheer"
"ODNML"	"5855EG13"	"Melkrundvee"	"Nee"	"De Kamp 13 5855EG Well L"	"Bergen"	"1"	"Nee"	"537,50"	"178,00"	"4.885,00"	"201965"	"397428"	"201968"	"397450"	"1982-03-18"	"Vergunning:oprichtingsvergunning"
"ODNML"	"5855EG3"	"Melkrundvee"	"Nee"	"De Kamp 3 5855EG Well L"	"Bergen"	"1"	"Nee"	"1.400,80"	"2.668,00"	"27.184,00"	"201366"	"398004"	"201358"	"398028"	"1993-06-29"	"Vergunning:Beschikkking WM revisievergunning"
"ODNML"	"5855EH2"	"Melkrundvee"	"Nee"	"Halve Maanseweg 2 5855EH Well L"	"Bergen"	"1"	"Nee"	"1.214,60"	"2.976,40"	"24.028,00"	"202461"	"398578"	"202437"	"398610"	"1998-11-02"	"Vergunning:beschikking WM veranderingsvergunning"
"ODNML"	"5855EK17"	"Melkrundvee"	"Nee"	"'t Leuken 17 5855EK Well L"	"Bergen"	"1"	"Nee"	"3.216,00"	"0,00"	"28.920,00"	"202505"	"397299"	"202524"	"397271"	"2008-11-20"	"Melding:besluit landbouwbedrijven milieubeheer"
"ODNML"	"5855EK19"	"Melkrundvee"	"Nee"	"'t Leuken 19 5855EK Well L"	"Bergen"	"1"	"Nee"	"78,00"	"0,00"	"708,00"	"202799"	"397194"	"202803"	"397169"	"2013-04-02"	"Intrekking:gedeeltelijke intrekking"
"ODNML"	"5855EK3A"	"Paarden"	"Nee"	"'t Leuken 3A 5855EK WELL LB"	"Bergen"	"1"	"Nee"	"300,00"	"0,00"	"0,00"	"202986"	"397427"	"202986"	"397427"	"2001-12-17"	"Vergunning:beschikking WM veranderingsvergunning"
"ODNML"	"5855EK9"	"voormalig bedrijf"	"Ja"	"'t Leuken 9 5855EK WELL LB"	"Bergen"	"1"	"Nee"	"0,00"	"0,00"	"0,00"	"202537"	"397511"	"202537"	"397511"	"2001-05-07"	"Intrekking:intrekking gehele veebestand"
"ODNML"	"5855ES8"	"Schapen"	"Nee"	"Veenweg 8 5855ES WELL LB"	"Bergen"	"1"	"Nee"	"140,00"	"1.560,00"	"0,00"	"206596"	"396931"	"206596"	"396931"	"2012-12-18"	"Vergunning:Oprichtingsvergunning"
"ODNML"	"5856AD41"	"Paarden"	"Nee"	"Kruisstraat 41 5856AD Wellerlooi"	"Bergen"	"1"	"Nee"	"113,60"	"0,00"	"0,00"	"206523"	"394540"	"206516"	"394525"	"2001-12-17"	"Vergunning:Beschikkking WM revisievergunning"
"ODNML"	"5856AX6"	"Paarden"	"Nee"	"Droogstal 6 5856AX Wellerlooi"	"Bergen"	"1"	"Nee"	"252,50"	"0,00"	"0,00"	"207229"	"393938"	"207234"	"393880"	"2003-04-17"	"Vergunning:Beschikkking WM revisievergunning"
"ODNML"	"5856CB5"	"Melkrundvee"	"Nee"	"Venweg 5 5856CB Wellerlooi"	"Bergen"	"1"	"Nee"	"2.216,00"	"0,00"	"19.940,00"	"208455"	"395531"	"208414"	"395535"	"1985-06-18"	"Vergunning:oprichtingsvergunning"
"ODNML"	"5856CB6"	"Melkrundvee"	"Nee"	"Venweg 6 5856CB Wellerlooi"	"Bergen"	"1"	"Nee"	"1.191,40"	"0,00"	"10.696,00"	"208814"	"395753"	"208824"	"395709"	"2001-12-10"	"Vergunning:gedeeltelijke intrekking"
"ODNML"	"5856CB8"	"Melkrundvee"	"Nee"	"Venweg 8 5856CB Wellerlooi"	"Bergen"	"1"	"Nee"	"1.531,20"	"0,00"	"13.728,00"	"208834"	"395768"	"208905"	"395795"	"1991-05-28"	"Vergunning:Beschikkking WM revisievergunning"
"ODNML"	"5856CG1"	"Zeugen"	"Nee"	"Tuinstraat 1 5856CG Wellerlooi"	"Bergen"	"1"	"Nee"	"2.731,56"	"50.420,40"	"342.162,00"	"209507"	"394629"	"209434"	"394590"	"2012-09-11"	"Vergunning:Beschikkking WM revisievergunning"
"ODNML"	"5856CH18"	"Paarden"	"Nee"	"Tuinstraat 18 5856CH Wellerlooi"	"Bergen"	"1"	"Nee"	"59,80"	"0,00"	"0,00"	"208622"	"396214"	"208641"	"396226"	"2015-04-07"	"Melding:Activiteitenbesluit"
"ODNML"	"5856CH20"	"Melkrundvee"	"Nee"	"Tuinstraat 20 5856CH Wellerlooi"	"Bergen"	"1"	"Nee"	"4.419,40"	"0,00"	"39.880,00"	"208542"	"396336"	"208563"	"396384"	"2001-12-17"	"Vergunning:Beschikkking WM revisievergunning"
"ODNML"	"5856CJ3"	"voormalig bedrijf"	"Ja"	"Heerenvenweg 3 5856CJ WELLERLOOI"	"Bergen"	"1"	"Nee"	"0,00"	"0,00"	"0,00"	"209889"	"394533"	"209889"	"394533"	"2012-02-24"	"Intrekking:intrekking gehele veebestand"
"ODNML"	"5856CJ6"	"Melkrundvee"	"Nee"	"Heerenvenweg 6 5856CJ Wellerlooi"	"Bergen"	"1"	"Nee"	"1.727,60"	"0,00"	"16.772,00"	"211567"	"392403"	"211529"	"392389"	"2015-03-19"	"Melding:Activiteitenbesluit"
"ODNML"	"5856CJ7"	"Melkrundvee"	"Nee"	"Heerenvenweg 7 5856CJ Wellerlooi"	"Bergen"	"1"	"Nee"	"2.475,00"	"0,00"	"32.028,00"	"211446"	"392764"	"211480"	"392774"	"2008-05-27"	"Vergunning:WM uitbreidings-wijzigingsvergunning"
"ODNML"	"5856CJ8"	"Melkrundvee"	"Nee"	"Heerenvenweg 8 5856CJ Wellerlooi"	"Bergen"	"1"	"Nee"	"577,40"	"1.424,00"	"10.076,00"	"211707"	"391768"	"211711"	"391779"	"2004-11-15"	"Melding:besluit landbouwbedrijven milieubeheer"
"ODNML"	"5856CJ9"	"Melkrundvee"	"Nee"	"Heerenvenweg 9 5856CJ Wellerlooi"	"Bergen"	"1"	"Nee"	"2.171,00"	"0,00"	"19.580,00"	"211668"	"392289"	"211698"	"392309"	"1999-06-14"	"Vergunning:Beschikkking WM revisievergunning"
"ODNML"	"5856CL6"	"Vleesvee"	"Nee"	"Hamert 6 5856CL Wellerlooi"	"Bergen"	"1"	"Nee"	"91,00"	"925,60"	"858,00"	"209448"	"391021"	"209438"	"391001"	"2012-12-20"	"Melding:besluit landbouwbedrijven milieubeheer"
"ODNML"	"5856CM2"	"Paarden"	"Nee"	"Walbeckerweg 2 5856CM Wellerlooi"	"Bergen"	"1"	"Nee"	"2.374,40"	"16.100,00"	"107.100,00"	"210675"	"391378"	"210731"	"391346"	"1999-09-06"	"Vergunning:beschikking WM veranderingsvergunning"
"ODNML"	"5861AA10A"	"Melkrundvee"	"Nee"	"Helling 10A 5861AA Wanssum"	"Venray"	"4"	"Nee"	"3.310,20"	"1.780,00"	"36.266,00"	"203261"	"393656"	"203197"	"393665"	"2022-08-15"	"Melding activiteitenbesluit"
"ODNML"	"5861AA5"	"voormalig bedrijf"	"Ja"	"Helling 5 5861AA Wanssum"	"Venray"	"1"	"Nee"	"0,00"	"0,00"	"0,00"	"203339"	"393616"	"203389"	"393594"	"2015-01-01"	"Correctie:ambtshalve wijziging"
"ODNML"	"5861AB7"	"Paarden"	"Nee"	"Meerloseweg 7 5861AB Wanssum"	"Venray"	"1"	"Nee"	"47,60"	"0,00"	"0,00"	"203133"	"394282"	"203162"	"394286"	"2023-09-30"	"Melding activiteitenbesluit"
"ODNML"	"5861AD0ONG"	"voormalig bedrijf"	"Ja"	" 0ONG 5861AD "	"Venray"	"1"	"Nee"	"0,00"	"0,00"	"0,00"	"203514"	"394157"	"203514"	"394157"	"2022-06-28"	"Correctie:ambtshalve wijziging"
"ODNML"	"5861AD1A"	"Vleeskuikens"	"Nee"	"Krekelkamp 1A 5861AD Wanssum"	"Venray"	"1"	"Nee"	"387,50"	"4.125,00"	"275.000,00"	"203515"	"394158"	"203516"	"394152"	"2012-10-23"	"Vergunning:Omgevingsvergunning beperkte milieutoets"
"ODNML"	"5861AH2"	"voormalig bedrijf"	"Ja"	"Blitterswijckseweg 2 5861AH WANSSUM"	"Venray"	"1"	"Nee"	"0,00"	"0,00"	"0,00"	"203389"	"394292"	"203389"	"394292"	"2013-11-08"	"Intrekking:intrekking gehele veebestand"
"ODNML"	"5861AK30"	"Paarden"	"Nee"	"Brugstraat 30 5861AK Wanssum"	"Venray"	"1"	"Nee"	"85,00"	"0,00"	"0,00"	"203875"	"394487"	"203891"	"394491"	"2001-12-17"	"Melding activiteitenbesluit"
"ODNML"	"5861AL4"	"Paarden"	"Nee"	"Achterstraat 4 5861AL Wanssum"	"Venray"	"2"	"Nee"	"59,70"	"0,00"	"0,00"	"203152"	"394437"	"203181"	"394429"	"2002-03-04"	"Melding activiteitenbesluit"
"ODNML"	"5861BC35A"	"Paarden"	"Nee"	"Venrayseweg 35A 5861BC Wanssum"	"Venray"	"1"	""	"248,90"	"0,00"	"0,00"	"201993"	"393568"	"202031"	"393513"	"2008-02-12"	"Omgevingsvergunning-verandering"
"ODNML"	"5861BK19B"	"Vleesvarkens"	"Nee"	"Geijsterseweg 19B 5861BK Wanssum"	"Venray"	"9"	"Ja"	"3.591,29"	"51.394,41"	"331.925,20"	"202585"	"395298"	"202529"	"395310"	"2005-10-25"	"Omgevingsvergunning-revisie"
"ODNML"	"5861BN19"	"voormalig bedrijf"	"Ja"	"St Leonardsweg 19 5861BN Wanssum"	"Venray"	"1"	"Nee"	"0,00"	"0,00"	"0,00"	"202742"	"394640"	"202714"	"394636"	"2021-11-05"	"Intrekking:Omgevingsvergunning intrekking"
"ODNML"	"5861BP25"	"voormalig bedrijf"	"Ja"	"St Leonardsweg 25 5861BP Wanssum"	"Venray"	"1"	"Nee"	"52,80"	"0,00"	"456,00"	"202700"	"394772"	"202680"	"394749"	"2022-02-22"	"Intrekking:Omgevingsvergunning intrekking"
"ODNML"	"5861CN2"	"Paarden"	"Nee"	"de Blauwe Steen 2 5861CN Wanssum"	"Venray"	"3"	"Nee"	"362,00"	"0,00"	"1.900,00"	"201768"	"394614"	"201771"	"394613"	"2004-10-13"	"Melding activiteitenbesluit"
"ODNML"	"5861CP50"	"voormalig bedrijf"	"Ja"	"Meerlosebaan 50 5861CP Wanssum"	"Venray"	"1"	"Nee"	"nu"	"nu"	"nu"	"202060"	"394404"	"202082"	"394409"	"2024-12-11"	"Melding beëindiging veehouderij"
"ODNML"	"5861CT10"	"voormalig bedrijf"	"Ja"	"Postbaan 10 5861CT Wanssum"	"Venray"	"1"	"Nee"	"nu"	"nu"	"nu"	"202488"	"393866"	"202489"	"393864"	"2023-06-29"	"Intrekking gehele veebestand"
"ODNML"	"5861CT24A"	"Paarden"	"Nee"	"Postbaan 24A 5861CT Wanssum"	"Venray"	"4"	"Nee"	"250,00"	"0,00"	"0,00"	"202544"	"393770"	"202512"	"393698"	"2009-08-07"	"Melding activiteitenbesluit"
"ODNML"	"5861CV6"	"Melkrundvee"	"Nee"	"Vosseven 6 5861CV Wanssum"	"Venray"	"1"	""	"2.530,00"	"0,00"	"28.138,00"	"202123"	"393405"	"202111"	"393417"	"2012-04-04"	"Vergunning:onbekend"
"ODNML"	"5861DA5"	"Melkrundvee"	"Nee"	"Lange Ven 5 5861DA Wanssum"	"Venray"	"2"	"Nee"	"2.297,00"	"0,00"	"25.304,00"	"201642"	"393860"	"201664"	"393828"	"2015-09-09"	"Melding activiteitenbesluit"
"ODNML"	"5861EA15"	"voormalig bedrijf"	"Ja"	"Kamillepad 15 5861EA Wanssum"	"Venray"	"1"	"Nee"	"nu"	"nu"	"nu"	"203974"	"394963"	"204007"	"394979"	"2023-03-22"	"Bewijs bedrijfsbeëindiging"
"ODNML"	"5861EA17"	"voormalig bedrijf"	"Ja"	"Kamillepad 17 5861EA Wanssum"	"Venray"	"1"	"Nee"	"nu"	"nu"	"nu"	"204102"	"394921"	"204065"	"394954"	"2023-03-22"	"Bewijs bedrijfsbeëindiging"
"ODNML"	"5861EJ30"	"voormalig bedrijf"	"Ja"	"Stayerhofweg 30 5861EJ WANSSUM"	"Venray"	"1"	"Nee"	"0,00"	"0,00"	"0,00"	"203105"	"395229"	"203105"	"395229"	"2010-01-01"	"Intrekking:ambtshalve wijziging"
"ODNML"	"5862AA12"	"Melkrundvee"	"Nee"	"Wanssumseweg 12 5862AA Geijsteren"	"Venray"	"1"	""	"1.484,20"	"0,00"	"16.150,00"	"201617"	"396055"	"201620"	"396055"	"2009-01-08"	"Melding activiteitenbesluit"
"ODNML"	"5862AA14"	"Paarden"	"Nee"	"Wanssumseweg 14 5862AA GEIJSTEREN"	"Venray"	"1"	"Nee"	"10,00"	"0,00"	"0,00"	"202263"	"395727"	"202263"	"395727"	"2012-09-28"	"Intrekking:gedeeltelijke intrekking"
"ODNML"	"5862AB7"	"Melkrundvee"	"Nee"	"Maasheseweg 7 5862AB Geijsteren"	"Venray"	"1"	"Nee"	"739,80"	"0,00"	"8.232,00"	"200665"	"396560"	"200622"	"396568"	"2015-06-29"	"Melding:besluit landbouwbedrijven milieubeheer"
"ODNML"	"5863AL5"	"Vleesvee"	"Nee"	"Ooijenseweg 5 5863AL Blitterswijck"	"Venray"	"2"	"Nee"	"682,30"	"961,20"	"13.294,00"	"205572"	"392993"	"205590"	"393037"	"2025-05-14"	"Melding Besluit Activiteit Leefomgeving"
"ODNML"	"5863AM12"	"Melkrundvee"	"Nee"	"Ooijenseweg 12 5863AM Blitterswijck"	"Venray"	"1"	""	"456,60"	"142,40"	"4.572,00"	"205225"	"393354"	"205212"	"393365"	"2003-10-17"	"Vergunning:onbekend"
"ODNML"	"5863AM22"	"voormalig bedrijf"	"Ja"	"Ooijenseweg 22 5863AM BLITTERSWIJCK"	"Venray"	"1"	"Nee"	"0,00"	"0,00"	"0,00"	"205862"	"392621"	"205862"	"392621"	"2012-01-01"	"Intrekking:intrekking gehele veebestand"
"ODNML"	"5863AN2"	"Schapen"	"Nee"	"Boltweg 2 5863AN Blitterswijck"	"Venray"	"1"	"Nee"	"42,00"	"468,00"	"0,00"	"205418"	"392910"	"205408"	"392900"	"1995-04-14"	"Omgevingsvergunning-oprichting"
"ODNML"	"5863AR16"	"Paarden"	"Nee"	"Veerweg 16 5863AR Blitterswijck"	"Venray"	"1"	"Nee"	"36,30"	"0,00"	"0,00"	"206194"	"392835"	"206214"	"392854"	"1995-04-03"	"Omgevingsvergunning-oprichting"
"ODNML"	"5863BC20"	"voormalig bedrijf"	"Ja"	"Antoniusstraat 20 5863BC Blitterswijck"	"Venray"	"1"	"Nee"	"nu"	"nu"	"nu"	"204999"	"394136"	"205018"	"394157"	"2017-11-17"	"Melding beëindiging veehouderij"
"ODNML"	"5863BC24"	"Vleesvee"	"Nee"	"Antoniusstraat 24 5863BC Blitterswijck"	"Venray"	"7"	"Nee"	"2.583,30"	"26.059,20"	"24.156,00"	"204895"	"394114"	"204960"	"394190"	"2006-09-12"	"Melding:Beschikkking WM revisievergunning"
"Horst aan de Maas"	"5864AB3"	"Zeugen"	"Nee"	"Bergweg 3 5864AB Meerlo"	"Horst aan de Maas"	"10"	"Ja"	"4.117,17"	"51.903,80"	"307.184,00"	"203423"	"392737"	"203503"	"392788"	"1981-10-05"	"Vergunning:"
"Horst aan de Maas"	"5864AB7"	"Zeugen"	"Nee"	"Bergweg 7 5864AB Meerlo"	"Horst aan de Maas"	"5"	"Nee"	"3.751,31"	"43.749,40"	"386.708,00"	"203846"	"392772"	"203887"	"392838"	"2012-12-06"	"Vergunning:"
"Horst aan de Maas"	"5864BA33A"	"Melkrundvee"	"Nee"	"De Cocq van Haeftenstraat 33 Meerlo"	"Horst aan de Maas"	"1"	"Nee"	"1.044,00"	"0,00"	"9.360,00"	"202479"	"391165"	"202484"	"391144"	"1999-04-19"	"Vergunning:"
"Horst aan de Maas"	"5864BA35"	"Zeugen"	"Nee"	"De Cocq van Haeftenstr 35 5864BA MEERLO"	"Horst aan de Maas"	"6"	"Nee"	"1.163,91"	"38.594,03"	"151.172,00"	"203908"	"390459"	"203953"	"390485"	"2013-11-26"	"Melding:Omgevingsvergunning verandering"
"Horst aan de Maas"	"5864BB46"	"Leghennen"	"Nee"	"De Cocq van Haeftenstraat 46 5864BB Meerlo"	"Horst aan de Maas"	"1"	"Ja"	"9.468,80"	"64.854,00"	"11.518.000,00"	"202745"	"391357"	"202759"	"391445"	"2016-03-17"	"Vergunning:Omgevingsvergunning revisie"
"Horst aan de Maas"	"5864BB50"	"Paarden"	"Nee"	"De Cocq van Haeftenstraat 50 5864BB Meerlo"	"Horst aan de Maas"	"1"	"Nee"	"90,60"	"223,20"	"1.280,00"	"202152"	"391231"	"202179"	"391247"	"2010-11-02"	"Vergunning:gedeeltelijke intrekking"
"Horst aan de Maas"	"5864BM2"	"voormalig bedrijf"	"Ja"	"Den Staeling 2 5864BM Meerlo"	"Horst aan de Maas"	"1"	"Nee"	"1.875,00"	"0,00"	"60.000,00"	"202240"	"392250"			"2005-06-28"	"Omgevingsvergunning-revisie"
"Horst aan de Maas"	"5864CB3"	"Vleesvarkens"	"Nee"	"Heideweg 3 5864CB MEERLO"	"Horst aan de Maas"	"3"	"Ja"	"2.093,00"	"43.218,80"	"270.320,40"	"202597"	"391390"	"202565"	"391397"	"2025-11-27"	"Omgevingsvergunning-verandering"
"Horst aan de Maas"	"5864CD3"	"voormalig bedrijf"	"Ja"	"Veestraat 3 5864CD MEERLO"	"Horst aan de Maas"	"5"	""	"0,00"	"0,00"	"0,00"	"203532"	"391096"	"203512"	"391108"	"2009-05-13"	"Intrekking:intrekking gehele veebestand"
"Horst aan de Maas"	"5864CD5"	"Paarden"	"Nee"	"Veestraat 5 5864CD Meerlo"	"Horst aan de Maas"	"3"	"Nee"	"141,10"	"390,00"	"0,00"	"203478"	"391076"	"203481"	"390977"	"2021-01-26"	"Melding:Activiteitenbesluit"
"Horst aan de Maas"	"5864CD6"	"voormalig bedrijf"	"Ja"	"Veestraat 6 5864CD Meerlo"	"Horst aan de Maas"	"3"	""	"0,00"	"0,00"	"0,00"	"203431"	"391019"	"203397"	"391052"	"2015-12-24"	"Intrekking:Omgevingsvergunning intrekking"
"Horst aan de Maas"	"5864CE10"	"voormalig bedrijf"	"Ja"	"Heesweg 10 5864CE MEERLO"	"Horst aan de Maas"	"1"	""	"0,00"	"0,00"	"0,00"	"202709"	"390404"	"202709"	"390404"	"2012-11-12"	"Intrekking:intrekking gehele veebestand"
"Horst aan de Maas"	"5864CE12A"	"Vleesvarkens"	"Nee"	"Heesweg 12A 5864CE MEERLO"	"Horst aan de Maas"	"2"	"Nee"	"3.246,00"	"24.886,00"	"165.546,00"	"202529"	"390365"	"202532"	"390368"	"2018-08-23"	"Vergunning:Omgevingsvergunning beperkte milieutoets"
"Horst aan de Maas"	"5864CE9"	"Leghennen"	"Nee"	"Heesweg 9 5864CE Meerlo"	"Horst aan de Maas"	"12"	"Ja"	"15.042,71"	"112.360,08"	"13.629.180,00"	"202984"	"390463"	"203136"	"390472"	"2019-01-24"	"Vergunning:Omgevingsvergunning verandering"
"Horst aan de Maas"	"5864CH35"	"Vleesvarkens"	"Ja"	"Tienraijseweg 35 5864CH MEERLO"	"Horst aan de Maas"	"1"	"Nee"	"nu"	"nu"	"nu"	"203963"	"390486"	"203963"	"390486"	"2026-03-10"	"Intrekken gehele veebestand OW"
"Horst aan de Maas"	"5864CJ14"	"Schapen"	"Nee"	"Tienraijseweg 14 5864CJ Meerlo"	"Horst aan de Maas"	"1"	""	"21,00"	"234,00"	"0,00"	"203790"	"390792"	"203758"	"390784"	"1995-04-14"	"Vergunning:"
"Horst aan de Maas"	"5864CJ2"	"Melkrundvee"	"Nee"	"Tienraijseweg 2 5864CJ Meerlo"	"Horst aan de Maas"	"3"	"Nee"	"583,80"	"142,40"	"9.667,00"	"203707"	"391200"	"203695"	"391180"	"2008-05-19"	"Melding:"
"Horst aan de Maas"	"5864CJ20"	"Zeugen"	"Nee"	"Tienraijseweg 20 5864CJ Meerlo"	"Horst aan de Maas"	"5"	"Ja"	"3.168,53"	"40.836,10"	"314.875,00"	"203823"	"390637"	"203751"	"390689"	"2012-07-12"	"Vergunning:"
"Horst aan de Maas"	"5864CL10"	"voormalig bedrijf"	"Ja"	"Hogenbos 10 5864CL Meerlo"	"Horst aan de Maas"	"2"	"Nee"	"0,00"	"0,00"	"0,00"	"204062"	"390982"	"204077"	"390940"	"2021-10-26"	"Intrekking:Omgevingsvergunning beperkte milieutoets"
"Horst aan de Maas"	"5864CL14"	"voormalig bedrijf"	"Ja"	"Hogenbos 14 5864CL Meerlo"	"Horst aan de Maas"	"11"	"Ja"	"0,00"	"0,00"	"0,00"	"204171"	"390906"	"204193"	"390816"	"2021-04-14"	"Intrekking:Omgevingsvergunning intrekking"
"Horst aan de Maas"	"5864CM1"	"voormalig bedrijf"	"Ja"	"Keuter 1 5864CM MEERLO"	"Horst aan de Maas"	"1"	""	"0,00"	"0,00"	"0,00"	"204578"	"391003"	"204578"	"391003"	"2012-12-11"	"Intrekking:intrekking gehele veebestand"
"Horst aan de Maas"	"5864CM3"	"Vleesvarkens"	"Nee"	"Keuter 3 5864CM Meerlo"	"Horst aan de Maas"	"1"	"Nee"	"1.410,00"	"32.430,00"	"215.730,00"	"204795"	"390816"	"204796"	"390830"	"2013-06-12"	"Vergunning:gedeeltelijke intrekking"
"Horst aan de Maas"	"5864CM7"	"Melkrundvee"	"Nee"	"Keuter 7 5864CM Meerlo"	"Horst aan de Maas"	"2"	"Nee"	"1.257,00"	"142,40"	"12.822,00"	"205011"	"390454"	"204961"	"390496"	"2000-08-08"	"Melding:"
"Horst aan de Maas"	"5864CP41"	"Schapen"	"Ja"	"Dorpbroekstraat 41 5864CP Meerlo"	"Horst aan de Maas"	"1"	""	"42,88"	"398,50"	"2.100,00"	"203806"	"391363"	"203846"	"391355"	"2010-04-01"	"Intrekking gehele veebestand"
"Horst aan de Maas"	"5864CS28"	"Schapen"	"Nee"	"Mgr Jenneskensstraat 28 5864CS Meerlo"	"Horst aan de Maas"	"6"	"Nee"	"35,00"	"390,00"	"0,00"	"204391"	"391645"	"204355"	"391556"	"2021-03-04"	"Intrekking:Omgevingsverg. gedeeltelijke intrekking"
"Horst aan de Maas"	"5864CT33"	"voormalig bedrijf"	"Ja"	"Megelsum 33 5864CT MEERLO"	"Horst aan de Maas"	"1"	""	"0,00"	"0,00"	"0,00"	"205058"	"391499"	"205058"	"391499"	"2014-02-24"	"Intrekking:intrekking gehele veebestand"
"Horst aan de Maas"	"5864CT9"	"Vleeskuikens"	"Nee"	"Megelsum 9 5864CT Meerlo"	"Horst aan de Maas"	"7"	"Ja"	"4.827,97"	"23.940,40"	"2.965.600,00"	"204750"	"391875"	"204818"	"391960"	"2008-08-12"	"Vergunning:"
"Horst aan de Maas"	"5864CV12A"	"Melkrundvee"	"Nee"	"Megelsum 12A 5864CV MEERLO"	"Horst aan de Maas"	"2"	"Nee"	"1.257,40"	"0,00"	"11.136,00"	"204737"	"391799"	"204714"	"391793"	"1993-12-16"	"Melding:"
"Horst aan de Maas"	"5864CW1"	"Paarden"	"Nee"	"Kortenbos 1A 5864CW Meerlo"	"Horst aan de Maas"	"1"	"Nee"	"171,50"	"0,00"	"0,00"	"204969"	"391971"	"204968"	"392009"	"2007-11-13"	"Vergunning:"
"Horst aan de Maas"	"5864DA3"	"Vleesvarkens"	"Ja"	"Keuterseweg 3 5864DA MEERLO"	"Horst aan de Maas"	"2"	"Ja"	"nu"	"nu"	"nu"	"204968"	"391079"	"204961"	"391117"	"2026-01-27"	"Intrekken gehele veebestand OW"
"Horst aan de Maas"	"5864DA4"	"Melkrundvee"	"Nee"	"Keuterseweg 4 5864DA Meerlo"	"Horst aan de Maas"	"1"	"Nee"	"262,30"	"78,00"	"5.160,00"	"204906"	"390915"	"204865"	"390934"	"2007-05-01"	"Melding:Activiteitenbesluit"
"Horst aan de Maas"	"5864DC12"	"Vleesvarkens"	"Nee"	"Holstraat 12 5864DC Meerlo"	"Horst aan de Maas"	"3"	"Nee"	"3.463,00"	"61.902,00"	"380.160,00"	"202722"	"392438"	"202697"	"392496"	"2017-11-23"	"Omgevingsvergunning-verandering"
"Horst aan de Maas"	"5864EA16"	"Vleeskuikens"	"Nee"	"Bergsboslaan 16 5864EA Meerlo"	"Horst aan de Maas"	"7"	"Ja"	"8.682,25"	"13.834,50"	"1.727.875,00"	"203858"	"392637"	"203701"	"392671"	"2017-04-13"	"Vergunning:Omgevingsvergunning revisie"
"Horst aan de Maas"	"5865AD1A"	"Vleesvarkens"	"Ja"	"Over de Beek 1A 5865AD TIENRAY"	"Horst aan de Maas"	"6"	"Nee"	"nu"	"nu"	"nu"	"203241"	"390100"	"203342"	"390076"	"2024-11-25"	"Intrekken gehele veebestand OW"
"Horst aan de Maas"	"5865AD2"	"Vleeskuikens"	"Nee"	"Over de beek 2 5865AD Tienray"	"Horst aan de Maas"	"5"	"Ja"	"7.135,20"	"64.944,00"	"4.329.600,00"	"203364"	"389912"	"203248"	"389892"	"2010-06-01"	"Vergunning:"
"Horst aan de Maas"	"5865AG73"	"Vleesvarkens"	"Nee"	"Spoorstraat 73 5865AG TIENRAY"	"Horst aan de Maas"	"2"	"Nee"	"2.736,00"	"16.376,00"	"108.936,00"	"203525"	"389177"	"203524"	"389174"	"1996-12-02"	"Vergunning:"
"Horst aan de Maas"	"5865AL4"	"Leghennen"	"Nee"	"Mackayweg 4 5865AL Tienray"	"Horst aan de Maas"	"6"	"Ja"	"15.704,87"	"100.390,44"	"19.192.290,00"	"203566"	"388872"	"203549"	"388755"	"2015-05-13"	"Vergunning:"
"Horst aan de Maas"	"5865AP56"	"voormalig bedrijf"	"Ja"	" 56 5865AP "	"Horst aan de Maas"	"3"	""	"0,00"	"0,00"	"0,00"	"204310"	"389190"	"204297"	"389190"	"2011-01-01"	"Intrekking:Omgevingsvergunning beperkte milieutoets"
"Horst aan de Maas"	"5865BA11"	"Paarden"	"Nee"	"Donkerhofsteeg 11 5865BA Tienray"	"Horst aan de Maas"	"1"	"Nee"	"171,00"	"0,00"	"0,00"	"204686"	"389923"	"204643"	"389867"	"2017-08-31"	"Melding:Activiteitenbesluit"
"Horst aan de Maas"	"5866AB28"	"Paarden"	"Nee"	"Molenstraat 28 5866AB Swolgen"	"Horst aan de Maas"	"1"	"Nee"	"45,00"	"0,00"	"0,00"	"204985"	"389642"	"204987"	"389666"	"2016-07-08"	"Melding:Activiteitenbesluit"
"Horst aan de Maas"	"5866AP10"	"Paarden"	"Nee"	"Boabelweg 10 5866AP Swolgen"	"Horst aan de Maas"	"5"	"Nee"	"238,30"	"0,00"	"0,00"	"205680"	"388985"	"205698"	"388926"	"2018-10-01"	"Melding:Activiteitenbesluit"
"Horst aan de Maas"	"5866BJ66"	"Vleesvarkens"	"Ja"	"Mgr Aertsstraat 66 5866BJ Swolgen"	"Horst aan de Maas"	"3"	"Nee"	"nu"	"nu"	"nu"	"207299"	"389779"	"207269"	"389718"	"2026-03-10"	"Intrekken gehele veebestand OW"
"Horst aan de Maas"	"5866BM33A"	"voormalig bedrijf"	"Ja"	"Generaal Dempsystraat 33A 5866BM SWOLGEN"	"Horst aan de Maas"	"1"	"Nee"	"0,00"	"0,00"	"0,00"	"205763"	"389933"	"205733"	"389940"	"2015-08-13"	"Intrekking:Omgevingsvergunning intrekking"
"Horst aan de Maas"	"5866BR11"	"Paarden"	"Nee"	"Donkstraat 11 5866BR Swolgen"	"Horst aan de Maas"	"1"	"Nee"	"200,00"	"0,00"	"0,00"	"205243"	"389874"	"205208"	"389843"	"1994-07-04"	"Vergunning:"
"Horst aan de Maas"	"5866BR12"	"Melkrundvee"	"Nee"	"Donkstraat 12 5866BR Swolgen"	"Horst aan de Maas"	"4"	"Nee"	"1.919,80"	"0,00"	"14.332,00"	"205310"	"389958"	"205319"	"390002"	"2022-08-01"	"Melding activiteitenbesluit"
"Horst aan de Maas"	"5866BR14"	"Paarden"	"Nee"	"Donkstraat 14 5866BR SWOLGEN"	"Horst aan de Maas"	"1"	"Nee"	"150,00"	"0,00"	"0,00"	"205086"	"390161"	"205118"	"390172"	"2009-09-16"	"Melding:"
"Horst aan de Maas"	"5866BR15a"	"Paarden"	"Nee"	"Donkstraat 15 5866BR Swolgen"	"Horst aan de Maas"	"1"	"Nee"	"55,00"	"0,00"	"0,00"	"205021"	"390104"			"2021-11-15"	"Melding activiteitenbesluit"
"Horst aan de Maas"	"5866BR9"	"Melkrundvee"	"Nee"	"Donkstraat 9 5866BR Swolgen"	"Horst aan de Maas"	"1"	""	"804,00"	"0,00"	"7.230,00"	"205453"	"389792"	"205423"	"389746"	"2004-09-22"	"Melding:"
"Horst aan de Maas"	"5866CA4"	"voormalig bedrijf"	"Ja"	"Donkerhoek 4 5866CA Swolgen"	"Horst aan de Maas"	"6"	"Nee"	"0,00"	"0,00"	"0,00"	"205549"	"389927"	"205578"	"389930"	"2021-01-22"	"Intrekking:Omgevingsvergunning beperkte milieutoets"
"Horst aan de Maas"	"5866CB11"	"Melkrundvee"	"Nee"	"Gun 11 5866CB Swolgen"	"Horst aan de Maas"	"1"	"Nee"	"1.434,00"	"0,00"	"12.900,00"	"205678"	"391013"	"205742"	"390990"	"2009-07-16"	"Melding:"
"Horst aan de Maas"	"5866CB13"	"voormalig bedrijf"	"Ja"	"Gun 13 5866CB SWOLGEN"	"Horst aan de Maas"	"1"	"Nee"	"0,00"	"0,00"	"0,00"	"205457"	"390963"	"205453"	"390966"	"2021-05-18"	"Intrekking:Omgevingsvergunning beperkte milieutoets"
"Horst aan de Maas"	"5866CB15"	"Melkrundvee"	"Nee"	"Gun 15 5866CB Swolgen"	"Horst aan de Maas"	"1"	"Nee"	"1.473,80"	"0,00"	"13.364,00"	"205515"	"391058"	"205484"	"391055"	"2022-01-26"	"Melding activiteitenbesluit"
"Horst aan de Maas"	"5866CC10"	"Vleeskuikens"	"Nee"	"Gun 10 5866CC SWOLGEN"	"Horst aan de Maas"	"2"	"Nee"	"4.347,10"	"6.970,35"	"322.285,00"	"205715"	"390890"	"205733"	"390888"	"2001-03-12"	"Vergunning:gedeeltelijke intrekking"
"Horst aan de Maas"	"5866CC28"	"Paarden"	"Nee"	"Gun 26A 5866CC SWOLGEN"	"Horst aan de Maas"	"1"	"Nee"	"230,50"	"0,00"	"0,00"	"205290"	"391236"	"205317"	"391253"	"1997-02-03"	"Vergunning:"
"Horst aan de Maas"	"5866CD2"	"Zeugen"	"Nee"	"Flemingweg 2 5866CD Swolgen"	"Horst aan de Maas"	"4"	"Nee"	"2.382,66"	"13.238,20"	"91.853,00"	"205693"	"391084"	"205674"	"391114"	"1993-12-06"	"Vergunning:"
"Horst aan de Maas"	"5866CG19"	"Schapen"	"Ja"	"Legert 19 5866CG Swolgen"	"Horst aan de Maas"	"1"	"Nee"	"nu"	"nu"	"nu"	"206684"	"390548"	"206637"	"390578"	"2025-04-03"	"Intrekken gehele veebestand OW"
"Horst aan de Maas"	"5866CG5"	"Zeugen"	"Nee"	"Legert 5 5866CG Swolgen"	"Horst aan de Maas"	"4"	"Nee"	"2.946,38"	"49.157,99"	"331.676,80"	"206204"	"389950"	"206213"	"390069"	"2024-10-03"	"Omgevingsvergunning-verandering OW"
"Horst aan de Maas"	"5866CG6"	"Schapen"	"Nee"	"Legert 6 5866CG Swolgen"	"Horst aan de Maas"	"1"	"Nee"	"35,00"	"390,00"	"0,00"	"206413"	"390065"	"206463"	"390059"	"2021-04-29"	"Melding:Activiteitenbesluit"
"Horst aan de Maas"	"5866CH9"	"Melkrundvee"	"Nee"	"Osterbos 9 5866CH Swolgen"	"Horst aan de Maas"	"1"	"Nee"	"447,60"	"0,00"	"4.026,00"	"207183"	"390200"	"207176"	"390193"	"1994-01-10"	"Vergunning:"
"Horst aan de Maas"	"5866CJ8"	"Schapen"	"Nee"	"Hogeweg 8 5866CJ Swolgen"	"Horst aan de Maas"	"1"	"Nee"	"35,00"	"390,00"	"0,00"	"207159"	"390077"	"207119"	"389925"	"2021-08-03"	"Melding:Activiteitenbesluit"
"Horst aan de Maas"	"5866CL10"	"voormalig bedrijf"	"Ja"	"Hulsweg 10 5866CL SWOLGEN"	"Horst aan de Maas"	"1"	""	"0,00"	"0,00"	"0,00"	"207023"	"389481"	"207113"	"389359"	"2014-10-15"	"Intrekking:intrekking gehele veebestand"
"Horst aan de Maas"	"5866CL3"	"Vleeskuikens"	"Nee"	"Hulsweg 3 5866CL Swolgen"	"Horst aan de Maas"	"1"	"Nee"	"1.181,34"	"18.328,20"	"1.221.880,00"	"206356"	"389589"	"206413"	"389639"	"2014-08-29"	"Vergunning:Omgevingsvergunning beperkte milieutoets"
"Horst aan de Maas"	"5866CP3"	"Vleesvarkens"	"Nee"	"Krienestraat 3 5866CP SWOLGEN"	"Horst aan de Maas"	"3"	"Nee"	"3.104,40"	"135.111,20"	"412.184,00"	"207303"	"390459"	"207324"	"390410"	"2023-06-28"	"Intrekking:Omgevingsvergunning intrekking"
"Horst aan de Maas"	"5871AK23"	"Melkrundvee"	"Nee"	"Swolgenseweg 23 5871AK Broekhuizenvorst"	"Horst aan de Maas"	"1"	"Nee"	"170,20"	"0,00"	"3.610,00"	"208191"	"389533"	"208164"	"389521"	"2008-07-16"	"Melding:"
"Horst aan de Maas"	"5871AK25"	"Paarden"	"Nee"	"Swolgenseweg 25 5871AK Broekhuizenvorst"	"Horst aan de Maas"	"2"	"Nee"	"85,50"	"0,00"	"0,00"	"207618"	"389617"	"207620"	"389592"	"2001-12-11"	"Vergunning:"
"Horst aan de Maas"	"5871CE20"	"voormalig bedrijf"	"Ja"	"Blitterswijckseweg 20 5871CE Broekhuizenvorst"	"Horst aan de Maas"	"1"	""	"0,00"	"0,00"	"0,00"	"207354"	"391728"	"207355"	"391737"	"2010-01-01"	"Intrekking:Omgevingsvergunning intrekking"
"Horst aan de Maas"	"5871CE22"	"Melkrundvee"	"Nee"	"Blitterswijckseweg 22 5871CE Broekhuizenvorst"	"Horst aan de Maas"	"1"	"Ja"	"3.944,60"	"0,00"	"48.714,00"	"207564"	"391731"	"207584"	"391774"	"2015-04-09"	"Vergunning:Omgevingsvergunning oprichting"
"Horst aan de Maas"	"5871CG4"	"Vleesvee"	"Nee"	"Horreweg 4 5871CG Broekhuizenvorst"	"Horst aan de Maas"	"3"	"Nee"	"813,00"	"188,00"	"20.590,00"	"208095"	"391479"	"208122"	"391497"	"2009-01-28"	"Melding:"
"Horst aan de Maas"	"5871CJ1"	"Melkrundvee"	"Ja"	"Nachtegaalstraat 1 5871CJ Broekhuizenvorst"	"Horst aan de Maas"	"2"	"Nee"	"nu"	"nu"	"nu"	"207718"	"391259"	"207789"	"391230"	"2026-02-20"	"Bewijs bedrijfsbeëindiging OW"
"Horst aan de Maas"	"5871CK1"	"Paarden"	"Nee"	"Ganzenkampstraat 1 5871CK Broekhuizenvorst"	"Horst aan de Maas"	"4"	"Nee"	"272,90"	"0,00"	"0,00"	"207844"	"390779"	"207793"	"392297"	"2008-08-12"	"Vergunning:"
"Horst aan de Maas"	"5871CK2"	"Melkrundvee"	"Nee"	"Ganzenkampstraat 2 5871CK Broekhuizenvorst"	"Horst aan de Maas"	"1"	"Nee"	"464,70"	"0,00"	"4.334,00"	"207889"	"390739"	"207917"	"390742"	"2004-08-31"	"Vergunning:"
"Horst aan de Maas"	"5871CL2"	"Vleesvee"	"Ja"	"Zeelberg 2 5871CL BROEKHUIZENVORST"	"Horst aan de Maas"	"1"	""	"nu"	"nu"	"nu"	"208028"	"390547"	"208044"	"390552"	"2016-04-05"	"Bewijs bedrijfsbeëindiging"
"Horst aan de Maas"	"5871CR14"	"Paarden"	"Nee"	"Heideweg 14 5871CR Broekhuizenvorst"	"Horst aan de Maas"	"1"	"Nee"	"138,40"	"0,00"	"0,00"	"207395"	"389311"	"207407"	"389358"	"2002-12-03"	"Vergunning:Omgevingsvergunning revisie"
"Horst aan de Maas"	"5871CR2"	"Vleesvarkens"	"Nee"	"Heideweg 2a 5871CR Broekhuizenvorst"	"Horst aan de Maas"	"1"	"Nee"	"67,50"	"345,00"	"2.295,00"	"207599"	"389442"	"207607"	"389486"	"2014-05-15"	"Vergunning:gedeeltelijke intrekking"
"Horst aan de Maas"	"5871CS25"	"Melkrundvee"	"Ja"	"Genenberg 25 5871CS Broekhuizenvorst"	"Horst aan de Maas"	"1"	"Nee"	"nu"	"nu"	"nu"	"207945"	"389066"	"207917"	"389037"	"2020-01-28"	"Bewijs bedrijfsbeëindiging"
"Horst aan de Maas"	"5872AL22"	"Melkrundvee"	"Ja"	"Genenberg 22 5872AL Broekhuizen"	"Horst aan de Maas"	"1"	"Nee"	"74,70"	"320,40"	"1.338,00"	"208339"	"388869"	"208324"	"388886"	"2023-12-19"	"Melding beëindiging veehouderij"
"Horst aan de Maas"	"5872AX12"	"voormalig bedrijf"	"Ja"	"Stokterweg 12 5872AX Broekhuizen"	"Horst aan de Maas"	"1"	""	"0,00"	"0,00"	"0,00"	"208565"	"388346"	"208534"	"388361"	"2021-08-25"	"Intrekking:Omgevingsvergunning intrekking"
"Horst aan de Maas"	"5872CB1"	"Melkrundvee"	"Nee"	"Hiepterweg 1 5872CB Broekhuizen"	"Horst aan de Maas"	"3"	"Nee"	"628,00"	"0,00"	"4.560,00"	"207827"	"388639"	"207826"	"388593"	"2024-02-23"	"Melding activiteitenbesluit"
"Horst aan de Maas"	"5872CC19"	"Paarden"	"Ja"	"Horsterweg 19 5872CC Broekhuizen"	"Horst aan de Maas"	"1"	"Nee"	"nu"	"nu"	"nu"	"207917"	"387863"	"207954"	"387839"	"2026-01-19"	"Bewijs bedrijfsbeëindiging OW"
"Horst aan de Maas"	"5872CC23B"	"Vleesvarkens"	"Nee"	"Horsterweg 23B 5872CC BROEKHUIZEN LB"	"Horst aan de Maas"	"3"	"Nee"	"3.306,00"	"22.310,00"	"148.410,00"	"207814"	"387671"	"207835"	"387663"	"2019-02-22"	"Melding activiteitenbesluit met OBM"
"Horst aan de Maas"	"5872CD16A"	"Paarden"	"Nee"	"Horsterweg 16A 5872CD BROEKHUIZEN LB"	"Horst aan de Maas"	"1"	"Nee"	"85,50"	"0,00"	"0,00"	"207417"	"387510"	"207328"	"387573"	"2010-02-02"	"Vergunning:"
"Horst aan de Maas"	"5872CD18"	"voormalig bedrijf"	"Ja"	"Horsterweg 18 5872CD Broekhuizen"	"Horst aan de Maas"	"1"	""	"0,00"	"0,00"	"0,00"	"207289"	"387439"	"207263"	"387453"	"2021-08-24"	"Intrekking:Omgevingsvergunning intrekking"
"ODNML"	"5914HA47"	"Melkrundvee"	"Nee"	"Genooyerweg 47 5914HA Venlo"	"Venlo"	"1"	""	"1.240,80"	"1.588,70"	"19.397,00"	"209013"	"378353"	"208998"	"378354"	"2002-05-02"	"Melding:AMvB melkveehouderij"
"ODNML"	"5916NB16"	"Paarden"	"Nee"	"Manegeweg 16 5916NB VENLO"	"Venlo"	"1"	""	"175,00"	"0,00"	"0,00"	"212571"	"377101"	"212571"	"377101"	"2009-01-06"	"Melding:besluit landbouwbedrijven milieubeheer"
"ODNML"	"5916NJ37"	"Paarden"	"Nee"	"Oude Rijnstraat 37 5916NJ Venlo"	"Venlo"	"1"	""	"138,30"	"0,00"	"0,00"	"212002"	"377374"	"211927"	"377258"	"2001-12-05"	"Melding:onbekend"
"ODNML"	"5916RC37"	"Paarden"	"Nee"	"Kikvorsstraat 37 5916RC Venlo"	"Venlo"	"1"	""	"228,60"	"0,00"	"0,00"	"211000"	"378745"	"210979"	"378728"	"1995-08-05"	"Melding:oprichtingsvergunning"
"ODNML"	"5916RE120"	"Paarden"	"Nee"	"Weselseweg 120 5916RE Venlo"	"Venlo"	"1"	""	"38,00"	"312,00"	"0,00"	"212213"	"379204"	"212273"	"379250"	"2001-12-11"	"Melding:onbekend"
"ODNML"	"5916RG9"	"Paarden"	"Nee"	"Straelsebosweg 9 5916RG Venlo"	"Venlo"	"1"	""	"235,00"	"0,00"	"0,00"	"211881"	"378942"	"211775"	"378906"	"2004-08-11"	"Melding:besluit landbouwbedrijven milieubeheer"
"ODNML"	"5916RJ17"	"Paarden"	"Nee"	"Zoutpad 17 5916RJ VENLO"	"Venlo"	"1"	""	"52,50"	"0,00"	"0,00"	"212838"	"379354"	"212838"	"379354"	"2015-07-15"	"Melding:Activiteitenbesluit"
"ODNML"	"5916RK67"	"voormalig bedrijf"	"Ja"	"Middenweg 67 5916RK VENLO"	"Venlo"	"1"	""	"nu"	"nu"	"nu"	"212413"	"378352"	"212413"	"378352"	"2010-01-01"	"Intrekking gehele veebestand"
"ODNML"	"5925NE60"	"Paarden"	"Nee"	"Boekenderhofweg 60 5925NE Venlo"	"Venlo"	"1"	""	"286,00"	"0,00"	"1.354,00"	"206593"	"377232"	"206603"	"377286"	"2002-03-19"	"Melding:onbekend"
"ODNML"	"5926PB16"	"Paarden"	"Nee"	"Berenbroekweg 16 5926PB Venlo"	"Venlo"	"1"	""	"121,00"	"0,00"	"0,00"	"206322"	"373380"	"206250"	"373519"	"2006-12-06"	"Melding:besluit landbouwbedrijven milieubeheer"
"ODNML"	"5926PM325"	"voormalig bedrijf"	"Ja"	"Baarlosestraat 325 5926PM VENLO"	"Venlo"	"1"	""	"0,00"	"0,00"	"0,00"	"205886"	"373792"	"205886"	"373792"	"2018-05-04"	"Intrekking:intrekking gehele veebestand"
"ODNML"	"5926RL22"	"voormalig bedrijf"	"Ja"	"Schansheideweg 22 5926RL VENLO"	"Venlo"	"1"	""	"0,00"	"0,00"	"0,00"	"206282"	"374370"	"206282"	"374370"	"2013-04-20"	"Intrekking:intrekking gehele veebestand"
"ODNML"	"5926RN73"	"Zeugen"	"Nee"	"Moutzdijkweg 73 5926RN Venlo"	"Venlo"	"1"	"Ja"	"2.984,36"	"33.745,50"	"278.841,00"	"205547"	"374342"	"205525"	"374236"	"2022-11-24"	"Ambtshalve wijziging"
"ODNML"	"5926RP20"	"Vleesvarkens"	"Nee"	"Berendonksweg 20 5926RP Venlo"	"Venlo"	"1"	""	"2.637,50"	"13.248,00"	"88.128,00"	"205249"	"374432"	"205247"	"374479"	"2010-11-09"	"Vergunning:beschikking WM veranderingsvergunning"
"ODNML"	"5927NP63-69"	"Paarden"	"Nee"	"Heymansstraat 63-69 5927NP VENLO"	"Venlo"	"1"	""	"372,30"	"0,00"	"0,00"	"206123"	"375751"	"206123"	"375751"	"2005-06-14"	"Melding:beschikking WM veranderingsvergunning"
"ODNML"	"5927NX2"	"Vleesvarkens"	"Nee"	"Genijkenkampweg 2 5927NX Venlo"	"Venlo"	"1"	""	"1.557,30"	"15.588,80"	"77.279,00"	"205812"	"375487"	"205850"	"375522"	"2020-03-12"	"Melding:Activiteitenbesluit"
"ODNML"	"5927PB16"	"Paarden"	"Nee"	"Grote Blerickse Bergenweg 16 5927PB Venlo"	"Venlo"	"1"	""	"50,00"	"0,00"	"0,00"	"205450"	"375779"	"205307"	"375794"	"1999-05-21"	"Melding:onbekend"
"ODNML"	"5927PM9"	"voormalig bedrijf"	"Ja"	"Kamperdwarsweg 9 5927PM Venlo"	"Venlo"	"1"	""	"0,00"	"0,00"	"0,00"	"205463"	"376608"	"205404"	"376658"	"2019-10-28"	"Intrekking:Omgevingsvergunning intrekking"
"ODNML"	"5928RG117"	"Paarden"	"Nee"	"Venrayseweg 117 5928RG Venlo"	"Venlo"	"1"	"Nee"	"200,00"	"0,00"	"0,00"	"205257"	"381292"	"205395"	"381594"	"2007-09-11"	"Melding:beschikking WM melding art 8.19"
"ODNML"	"5928RL346"	"voormalig bedrijf"	"Ja"	"Venrayseweg 346 5928RL VENLO"	"Venlo"	"1"	""	"0,00"	"0,00"	"0,00"	"205551"	"381122"	"205551"	"381122"	"2011-07-18"	"Intrekking:intrekking gehele veebestand"
"ODNML"	"5928RM5"	"voormalig bedrijf"	"Ja"	"Heierkerkweg 5 5928RM Venlo"	"Venlo"	"1"	""	"nu"	"nu"	"nu"	"205268"	"380025"	"205287"	"379993"	"2020-12-01"	"Intrekking gehele veebestand"
"ODNML"	"5928RR1A"	"voormalig bedrijf"	"Ja"	"Berkter Hei 1A 5928RR VENLO"	"Venlo"	"4"	"Nee"	"nu"	"nu"	"nu"	"205195"	"380777"	"205188"	"380782"	"2025-11-13"	"Intrekking gehele veebestand"
"ODNML"	"5928RS1"	"Vleesvarkens"	"Ja"	"Sevenumseweg 1 5928RS VENLO"	"Venlo"	"3"	"Nee"	"nu"	"nu"	"nu"	"205088"	"381413"	"205045"	"381389"	"2021-03-24"	"Intrekking gehele veebestand"
"ODNML"	"5932ND50"	"voormalig bedrijf"	"Ja"	"Verlengde Trappistenweg 50 5932ND Tegelen"	"Venlo"	"1"	""	"0,00"	"0,00"	"0,00"	"209222"	"372279"	"209224"	"372234"	"2019-12-12"	"Intrekking:Omgevingsvergunning intrekking"
"ODNML"	"5941AA1"	"Melkrundvee"	"Nee"	"Rijksweg 1 5941AA Velden"	"Venlo"	"1"	""	"2.998,80"	"8.784,80"	"64.772,00"	"209576"	"382968"	"209587"	"382960"	"2013-01-29"	"Melding:Activiteitenbesluit"
"ODNML"	"5941AD157"	"Melkrundvee"	"Nee"	"Rijksweg 157 5941AD Velden"	"Venlo"	"1"	""	"89,00"	"213,60"	"1.190,00"	"209313"	"380022"	"209334"	"380022"	"2006-12-06"	"Melding:besluit landbouwbedrijven milieubeheer"
"ODNML"	"5941CR56"	"Melkrundvee"	"Nee"	"Schandeloseweg 56 5941CR Velden"	"Venlo"	"1"	""	"2.796,15"	"0,00"	"26.292,00"	"210003"	"380824"	"210025"	"380798"	"2017-10-10"	"Vergunning:milieu neutrale wijziging"
"ODNML"	"5941MX14"	"Vleesvee"	"Nee"	"Muldersweg 14 5941MX Velden"	"Venlo"	"1"	""	"911,60"	"6.123,20"	"29.240,00"	"211229"	"381572"	"211266"	"381572"	"2020-10-02"	"Melding:Activiteitenbesluit"
"ODNML"	"5941NG113"	"Melkrundvee"	"Nee"	"Schandelo 113 5941NG Velden"	"Venlo"	"1"	""	"3.216,00"	"0,00"	"28.920,00"	"211033"	"380698"	"211065"	"380693"	"2008-03-21"	"Melding:besluit landbouwbedrijven milieubeheer"
"ODNML"	"5941NG95"	"Paarden"	"Nee"	"Schandelo 95 5941NG Velden"	"Venlo"	"1"	"Nee"	"1.407,55"	"8.833,80"	"74.475,00"	"210976"	"381074"	"211020"	"381090"	"1993-09-27"	"Vergunning:Beschikkking WM revisievergunning"
"ODNML"	"5941NG99"	"Vleesvarkens"	"Ja"	"Schandelo 99 5941NG Velden"	"Venlo"	"1"	""	"nu"	"nu"	"nu"	"211018"	"380959"	"211026"	"380982"	"2020-01-01"	"Intrekking gehele veebestand"
"ODNML"	"5941NH36"	"Vleesvarkens"	"Nee"	"Schandelo 36 5941NH Velden"	"Venlo"	"1"	"Nee"	"3.357,00"	"17.158,00"	"114.138,00"	"210650"	"381812"	"210576"	"381709"	"2005-07-06"	"Vergunning:ambtshalve wijziging"
"ODNML"	"5941NJ33A"	"Melkrundvee"	"Nee"	"Straelseweg 33A 5941NJ Velden"	"Venlo"	"1"	""	"1.660,80"	"0,00"	"14.916,00"	"211630"	"382401"	"211651"	"382430"	"2006-12-06"	"Melding:besluit landbouwbedrijven milieubeheer"
"ODNML"	"5941NJ40"	"Paarden"	"Nee"	"Straelseweg 40 5941NJ Velden"	"Venlo"	"2"	"Nee"	"3.416,00"	"0,00"	"34.920,00"	"211585"	"382289"	"211601"	"382210"	"2023-12-19"	"Melding activiteitenbesluit"
"ODNML"	"5941NV52"	"Melkrundvee"	"Nee"	"Vorstweg 52 5941NV Velden"	"Venlo"	"1"	""	"1.130,00"	"0,00"	"10.160,00"	"208505"	"380006"	"208468"	"380017"	"2006-12-06"	"Melding:besluit landbouwbedrijven milieubeheer"
"ODNML"	"5941PZ32"	"Vleesvarkens"	"Nee"	"Stegerdijk 32 5941PZ VELDEN"	"Venlo"	"4"	"Nee"	"6.210,00"	"31.740,00"	"211.140,00"	"210446"	"381754"	"210446"	"381754"	"2021-08-20"	"Melding activiteitenbesluit met OBM"
"ODNML"	"5943BD11"	"Melkrundvee"	"Nee"	"Looiweg 11 5943BD Lomm"	"Venlo"	"1"	""	"1.097,00"	"0,00"	"9.734,00"	"209375"	"384946"	"209367"	"384991"	"2006-12-06"	"Melding:besluit landbouwbedrijven milieubeheer"
"ODNML"	"5943NA73"	"Paarden"	"Nee"	"Hanikerweg 73 5943NA Lomm"	"Venlo"	"1"	"Nee"	"375,00"	"0,00"	"0,00"	"212437"	"386621"	"212480"	"386619"	"2007-05-04"	"Vergunning:beschikking WM veranderingsvergunning"
"ODNML"	"5943NB30"	"voormalig bedrijf"	"Ja"	"Hanikerweg 30 5943NB Lomm"	"Venlo"	"1"	"Nee"	"nu"	"nu"	"nu"	"210142"	"385014"	"210102"	"384980"	"2021-03-31"	"Intrekking gehele veebestand"
"ODNML"	"5943NB60"	"Melkrundvee"	"Nee"	"Hanikerweg 60 5943NB Lomm"	"Venlo"	"1"	""	"1.564,00"	"0,00"	"14.080,00"	"212178"	"384425"	"212204"	"384446"	"2006-12-06"	"Melding:besluit landbouwbedrijven milieubeheer"
"ODNML"	"5943NB64"	"Vleesvarkens"	"Nee"	"Hanikerweg 64 5943NB Lomm"	"Venlo"	"1"	"Ja"	"4.522,50"	"62.219,00"	"212.797,00"	"212253"	"385073"	"212206"	"385001"	"2023-01-30"	"Ambtshalve wijziging"
"ODNML"	"5943NB66"	"Vleesvee"	"Nee"	"Hanikerweg 66 5943NB Lomm"	"Venlo"	"1"	"Nee"	"1.707,70"	"12.120,00"	"50.445,00"	"212394"	"385057"	"212404"	"384992"	"2010-06-08"	"Vergunning:Beschikkking WM revisievergunning"
"ODNML"	"5943NB74"	"Melkrundvee"	"Nee"	"Hanikerweg 74 5943NB Lomm"	"Venlo"	"1"	""	"2.435,40"	"0,00"	"28.614,00"	"212867"	"385637"	"212835"	"385621"	"2014-01-17"	"Melding:Activiteitenbesluit"
"ODNML"	"5943NB76"	"Melkrundvee"	"Nee"	"Hanikerweg 76 5943NB Lomm"	"Venlo"	"1"	""	"3.239,05"	"106,80"	"30.898,00"	"212893"	"385647"	"212912"	"385673"	"2017-01-19"	"Melding:Activiteitenbesluit"
"ODNML"	"5943NC2"	"Paarden"	"Nee"	"Voort 2 5943NC Lomm"	"Venlo"	"1"	""	"80,00"	"0,00"	"0,00"	"209453"	"383410"	"209441"	"383419"	"2006-04-04"	"Vergunning:ambtshalve wijziging"
"ODNML"	"5943NC8"	"Melkrundvee"	"Nee"	"Voort 8 5943NC Lomm"	"Venlo"	"1"	""	"86,80"	"0,00"	"784,00"	"209339"	"383364"	"209342"	"383385"	"2014-03-28"	"Melding:Activiteitenbesluit"
"ODNML"	"5944EJ59"	"voormalig bedrijf"	"Nee"	"Boerenweg 59 5944EJ Arcen"	"Venlo"	"1"	"Nee"	"3.094,50"	"19.696,80"	"197.140,00"	"210208"	"388593"	"210279"	"388651"	"2001-12-13"	"Vergunning:Beschikkking WM revisievergunning"
"ODNML"	"5944EL58"	"voormalig bedrijf"	"Nee"	"Boerenweg 58 5944EL Arcen"	"Venlo"	"1"	""	"1.611,10"	"890,00"	"14.453,00"	"210228"	"388741"	"210247"	"388770"	"2006-12-06"	"Melding:besluit landbouwbedrijven milieubeheer"
"ODNML"	"5944NA0"	"Vleesvarkens"	"Nee"	"Veldweg 0 5944NA ARCEN"	"Venlo"	"1"	"Ja"	"4.277,20"	"57.761,40"	"284.322,00"	"210599"	"388617"	"210599"	"388617"	"2015-11-17"	"Vergunning:Omgevingsvergunning Inrichting"
"ODNML"	"5951AG33A"	"Vleesvarkens"	"Nee"	"Rijksweg Noord 33A 5951AG Belfeld"	"Venlo"	"1"	""	"837,00"	"19.251,00"	"128.061,00"	"206125"	"370910"	"206104"	"370901"	"2005-08-02"	"Vergunning:beschikking WM veranderingsvergunning"
"ODNML"	"5951BJ4"	"voormalig bedrijf"	"Ja"	"Emmastraat 4 5951BJ BELFELD"	"Venlo"	"1"	""	"0,00"	"0,00"	"0,00"	"206315"	"369120"	"206315"	"369120"	"2019-03-25"	"Intrekking:intrekking gehele veebestand"
"ODNML"	"5951NH1"	"Paarden"	"Nee"	"Mommersweg 1 5951NH Belfeld"	"Venlo"	"1"	""	"231,50"	"0,00"	"0,00"	"205933"	"368548"	"205947"	"368560"	"2004-10-05"	"Melding:onbekend"
"ODNML"	"5951NK25"	"Paarden"	"Nee"	"Elshoutweg 25 5951NK Belfeld"	"Venlo"	"1"	""	"187,80"	"0,00"	"0,00"	"206142"	"367276"	"206269"	"367221"	"2001-11-30"	"Melding:onbekend"
"ODNML"	"5951NL2"	"Melkrundvee"	"Nee"	"Koelesweg 2 5951NL Belfeld"	"Venlo"	"1"	""	"5.943,00"	"24.380,00"	"172.740,00"	"206892"	"367841"	"206838"	"367842"	"1993-01-01"	"Melding:onbekend"
"ODNML"	"5951NL7"	"Melkrundvee"	"Nee"	"Koelesweg 7 5951NL Belfeld"	"Beesel"	"2"	"Nee"	"1.256,20"	"0,00"	"11.290,00"	"206145"	"366430"	"206152"	"366389"	"2006-12-06"	"Vergunning:"
"ODNML"	"5951NX1"	"Melkrundvee"	"Nee"	"Schoneborg 1 5951NX Belfeld"	"Venlo"	"1"	""	"3.250,00"	"0,00"	"29.500,00"	"207265"	"369155"	"207304"	"369161"	"1993-05-17"	"Melding:Beschikkking WM revisievergunning"
"ODNML"	"5951PL4"	"Geiten"	"Nee"	"Aan de Loërdijk 4"	"Venlo"	"1"	"Nee"	"11.237,20"	"112.119,40"	"114.372,00"	"207373"	"370073"	"207379"	"370047"	"2019-02-05"	"Vergunning:Omgevingsvergunning Inrichting"
"ODNML"	"5953AA1A"	"Paarden"	"Nee"	"Rijksweg 1A 5953AA Reuver"	"Beesel"	"1"	"Nee"	"89,20"	"0,00"	"0,00"	"202460"	"364215"	"202460"	"364215"	"2001-08-20"	"Vergunning:Beschikkking WM revisievergunning"
"ODNML"	"5953CK43"	"voormalig bedrijf"	"Ja"	"Kesselseweg 43 5953CK Reuver"	"Beesel"	"1"	"Nee"	"0,00"	"0,00"	"0,00"	"201707"	"366114"	"201734"	"366112"	"2019-12-01"	"Intrekking:Activiteitenbesluit"
"ODNML"	"5953CL36"	"Vleesvee"	"Nee"	"Kesselseweg 36 5953CL Reuver"	"Beesel"	"1"	"Nee"	"340,60"	"62,40"	"8.500,00"	"202101"	"366114"	"202107"	"366135"	"2006-12-06"	"Vergunning:beschikking WM melding art 8.19"
"ODNML"	"5953GH17"	"Paarden"	"Nee"	"Beeselseweg 17 5953GH Reuver"	"Beesel"	"2"	"Nee"	"355,00"	"0,00"	"0,00"	"202194"	"365515"	"202158"	"365492"	"2021-01-28"	"Melding:Activiteitenbesluit"
"ODNML"	"5953GH40"	"Vleesvarkens"	"Nee"	"Beeselseweg 40 5953GH Reuver"	"Beesel"	"1"	"Ja"	"1.382,40"	"39.014,40"	"95.232,00"	"202272"	"365665"	"202222"	"365753"	"2017-05-29"	"Vergunning:Omgevingsvergunning revisie"
"ODNML"	"5953HP190"	"Vleesvee"	"Nee"	"Keulseweg 190 5953HP Reuver"	"Beesel"	"1"	"Nee"	"402,00"	"0,00"	"10.200,00"	"205659"	"365525"	"205665"	"365492"	"2006-12-06"	"Vergunning:beschikking WM melding art 8.19"
"ODNML"	"5953JM3"	"Paarden"	"Nee"	"De Dijcken 3 5953JM Reuver"	"Beesel"	"1"	"Nee"	"35,00"	"0,00"	"0,00"	"204424"	"366984"	"204446"	"366970"	"2006-12-06"	"Vergunning:beschikking WM melding art 8.19"
"ODNML"	"5953JV2"	"Melkrundvee"	"Nee"	"Krommenhoek 2 5953JV Reuver"	"Beesel"	"1"	"Nee"	"300,20"	"427,20"	"5.226,00"	"204558"	"366357"	"205424"	"365474"	"2003-10-08"	"Melding:besluit landbouwbedrijven milieubeheer"
"ODNML"	"5953LZ94A"	"Paarden"	"Nee"	"Industriestraat 94A 5953LZ Reuver"	"Beesel"	"1"	"Nee"	"60,00"	"0,00"	"0,00"	"204556"	"365706"	"204556"	"365706"	"2014-05-19"	"Melding:Activiteitenbesluit"
"ODNML"	"5953NC1A"	"Paarden"	"Nee"	"Offenbekerweg 1A 5953NC Reuver"	"Beesel"	"1"	"Nee"	"27,00"	"78,00"	"0,00"	"204072"	"365301"	"204072"	"365301"	"1982-10-11"	"Vergunning:oprichtingsvergunning"
"ODNML"	"5953NR15"	"Melkrundvee"	"Nee"	"Bergerhofweg 15 5953NR Reuver"	"Beesel"	"1"	"Nee"	"1.529,00"	"0,00"	"20.210,00"	"203825"	"365339"	"203860"	"365342"	"2021-09-29"	"Melding:Activiteitenbesluit"
"ODNML"	"5953NR2"	"Paarden"	"Nee"	"Bergerhofweg 2 5953NR Reuver"	"Beesel"	"1"	"Nee"	"135,50"	"0,00"	"0,00"	"203298"	"365565"	"203298"	"365565"	"2010-11-18"	"Melding:AMVB-Landbouw"
"ODNML"	"5953NR4"	"Paarden"	"Nee"	"Bergerhofweg 4 5953NR Reuver"	"Beesel"	"1"	"Nee"	"142,00"	"0,00"	"0,00"	"204217"	"364646"	"204185"	"364619"	"2015-06-22"	"Melding:Activiteitenbesluit"
"ODNML"	"5953NR6"	"Zeugen"	"Nee"	"Bergerhofweg 6 5953NR Reuver"	"Beesel"	"1"	"Nee"	"72,80"	"523,60"	"4.900,00"	"204398"	"364485"	"204398"	"364422"	"2013-06-17"	"Intrekking:gedeeltelijke intrekking"
"ODNML"	"5953TB1"	"Paarden"	"Nee"	"De Beuckelen 1 5953TB Reuver"	"Beesel"	"1"	"Nee"	"70,50"	"0,00"	"0,00"	"204920"	"366414"	"204893"	"366405"	"2003-09-23"	"Vergunning:Beschikkking WM revisievergunning"
"ODNML"	"5953TB2"	"Paarden"	"Nee"	"De Beuckelen 2 5953TB Reuver"	"Beesel"	"1"	"Nee"	"128,90"	"0,00"	"430,00"	"205036"	"366294"	"204987"	"366286"	"2016-07-14"	"Melding:Activiteitenbesluit"
"ODNML"	"5953TC7"	"Paarden"	"Nee"	"De Kievit 7 5953TC Reuver"	"Beesel"	"1"	"Nee"	"148,80"	"468,00"	"0,00"	"205118"	"365848"	"205092"	"365839"	"2003-04-17"	"Vergunning:Beschikkking WM revisievergunning"
"ODNML"	"5953TE1"	"Melkrundvee"	"Nee"	"Dubbelweg 1 5953TE Reuver"	"Beesel"	"1"	"Nee"	"490,80"	"1.074,50"	"11.910,00"	"205343"	"365069"	"205343"	"365069"	"2006-11-13"	"Vergunning:beschikking WM veranderingsvergunning"
"ODNML"	"5953TH1"	"Melkrundvee"	"Nee"	"Sint Lambertusdijk 1 5953TH Reuver"	"Beesel"	"1"	"Nee"	"945,70"	"0,00"	"7.564,00"	"204833"	"364644"	"204795"	"364645"	"2003-11-18"	"Melding:besluit landbouwbedrijven milieubeheer"
"ODNML"	"5953TH2"	"Melkrundvee"	"Nee"	"Sint Lambertusdijk 2 5953TH Reuver"	"Beesel"	"1"	"Nee"	"3.684,60"	"1.495,20"	"38.118,00"	"204518"	"364180"	"204533"	"364151"	"2007-06-25"	"Vergunning:Omgevingsvergunning revisie"
"ODNML"	"5953TH2A"	"Vleesvarkens"	"Nee"	"Sint Lambertusdijk 2A 5953TH Reuver"	"Beesel"	"1"	"Nee"	"1.632,00"	"22.080,00"	"146.880,00"	"204771"	"364469"	"204771"	"364469"	"2007-01-29"	"Vergunning:Omgevingsvergunning revisie"
"ODNML"	"5953TH4"	"Vleesvee"	"Nee"	"Sint Lambertusdijk 4 5953TH Reuver"	"Beesel"	"1"	"Nee"	"330,45"	"258,20"	"9.330,00"	"204924"	"364703"	"204969"	"364701"	"2007-08-09"	"Melding:besluit landbouwbedrijven milieubeheer"
"ODNML"	"5953TJ3"	"Vleesvee"	"Nee"	"Muiterdijk 3 5953TJ Reuver"	"Beesel"	"1"	"Nee"	"552,60"	"78,00"	"14.960,00"	"203656"	"363646"	"203709"	"363661"	"2006-12-06"	"Melding:besluit landbouwbedrijven milieubeheer"
"ODNML"	"5953TJ7"	"Melkrundvee"	"Nee"	"Muiterdijk 7 5953TJ Reuver"	"Beesel"	"1"	"Nee"	"827,30"	"0,00"	"7.420,00"	"203816"	"363508"	"203809"	"363559"	"2011-04-12"	"Melding:besluit landbouwbedrijven milieubeheer"
"ODNML"	"5953TJ9"	"Melkrundvee"	"Nee"	"Muiterdijk 9 5953TJ Reuver"	"Beesel"	"1"	"Nee"	"781,80"	"312,00"	"11.212,00"	"204059"	"363312"	"204078"	"363302"	"2006-12-06"	"Melding:besluit landbouwbedrijven milieubeheer"
"ODNML"	"5953TM1"	"Vleesvee"	"Nee"	"Klokweg 1 5953TM Reuver"	"Beesel"	"1"	"Nee"	"576,60"	"0,00"	"15.810,00"	"203590"	"364926"	"203585"	"364914"	"2006-12-06"	"Melding:besluit landbouwbedrijven milieubeheer"
"ODNML"	"5953TS1"	"Paarden"	"Nee"	"Scheiweg 1 5953TS Reuver"	"Beesel"	"1"	"Nee"	"71,00"	"0,00"	"0,00"	"202062"	"366220"	"202043"	"366240"	"2006-12-06"	"Melding:besluit landbouwbedrijven milieubeheer"
"ODNML"	"5953TS3"	"Biggen"	"Nee"	"Scheiweg 3 5953TS Reuver"	"Beesel"	"1"	"Nee"	"503,61"	"5.009,20"	"42.281,00"	"202040"	"366301"	"201990"	"366319"	"2020-12-29"	"Melding:Activiteitenbesluit"
"ODNML"	"5954BP37"	"Paarden"	"Nee"	"Burgemeester Janssenstraat 37 5954BP Beesel"	"Beesel"	"2"	"Nee"	"65,00"	"356,00"	"330,00"	"200347"	"363804"	"200362"	"363783"	"2006-12-06"	"Vergunning:"
"ODNML"	"5954BP53"	"Ov.Pluimvee"	"Nee"	"Burgemeester Janssenstraat 53 5954BP Beesel"	"Beesel"	"4"	"Nee"	"14.759,40"	"33.642,75"	"1.866.630,00"	"199913"	"362425"	"200003"	"362438"	"1999-03-11"	"Vergunning:Omgevingsvergunning verandering"
"ODNML"	"5954BR58"	"Paarden"	"Nee"	"Burgemeester Janssenstraat 58 5954BR Beesel"	"Beesel"	"1"	"Nee"	"420,20"	"1.637,60"	"8.756,00"	"199698"	"362206"	"199698"	"362206"	"2006-12-06"	"Melding:besluit landbouwbedrijven milieubeheer"
"ODNML"	"5954CH44"	"Paarden"	"Nee"	"Bussereindseweg 44 5954CH Beesel"	"Beesel"	"1"	"Nee"	"9,98"	"4,08"	"1.008,00"	"201833"	"363821"	"201833"	"363765"	"2006-12-06"	"Melding:besluit landbouwbedrijven milieubeheer"
"ODNML"	"5954NE6"	"Zeugen"	"Nee"	"Klerkenhofweg 6 5954NE Beesel"	"Beesel"	"1"	"Nee"	"3.584,80"	"46.811,10"	"400.124,00"	"198932"	"363625"	"198955"	"363700"	"2013-08-26"	"Vergunning:Omgevingsvergunning Inrichting"
"ODNML"	"5954NK32"	"Vleesvarkens"	"Nee"	"Rijkel 32 5954NK Beesel"	"Beesel"	"3"	"Nee"	"2.943,60"	"22.140,70"	"159.750,00"	"199280"	"363304"	"199280"	"363373"	"2018-10-09"	"Melding:Activiteitenbesluit"
"ODNML"	"5954NK46"	"Paarden"	"Nee"	"Rijkel 46 5954NK Beesel"	"Beesel"	"1"	"Nee"	"223,00"	"0,00"	"0,00"	"198740"	"363398"	"198738"	"363401"	"2006-12-06"	"Melding:besluit landbouwbedrijven milieubeheer"
"ODNML"	"5954NX3A"	"Paarden"	"Nee"	"Waterloseweg 3A 5954NX BEESEL"	"Beesel"	"1"	"Nee"	"77,50"	"0,00"	"0,00"	"201579"	"363702"	"201579"	"363702"	"2016-08-03"	"Melding:Activiteitenbesluit"
"ODNML"	"5954NX4"	"Paarden"	"Nee"	"Waterloseweg 4 5954NX Beesel"	"Beesel"	"1"	"Nee"	"92,80"	"0,00"	"0,00"	"201795"	"363490"	"201772"	"363476"	"2009-05-13"	"Melding:besluit landbouwbedrijven milieubeheer"
"ODNML"	"5954PA1"	"Melkrundvee"	"Nee"	"Sint Jozefdijk 1 5954PA Beesel"	"Beesel"	"1"	"Nee"	"4.298,40"	"26.572,50"	"44.140,00"	"202503"	"362336"	"202587"	"362156"	"2018-01-26"	"Vergunning:Activiteitenbesluit"
"ODNML"	"5954PE2"	"Melkrundvee"	"Nee"	"Muiterdijk 2 5954PE Beesel"	"Beesel"	"2"	"Nee"	"1.481,00"	"0,00"	"13.346,00"	"203299"	"363908"	"203302"	"363864"	"2006-12-06"	"Vergunning:"
"ODNML"	"5954PE6"	"Melkrundvee"	"Nee"	"Muiterdijk 6 5954PE Beesel"	"Beesel"	"1"	"Nee"	"2.314,50"	"0,00"	"21.690,00"	"203628"	"363592"	"203591"	"363546"	"2016-06-23"	"Melding:Activiteitenbesluit"
"ODNML"	"5954PE8"	"Paarden"	"Nee"	"Muiterdijk 8 5954PE Beesel"	"Beesel"	"1"	"Nee"	"540,00"	"0,00"	"3.540,00"	"203831"	"363437"	"203823"	"363412"	"2006-12-06"	"Melding:besluit landbouwbedrijven milieubeheer"
"ODNML"	"5954PE8A"	"Melkrundvee"	"Nee"	"Muiterdijk 8A 5954PE Beesel"	"Beesel"	"2"	"Nee"	"990,00"	"156,00"	"8.846,00"	"203922"	"363333"	"203926"	"363319"	"2006-12-06"	"Vergunning:"
"ODNML"	"5954PJ1"	"Paarden"	"Nee"	"Oude Bosweg 1 5954PJ Beesel"	"Beesel"	"1"	"Nee"	"75,00"	"0,00"	"0,00"	"202104"	"363907"	"202068"	"363900"	"2018-08-20"	"Melding:Activiteitenbesluit"
"Horst aan de Maas"	"5961AJ124"	"voormalig bedrijf"	"Ja"	"Venrayseweg 124 5961AJ Horst"	"Horst aan de Maas"	"1"	""	"0,00"	"0,00"	"0,00"	"201261"	"386977"	"201267"	"386988"	"2021-08-25"	"Intrekking:Omgevingsvergunning intrekking"
"Horst aan de Maas"	"5961HM9"	"Paarden"	"Nee"	"Bemmelstraat 9 5961HM Horst"	"Horst aan de Maas"	"1"	"Nee"	"240,00"	"1.950,00"	"0,00"	"200836"	"384260"	"200839"	"384221"	"2008-02-05"	"Vergunning:Omgevingsvergunning revisie"
"Horst aan de Maas"	"5961JB111"	"Vleeskuikens"	"Nee"	"Venloseweg 111 5961JB Horst"	"Horst aan de Maas"	"2"	"Nee"	"1.496,00"	"7.260,00"	"484.000,00"	"203525"	"383437"	"203543"	"383480"	"1989-10-31"	"Vergunning:"
"Horst aan de Maas"	"5961JD102"	"Leghennen"	"Nee"	"Venloseweg 102 5961JD Horst"	"Horst aan de Maas"	"1"	"Ja"	"3.271,20"	"18.060,00"	"260.850,00"	"203244"	"383703"	"203208"	"383638"	"2017-12-29"	"Melding:Activiteitenbesluit"
"Horst aan de Maas"	"5961MA1"	"Zeugen"	"Ja"	"Wevertweg 1 5961MA Horst"	"Horst aan de Maas"	"3"	""	"nu"	"nu"	"nu"	"201727"	"387736"	"201782"	"387754"	"2025-11-20"	"Intrekken gehele veebestand OW"
"Horst aan de Maas"	"5961MA11"	"voormalig bedrijf"	"Ja"	"Wevertweg 11 5961MA Horst"	"Horst aan de Maas"	"1"	"Nee"	"0,00"	"0,00"	"0,00"	"202328"	"388442"	"202302"	"388492"	"2011-05-17"	"Intrekking:Omgevingsvergunning intrekking"
"Horst aan de Maas"	"5961NC19"	"Melkrundvee"	"Nee"	"Dijkerheideweg 19 5961NC HORST"	"Horst aan de Maas"	"3"	"Nee"	"1.200,00"	"0,00"	"12.936,00"	"202672"	"382912"	"202326"	"382912"	"2011-09-13"	"Melding:Activiteitenbesluit"
"Horst aan de Maas"	"5961NC3"	"Zeugen"	"Ja"	"Dijkerheideweg 3 5961NC Horst"	"Horst aan de Maas"	"13"	"Ja"	"nu"	"nu"	"nu"	"203163"	"383436"	"203166"	"383299"	"2026-03-10"	"Intrekken gehele veebestand OW"
"Horst aan de Maas"	"5961NE4B"	"Paarden"	"Nee"	"Bremweg 4B 5961NE HORST"	"Horst aan de Maas"	"1"	"Nee"	"60,50"	"0,00"	"0,00"	"203160"	"384374"	"203160"	"384374"	"2013-01-02"	"Melding:Activiteitenbesluit"
"Horst aan de Maas"	"5961NK19"	"Melkrundvee"	"Nee"	"Tienrayseweg 19 5961NK Horst"	"Horst aan de Maas"	"3"	"Nee"	"2.594,20"	"0,00"	"28.756,00"	"202348"	"387842"	"202305"	"387847"	"2019-05-11"	"Melding:Activiteitenbesluit"
"Horst aan de Maas"	"5961NM1"	"voormalig bedrijf"	"Ja"	"Kreuzelweg 1 5961NM Horst"	"Horst aan de Maas"	"1"	"Nee"	"0,00"	"0,00"	"0,00"	"201745"	"387228"	"201732"	"387739"	"2021-08-24"	"Intrekking:Omgevingsvergunning intrekking"
"Horst aan de Maas"	"5961NM13"	"Melkrundvee"	"Nee"	"Kreuzelweg 13 5961NM Horst"	"Horst aan de Maas"	"1"	"Nee"	"860,20"	"0,00"	"8.878,00"	"201543"	"387914"	"201506"	"387910"	"2015-07-02"	"Vergunning:Omgevingsvergunning verandering"
"Horst aan de Maas"	"5961NM37"	"Vleesvarkens"	"Nee"	"Kreuzelweg 37 5961NM HORST"	"Horst aan de Maas"	"3"	"Ja"	"4.626,60"	"77.914,80"	"313.746,00"	"201200"	"388751"	"201187"	"388771"	"2011-07-21"	"Vergunning:milieu neutrale wijziging"
"Horst aan de Maas"	"5961NM5A"	"Zeugen"	"Nee"	"Kreuzelweg 5A 5961NM HORST"	"Horst aan de Maas"	"7"	"Nee"	"4.026,32"	"29.666,20"	"256.582,00"	"201748"	"387477"	"201724"	"387528"	"2001-05-22"	"Vergunning:Omgevingsvergunning verandering"
"Horst aan de Maas"	"5961NM9"	"voormalig bedrijf"	"Ja"	"Kreuzelweg 9 5961NM Horst"	"Horst aan de Maas"	"1"	"Nee"	"1.382,40"	"0,00"	"14.848,00"	"201642"	"387661"	"201640"	"387594"	"2020-12-02"	"Intrekking:Omgevingsvergunning intrekking"
"Horst aan de Maas"	"5961NN2"	"Biggen"	"Nee"	"Op de Kamp 2 5961NN HORST"	"Horst aan de Maas"	"4"	"Ja"	"4.983,00"	"79.608,00"	"566.088,00"	"203303"	"388070"	"203324"	"388068"	"2024-06-24"	"Omgevingsvergunning milieuneutraal"
"Horst aan de Maas"	"5961NN6"	"Vleesvarkens"	"Nee"	"Op de Kamp 6 5961NN HORST"	"Horst aan de Maas"	"2"	"Ja"	"4.239,00"	"60.306,00"	"380.754,00"	"203091"	"388500"	"203126"	"388490"	"2013-12-19"	"Vergunning:"
"Horst aan de Maas"	"5961NR5"	"voormalig bedrijf"	"Ja"	"Nieuwenbergweg 5 5961NR HORST"	"Horst aan de Maas"	"1"	""	"0,00"	"0,00"	"0,00"	"201620"	"388631"	"201620"	"388631"	"2014-02-21"	"Intrekking:intrekking gehele veebestand"
"Horst aan de Maas"	"5961NS145"	"Vleesvarkens"	"Ja"	"Venrayseweg 145 5961NS Horst"	"Horst aan de Maas"	"1"	""	"nu"	"nu"	"nu"	"200562"	"387975"	"200515"	"388018"	"2021-03-04"	"Intrekking gehele veebestand"
"Horst aan de Maas"	"5961NS145A"	"Leghennen"	"Nee"	"Venrayseweg 145A 5961NS HORST"	"Horst aan de Maas"	"2"	"Nee"	"2.400,00"	"21.600,00"	"240.000,00"	"200439"	"388125"	"200456"	"388098"	"1993-11-01"	"Vergunning:"
"Horst aan de Maas"	"5961NT128"	"voormalig bedrijf"	"Ja"	"Venrayseweg 128 5961NT HORST"	"Horst aan de Maas"	"1"	""	"0,00"	"0,00"	"0,00"	"200849"	"387543"	"200849"	"387543"	"2014-11-25"	"Intrekking:intrekking gehele veebestand"
"Horst aan de Maas"	"5961NW50"	"Zeugen"	"Nee"	"Veld-Oostenrijk 50 5961NW HORST"	"Horst aan de Maas"	"15"	"Ja"	"12.346,96"	"230.112,92"	"1.332.155,60"	"200250"	"388077"	"200296"	"388091"	"2013-08-22"	"Vergunning:Omgevingsvergunning Inrichting"
"Horst aan de Maas"	"5961NW6"	"Melkrundvee"	"Ja"	"Veld-Oostenrijk 6 5961NW Horst"	"Horst aan de Maas"	"1"	"Nee"	"nu"	"nu"	"nu"	"200788"	"386739"	"200807"	"386759"	"2026-02-11"	"Bewijs bedrijfsbeëindiging OW"
"Horst aan de Maas"	"5961NZ40"	"Paarden"	"Nee"	"Molenveldweg 40 5961NZ Horst"	"Horst aan de Maas"	"1"	"Nee"	"145,50"	"0,00"	"0,00"	"200248"	"386286"	"200252"	"386328"	"2008-01-15"	"Melding:Activiteitenbesluit"
"Horst aan de Maas"	"5961PA8"	"voormalig bedrijf"	"Ja"	"Molengatweg 8 5961PA HORST"	"Horst aan de Maas"	"2"	""	"0,00"	"0,00"	"0,00"	"200109"	"386652"	"200147"	"387527"	"2011-03-01"	"Intrekking:intrekking gehele veebestand"
"Horst aan de Maas"	"5961PB6"	"Leghennen"	"Nee"	"Schengweg 6 5961PB Horst"	"Horst aan de Maas"	"1"	"Ja"	"1.835,50"	"8.721,00"	"750.262,50"	"200235"	"386660"	"200259"	"386701"	"2020-02-22"	"Melding:Activiteitenbesluit"
"Horst aan de Maas"	"5961PC57"	"voormalig bedrijf"	"Ja"	"Americaanseweg 57 5961PC Horst"	"Horst aan de Maas"	"1"	""	"0,00"	"0,00"	"0,00"	"199727"	"384382"	"199778"	"384361"	"2007-04-12"	"Intrekking:Omgevingsvergunning beperkte milieutoets"
"Horst aan de Maas"	"5961PC59"	"voormalig bedrijf"	"Ja"	"Americaanseweg 59 5961PC Horst"	"Horst aan de Maas"	"1"	""	"0,00"	"0,00"	"0,00"	"199695"	"384377"	"199663"	"384355"	"2021-08-23"	"Intrekking:Omgevingsvergunning intrekking"
"Horst aan de Maas"	"5961PM24"	"Paarden"	"Nee"	"Vrouwboomweg 24 5961PM HORST"	"Horst aan de Maas"	"1"	"Nee"	"240,80"	"0,00"	"0,00"	"201786"	"383936"	"201786"	"383936"	"2009-09-09"	"Vergunning:Omgevingsvergunning verandering"
"Horst aan de Maas"	"5961PP1"	"Paarden"	"Nee"	"Haagweg 1 5961PP HORST"	"Horst aan de Maas"	"1"	"Nee"	"46,80"	"0,00"	"0,00"	"202392"	"383816"	"202392"	"383816"	"2018-07-06"	"Melding:Activiteitenbesluit"
"Horst aan de Maas"	"5961PP5"	"voormalig bedrijf"	"Ja"	"Haagweg 5 5961PP Horst"	"Horst aan de Maas"	"1"	""	"0,00"	"0,00"	"0,00"	"202332"	"383934"	"202263"	"383928"	"2010-01-01"	"Melding:Omgevingsvergunning intrekking"
"Horst aan de Maas"	"5962AB18"	"Paarden"	"Nee"	"Jaegerweg 18 5962AB Melderslo"	"Horst aan de Maas"	"2"	"Nee"	"66,80"	"0,00"	"0,00"	"202843"	"385339"	"202974"	"385382"	"2012-12-31"	"Vergunning:gedeeltelijke intrekking"
"Horst aan de Maas"	"5962AB56"	"voormalig bedrijf"	"Ja"	"Jaegerweg 56 5962AB MELDERSLO"	"Horst aan de Maas"	"1"	""	"0,00"	"0,00"	"0,00"	"204293"	"389202"	"204293"	"389202"	"2010-01-01"	"Intrekking:Omgevingsvergunning intrekking"
"Horst aan de Maas"	"5962AD64"	"Paarden"	"Nee"	"Vlasvenstraat 64 5962AD Melderslo"	"Horst aan de Maas"	"2"	""	"40,00"	"0,00"	"0,00"	"203170"	"385175"	"203149"	"385183"	"2007-03-08"	"Melding:"
"Horst aan de Maas"	"5962AE10"	"Melkrundvee"	"Nee"	"Heuvelweg 10 5962AE Melderslo"	"Horst aan de Maas"	"4"	""	"139,90"	"35,60"	"1.805,00"	"202998"	"385520"	"203030"	"385535"	"2010-07-13"	"Melding:"
"Horst aan de Maas"	"5962AS30"	"Melkrundvee"	"Nee"	"Daniëlweg 30 5962AS Melderslo"	"Horst aan de Maas"	"1"	"Nee"	"120,90"	"249,20"	"1.873,00"	"202980"	"385980"	"202953"	"386001"	"2010-03-24"	"Melding:"
"Horst aan de Maas"	"5962BA73"	"Vleesvarkens"	"Ja"	"Konijnenweg 73 5962BA MELDERSLO"	"Horst aan de Maas"	"1"	"Nee"	"nu"	"nu"	"nu"	"202634"	"385228"	"202634"	"385228"	"2025-11-20"	"Intrekken gehele veebestand OW"
"Horst aan de Maas"	"5962BA77"	"Vleesvee"	"Nee"	"Konijnenweg 77 5962BA MELDERSLO"	"Horst aan de Maas"	"1"	"Nee"	"2.450,00"	"24.920,00"	"23.100,00"	"202528"	"385322"	"202513"	"385305"	"2006-08-18"	"Vergunning:Omgevingsvergunning revisie"
"Horst aan de Maas"	"5962NC33"	"Schapen"	"Nee"	"Denenweg 33 5962NC Melderslo"	"Horst aan de Maas"	"1"	"Nee"	"14,00"	"156,00"	"0,00"	"203753"	"384514"	"203794"	"384514"	"2019-11-28"	"Melding:Activiteitenbesluit"
"Horst aan de Maas"	"5962ND19"	"Vleesvarkens"	"Nee"	"Lottumseweg 19 5962ND Melderslo"	"Horst aan de Maas"	"1"	"Nee"	"1.500,00"	"11.500,00"	"76.500,00"	"204771"	"385428"	"204790"	"385517"	"2003-12-22"	"Vergunning:"
"Horst aan de Maas"	"5962ND7"	"voormalig bedrijf"	"Ja"	"Lottumseweg 7 5962ND Melderslo"	"Horst aan de Maas"	"1"	"Nee"	"0,00"	"0,00"	"0,00"	"204490"	"385408"	"204482"	"385439"	"2010-01-01"	"Intrekking:Omgevingsvergunning beperkte milieutoets"
"Horst aan de Maas"	"5962NH12A"	"voormalig bedrijf"	"Ja"	"Blaktweg 12A 5962NH MELDERSLO"	"Horst aan de Maas"	"2"	"Nee"	"0,00"	"0,00"	"0,00"	"203963"	"385939"	"203972"	"385867"	"2015-02-05"	"Intrekking:intrekking gehele veebestand"
"Horst aan de Maas"	"5962NH30"	"Paarden"	"Nee"	"Blaktweg 30A 5962NH Melderslo"	"Horst aan de Maas"	"6"	"Nee"	"506,50"	"2.666,80"	"9.922,00"	"204788"	"386012"	"204777"	"385961"	"2001-01-07"	"Vergunning:"
"Horst aan de Maas"	"5962NL53"	"Vleesvarkens"	"Nee"	"Broekhuizerdijk 53 5962NL Melderslo"	"Horst aan de Maas"	"4"	"Ja"	"1.456,20"	"70.146,80"	"317.372,00"	"205273"	"386723"	"205201"	"386741"	"2021-04-15"	"Omgevingsvergunning-verandering"
"Horst aan de Maas"	"5962NM34"	"Vleesvarkens"	"Nee"	"Broekhuizerdijk 34A 5962NM Melderslo"	"Horst aan de Maas"	"2"	"Ja"	"2.750,40"	"88.230,40"	"189.472,00"	"204559"	"386504"	"204591"	"386359"	"2018-03-15"	"Vergunning:Omgevingsvergunning revisie"
"Horst aan de Maas"	"5962NM38"	"Vleesvee"	"Nee"	"Broekhuizerdijk 38 5962NM Melderslo"	"Horst aan de Maas"	"3"	"Nee"	"1.739,50"	"17.693,20"	"16.401,00"	"204744"	"386553"	"204760"	"386514"	"1990-12-04"	"Vergunning:"
"Horst aan de Maas"	"5962NM48"	"Vleesvarkens"	"Ja"	"Broekhuizerdijk 48 5962NM Melderslo"	"Horst aan de Maas"	"2"	"Nee"	"nu"	"nu"	"nu"	"205213"	"386648"	"205260"	"387639"	"2025-04-03"	"Intrekken gehele veebestand OW"
"Horst aan de Maas"	"5962NM56"	"voormalig bedrijf"	"Ja"	"Broekhuizerdijk 56 5962NM Melderslo"	"Horst aan de Maas"	"1"	""	"0,00"	"0,00"	"0,00"	"205462"	"386718"	"205471"	"386700"	"2010-01-01"	"Intrekking:Activiteitenbesluit"
"Horst aan de Maas"	"5962NN4"	"voormalig bedrijf"	"Ja"	"Weijweg 4 5962NN MELDERSLO"	"Horst aan de Maas"	"1"	""	"0,00"	"0,00"	"0,00"	"204572"	"386698"	"204572"	"386698"	"2021-08-25"	"Intrekking:Omgevingsvergunning intrekking"
"Horst aan de Maas"	"5962NP5"	"Melkrundvee"	"Nee"	"Swolgensedijk 5 5962NP Melderslo"	"Horst aan de Maas"	"1"	"Nee"	"507,60"	"1.922,40"	"13.824,00"	"203777"	"386583"	"203743"	"386602"	"1991-12-24"	"Melding:"
"Horst aan de Maas"	"5962NS4"	"Vleesvarkens"	"Nee"	"Nieuwenhofweg 4 5962NS MELDERSLO"	"Horst aan de Maas"	"4"	"Nee"	"6.181,10"	"91.409,00"	"579.498,00"	"205264"	"386952"	"205302"	"386934"	"2016-05-12"	"Vergunning:Omgevingsvergunning revisie"
"Horst aan de Maas"	"5962NS7"	"voormalig bedrijf"	"Ja"	"Nieuwenhofweg 7 5962NS Melderslo"	"Horst aan de Maas"	"1"	""	"0,00"	"0,00"	"0,00"	"204791"	"387386"	"204762"	"387375"	"2021-08-24"	"Intrekking:Omgevingsvergunning intrekking"
"Horst aan de Maas"	"5962NT10"	"voormalig bedrijf"	"Ja"	"Leeuwerweg 10 5962NT MELDERSLO"	"Horst aan de Maas"	"1"	""	"0,00"	"0,00"	"0,00"	"204001"	"387053"	"204001"	"387053"	"2014-02-24"	"Intrekking:intrekking gehele veebestand"
"Horst aan de Maas"	"5962NT6"	"Vleesvee"	"Ja"	"Leeuwerweg 6 5962NT Melderslo"	"Horst aan de Maas"	"2"	"Nee"	"nu"	"nu"	"nu"	"204138"	"386963"	"204166"	"386996"	"2024-12-13"	"Bewijs bedrijfsbeëindiging OW"
"Horst aan de Maas"	"5962NV21"	"Paarden"	"Nee"	"Eikelenbosserdijk 21A 5962NV Melderslo"	"Horst aan de Maas"	"1"	"Nee"	"103,20"	"0,00"	"0,00"	"203666"	"387408"	"203661"	"387408"	"2008-03-28"	"Melding:"
"Horst aan de Maas"	"5962NW3"	"Paarden"	"Nee"	"Herenbosweg 3 5962NW Melderslo"	"Horst aan de Maas"	"2"	"Nee"	"64,20"	"46,80"	"0,00"	"202353"	"386561"	"202339"	"386584"	"2007-01-31"	"Melding:"
"Horst aan de Maas"	"5962NW33"	"Schapen"	"Nee"	"Herenbosweg 33 5962NW Melderslo"	"Horst aan de Maas"	"1"	"Nee"	"70,00"	"780,00"	"0,00"	"203655"	"387963"	"203642"	"387999"	"2002-03-26"	"Vergunning:"
"Horst aan de Maas"	"5962NW37"	"voormalig bedrijf"	"Ja"	"Herenbosweg 37 5962NW Melderslo"	"Horst aan de Maas"	"1"	"Ja"	"0,00"	"0,00"	"0,00"	"203833"	"388466"	"203738"	"388491"	"2021-03-04"	"Intrekking:Omgevingsvergunning intrekking"
"Horst aan de Maas"	"5962NX14"	"Melkrundvee"	"Nee"	"Herenbosweg 14 5962NX Melderslo"	"Horst aan de Maas"	"4"	"Nee"	"1.798,00"	"2.634,40"	"17.686,00"	"203130"	"387321"	"203179"	"387295"	"2024-06-10"	"Melding activiteitenbesluit"
"Horst aan de Maas"	"5962NX38"	"Vleesvee"	"Nee"	"Herenbosweg 38 5962NX Melderslo"	"Horst aan de Maas"	"1"	"Ja"	"314,50"	"117,00"	"5.890,00"	"203762"	"388135"	"203761"	"388112"	"2020-12-23"	"Intrekking:Omgevingsverg. gedeeltelijke intrekking"
"Horst aan de Maas"	"5962NX4"	"Ov.Pluimvee"	"Nee"	"Herenbosweg 4A 5962NX Melderslo"	"Horst aan de Maas"	"2"	"Nee"	"499,50"	"0,00"	"0,00"	"202549"	"386718"	"202596"	"386726"	"2003-09-23"	"Vergunning:"
"Horst aan de Maas"	"5963AC140"	"voormalig bedrijf"	"Ja"	"Stationsstraat 140 5963AC Hegelsom"	"Horst aan de Maas"	"4"	"Nee"	"0,00"	"0,00"	"0,00"	"200595"	"382610"	"200583"	"382630"	"2022-01-18"	"Intrekking:Omgevingsvergunning beperkte milieutoets"
"Horst aan de Maas"	"5963AH32"	"Konijnen"	"Nee"	"Reysenbeckstraat 32 5963AH HEGELSOM"	"Horst aan de Maas"	"1"	""	"110,25"	"134,00"	"4.200,00"	"200507"	"383832"	"200507"	"383832"	"1900-01-01"	"Melding:onbekend"
"Horst aan de Maas"	"5963AP74"	"Melkrundvee"	"Ja"	"Kogelstraat 74 5963AP Hegelsom"	"Horst aan de Maas"	"1"	"Nee"	"nu"	"nu"	"nu"	"200420"	"384135"	"200457"	"384105"	"2026-02-12"	"Bewijs bedrijfsbeëindiging OW"
"Horst aan de Maas"	"5963AS20"	"Leghennen"	"Nee"	"Hagelkruisweg 20 5963AS Hegelsom"	"Horst aan de Maas"	"1"	""	"2.292,70"	"13.133,00"	"2.437.690,00"	"200710"	"383575"	"200752"	"383615"	"2005-11-03"	"Vergunning:WM uitbreidings-wijzigingsvergunning"
"Horst aan de Maas"	"5963NB13"	"voormalig bedrijf"	"Ja"	"van Elzenweg 13 5963NB Hegelsom"	"Horst aan de Maas"	"1"	""	"0,00"	"0,00"	"0,00"	"201233"	"382843"	"201258"	"382851"	"2021-08-25"	"Intrekking:Omgevingsvergunning intrekking"
"Horst aan de Maas"	"5963NJ14"	"Vleesvarkens"	"Nee"	"Spoorweg 14 5963NJ Hegelsom"	"Horst aan de Maas"	"1"	"Nee"	"1.955,00"	"26.450,00"	"175.950,00"	"199832"	"382607"	"199861"	"382711"	"2009-09-23"	"Vergunning:Omgevingsvergunning verandering"
"Horst aan de Maas"	"5963NJ40"	"voormalig bedrijf"	"Ja"	"Spoorweg 40 5963NJ HEGELSOM"	"Horst aan de Maas"	"1"	""	"0,00"	"0,00"	"0,00"	"199079"	"382735"	"199079"	"382735"	"2014-03-13"	"Intrekking:intrekking gehele veebestand"
"Horst aan de Maas"	"5963NL30"	"Paarden"	"Nee"	"Heijnenstraat 30 5963NL Hegelsom"	"Horst aan de Maas"	"1"	"Nee"	"160,00"	"0,00"	"0,00"	"200099"	"383009"	"200056"	"382993"	"2007-02-28"	"Melding:"
"Horst aan de Maas"	"5963NL36"	"voormalig bedrijf"	"Ja"	"Heijnenstraat 36 5963NL Hegelsom"	"Horst aan de Maas"	"1"	""	"0,00"	"0,00"	"0,00"	"200088"	"382903"	"200071"	"382907"	"2007-10-09"	"Intrekking:Omgevingsvergunning intrekking"
"Horst aan de Maas"	"5963NL46"	"Leghennen"	"Nee"	"Heijnenstraat 46 5963NL Hegelsom"	"Horst aan de Maas"	"1"	"Nee"	"3.960,00"	"24.480,00"	"4.680.000,00"	"200009"	"382641"	"199961"	"382650"	"2012-03-01"	"Vergunning:"
"Horst aan de Maas"	"5963NN4"	"Paarden"	"Nee"	"Schoutenweg 4 5963NN Hegelsom"	"Horst aan de Maas"	"3"	"Nee"	"82,30"	"0,00"	"0,00"	"200280"	"382922"	"200308"	"382922"	"2006-04-07"	"Melding:milieu neutrale wijziging"
"Horst aan de Maas"	"5963NP3"	"voormalig bedrijf"	"Ja"	"Mevrouwsbosweg 3 5963NP Hegelsom"	"Horst aan de Maas"	"1"	""	"0,00"	"0,00"	"0,00"	"200087"	"383129"	"200063"	"383090"	"2007-01-22"	"Intrekking:Omgevingsvergunning intrekking"
"Horst aan de Maas"	"5963NS28"	"Vleesvarkens"	"Nee"	"Tongerloseweg 28 5963NS Hegelsom"	"Horst aan de Maas"	"4"	"Nee"	"1.938,00"	"22.557,50"	"180.081,00"	"199578"	"382746"	"199528"	"382747"	"2011-05-25"	"Vergunning:Omgevingsvergunning revisie"
"Horst aan de Maas"	"5963NS32"	"Paarden"	"Nee"	"Tongerloseweg 32 5963NS Hegelsom"	"Horst aan de Maas"	"4"	"Nee"	"194,20"	"0,00"	"0,00"	"199585"	"382463"	"199526"	"382464"	"2013-11-25"	"Melding:"
"Horst aan de Maas"	"5963NV67"	"Vleesvee"	"Nee"	"Langstraat 67 5963NV HEGELSOM"	"Horst aan de Maas"	"1"	"Nee"	"1.036,00"	"10.537,60"	"9.768,00"	"199749"	"383138"	"199749"	"383138"	"1991-11-05"	"Vergunning:Omgevingsvergunning revisie"
"Horst aan de Maas"	"5963NV75A"	"Zeugen"	"Nee"	"Langstraat 75A 5963NV HEGELSOM"	"Horst aan de Maas"	"3"	"Ja"	"3.238,20"	"63.005,60"	"336.000,00"	"199373"	"382964"	"199382"	"382960"	"2018-11-08"	"Vergunning:Omgevingsvergunning revisie"
"Horst aan de Maas"	"5963NV77"	"Vleesvee"	"Nee"	"Langstraat 77 5963NV Hegelsom"	"Horst aan de Maas"	"1"	"Nee"	"2.394,00"	"24.350,40"	"22.572,00"	"199276"	"382967"	"199193"	"382922"	"2006-09-08"	"Vergunning:"
"Horst aan de Maas"	"5963NW46"	"voormalig bedrijf"	"Ja"	"Langstraat 46 5963NW HEGELSOM"	"Horst aan de Maas"	"1"	""	"0,00"	"0,00"	"0,00"	"199866"	"383433"	"205202"	"383751"	"2011-07-12"	"Intrekking:intrekking gehele veebestand"
"Horst aan de Maas"	"5963NW52"	"voormalig bedrijf"	"Ja"	"Langstraat 52 5963NW Hegelsom"	"Horst aan de Maas"	"1"	"Nee"	"0,00"	"0,00"	"0,00"	"199741"	"383263"	"199733"	"383278"	"2003-03-12"	"Intrekking:Omgevingsvergunning intrekking"
"Horst aan de Maas"	"5963NW54"	"Vleesvee"	"Nee"	"Langstraat 54 5963NW Hegelsom"	"Horst aan de Maas"	"3"	"Nee"	"1.118,00"	"7.618,40"	"28.982,00"	"199695"	"383238"	"199670"	"383270"	"2001-12-18"	"Vergunning:"
"Horst aan de Maas"	"5963PA4"	"Paarden"	"Ja"	"Hillenweg 4 5963PA Hegelsom"	"Horst aan de Maas"	"1"	"Nee"	"nu"	"nu"	"nu"	"200278"	"384103"	"200272"	"384138"	"2026-02-06"	"Bewijs bedrijfsbeëindiging OW"
"Horst aan de Maas"	"5964AA7"	"voormalig bedrijf"	"Ja"	"St. Jansstraat 7 5964AA Meterik"	"Horst aan de Maas"	"1"	""	"0,00"	"0,00"	"0,00"	"199409"	"385372"	"199427"	"385383"	"2021-08-25"	"Intrekking:Omgevingsvergunning intrekking"
"Horst aan de Maas"	"5964AB31"	"voormalig bedrijf"	"Ja"	"St. Jansstraat 31 5964AB Meterik"	"Horst aan de Maas"	"1"	""	"0,00"	"0,00"	"0,00"	"199686"	"385424"	"199688"	"385438"	"2007-01-22"	"Intrekking:Omgevingsvergunning intrekking"
"Horst aan de Maas"	"5964AJ23"	"Paarden"	"Nee"	"Donkstraat 23 5964AJ Meterik"	"Horst aan de Maas"	"2"	"Nee"	"180,00"	"0,00"	"0,00"	"199761"	"384830"	"199821"	"384860"	"2010-01-14"	"Melding:"
"Horst aan de Maas"	"5964NB6"	"voormalig bedrijf"	"Ja"	"Schadijkerweg 6 5964NB METERIK"	"Horst aan de Maas"	"1"	""	"0,00"	"0,00"	"0,00"	"199292"	"385406"	"199292"	"385406"	"2014-02-24"	"Intrekking:intrekking gehele veebestand"
"Horst aan de Maas"	"5964NC1"	"Zeugen"	"Ja"	"Dr. Droesenweg 1 5964NC Meterik"	"Horst aan de Maas"	"4"	"Nee"	"0,00"	"0,00"	"0,00"	"198895"	"385845"	"198893"	"385774"	"2020-10-29"	"Intrekking:Omgevingsvergunning beperkte milieutoets"
"Horst aan de Maas"	"5964ND1"	"Paarden"	"Nee"	"Kempweg 1 5964ND Meterik"	"Horst aan de Maas"	"2"	"Nee"	"281,40"	"1.210,40"	"7.154,00"	"198992"	"386596"	"199011"	"386625"	"2007-07-17"	"Melding:"
"Horst aan de Maas"	"5964ND9C"	"Melkrundvee"	"Nee"	"Kempweg 9C 5964ND METERIK"	"Horst aan de Maas"	"3"	"Nee"	"2.300,00"	"0,00"	"22.652,00"	"199514"	"386628"	"199445"	"386589"	"2011-11-28"	"Melding:"
"Horst aan de Maas"	"5964NE2A"	"voormalig bedrijf"	"Ja"	"Kempweg 2A 5964NE METERIK"	"Horst aan de Maas"	"1"	"Nee"	"0,00"	"0,00"	"0,00"	"199059"	"386536"	"199059"	"386536"	"2009-01-01"	"Intrekking:Omgevingsvergunning beperkte milieutoets"
"Horst aan de Maas"	"5964NE4"	"voormalig bedrijf"	"Ja"	"Kempweg 4 5964NE Meterik"	"Horst aan de Maas"	"1"	"Nee"	"0,00"	"0,00"	"0,00"	"199133"	"386520"	"199109"	"386527"	"2006-01-01"	"Intrekking:Omgevingsvergunning beperkte milieutoets"
"Horst aan de Maas"	"5964NG5"	"Zeugen"	"Nee"	"Campsbosweg 5 5964NG Meterik"	"Horst aan de Maas"	"2"	""	"742,30"	"5.152,30"	"40.380,00"	"199095"	"386721"	"199087"	"386782"	"2013-08-22"	"Vergunning:"
"Horst aan de Maas"	"5964NH10"	"voormalig bedrijf"	"Ja"	"St. Maartensweg 10 5964NH Meterik"	"Horst aan de Maas"	"1"	""	"0,00"	"0,00"	"0,00"	"198529"	"386766"	"198503"	"386788"	"2021-08-25"	"Intrekking:Omgevingsvergunning intrekking"
"Horst aan de Maas"	"5964NH20"	"voormalig bedrijf"	"Ja"	"St. Maartensweg 20 5964NH Meterik"	"Horst aan de Maas"	"1"	""	"0,00"	"0,00"	"0,00"	"198197"	"386412"	"198166"	"386431"	"2002-12-14"	"Intrekking:Omgevingsvergunning intrekking"
"Horst aan de Maas"	"5964NH24"	"voormalig bedrijf"	"Ja"	"St. Maartensweg 24 5964NH Meterik"	"Horst aan de Maas"	"9"	""	"0,00"	"0,00"	"0,00"	"198061"	"385999"	"198039"	"386036"	"2021-06-24"	"Intrekking:Omgevingsvergunning intrekking"
"Horst aan de Maas"	"5964NH2A"	"Schapen"	"Nee"	"St. Maartensweg 2A 5964NH METERIK"	"Horst aan de Maas"	"1"	"Nee"	"52,50"	"585,00"	"0,00"	"198924"	"386643"	"198924"	"386643"	"2006-12-06"	"Melding:Activiteitenbesluit"
"Horst aan de Maas"	"5964NH3"	"Vleesvarkens"	"Nee"	"St. Maartensweg 3 5964NH Meterik"	"Horst aan de Maas"	"1"	"Nee"	"1.668,00"	"12.788,00"	"85.068,00"	"198598"	"386702"	"198589"	"386677"	"2001-09-10"	"Vergunning:Omgevingsvergunning verandering"
"Horst aan de Maas"	"5964NH5"	"voormalig bedrijf"	"Ja"	"St. Maartensweg 5 5964NH Meterik"	"Horst aan de Maas"	"1"	""	"0,00"	"0,00"	"0,00"	"198353"	"386552"	"198357"	"386510"	"2017-01-01"	"Intrekking:Omgevingsvergunning beperkte milieutoets"
"Horst aan de Maas"	"5964NH5A"	"voormalig bedrijf"	"Ja"	"St. Maartensweg 5A 5964NH METERIK"	"Horst aan de Maas"	"1"	"Nee"	"0,00"	"0,00"	"0,00"	"198285"	"386405"	"198285"	"386405"	"2014-11-21"	"Intrekking:Omgevingsvergunning intrekking"
"Horst aan de Maas"	"5964NH7"	"Vleesvarkens"	"Nee"	"St. Maartensweg 7 5964NH Meterik"	"Horst aan de Maas"	"3"	"Nee"	"1.336,50"	"6.831,00"	"45.441,00"	"198171"	"386306"	"198202"	"386332"	"2009-07-21"	"Vergunning:"
"Horst aan de Maas"	"5964NH8"	"Melkrundvee"	"Ja"	"St. Maartensweg 8 5964NH Meterik"	"Horst aan de Maas"	"3"	"Nee"	"nu"	"nu"	"nu"	"198610"	"386761"	"198636"	"386784"	"2026-04-20"	"Bewijs bedrijfsbeëindiging OW"
"Horst aan de Maas"	"5964NJ1"	"Zeugen"	"Nee"	"Bergsteeg 1 5964NJ Meterik"	"Horst aan de Maas"	"6"	"Nee"	"2.530,97"	"99.574,69"	"536.891,20"	"197921"	"385924"	"197838"	"385823"	"2018-03-15"	"Omgevingsvergunning-revisie"
"Horst aan de Maas"	"5964NJ4"	"voormalig bedrijf"	"Ja"	"Bergsteeg 4 5964NJ Meterik"	"Horst aan de Maas"	"1"	""	"0,00"	"0,00"	"0,00"	"197921"	"386012"	"197970"	"385986"	"2021-06-24"	"Intrekking:Omgevingsvergunning intrekking"
"Horst aan de Maas"	"5964NK5"	"Melkrundvee"	"Nee"	"Meteriksebaan 5 5964NK Meterik"	"Horst aan de Maas"	"1"	"Nee"	"180,40"	"0,00"	"1.558,00"	"197321"	"384901"	"197323"	"384866"	"2009-08-21"	"Melding:"
"Horst aan de Maas"	"5964NL61"	"Melkrundvee"	"Nee"	"Crommentuijnstraat 61 5964NL Meterik"	"Horst aan de Maas"	"2"	"Nee"	"1.954,50"	"4.094,00"	"31.584,00"	"198293"	"384897"	"198277"	"384868"	"1992-01-28"	"Melding:"
"Horst aan de Maas"	"5964NM34"	"Vleesvarkens"	"Nee"	"Crommentuijnstraat 34 5964NM Meterik"	"Horst aan de Maas"	"1"	"Nee"	"1.410,00"	"10.810,00"	"71.910,00"	"198744"	"385227"	"198791"	"385141"	"2021-05-26"	"Melding activiteitenbesluit met OBM"
"Horst aan de Maas"	"5964NM38"	"Vleesvarkens"	"Ja"	"Crommentuijnstraat 38 5964NM Meterik"	"Horst aan de Maas"	"1"	"Nee"	"nu"	"nu"	"nu"	"198783"	"385015"	"198770"	"385047"	"2025-04-03"	"Intrekken gehele veebestand OW"
"Horst aan de Maas"	"5964NN40"	"Vleesvarkens"	"Nee"	"Crommentuijnstraat 40 5964NN Meterik"	"Horst aan de Maas"	"2"	"Nee"	"1.748,00"	"20.620,80"	"176.256,00"	"198656"	"385106"	"198657"	"385128"	"2009-05-19"	"Vergunning:Omgevingsvergunning verandering"
"Horst aan de Maas"	"5964NN44"	"Paarden"	"Nee"	"Crommentuijnstraat 44 5964NN Meterik"	"Horst aan de Maas"	"1"	"Nee"	"250,00"	"0,00"	"0,00"	"198460"	"384925"	"198477"	"384974"	"2011-11-28"	"Melding:"
"Horst aan de Maas"	"5964NN46"	"Melkrundvee"	"Nee"	"Crommentuijnstraat 46 5964NN Meterik"	"Horst aan de Maas"	"2"	"Nee"	"1.329,60"	"0,00"	"11.964,00"	"198368"	"384927"	"198359"	"384869"	"2010-01-26"	"Melding:"
"Horst aan de Maas"	"5964NN56"	"Zeugen"	"Nee"	"Crommentuijnstraat 56 5964NN Meterik"	"Horst aan de Maas"	"14"	"Ja"	"6.252,61"	"72.257,72"	"577.456,10"	"198127"	"384923"	"198067"	"385100"	"2024-06-10"	"Omgevingsvergunning-verandering"
"Horst aan de Maas"	"5964NN68"	"Zeugen"	"Nee"	"Crommentuijnstraat 68 5964NN Meterik"	"Horst aan de Maas"	"4"	"Nee"	"2.643,90"	"17.969,50"	"137.815,00"	"197863"	"384944"	"197841"	"384974"	"2016-02-17"	"Melding:Activiteitenbesluit"
"Horst aan de Maas"	"5964NN70"	"Melkrundvee"	"Nee"	"Crommentuijnstraat 70 5964NN Meterik"	"Horst aan de Maas"	"2"	"Nee"	"1.499,00"	"0,00"	"13.490,00"	"197714"	"384970"	"197705"	"385007"	"2013-01-01"	"Vergunning:"
"Horst aan de Maas"	"5964NN74"	"Melkrundvee"	"Nee"	"Crommentuijnstraat 74 5964NN Meterik"	"Horst aan de Maas"	"4"	"Nee"	"2.058,20"	"0,00"	"19.310,00"	"197643"	"384985"	"197626"	"385013"	"2012-01-23"	"Melding:"
"Horst aan de Maas"	"5964NR11"	"Paarden"	"Nee"	"Kannegietweg 11 5964NR Meterik"	"Horst aan de Maas"	"1"	"Nee"	"194,20"	"0,00"	"0,00"	"198404"	"384283"	"198405"	"384292"	"2020-02-18"	"Melding:Activiteitenbesluit"
"Horst aan de Maas"	"5964NR4"	"Melkrundvee"	"Ja"	"Kannegietweg 4 5964NR Meterik"	"Horst aan de Maas"	"1"	"Nee"	"nu"	"nu"	"nu"	"198600"	"384033"	"198659"	"384062"	"2026-02-20"	"Bewijs bedrijfsbeëindiging OW"
"Horst aan de Maas"	"5964NR6"	"Leghennen"	"Nee"	"Kannegietweg 6 5964NR Meterik"	"Horst aan de Maas"	"3"	"Nee"	"1.379,42"	"11.045,24"	"2.111.590,00"	"198558"	"384234"	"198632"	"384264"	"2018-04-17"	"Melding:Activiteitenbesluit"
"Horst aan de Maas"	"5964NS1"	"voormalig bedrijf"	"Ja"	"Roothweg 1 5964NS METERIK"	"Horst aan de Maas"	"2"	""	"0,00"	"0,00"	"0,00"	"198987"	"384444"	"199004"	"384426"	"2014-04-10"	"Intrekking:intrekking gehele veebestand"
"Horst aan de Maas"	"5964NV40"	"voormalig bedrijf"	"Ja"	"Speulhofsbaan 40 5964NV Meterik"	"Horst aan de Maas"	"1"	""	"0,00"	"0,00"	"0,00"	"199390"	"384173"	"199368"	"384148"	"2003-05-21"	"Intrekking:Omgevingsvergunning intrekking"
"Horst aan de Maas"	"5964PA111"	"Paarden"	"Nee"	"Americaanseweg 111 5964PA Meterik"	"Horst aan de Maas"	"4"	"Nee"	"220,20"	"0,00"	"0,00"	"199029"	"383900"	"198975"	"383878"	"2001-12-11"	"Vergunning:"
"Horst aan de Maas"	"5964PB106"	"voormalig bedrijf"	"Ja"	"Americaanseweg 106 5964PB Meterik"	"Horst aan de Maas"	"1"	""	"0,00"	"0,00"	"0,00"	"199557"	"384368"	"199548"	"384389"	"2001-12-17"	"Intrekking:Omgevingsvergunning intrekking"
"Horst aan de Maas"	"5964PB110"	"voormalig bedrijf"	"Ja"	"Americaanseweg 110 5964PB Meterik"	"Horst aan de Maas"	"1"	""	"0,00"	"0,00"	"0,00"	"199215"	"384170"	"199190"	"384216"	"2010-01-01"	"Intrekking:Omgevingsvergunning intrekking"
"Horst aan de Maas"	"5964PC11"	"voormalig bedrijf"	"Ja"	"Reindonkerweg 11 5964PC Meterik"	"Horst aan de Maas"	"6"	"Ja"	"0,00"	"0,00"	"0,00"	"198365"	"383518"	"198369"	"383455"	"2021-03-03"	"Intrekking:Omgevingsvergunning intrekking"
"Horst aan de Maas"	"5964PE11"	"Paarden"	"Nee"	"Hazenkampweg 11 5964PE METERIK"	"Horst aan de Maas"	"1"	"Nee"	"180,00"	"0,00"	"0,00"	"199326"	"383513"	"199326"	"383513"	"2016-07-19"	"Melding:Activiteitenbesluit"
"Horst aan de Maas"	"5964PE19"	"Vleesvarkens"	"Nee"	"Hazenkampweg 19 5964PE Meterik"	"Horst aan de Maas"	"2"	""	"2.772,00"	"34.408,00"	"221.760,00"	"198692"	"383255"	"198736"	"383173"	"2018-07-16"	"Vergunning:Omgevingsvergunning beperkte milieutoets"
"Horst aan de Maas"	"5964PE4"	"Paarden"	"Nee"	"Hazenkampweg 8a 5964PE Meterik"	"Horst aan de Maas"	"2"	""	"205,00"	"0,00"	"0,00"	"199341"	"383697"	"199231"	"383694"	"2013-02-04"	"Melding:"
"Horst aan de Maas"	"5964PE9"	"voormalig bedrijf"	"Ja"	"Hazenkampweg 9 5964PE Meterik"	"Horst aan de Maas"	"3"	""	"0,00"	"0,00"	"0,00"	"199310"	"383586"	"199314"	"384215"	"2021-08-24"	"Intrekking:Omgevingsvergunning intrekking"
"Horst aan de Maas"	"5964PG9"	"voormalig bedrijf"	"Ja"	"Dwarsweg 9 5964PG METERIK"	"Horst aan de Maas"	"1"	""	"0,00"	"0,00"	"0,00"	"199073"	"383384"	"199073"	"383384"	"2011-04-26"	"Intrekking:intrekking gehele veebestand"
"Horst aan de Maas"	"5964PH26"	"Schapen"	"Nee"	"Campagneweg 26 5964PH METERIK"	"Horst aan de Maas"	"1"	"Nee"	"43,40"	"483,60"	"0,00"	"199296"	"383952"	"199296"	"383952"	"2022-04-01"	"Melding:Activiteitenbesluit"
"Horst aan de Maas"	"5964PH8"	"voormalig bedrijf"	"Ja"	"Campagneweg 8 5964PH Meterik"	"Horst aan de Maas"	"8"	""	"0,00"	"0,00"	"0,00"	"199734"	"384165"	"199725"	"384205"	"2015-09-10"	"Intrekking:Omgevingsvergunning intrekking"
"Horst aan de Maas"	"5966NA35"	"Vleesvee"	"Nee"	"Nieuwe Peeldijk 35 5966NA America"	"Horst aan de Maas"	"1"	"Nee"	"300,00"	"2.300,00"	"15.300,00"	"197264"	"383547"	"197278"	"383563"	"2010-11-09"	"Vergunning:Omgevingsvergunning revisie"
"Horst aan de Maas"	"5966NA55B"	"Vleesvarkens"	"Nee"	"Nieuwe Peeldijk 55B 5966NA AMERICA"	"Horst aan de Maas"	"1"	"Nee"	"6.435,60"	"92.348,00"	"618.408,00"	"198115"	"383922"	"198115"	"383922"	"2022-02-09"	"Omgevingsvergunning milieuneutraal"
"Horst aan de Maas"	"5966NB26"	"Biggen"	"Nee"	"Nieuwe Peeldijk 26 5966NB America"	"Horst aan de Maas"	"1"	"Nee"	"1.559,60"	"22.597,30"	"105.473,00"	"197217"	"383466"	"197252"	"383420"	"2017-07-13"	"Vergunning:Omgevingsvergunning revisie"
"Horst aan de Maas"	"5966NB36"	"voormalig bedrijf"	"Ja"	"Nieuwe Peeldijk 36 5966NB AMERICA"	"Horst aan de Maas"	"2"	""	"0,00"	"0,00"	"0,00"	"198015"	"383663"	"198019"	"383666"	"2017-08-03"	"Intrekking:Omgevingsvergunning intrekking"
"Horst aan de Maas"	"5966NB40"	"voormalig bedrijf"	"Ja"	"Nieuwe Peeldijk 40 5966NB AMERICA"	"Horst aan de Maas"	"7"	""	"0,00"	"0,00"	"0,00"	"198245"	"383751"	"198218"	"383719"	"2013-10-08"	"Intrekking:intrekking gehele veebestand"
"Horst aan de Maas"	"5966ND15"	"Vleesvarkens"	"Nee"	"Hoebertweg 15A 5966ND America"	"Horst aan de Maas"	"1"	"Ja"	"7.603,20"	"272.025,60"	"523.776,00"	"197317"	"383084"	"197407"	"383057"	"2020-05-14"	"Vergunning:Beschikking eerste fase"
"Horst aan de Maas"	"5966NE39"	"voormalig bedrijf"	"Ja"	"Hofweg 39 5966NE America"	"Horst aan de Maas"	"1"	""	"0,00"	"0,00"	"0,00"	"197562"	"383884"	"197543"	"383917"	"2021-08-24"	"Intrekking:Omgevingsvergunning intrekking"
"Horst aan de Maas"	"5966NE51"	"Vleesvarkens"	"Nee"	"Hofweg 51 5966NE America"	"Horst aan de Maas"	"2"	"Nee"	"1.706,40"	"17.553,60"	"112.104,00"	"198102"	"384070"	"198081"	"384121"	"2013-11-14"	"Vergunning:Omgevingsvergunning beperkte milieutoets"
"Horst aan de Maas"	"5966NG30"	"Melkrundvee"	"Nee"	"Hofweg 30 5966NG America"	"Horst aan de Maas"	"1"	"Nee"	"80,50"	"178,00"	"1.215,00"	"197763"	"383896"	"197749"	"383829"	"2012-07-12"	"Intrekking:Omgevingsverg. gedeeltelijke intrekking"
"Horst aan de Maas"	"5966NS97"	"Melkrundvee"	"Nee"	"Gerard Smuldersstraat 97 5966NS America"	"Horst aan de Maas"	"2"	"Nee"	"859,00"	"71,20"	"7.722,00"	"195867"	"383988"	"195845"	"384006"	"2007-05-08"	"Melding:"
"Horst aan de Maas"	"5966NV9"	"Melkrundvee"	"Nee"	"Slikweg 9 5966NV America"	"Horst aan de Maas"	"2"	"Nee"	"3.121,60"	"0,00"	"32.716,00"	"196374"	"383792"	"196422"	"383800"	"2009-05-04"	"Melding:"
"Horst aan de Maas"	"5966PG17"	"voormalig bedrijf"	"Ja"	"Lorbaan 17 5966PG America"	"Horst aan de Maas"	"3"	""	"0,00"	"0,00"	"0,00"	"195312"	"385959"	"195309"	"385941"	"2015-07-21"	"Intrekking:Omgevingsvergunning intrekking"
"Horst aan de Maas"	"5966PG19"	"Vleesvarkens"	"Nee"	"Lorbaan 19 5966PG America"	"Horst aan de Maas"	"6"	"Nee"	"2.302,50"	"27.057,00"	"924.990,00"	"195438"	"386111"	"195387"	"386085"	"2014-03-14"	"Vergunning:Omgevingsvergunning beperkte milieutoets"
"Horst aan de Maas"	"5966PG6"	"Vleesvarkens"	"Nee"	"Lorbaan 6 5966PG America"	"Horst aan de Maas"	"5"	"Ja"	"4.462,80"	"55.814,40"	"415.212,00"	"195530"	"386167"	"195587"	"386171"	"2015-02-26"	"Vergunning:"
"Horst aan de Maas"	"5966PJ4"	"Melkrundvee"	"Ja"	"Peelheideweg 4 5966PJ America"	"Horst aan de Maas"	"2"	"Nee"	"nu"	"nu"	"nu"	"195608"	"384708"	"195586"	"384743"	"2024-12-13"	"Bewijs bedrijfsbeëindiging OW"
"Horst aan de Maas"	"5966PJ8"	"voormalig bedrijf"	"Ja"	"Peelheideweg 8 5966PJ AMERICA"	"Horst aan de Maas"	"1"	""	"0,00"	"0,00"	"0,00"	"194690"	"384881"	"194690"	"384881"	"2021-08-24"	"Intrekking:Omgevingsvergunning intrekking"
"Horst aan de Maas"	"5966PK2"	"Melkrundvee"	"Nee"	"Midden Peelweg 2 5966PK America"	"Horst aan de Maas"	"2"	"Nee"	"3.229,40"	"0,00"	"29.030,00"	"193442"	"385788"	"193407"	"385748"	"2009-11-12"	"Melding:"
"Horst aan de Maas"	"5966PK4"	"Vleesvarkens"	"Nee"	"Midden Peelweg 4 5966PK America"	"Horst aan de Maas"	"3"	"Ja"	"4.059,00"	"38.226,00"	"245.052,00"	"193498"	"385629"	"193417"	"385597"	"2014-12-23"	"Vergunning:Omgevingsvergunning verandering"
"Horst aan de Maas"	"5966PL20"	"Melkrundvee"	"Nee"	"Laagheideweg 20 5966PL America"	"Horst aan de Maas"	"3"	"Nee"	"2.159,50"	"0,00"	"27.130,00"	"194015"	"385702"	"194035"	"385746"	"2016-04-05"	"Melding:Activiteitenbesluit"
"Horst aan de Maas"	"5966PM11"	"Paarden"	"Nee"	"Dorperpeelweg 11 5966PM America"	"Horst aan de Maas"	"1"	"Nee"	"15,00"	"0,00"	"0,00"	"193300"	"384290"	"193277"	"384272"	"2007-03-30"	"Melding:"
"Horst aan de Maas"	"5966PM12"	"voormalig bedrijf"	"Ja"	"Dorperpeelweg 12 5966PM AMERICA"	"Horst aan de Maas"	"1"	""	"0,00"	"0,00"	"0,00"	"192895"	"384444"	"192895"	"384444"	"2013-10-23"	"Intrekking:intrekking gehele veebestand"
"Horst aan de Maas"	"5966PM15"	"Vleesvee"	"Nee"	"Dorperpeelweg 15 5966PM America"	"Horst aan de Maas"	"2"	"Nee"	"1.362,10"	"9.149,20"	"43.690,00"	"192896"	"384352"	"192897"	"384273"	"2024-06-24"	"Melding activiteitenbesluit met OBM"
"Horst aan de Maas"	"5966PM18"	"Melkrundvee"	"Ja"	"Dorperpeelweg 18 5966PM America"	"Horst aan de Maas"	"1"	"Nee"	"nu"	"nu"	"nu"	"192537"	"384585"	"192572"	"384622"	"2026-01-29"	"Bewijs bedrijfsbeëindiging OW"
"Horst aan de Maas"	"5966PM19"	"voormalig bedrijf"	"Ja"	"Dorperpeelweg 19 5966PM America"	"Horst aan de Maas"	"1"	"Nee"	"0,00"	"0,00"	"0,00"	"192507"	"384511"	"192456"	"384504"	"2014-04-10"	"Intrekking:Omgevingsvergunning beperkte milieutoets"
"Horst aan de Maas"	"5966PM4"	"Melkrundvee"	"Nee"	"Dorperpeelweg 4 5966PM America"	"Horst aan de Maas"	"3"	"Nee"	"1.803,00"	"0,00"	"19.680,00"	"193987"	"384259"	"193967"	"384312"	"2016-11-23"	"Melding:Activiteitenbesluit"
"Horst aan de Maas"	"5966PM8"	"voormalig bedrijf"	"Ja"	"Dorperpeelweg 8 5966PM AMERICA"	"Horst aan de Maas"	"1"	""	"0,00"	"0,00"	"0,00"	"193388"	"384397"	"193388"	"384397"	"2012-02-14"	"Intrekking:intrekking gehele veebestand"
"Horst aan de Maas"	"5966PM9"	"voormalig bedrijf"	"Ja"	"Dorperpeelweg 9 5966PM America"	"Horst aan de Maas"	"5"	"Nee"	"0,00"	"0,00"	"0,00"	"193599"	"384242"	"193619"	"384198"	"2022-04-19"	"Intrekking:Omgevingsvergunning beperkte milieutoets"
"Horst aan de Maas"	"5966PS26"	"Melkrundvee"	"Nee"	"Putweg 26 5966PS America"	"Horst aan de Maas"	"4"	"Nee"	"4.101,80"	"356,00"	"60.156,00"	"195114"	"383394"	"195119"	"383468"	"2025-09-04"	"Omgevingsvergunning-revisie"
"Horst aan de Maas"	"5966PT37"	"Vleesvarkens"	"Nee"	"Griendtsveenseweg 37 5966PT America"	"Horst aan de Maas"	"1"	"Nee"	"180,00"	"9.660,00"	"59.670,00"	"195134"	"383254"	"195095"	"383155"	"2020-05-14"	"Melding activiteitenbesluit met OBM"
"Horst aan de Maas"	"5966PT45"	"Leghennen"	"Nee"	"Griendtsveenseweg 45 5966PT America"	"Horst aan de Maas"	"2"	"Nee"	"2.047,50"	"2.210,00"	"546.000,00"	"194808"	"383267"	"194776"	"383212"	"1978-07-24"	"Vergunning:"
"Horst aan de Maas"	"5966PV93"	"Melkrundvee"	"Nee"	"Griendtsveenseweg 93 5966PV America"	"Horst aan de Maas"	"2"	"Nee"	"268,40"	"0,00"	"2.318,00"	"193093"	"383414"	"193059"	"383370"	"2015-03-19"	"Melding:Activiteitenbesluit"
"Horst aan de Maas"	"5966PX5"	"Paarden"	"Nee"	"Veenweg 5 5966PX America"	"Horst aan de Maas"	"1"	"Nee"	"90,90"	"0,00"	"0,00"	"194330"	"383117"	"194357"	"383131"	"2019-11-22"	"Melding:Activiteitenbesluit"
"Horst aan de Maas"	"5966PZ5"	"Melkrundvee"	"Nee"	"Eickhorsterweg 5 5966PZ America"	"Horst aan de Maas"	"2"	""	"2.038,40"	"0,00"	"18.326,00"	"197063"	"384233"	"197030"	"384259"	"2008-03-14"	"Melding:"
"Horst aan de Maas"	"5966RA30"	"voormalig bedrijf"	"Ja"	" 30 5966RA "	"Horst aan de Maas"	"1"	""	"0,00"	"0,00"	"0,00"	"194776"	"383025"	"194776"	"383025"	"2000-01-01"	"Intrekking:Activiteitenbesluit"
"Horst aan de Maas"	"5966RC5"	"voormalig bedrijf"	"Ja"	"Schaapherdersweg 5 5966RC America"	"Horst aan de Maas"	"1"	""	"0,00"	"0,00"	"0,00"	"195015"	"382433"	"194993"	"382435"	"2007-03-26"	"Intrekking:Omgevingsvergunning intrekking"
"Horst aan de Maas"	"5966RD20"	"Paarden"	"Nee"	"Slengweg 20 5966RD America"	"Horst aan de Maas"	"2"	"Nee"	"110,00"	"0,00"	"0,00"	"194792"	"382546"	"194825"	"382579"	"2001-10-25"	"Vergunning:"
"Horst aan de Maas"	"5966RE16"	"voormalig bedrijf"	"Ja"	"Midden Peelweg 16 5966RE America"	"Horst aan de Maas"	"8"	"Nee"	"0,00"	"0,00"	"0,00"	"194043"	"383243"	"194006"	"383229"	"2021-04-26"	"Intrekking:Omgevingsvergunning intrekking"
"Horst aan de Maas"	"5966RE18"	"Paarden"	"Nee"	"Midden Peelweg 18 5966RE America"	"Horst aan de Maas"	"1"	"Nee"	"158,60"	"0,00"	"0,00"	"194070"	"382923"	"193965"	"382914"	"2005-05-30"	"Vergunning:"
"Horst aan de Maas"	"5966RH33"	"voormalig bedrijf"	"Ja"	"Zwarte Plakweg 33 5966RH AMERICA"	"Horst aan de Maas"	"1"	""	"0,00"	"0,00"	"0,00"	"195839"	"382771"	"195839"	"382771"	"2014-02-24"	"Intrekking:intrekking gehele veebestand"
"Horst aan de Maas"	"5966RH36"	"Vleesvarkens"	"Ja"	" 36 5966RH "	"Horst aan de Maas"	"1"	""	"nu"	"nu"	"nu"	"195684"	"382790"	"195684"	"382790"	"2025-11-18"	"Bewijs bedrijfsbeëindiging OW"
"Horst aan de Maas"	"5966RJ59"	"Zeugen"	"Nee"	"Zwarte Plakweg 59 5966RJ America"	"Horst aan de Maas"	"4"	"Ja"	"1.094,15"	"24.498,98"	"79.016,20"	"194508"	"382160"	"194522"	"382109"	"2019-02-14"	"Vergunning:Omgevingsvergunning revisie"
"Horst aan de Maas"	"5966RJ85"	"Zeugen"	"Nee"	"Zwarte Plakweg 85 5966RJ America"	"Horst aan de Maas"	"6"	"Nee"	"1.577,30"	"19.326,50"	"176.255,00"	"192963"	"381807"	"192943"	"381761"	"2007-01-30"	"Omgevingsvergunning-revisie"
"Horst aan de Maas"	"5966RJ85A"	"Melkrundvee"	"Ja"	"Zwarte Plakweg 85A 5966RJ AMERICA"	"Horst aan de Maas"	"1"	"Nee"	"nu"	"nu"	"nu"	"192910"	"381782"	"192910"	"381782"	"2023-12-22"	"Intrekking gehele veebestand"
"Horst aan de Maas"	"5966RK36"	"Vleesvarkens"	"Nee"	"Zwarte Plakweg 36 5966RK America"	"Horst aan de Maas"	"1"	""	"1.320,00"	"10.120,00"	"67.320,00"	"195695"	"382742"	"195677"	"382827"	"1979-10-10"	"Vergunning:"
"Horst aan de Maas"	"5966RL62"	"Paarden"	"Nee"	"Zwarte Plakweg 62 5966RL America"	"Horst aan de Maas"	"2"	"Nee"	"88,40"	"0,00"	"0,00"	"194700"	"382336"	"194672"	"382347"	"2015-12-17"	"Melding:Activiteitenbesluit"
"Horst aan de Maas"	"5966RL86"	"Melkrundvee"	"Nee"	"Zwarte Plakweg 86 5966RL America"	"Horst aan de Maas"	"3"	""	"2.058,60"	"0,00"	"18.804,00"	"193166"	"381903"	"193134"	"381929"	"2011-02-04"	"Melding:"
"Horst aan de Maas"	"5966RN14"	"voormalig bedrijf"	"Ja"	"Bloemvenweg 14 5966RN America"	"Horst aan de Maas"	"1"	""	"0,00"	"0,00"	"0,00"	"195565"	"382360"	"195586"	"382331"	"2010-01-01"	"Intrekking:Omgevingsvergunning intrekking"
"Horst aan de Maas"	"5966RP13"	"voormalig bedrijf"	"Ja"	"Saarweg 13 5966RP AMERICA"	"Horst aan de Maas"	"1"	""	"0,00"	"0,00"	"0,00"	"196854"	"382813"	"196854"	"382813"	"2015-12-10"	"Intrekking:Omgevingsvergunning intrekking"
"Horst aan de Maas"	"5966RP17"	"zeer gering van omvang"	"Nee"	"Saarweg 17 5966RP AMERICA"	"Horst aan de Maas"	"1"	""	"30,00"	"230,00"	"1.530,00"	"196734"	"382684"	"196731"	"382706"	"2015-03-22"	"Melding:"
"Horst aan de Maas"	"5966RP19"	"voormalig bedrijf"	"Ja"	"Saarweg 19 5966RP America"	"Horst aan de Maas"	"1"	""	"0,00"	"0,00"	"0,00"	"196648"	"382686"	"196693"	"382708"	"2010-01-01"	"Intrekking:Omgevingsvergunning intrekking"
"Horst aan de Maas"	"5966RS11"	"Melkrundvee"	"Nee"	"Graafsebosweg 11 5966RS AMERICA"	"Horst aan de Maas"	"1"	"Nee"	"1.448,70"	"0,00"	"15.564,00"	"197007"	"382391"	"196808"	"382529"	"2009-06-23"	"Melding:Activiteitenbesluit"
"Horst aan de Maas"	"5966RS4"	"Paarden"	"Nee"	"Graafsebosweg 4 5966RS America"	"Horst aan de Maas"	"1"	"Nee"	"91,30"	"0,00"	"0,00"	"196115"	"382772"	"196097"	"382757"	"2019-03-22"	"Melding:Activiteitenbesluit"
"Horst aan de Maas"	"5971BV77"	"Paarden"	"Nee"	"Lottumseweg 77 5971BV Grubbenvorst"	"Horst aan de Maas"	"1"	"Nee"	"132,00"	"0,00"	"0,00"	"207920"	"382716"	"207867"	"382761"	"2016-03-28"	"Melding:Activiteitenbesluit"
"Horst aan de Maas"	"5971EA20"	"voormalig bedrijf"	"Ja"	"Hagelkruisweg 20 5971EA GRUBBENVORST"	"Horst aan de Maas"	"1"	"Nee"	"nu"	"nu"	"nu"	"207672"	"382244"	"207672"	"382244"	"2023-01-25"	"Bewijs bedrijfsbeëindiging"
"Horst aan de Maas"	"5971NA1"	"voormalig bedrijf"	"Ja"	"Raaieind 1 5971NA Grubbenvorst"	"Horst aan de Maas"	"1"	""	"0,00"	"0,00"	"0,00"	"207912"	"378845"	"207908"	"378799"	"2021-08-24"	"Intrekking:Omgevingsvergunning intrekking"
"Horst aan de Maas"	"5971ND23"	"voormalig bedrijf"	"Ja"	"Horsterweg 23 5971ND GRUBBENVORST"	"Horst aan de Maas"	"1"	""	"0,00"	"0,00"	"0,00"	"205046"	"381515"	"205046"	"381515"	"2014-11-12"	"Intrekking:intrekking gehele veebestand"
"Horst aan de Maas"	"5971NS34"	"voormalig bedrijf"	"Ja"	"Witveldweg 34 5971NS Grubbenvorst"	"Horst aan de Maas"	"1"	""	"0,00"	"0,00"	"0,00"	"205128"	"383223"	"205133"	"383257"	"2021-08-25"	"Intrekking:Omgevingsvergunning intrekking"
"Horst aan de Maas"	"5971NS35"	"Vleeskuikens"	"Nee"	"Witveldweg 35 5971NS GRUBBENVORST"	"Horst aan de Maas"	"5"	"Ja"	"3.839,00"	"253.658,90"	"15.542.841,60"	"204810"	"382937"	"204823"	"382893"	"2014-12-16"	"Vergunning:Omgevingsvergunning oprichting"
"Horst aan de Maas"	"5971NS44"	"Vleesvarkens"	"Nee"	"Witveldweg 44 5971NS Grubbenvorst"	"Horst aan de Maas"	"4"	"Ja"	"10.576,71"	"119.811,80"	"763.614,00"	"204642"	"383371"	"204667"	"383482"	"2013-02-28"	"Vergunning:Omgevingsvergunning revisie"
"Horst aan de Maas"	"5971NS48"	"Zeugen"	"Nee"	"Witveldweg 48 5971NS Grubbenvorst"	"Horst aan de Maas"	"9"	"Ja"	"9.048,18"	"112.960,00"	"922.924,00"	"204429"	"383426"	"204456"	"383511"	"2010-05-25"	"Vergunning:"
"Horst aan de Maas"	"5971NS54"	"voormalig bedrijf"	"Ja"	"Witveldweg 54 5971NS Grubbenvorst"	"Horst aan de Maas"	"1"	""	"0,00"	"0,00"	"0,00"	"204188"	"383505"	"204201"	"383518"	"2021-08-25"	"Intrekking:Omgevingsvergunning intrekking"
"Horst aan de Maas"	"5971NS60"	"Biggen"	"Nee"	"Witveldweg 60 5971NS Grubbenvorst"	"Horst aan de Maas"	"6"	"Nee"	"1.357,00"	"11.237,90"	"99.625,00"	"203952"	"383617"	"203966"	"383650"	"2012-12-27"	"Vergunning:Omgevingsvergunning Inrichting"
"Horst aan de Maas"	"5971PA21"	"Vleesvee"	"Nee"	"Losbaan 21 5971PA GRUBBENVORST"	"Horst aan de Maas"	"2"	"Nee"	"8.750,00"	"89.000,00"	"82.500,00"	"205138"	"383741"	"205168"	"383737"	"2012-04-17"	"Vergunning:onbekend"
"Horst aan de Maas"	"5971PE9"	"Vleesvarkens"	"Nee"	"Laagheide 9 5971PE Grubbenvorst"	"Horst aan de Maas"	"11"	"Ja"	"12.403,23"	"334.414,70"	"886.388,00"	"204356"	"383964"	"204410"	"384299"	"2014-01-21"	"Vergunning:Omgevingsvergunning revisie"
"Horst aan de Maas"	"5973NB22"	"voormalig bedrijf"	"Ja"	"Grubbenvorsterweg 22 5973NB LOTTUM"	"Horst aan de Maas"	"1"	""	"0,00"	"0,00"	"0,00"	"208289"	"385046"	"208289"	"385046"	"2013-11-13"	"Intrekking:intrekking gehele veebestand"
"Horst aan de Maas"	"5973NV4"	"voormalig bedrijf"	"Ja"	"Past Kerboschlaan 4 5973NV Lottum"	"Horst aan de Maas"	"1"	""	"0,00"	"0,00"	"0,00"	"208910"	"386176"	"208933"	"386168"	"2021-08-24"	"Intrekking:Omgevingsvergunning intrekking"
"Horst aan de Maas"	"5973NX42"	"voormalig bedrijf"	"Ja"	"Broekhuizerweg 42 5973NX Lottum"	"Horst aan de Maas"	"1"	""	"0,00"	"0,00"	"0,00"	"209143"	"386996"	"209170"	"386992"	"2007-05-09"	"Intrekking:Omgevingsvergunning beperkte milieutoets"
"Horst aan de Maas"	"5973NX46"	"voormalig bedrijf"	"Ja"	"Broekhuizerweg 46 5973NX Lottum"	"Horst aan de Maas"	"1"	""	"0,00"	"0,00"	"0,00"	"209173"	"387317"	"209182"	"387319"	"2015-06-18"	"Intrekking:Omgevingsvergunning beperkte milieutoets"
"Horst aan de Maas"	"5973PE15"	"Paarden"	"Nee"	"Hombergerweg 15 5973PE Lottum"	"Horst aan de Maas"	"2"	"Nee"	"86,00"	"414,00"	"2.754,00"	"207992"	"386372"	"208019"	"386389"	"2012-03-13"	"Vergunning:gedeeltelijke intrekking"
"Horst aan de Maas"	"5973PE21"	"Zeugen"	"Ja"	"Hombergerweg 21 5973PE Lottum"	"Horst aan de Maas"	"6"	"Nee"	"846,20"	"4.661,00"	"38.935,00"	"207977"	"386509"	"208196"	"386652"	"2011-05-03"	"Vergunning:"
"Horst aan de Maas"	"5973PH70"	"Melkrundvee"	"Ja"	"Hombergerweg 70 5973PH Lottum"	"Horst aan de Maas"	"2"	"Nee"	"nu"	"nu"	"nu"	"207632"	"386641"	"207610"	"386636"	"2018-01-16"	"Melding beëindiging veehouderij"
"Horst aan de Maas"	"5973PH84"	"voormalig bedrijf"	"Ja"	"Hombergerweg 84 5973PH LOTTUM"	"Horst aan de Maas"	"1"	""	"0,00"	"0,00"	"0,00"	"207385"	"386037"	"207415"	"386059"	"2011-06-28"	"Intrekking:intrekking gehele veebestand"
"Horst aan de Maas"	"5973PJ1"	"Paarden"	"Nee"	"Vonkelseweg 1 5973PJ Lottum"	"Horst aan de Maas"	"1"	"Nee"	"31,90"	"106,80"	"443,00"	"207720"	"386753"	"207705"	"386832"	"2015-03-16"	"Intrekking:Activiteitenbesluit"
"Horst aan de Maas"	"5973PR112"	"Vleesvarkens"	"Nee"	"Horsterdijk 112 5973PR LOTTUM"	"Horst aan de Maas"	"1"	"Nee"	"3.240,00"	"16.560,00"	"110.160,00"	"205269"	"385507"	"205270"	"385511"	"1997-01-14"	"Vergunning:"
"Horst aan de Maas"	"5973PR70"	"voormalig bedrijf"	"Ja"	"Horsterdijk 70 5973PR Lottum"	"Horst aan de Maas"	"1"	""	"0,00"	"0,00"	"0,00"	"207460"	"385903"	"207456"	"385942"	"2009-04-21"	"Intrekking:Omgevingsvergunning intrekking"
"Horst aan de Maas"	"5973PV11"	"voormalig bedrijf"	"Ja"	"Zwaanen Heike 11 5973PV Lottum"	"Horst aan de Maas"	"1"	""	"0,00"	"0,00"	"0,00"	"207685"	"386101"	"208045"	"385260"	"2021-08-25"	"Intrekking:Omgevingsvergunning intrekking"
"Horst aan de Maas"	"5973PV13"	"voormalig bedrijf"	"Ja"	"Zwaanen Heike 13 5973PV Lottum"	"Horst aan de Maas"	"1"	""	"0,00"	"0,00"	"0,00"	"207775"	"386188"	"207765"	"386174"	"2010-01-01"	"Intrekking:Omgevingsvergunning intrekking"
"Horst aan de Maas"	"5973PW10"	"Zeugen"	"Nee"	"Stokterweg 10 5973PW Lottum"	"Horst aan de Maas"	"8"	"Nee"	"2.193,70"	"15.391,20"	"111.060,00"	"208508"	"386707"	"208522"	"386715"	"1988-03-01"	"Vergunning:"
"Horst aan de Maas"	"5973PW19"	"voormalig bedrijf"	"Ja"	"Stokterweg 19 5973PW LOTTUM"	"Horst aan de Maas"	"1"	""	"0,00"	"0,00"	"0,00"	"208407"	"387163"	"208389"	"387170"	"2010-04-27"	"Intrekking:intrekking gehele veebestand"
"Horst aan de Maas"	"5973RB2"	"voormalig bedrijf"	"Ja"	" 2 5973RB "	"Horst aan de Maas"	"1"	"Nee"	"0,00"	"0,00"	"0,00"	"208405"	"385457"	"208405"	"385457"	"2010-01-01"	"Intrekking:Omgevingsvergunning beperkte milieutoets"
"Horst aan de Maas"	"5973RB39"	"voormalig bedrijf"	"Ja"	"Zandterweg 39A 5973RB LOTTUM"	"Horst aan de Maas"	"1"	""	"3.605,00"	"44.667,20"	"484.280,00"	"207401"	"385613"	"207401"	"385613"	"2018-03-01"	"Intrekking:Omgevingsvergunning intrekking"
"Horst aan de Maas"	"5973RC2"	"voormalig bedrijf"	"Ja"	"Zandterweg 2 5973RC Lottum"	"Horst aan de Maas"	"1"	"Nee"	"0,00"	"0,00"	"0,00"	"208416"	"385443"	"208416"	"385463"	"2010-01-01"	"Intrekking:Omgevingsvergunning intrekking"
"Horst aan de Maas"	"5973RD11"	"Zeugen"	"Nee"	"Wielder 11 5973RD Lottum"	"Horst aan de Maas"	"5"	"Nee"	"1.579,45"	"20.612,00"	"152.397,00"	"208062"	"385302"	"208034"	"385248"	"1994-06-14"	"Vergunning:"
"Horst aan de Maas"	"5973RE5"	"voormalig bedrijf"	"Ja"	"Houthuizerweg 5 5973RE Lottum"	"Horst aan de Maas"	"1"	""	"0,00"	"0,00"	"0,00"	"207866"	"384401"	"207855"	"384394"	"2021-08-24"	"Intrekking:Omgevingsvergunning intrekking"
"Horst aan de Maas"	"5973RE9"	"voormalig bedrijf"	"Ja"	"Houthuizerweg 9 5973RE Lottum"	"Horst aan de Maas"	"1"	""	"0,00"	"0,00"	"0,00"	"207766"	"384325"	"207744"	"384317"	"2010-03-09"	"Intrekking:Omgevingsvergunning intrekking"
"Horst aan de Maas"	"5973RK6"	"Vleesvarkens"	"Nee"	"Hoogheide 6 5973RK Lottum"	"Horst aan de Maas"	"5"	"Nee"	"3.583,50"	"33.269,00"	"204.229,00"	"204614"	"384663"	"204532"	"384654"	"2013-02-07"	"Vergunning:"
"Horst aan de Maas"	"5973RL12"	"Zeugen"	"Nee"	"Losbaan 12 5973RL LOTTUM"	"Horst aan de Maas"	"1"	"Ja"	"668,80"	"20.369,60"	"55.514,00"	"205615"	"383747"	"205615"	"383747"	"2010-06-22"	"Vergunning:Omgevingsvergunning verandering"
"Horst aan de Maas"	"5973RL26"	"Vleesvarkens"	"Nee"	"Losbaan 26 5973RL LOTTUM"	"Horst aan de Maas"	"1"	""	"979,20"	"35.033,60"	"67.456,00"	"205082"	"384035"	"205107"	"384077"	"2009-03-16"	"Vergunning:"
"Horst aan de Maas"	"5973RL42"	"Geiten"	"Nee"	"Losbaan 42 5973RL LOTTUM"	"Horst aan de Maas"	"2"	"Nee"	"2.160,00"	"22.398,50"	"23.030,00"	"204542"	"384315"	"204530"	"384320"	"2015-05-03"	"Melding:"
"Horst aan de Maas"	"5975BX3"	"voormalig bedrijf"	"Ja"	"Staarterstraat 3 5975BX SEVENUM"	"Horst aan de Maas"	"5"	""	"0,00"	"0,00"	"0,00"	"199606"	"380186"	"199631"	"380179"	"2009-10-12"	"Intrekking:intrekking gehele veebestand"
"Horst aan de Maas"	"5975CD21"	"Leghennen"	"Nee"	"Steeg 21 5975CD Sevenum"	"Horst aan de Maas"	"5"	"Nee"	"5.436,00"	"26.520,00"	"5.070.000,00"	"199209"	"379773"	"199322"	"379695"	"2014-05-15"	"Vergunning:milieu neutrale wijziging"
"Horst aan de Maas"	"5975MS16A"	"Paarden"	"Nee"	"Helenaveenseweg 16A 5975MS SEVENUM"	"Horst aan de Maas"	"2"	"Nee"	"133,50"	"0,00"	"0,00"	"198167"	"379057"	"198169"	"379078"	"2008-03-07"	"Melding:"
"Horst aan de Maas"	"5975MS23"	"Zeugen"	"Nee"	"Helenaveenseweg 23 5975MS Sevenum"	"Horst aan de Maas"	"7"	"Nee"	"1.909,01"	"43.337,20"	"197.547,00"	"197914"	"378943"	"197997"	"378913"	"2013-08-15"	"Vergunning:"
"Horst aan de Maas"	"5975MT5"	"Melkrundvee"	"Nee"	"Schatbroekdijk 5 5975MT Sevenum"	"Horst aan de Maas"	"3"	""	"1.859,20"	"0,00"	"25.030,00"	"197176"	"377656"	"197145"	"377686"	"2012-02-09"	"Melding:"
"Horst aan de Maas"	"5975MT5"	"Melkrundvee"	"Nee"	"Schatbroekdijk 5 5975MT Sevenum"	"Horst aan de Maas"	"3"	""	"1.708,40"	"0,00"	"15.560,00"	"197176"	"377656"	"197128"	"377661"	"2012-02-09"	"Melding:onbekend"
"Horst aan de Maas"	"5975MV5"	"Melkrundvee"	"Nee"	"Rieterdijk 5 5975MV Sevenum"	"Horst aan de Maas"	"1"	""	"385,00"	"0,00"	"3.900,00"	"198260"	"377760"	"198302"	"377777"	"1997-03-27"	"Melding:"
"Horst aan de Maas"	"5975MX5"	"voormalig bedrijf"	"Ja"	"Graskuilenweg 5 5975MX Sevenum"	"Horst aan de Maas"	"1"	""	"0,00"	"0,00"	"0,00"	"196756"	"377207"	"196714"	"377199"	"2021-08-24"	"Intrekking:Omgevingsvergunning intrekking"
"Horst aan de Maas"	"5975NC31"	"Melkrundvee"	"Nee"	"Tongerlostraat 31 5975NC Sevenum"	"Horst aan de Maas"	"3"	""	"1.832,80"	"0,00"	"20.116,00"	"199704"	"381891"	"199677"	"381880"	"2022-07-20"	"Melding activiteitenbesluit"
"Horst aan de Maas"	"5975NE71"	"Melkrundvee"	"Nee"	"Blaktdijk 71 5975NE Sevenum"	"Horst aan de Maas"	"2"	"Nee"	"240,00"	"0,00"	"0,00"	"199802"	"382044"	"199801"	"382081"	"2025-11-12"	"Melding Besluit Activiteit Leefomgeving"
"Horst aan de Maas"	"5975NH24"	"voormalig bedrijf"	"Ja"	"Hoogbroek 24 5975NH SEVENUM"	"Horst aan de Maas"	"1"	""	"0,00"	"0,00"	"0,00"	"199314"	"381021"	"199310"	"381028"	"2014-08-12"	"Intrekking:intrekking gehele veebestand"
"Horst aan de Maas"	"5975NH26"	"voormalig bedrijf"	"Ja"	"Hoogbroek 26 5975NH Sevenum"	"Horst aan de Maas"	"3"	"Nee"	"0,00"	"0,00"	"0,00"	"199326"	"380915"	"199404"	"380972"	"2022-03-08"	"Intrekking:ambtshalve wijziging"
"Horst aan de Maas"	"5975NJ14"	"Paarden"	"Nee"	"Heesbeemd 14 5975NJ Sevenum"	"Horst aan de Maas"	"1"	"Nee"	"62,00"	"0,00"	"0,00"	"198824"	"381211"	"198838"	"381170"	"1900-01-01"	"Melding:onbekend"
"Horst aan de Maas"	"5975NK24"	"Melkrundvee"	"Nee"	"Renkensstraat 24 5975NK Sevenum"	"Horst aan de Maas"	"1"	"Nee"	"1.816,80"	"0,00"	"19.692,00"	"198462"	"380601"	"198489"	"380580"	"2008-06-10"	"Melding:Activiteitenbesluit"
"Horst aan de Maas"	"5975NL17"	"Paarden"	"Nee"	"De Hees 17 5975NL Sevenum"	"Horst aan de Maas"	"1"	""	"99,70"	"0,00"	"0,00"	"199261"	"380551"	"199258"	"380505"	"2022-05-10"	"Melding activiteitenbesluit"
"Horst aan de Maas"	"5975NL25"	"Melkrundvee"	"Nee"	"De Hees 25 5975NL Sevenum"	"Horst aan de Maas"	"3"	""	"1.362,60"	"0,00"	"12.312,00"	"199164"	"380554"	"199146"	"380512"	"2012-07-04"	"Melding:"
"Horst aan de Maas"	"5975NN75"	"Vleesvarkens"	"Nee"	"Steeg 75 5975NN Sevenum"	"Horst aan de Maas"	"2"	"Nee"	"2.592,00"	"29.808,00"	"189.540,00"	"198798"	"378680"	"198868"	"378588"	"2020-09-17"	"Melding activiteitenbesluit met OBM"
"Horst aan de Maas"	"5975NP76"	"voormalig bedrijf"	"Ja"	"Steeg 76 5975NP SEVENUM"	"Horst aan de Maas"	"1"	""	"0,00"	"0,00"	"0,00"	"198762"	"378736"	"198766"	"378766"	"2014-04-10"	"Intrekking:intrekking gehele veebestand"
"Horst aan de Maas"	"5975NR12"	"Zeugen"	"Nee"	"Steeghoek 12 5975NR Sevenum"	"Horst aan de Maas"	"6"	"Nee"	"1.774,30"	"41.723,40"	"197.440,00"	"198783"	"379368"	"198742"	"379487"	"2015-05-07"	"Vergunning:Omgevingsvergunning verandering"
"Horst aan de Maas"	"5975NR4"	"Zeugen"	"Nee"	"Steeghoek 4 5975NR Sevenum"	"Horst aan de Maas"	"1"	"Ja"	"5.367,17"	"72.951,90"	"407.642,00"	"198967"	"379450"	"198881"	"379477"	"2018-02-15"	"Vergunning:Omgevingsvergunning verandering"
"Horst aan de Maas"	"5975NT15"	"Vleesvarkens"	"Nee"	"Gelderdijk 15 5975NT Sevenum"	"Horst aan de Maas"	"2"	"Nee"	"1.559,60"	"34.104,40"	"223.758,00"	"198347"	"378493"	"198288"	"378382"	"2004-08-23"	"Vergunning:"
"Horst aan de Maas"	"5975NT26"	"Paarden"	"Nee"	"Gelderdijk 26 5975NT Sevenum"	"Horst aan de Maas"	"3"	"Nee"	"327,00"	"234,00"	"2.080,00"	"197943"	"378406"	"197914"	"378463"	"2008-01-21"	"Melding:"
"Horst aan de Maas"	"5975NT29"	"Vleesvarkens"	"Nee"	"Gelderdijk 29 5975NT Sevenum"	"Horst aan de Maas"	"3"	"Nee"	"122,00"	"78,00"	"0,00"	"197806"	"378230"			"2025-09-09"	"Melding activiteitenbesluit"
"Horst aan de Maas"	"5975NT30"	"Paarden"	"Nee"	"Gelderdijk 30 5975NT Sevenum"	"Horst aan de Maas"	"1"	""	"221,00"	"0,00"	"0,00"	"197845"	"378370"	"197833"	"378433"	"2013-09-23"	"Melding:gedeeltelijke intrekking"
"Horst aan de Maas"	"5975NV21"	"voormalig bedrijf"	"Ja"	"Kleefsedijk 21 5975NV Sevenum"	"Horst aan de Maas"	"1"	""	"0,00"	"0,00"	"0,00"	"196936"	"377147"	"196936"	"377146"	"2003-07-28"	"Intrekking:Activiteitenbesluit"
"Horst aan de Maas"	"5975NV22"	"Paarden"	"Nee"	"Kleefsedijk 22 5975NV Sevenum"	"Horst aan de Maas"	"3"	""	"240,70"	"0,00"	"0,00"	"196926"	"377164"	"196897"	"377177"	"2013-08-22"	"Melding:"
"Horst aan de Maas"	"5975NV23"	"Paarden"	"Nee"	"Kleefsedijk 23 5975NV Sevenum"	"Horst aan de Maas"	"1"	"Nee"	"50,00"	"0,00"	"0,00"	"196890"	"377105"	"196935"	"377094"	"2019-09-04"	"Melding:Activiteitenbesluit"
"Horst aan de Maas"	"5975NV9"	"Zeugen"	"Nee"	"Kleefsedijk 9 5975NV Sevenum"	"Horst aan de Maas"	"4"	"Nee"	"3.669,65"	"25.078,10"	"210.542,00"	"197781"	"377742"	"197814"	"377711"	"2008-10-29"	"Melding:Activiteitenbesluit"
"Horst aan de Maas"	"5975NW2"	"Melkrundvee"	"Nee"	"Saardijk 2 5975NW Sevenum"	"Horst aan de Maas"	"3"	"Nee"	"1.308,00"	"0,00"	"11.766,00"	"197935"	"377419"	"197914"	"377442"	"2010-05-03"	"Melding:"
"Horst aan de Maas"	"5975NW6"	"Schapen"	"Nee"	"Saardijk 6 5975NW Sevenum"	"Horst aan de Maas"	"2"	"Nee"	"115,00"	"1.170,00"	"0,00"	"197809"	"377389"	"197787"	"377416"	"2011-09-16"	"Melding:"
"Horst aan de Maas"	"5975NX7"	"Melkrundvee"	"Nee"	"Most 7 5975NX SEVENUM"	"Horst aan de Maas"	"1"	"Nee"	"153,80"	"178,00"	"2.521,00"	"198980"	"377481"	"198980"	"377481"	"2017-05-18"	"Melding:Activiteitenbesluit"
"Horst aan de Maas"	"5975NX8"	"Vleesvarkens"	"Nee"	"Most 8 5975NX Sevenum"	"Horst aan de Maas"	"3"	"Nee"	"2.415,10"	"45.614,60"	"196.578,00"	"198579"	"377806"	"198492"	"377792"	"2012-11-15"	"Vergunning:"
"Horst aan de Maas"	"5975NX8B"	"Vleesvarkens"	"Nee"	"Most 8B 5975NX SEVENUM"	"Horst aan de Maas"	"1"	"Nee"	"3.024,00"	"38.664,00"	"330.480,00"	"198502"	"377729"	"198502"	"377729"	"2009-03-24"	"Vergunning:Beschikkking WM revisievergunning"
"Horst aan de Maas"	"5975NZ6"	"Nerts Vos"	"Nee"	"Goenjeweg 6 5975NZ SEVENUM"	"Horst aan de Maas"	"1"	"Nee"	"1.903,00"	"0,00"	"60.896,00"	"199462"	"377502"	"199448"	"377442"	"1999-04-06"	"Vergunning:"
"Horst aan de Maas"	"5975PA1"	"Zeugen"	"Nee"	"Hazenhorstweg 1 5975PA Sevenum"	"Horst aan de Maas"	"9"	"Ja"	"4.168,04"	"63.667,30"	"267.767,90"	"199549"	"378057"	"199657"	"378069"	"2018-10-15"	"Omgevingsvergunning-revisie"
"Horst aan de Maas"	"5975PB18A"	"Paarden"	"Nee"	"Broek 18A 5975PB SEVENUM"	"Horst aan de Maas"	"1"	"Nee"	"689,70"	"5.245,20"	"30.080,00"	"199230"	"377912"	"199224"	"377954"	"2022-01-20"	"Intrekking gedeeltelijk veebestand"
"Horst aan de Maas"	"5975PD16"	"voormalig bedrijf"	"Ja"	"Snelkensstraat 16 5975PD Sevenum"	"Horst aan de Maas"	"5"	"Nee"	"1.481,60"	"9.227,30"	"79.495,00"	"199767"	"379101"	"199751"	"379161"	"2021-02-04"	"Intrekking:Omgevingsvergunning beperkte milieutoets"
"Horst aan de Maas"	"5975PE117"	"Schapen"	"Nee"	"Maasbreeseweg 117 5975PE Sevenum"	"Horst aan de Maas"	"1"	"Nee"	"52,00"	"468,00"	"0,00"	"200981"	"378326"	"201000"	"378300"	"2014-12-12"	"Melding:"
"Horst aan de Maas"	"5975PG94"	"Paarden"	"Ja"	"Maasbreeseweg 94 5975PG Sevenum"	"Horst aan de Maas"	"2"	""	"nu"	"nu"	"nu"	"200363"	"379035"	"200369"	"379021"	"2022-09-20"	"Bewijs bedrijfsbeëindiging"
"Horst aan de Maas"	"5975PJ6"	"Paarden"	"Nee"	"Siberiëweg 6 5975PJ Sevenum"	"Horst aan de Maas"	"1"	""	"49,50"	"273,00"	"0,00"	"201144"	"378370"	"201143"	"378369"	"1995-01-31"	"Vergunning:"
"Horst aan de Maas"	"5975PL19"	"voormalig bedrijf"	"Ja"	"Romerweg 19 5975PL SEVENUM"	"Horst aan de Maas"	"1"	""	"0,00"	"0,00"	"0,00"	"201905"	"379088"	"201913"	"379101"	"2014-04-03"	"Intrekking:intrekking gehele veebestand"
"Horst aan de Maas"	"5975PL21"	"voormalig bedrijf"	"Ja"	"Romerweg 21 5975PL SEVENUM"	"Horst aan de Maas"	"1"	"Nee"	"0,00"	"0,00"	"0,00"	"201956"	"379085"	"201956"	"379085"	"2021-03-15"	"Intrekking:Omgevingsvergunning intrekking"
"Horst aan de Maas"	"5975PL28"	"Nerts Vos"	"Ja"	"Romerweg 28 5975PL Sevenum"	"Horst aan de Maas"	"1"	"Nee"	"nu"	"nu"	"nu"	"202078"	"378992"	"202122"	"378912"	"2022-09-22"	"Intrekking gehele veebestand"
"Horst aan de Maas"	"5975PL4"	"Ov.Pluimvee"	"Nee"	"Romerweg 4 5975PL SEVENUM"	"Horst aan de Maas"	"2"	"Nee"	"5.536,65"	"24.519,45"	"1.360.434,00"	"200578"	"378932"	"200580"	"378936"	"2017-03-09"	"Vergunning:Omgevingsvergunning oprichting"
"Horst aan de Maas"	"5975PN14"	"Paarden"	"Nee"	"Vinkepas 14 5975PN Sevenum"	"Horst aan de Maas"	"2"	"Nee"	"67,30"	"93,60"	"0,00"	"200672"	"379326"	"200631"	"379248"	"2006-03-07"	"Vergunning:"
"Horst aan de Maas"	"5975PN16"	"Melkrundvee"	"Nee"	"Vinkepas 16 5975PN Sevenum"	"Horst aan de Maas"	"7"	""	"132,00"	"0,00"	"1.140,00"	"200702"	"379294"	"200710"	"379220"	"2021-05-25"	"Vergunning:Omgevingsvergunning beperkte milieutoets"
"Horst aan de Maas"	"5975PP3"	"Paarden"	"Nee"	"Zeesweg 3A 5975PP Sevenum"	"Horst aan de Maas"	"1"	"Nee"	"122,20"	"0,00"	"0,00"	"201530"	"379556"	"201572"	"379536"	"2015-02-20"	"Melding:Activiteitenbesluit"
"Horst aan de Maas"	"5975PP7"	"Paarden"	"Nee"	"Zeesweg 7 5975PP Sevenum"	"Horst aan de Maas"	"1"	"Nee"	"191,70"	"0,00"	"0,00"	"201462"	"379250"	"201521"	"379238"	"2004-03-15"	"Vergunning:"
"Horst aan de Maas"	"5975PS17"	"Paarden"	"Nee"	"Venloseweg 17 5975PS SEVENUM"	"Horst aan de Maas"	"1"	"Nee"	"88,90"	"0,00"	"0,00"	"200964"	"380576"	"200965"	"380578"	"2011-04-13"	"Melding:"
"Horst aan de Maas"	"5975PS38"	"Vleesvee"	"Nee"	"Venloseweg 38 5975PS Sevenum"	"Horst aan de Maas"	"7"	""	"2.385,00"	"16.020,00"	"76.500,00"	"201630"	"379733"	"201674"	"379658"	"2023-08-15"	"Melding activiteitenbesluit met OBM"
"Horst aan de Maas"	"5975PV17"	"Vleesvee"	"Ja"	"Dorperdijk 17 5975PV SEVENUM"	"Horst aan de Maas"	"2"	""	"nu"	"nu"	"nu"	"202357"	"380199"	"201844"	"380202"	"2023-03-21"	"Intrekking gehele veebestand"
"Horst aan de Maas"	"5975RA47"	"Melkrundvee"	"Nee"	"Grubbenvorsterweg 47 5975RA Sevenum"	"Horst aan de Maas"	"2"	""	"630,60"	"2.990,40"	"14.484,00"	"202043"	"381226"	"201997"	"381246"	"2004-11-17"	"Vergunning:"
"Horst aan de Maas"	"5975RA57"	"voormalig bedrijf"	"Ja"	"Grubbenvorsterweg 57 5975RA Sevenum"	"Horst aan de Maas"	"1"	""	"0,00"	"0,00"	"0,00"	"202568"	"381361"	"202608"	"381397"	"2018-09-03"	"Intrekking:Omgevingsvergunning intrekking"
"Horst aan de Maas"	"5975RB34"	"Vleesvee"	"Nee"	"Grubbenvorsterweg 34 5975RB Sevenum"	"Horst aan de Maas"	"1"	""	"37,10"	"249,20"	"1.190,00"	"201405"	"381012"	"201411"	"380942"	"2013-08-28"	"Melding:"
"Horst aan de Maas"	"5975RB66"	"voormalig bedrijf"	"Ja"	"Grubbenvorsterweg 66 5975RB Sevenum"	"Horst aan de Maas"	"4"	"Nee"	"0,00"	"0,00"	"0,00"	"202784"	"381377"	"202738"	"381292"	"2020-09-29"	"Intrekking:Omgevingsvergunning intrekking"
"Horst aan de Maas"	"5975RG14"	"Melkrundvee"	"Nee"	"Ulfterhoek 14 5975RG Sevenum"	"Horst aan de Maas"	"4"	"Nee"	"3.687,60"	"0,00"	"46.016,00"	"201034"	"381529"	"201083"	"381558"	"2016-01-28"	"Melding:Activiteitenbesluit"
"Horst aan de Maas"	"5975RG20"	"Vleesvarkens"	"Nee"	"Ulfterhoek 20 5975RG Sevenum"	"Horst aan de Maas"	"4"	"Nee"	"527,99"	"31.960,72"	"45.715,40"	"200970"	"381682"	"201038"	"381667"	"2022-06-21"	"Omgevingsvergunning-revisie"
"Horst aan de Maas"	"5975RG22"	"Zeugen"	"Nee"	"Ulfterhoek 22 5975RG Sevenum"	"Horst aan de Maas"	"4"	"Nee"	"1.297,80"	"13.202,48"	"69.181,40"	"201024"	"381820"	"201125"	"381832"	"2019-04-11"	"Melding:Activiteitenbesluit"
"Horst aan de Maas"	"5975RG26"	"Melkrundvee"	"Nee"	"Ulfterhoek 26 5975RG Sevenum"	"Horst aan de Maas"	"2"	"Nee"	"667,95"	"425,40"	"6.426,00"	"201065"	"381919"	"201109"	"381911"	"2008-03-13"	"Melding:"
"Horst aan de Maas"	"5975RH21"	"voormalig bedrijf"	"Ja"	"Erdbrugweg 21 5975RH SEVENUM"	"Horst aan de Maas"	"1"	""	"0,00"	"0,00"	"0,00"	"200354"	"381338"	"200354"	"381338"	"2013-11-11"	"Intrekking:intrekking gehele veebestand"
"Horst aan de Maas"	"5975RJ12"	"voormalig bedrijf"	"Ja"	"Berghemweg 12 5975RJ SEVENUM"	"Horst aan de Maas"	"1"	""	"0,00"	"0,00"	"0,00"	"200433"	"381615"	"200433"	"381615"	"2012-08-30"	"Intrekking:intrekking gehele veebestand"
"Horst aan de Maas"	"5975RL22"	"Zeugen"	"Nee"	"Industrieweg 22 5975RL Sevenum"	"Horst aan de Maas"	"6"	""	"2.021,78"	"21.026,14"	"185.156,00"	"200691"	"381991"	"200620"	"381994"	"2022-04-26"	"Melding activiteitenbesluit met OBM"
"Horst aan de Maas"	"5976NB52"	"Leghennen"	"Nee"	"Blaktdijk 52 5976NB Kronenberg"	"Horst aan de Maas"	"3"	"Nee"	"1.149,00"	"11.302,00"	"1.360.600,00"	"198101"	"381696"	"198156"	"381623"	"2023-06-26"	"Melding activiteitenbesluit met OBM"
"Horst aan de Maas"	"5976NE54"	"Melkrundvee"	"Nee"	"Americaanseweg 54 5976NE Kronenberg"	"Horst aan de Maas"	"3"	"Nee"	"1.742,00"	"0,00"	"18.128,00"	"197534"	"381773"	"197533"	"381817"	"2008-12-16"	"Melding:"
"Horst aan de Maas"	"5976NE64"	"Melkrundvee"	"Nee"	"Americaanseweg 64 5976NE Kronenberg"	"Horst aan de Maas"	"4"	"Nee"	"3.820,80"	"0,00"	"55.080,00"	"196992"	"381909"	"196984"	"381885"	"2015-10-22"	"Vergunning:"
"Horst aan de Maas"	"5976NH45"	"Vleesvee"	"Nee"	"De Hees 45 5976NH Kronenberg"	"Horst aan de Maas"	"1"	""	"636,00"	"0,00"	"12.480,00"	"198540"	"380758"	"198555"	"380696"	"1996-03-15"	"Melding:"
"Horst aan de Maas"	"5976NJ46"	"Melkrundvee"	"Nee"	"De Hees 46 5976NJ Kronenberg"	"Horst aan de Maas"	"3"	"Nee"	"1.306,90"	"6.139,00"	"39.188,00"	"198543"	"380797"	"198544"	"380828"	"2005-03-09"	"Vergunning:"
"Horst aan de Maas"	"5976NK37"	"Paarden"	"Nee"	"Peelstraat 37 5976NK Kronenberg"	"Horst aan de Maas"	"1"	""	"40,00"	"0,00"	"0,00"	"196974"	"380928"	"196970"	"380872"	"2012-12-14"	"Melding:"
"Horst aan de Maas"	"5976NL30"	"Paarden"	"Nee"	"Peelstraat 30 5976NL Kronenberg"	"Horst aan de Maas"	"1"	""	"129,30"	"0,00"	"0,00"	"197393"	"381016"	"197411"	"381087"	"2010-11-05"	"Melding:"
"Horst aan de Maas"	"5976NL48"	"Vleesvarkens"	"Ja"	"Peelstraat 48 5976NL Kronenberg"	"Horst aan de Maas"	"1"	"Nee"	"nu"	"nu"	"nu"	"196524"	"380851"	"196547"	"380876"	"2025-04-03"	"Intrekken gehele veebestand OW"
"Horst aan de Maas"	"5976NR26"	"Vleesvee"	"Nee"	"Torrestraat 26 5976NR Kronenberg"	"Horst aan de Maas"	"3"	""	"1.921,50"	"19.544,40"	"18.117,00"	"197549"	"381101"	"197518"	"381043"	"1979-06-20"	"Vergunning:"
"Horst aan de Maas"	"5976NT46"	"voormalig bedrijf"	"Ja"	"Meerweg 46 5976NT Kronenberg"	"Horst aan de Maas"	"2"	""	"0,00"	"0,00"	"0,00"	"196895"	"380406"	"196879"	"380416"	"2021-08-24"	"Intrekking:Omgevingsvergunning intrekking"
"Horst aan de Maas"	"5976NV12"	"voormalig bedrijf"	"Ja"	"Kronenbergweg 12 5976NV KRONENBERG"	"Horst aan de Maas"	"1"	""	"0,00"	"0,00"	"0,00"	"197357"	"380218"	"197357"	"380218"	"2013-01-28"	"Intrekking:intrekking gehele veebestand"
"Horst aan de Maas"	"5976NV17"	"Vleesvarkens"	"Nee"	"Kronenbergweg 17 5976NV Kronenberg"	"Horst aan de Maas"	"2"	"Nee"	"3.099,60"	"38.290,40"	"243.514,80"	"197534"	"380079"	"197582"	"380173"	"2024-06-10"	"Omgevingsvergunning-verandering"
"Horst aan de Maas"	"5976NW23"	"Vleesvarkens"	"Ja"	"Simonsstraat 23 5976NW KRONENBERG"	"Horst aan de Maas"	"2"	""	"nu"	"nu"	"nu"	"197706"	"380486"	"197727"	"380455"	"2023-09-07"	"Intrekking gehele veebestand"
"Horst aan de Maas"	"5976NW27"	"Vleesvee"	"Nee"	"Simonsstraat 27 5976NW Kronenberg"	"Horst aan de Maas"	"3"	"Nee"	"206,40"	"142,40"	"3.424,00"	"197617"	"380537"	"197612"	"380517"	"1993-11-04"	"Melding:"
"Horst aan de Maas"	"5976NW35"	"voormalig bedrijf"	"Ja"	"Simonsstraat 35 5976NW Kronenberg"	"Horst aan de Maas"	"1"	""	"0,00"	"0,00"	"0,00"	"197397"	"380534"	"197488"	"380481"	"2010-07-06"	"Intrekking:Omgevingsvergunning intrekking"
"Horst aan de Maas"	"5976PJ10"	"Melkrundvee"	"Nee"	"Schorfvenweg 10 5976PJ Kronenberg"	"Horst aan de Maas"	"2"	"Nee"	"1.806,80"	"0,00"	"16.280,00"	"195846"	"379276"	"195799"	"379283"	"2007-08-13"	"Melding:"
"Horst aan de Maas"	"5976PL47"	"Paarden"	"Nee"	"Travers 47 5976PL KRONENBERG"	"Horst aan de Maas"	"1"	"Nee"	"200,00"	"0,00"	"0,00"	"195436"	"381232"	"195436"	"381232"	"2018-02-01"	"Melding:Activiteitenbesluit"
"Horst aan de Maas"	"5977NB27"	"Melkrundvee"	"Nee"	"Helenaveenseweg 27 5977NB Evertsoord"	"Horst aan de Maas"	"5"	"Nee"	"2.478,10"	"5.660,40"	"36.229,00"	"194336"	"378584"	"194334"	"378550"	"2015-12-10"	"Vergunning:Omgevingsvergunning verandering"
"Horst aan de Maas"	"5977NB31"	"Nerts Vos"	"Nee"	"Helenaveenseweg 31 5977NB Evertsoord"	"Horst aan de Maas"	"1"	"Nee"	"1.392,75"	"0,00"	"44.568,00"	"193503"	"378388"	"193498"	"378235"	"2023-04-18"	"Intrekking gehele veebestand"
"Horst aan de Maas"	"5977NC30"	"Vleesvee"	"Nee"	"Helenaveenseweg 30 5977NC Evertsoord"	"Horst aan de Maas"	"1"	""	"500,10"	"3.987,20"	"8.683,00"	"193564"	"378476"	"193576"	"378497"	"2013-01-01"	"Vergunning:Omgevingsvergunning revisie"
"Horst aan de Maas"	"5977NC34"	"Paarden"	"Nee"	"Helenaveenseweg 34 5977NC Evertsoord"	"Horst aan de Maas"	"1"	"Nee"	"195,00"	"0,00"	"0,00"	"193277"	"378384"	"193347"	"378422"	"2016-06-09"	"Melding:Activiteitenbesluit"
"Horst aan de Maas"	"5977ND4"	"Paarden"	"Nee"	"Wertemerweg 4 5977ND Evertsoord"	"Horst aan de Maas"	"2"	"Nee"	"355,00"	"0,00"	"0,00"	"194950"	"378815"	"194977"	"378781"	"2021-07-27"	"Melding:Activiteitenbesluit"
"Horst aan de Maas"	"5977NE10"	"Melkrundvee"	"Nee"	"Slenkenweg 10 5977NE Evertsoord"	"Horst aan de Maas"	"4"	"Nee"	"3.536,40"	"0,00"	"33.654,00"	"194143"	"377719"	"194098"	"377734"	"2012-01-01"	"Vergunning:"
"Horst aan de Maas"	"5977NE15"	"Melkrundvee"	"Nee"	"Slenkenweg 15 5977NE Evertsoord"	"Horst aan de Maas"	"4"	"Nee"	"2.197,80"	"0,00"	"22.362,00"	"194160"	"377578"	"194183"	"377545"	"2008-11-18"	"Melding:"
"Horst aan de Maas"	"5977NE3"	"Vleesvee"	"Nee"	"Slenkenweg 3 5977NE Evertsoord"	"Horst aan de Maas"	"2"	"Nee"	"581,60"	"0,00"	"12.476,00"	"194463"	"378469"	"194488"	"378442"	"1996-02-14"	"Melding:"
"Horst aan de Maas"	"5977NE6"	"Vleesvee"	"Nee"	"Slenkenweg 6 5977NE Evertsoord"	"Horst aan de Maas"	"4"	"Nee"	"155,00"	"0,00"	"0,00"	"194256"	"378058"	"194247"	"378094"	"2024-10-24"	"Melding Besluit Activiteit Leefomgeving"
"Horst aan de Maas"	"5977NE7"	"voormalig bedrijf"	"Ja"	"Slenkenweg 7 5977NE Evertsoord"	"Horst aan de Maas"	"1"	""	"0,00"	"0,00"	"0,00"	"194321"	"378052"	"194363"	"378030"	"2008-09-23"	"Intrekking:Omgevingsvergunning intrekking"
"Horst aan de Maas"	"5977NJ1"	"Melkrundvee"	"Nee"	"Drie Kooienweg 1 5977NJ Evertsoord"	"Horst aan de Maas"	"2"	"Nee"	"1.381,60"	"0,00"	"15.076,00"	"194674"	"379524"	"194624"	"379529"	"2021-02-04"	"Melding:Activiteitenbesluit"
"Horst aan de Maas"	"5977NJ11"	"Melkrundvee"	"Nee"	"Drie Kooienweg 11 5977NJ Evertsoord"	"Horst aan de Maas"	"2"	"Nee"	"26,40"	"0,00"	"228,00"	"194359"	"380126"	"194321"	"380114"	"2020-04-02"	"Melding activiteitenbesluit"
"Horst aan de Maas"	"5977NJ5"	"Melkrundvee"	"Nee"	"Drie Kooienweg 5 5977NJ Evertsoord"	"Horst aan de Maas"	"5"	"Nee"	"1.692,20"	"0,00"	"18.080,00"	"194547"	"379794"	"194504"	"379810"	"2020-08-25"	"Melding:Activiteitenbesluit"
"Horst aan de Maas"	"5977NJ7"	"Zeugen"	"Nee"	"Drie Kooienweg 7 5977NJ Evertsoord"	"Horst aan de Maas"	"8"	"Nee"	"1.240,28"	"14.941,50"	"131.689,00"	"194404"	"380044"	"194363"	"380017"	"2010-01-12"	"Vergunning:"
"Horst aan de Maas"	"5977NJ9"	"Paarden"	"Nee"	"Drie Kooienweg 9 5977NJ Evertsoord"	"Horst aan de Maas"	"1"	"Nee"	"121,00"	"0,00"	"0,00"	"193789"	"379957"	"193760"	"379968"	"2006-07-18"	"Vergunning:"
"Horst aan de Maas"	"5977NK15"	"Melkrundvee"	"Nee"	"Drie Kooienweg 15 5977NK Evertsoord"	"Horst aan de Maas"	"3"	"Nee"	"1.769,80"	"0,00"	"15.886,00"	"194246"	"380325"	"194224"	"380307"	"2010-09-27"	"Melding:"
"Horst aan de Maas"	"5977NK19"	"voormalig bedrijf"	"Ja"	"Driekooienweg 19 5977NK EVERTSOORD"	"Horst aan de Maas"	"2"	""	"0,00"	"0,00"	"0,00"	"194079"	"380596"	"194093"	"380573"	"2013-02-06"	"Intrekking:intrekking gehele veebestand"
"Horst aan de Maas"	"5977NK21"	"Melkrundvee"	"Nee"	"Drie Kooienweg 21 5977NK Evertsoord"	"Horst aan de Maas"	"2"	""	"1.812,60"	"0,00"	"16.290,00"	"194046"	"380695"	"194074"	"380661"	"2008-01-21"	"Melding:"
"Horst aan de Maas"	"5977NK23"	"voormalig bedrijf"	"Ja"	"Driekooienweg 23 5977NK EVERTSOORD"	"Horst aan de Maas"	"1"	""	"0,00"	"0,00"	"0,00"	"193916"	"380880"	"193918"	"380891"	"2011-01-18"	"Intrekking:intrekking gehele veebestand"
"Horst aan de Maas"	"5977NK25"	"Paarden"	"Nee"	"Drie Kooienweg 25 5977NK Evertsoord"	"Horst aan de Maas"	"1"	"Nee"	"47,00"	"117,00"	"0,00"	"193899"	"380962"	"193797"	"380865"	"2006-12-06"	"Melding:Activiteitenbesluit"
"Horst aan de Maas"	"5977NK27"	"Vleesvee"	"Nee"	"Drie Kooienweg 27 5977NK Evertsoord"	"Horst aan de Maas"	"5"	"Nee"	"2.277,40"	"8.045,60"	"42.549,00"	"193809"	"381128"	"193760"	"381112"	"2019-12-13"	"Vergunning:Omgevingsvergunning beperkte milieutoets"
"Horst aan de Maas"	"5977NK31"	"Paarden"	"Nee"	"Drie Kooienweg 31 5977NK Evertsoord"	"Horst aan de Maas"	"5"	"Nee"	"100,00"	"0,00"	"0,00"	"193660"	"381399"	"193626"	"381373"	"2022-02-21"	"Intrekking:Omgevingsverg. gedeeltelijke intrekking"
"Horst aan de Maas"	"5977NL16"	"voormalig bedrijf"	"Ja"	"Driekooienweg 16 5977NL EVERTSOORD"	"Horst aan de Maas"	"1"	""	"0,00"	"0,00"	"0,00"	"194290"	"380431"	"194290"	"380431"	"2013-12-12"	"Intrekking:intrekking gehele veebestand"
"Horst aan de Maas"	"5977NL18"	"voormalig bedrijf"	"Ja"	"Driekooienweg 18 5977NL EVERTSOORD"	"Horst aan de Maas"	"1"	""	"0,00"	"0,00"	"0,00"	"194172"	"380622"	"194172"	"380622"	"2013-11-06"	"Intrekking:intrekking gehele veebestand"
"Horst aan de Maas"	"5977NL20"	"Melkrundvee"	"Nee"	"Drie Kooienweg 20 5977NL Evertsoord"	"Horst aan de Maas"	"2"	""	"2.264,00"	"0,00"	"20.534,00"	"194113"	"380680"	"194101"	"380728"	"2009-06-09"	"Melding:"
"Horst aan de Maas"	"5977NL22"	"Zeugen"	"Nee"	"Drie Kooienweg 22 5977NL Evertsoord"	"Horst aan de Maas"	"5"	"Nee"	"1.725,72"	"21.258,10"	"155.481,00"	"194028"	"380834"	"194050"	"380893"	"2022-08-02"	"Melding activiteitenbesluit met OBM"
"Horst aan de Maas"	"5977NL24"	"Melkrundvee"	"Nee"	"Drie Kooienweg 24 5977NL Evertsoord"	"Horst aan de Maas"	"3"	""	"1.138,80"	"0,00"	"12.336,00"	"193955"	"380967"	"193979"	"380982"	"2006-12-06"	"Vergunning:"
"Horst aan de Maas"	"5977NL26"	"Vleesvee"	"Nee"	"Drie Kooienweg 26 5977NL Evertsoord"	"Horst aan de Maas"	"1"	"Nee"	"1.056,00"	"0,00"	"11.478,00"	"193865"	"381130"	"193899"	"381129"	"1991-08-01"	"Melding:"
"Horst aan de Maas"	"5977NL28"	"Melkrundvee"	"Nee"	"Drie Kooienweg 28 5977NL Evertsoord"	"Horst aan de Maas"	"1"	"Nee"	"111,20"	"390,00"	"1.164,00"	"193816"	"381219"	"193832"	"381238"	"1900-01-01"	"Melding:onbekend"
"Horst aan de Maas"	"5977NL30"	"Vleesvarkens"	"Nee"	"Drie Kooienweg 30 5977NL Evertsoord"	"Horst aan de Maas"	"1"	"Nee"	"300,15"	"10.738,70"	"20.677,00"	"193752"	"381336"	"193846"	"381361"	"2024-01-25"	"Intrekking gedeeltelijk veebestand"
"Horst aan de Maas"	"5977NL8"	"Melkrundvee"	"Nee"	"Drie Kooienweg 8 5977NL Evertsoord"	"Horst aan de Maas"	"4"	"Nee"	"4.262,40"	"0,00"	"49.068,00"	"194457"	"380053"	"194488"	"380051"	"2018-02-01"	"Vergunning:milieu neutrale wijziging"
"Horst aan de Maas"	"5977NM26A"	"Schapen"	"Nee"	"Patersstraat 26A 5977NM EVERTSOORD"	"Horst aan de Maas"	"1"	"Nee"	"70,00"	"780,00"	"0,00"	"194631"	"379183"	"194631"	"379183"	"1990-10-08"	"Melding:onbekend"
"Horst aan de Maas"	"5977NM26BB"	"Vleesvarkens"	"Nee"	"Patersstraat 26B 5977NM EVERTSOORD"	"Horst aan de Maas"	"2"	"Nee"	"4.938,40"	"65.386,00"	"227.820,00"	"194546"	"379014"	"194553"	"378998"	"2017-12-14"	"Vergunning:milieu neutrale wijziging"
"Horst aan de Maas"	"5977NM28"	"Paarden"	"Nee"	"Patersstraat 28 5977NM Evertsoord"	"Horst aan de Maas"	"2"	""	"112,40"	"0,00"	"798,00"	"194407"	"378909"	"194397"	"378919"	"2011-12-21"	"Melding:"
"Horst aan de Maas"	"5977NM29"	"voormalig bedrijf"	"Ja"	"Paterstraat 29 5977NM EVERTSOORD"	"Horst aan de Maas"	"1"	""	"0,00"	"0,00"	"0,00"	"194629"	"378840"	"194629"	"378840"	"2014-02-21"	"Intrekking:intrekking gehele veebestand"
"Horst aan de Maas"	"5977NM32"	"Paarden"	"Nee"	"Patersstraat 32A 5977NM Evertsoord"	"Horst aan de Maas"	"1"	"Nee"	"70,00"	"0,00"	"0,00"	"194485"	"378716"	"194418"	"378749"	"2023-09-18"	"Melding activiteitenbesluit"
"ODNML"	"5981AC61"	"Paarden"	"Nee"	"Steenstraat 61 5981AC Panningen"	"Peel en Maas"	"1"	""	"53,20"	"0,00"	"114,00"	"195423"	"371661"	"195393"	"371655"	"1995-09-12"	"Melding:besluit landbouwbedrijven milieubeheer"
"ODNML"	"5981AD117"	"Melkrundvee"	"Nee"	"Steenstraat 117 5981AD Panningen"	"Peel en Maas"	"1"	""	"213,00"	"0,00"	"1.710,00"	"194885"	"371759"	"194893"	"371712"	"1990-06-12"	"Vergunning:hinderwetvergunning"
"ODNML"	"5981AG50"	"Vleeskuikens"	"Nee"	"Steenstraat 50 5981AG Panningen"	"Peel en Maas"	"1"	"Ja"	"1.505,00"	"14.190,00"	"946.000,00"	"195384"	"371748"	"195482"	"371841"	"2014-02-10"	"Vergunning:Omgevingsvergunning Inrichting"
"ODNML"	"5981NJ23"	"Paarden"	"Nee"	"Loosteeg 23 5981NJ Panningen"	"Peel en Maas"	"1"	"Nee"	"38,40"	"0,00"	"0,00"	"197151"	"372720"	"197177"	"372758"	"2004-09-16"	"Vergunning:Beschikkking WM revisievergunning"
"ODNML"	"5981NJ26"	"Paarden"	"Nee"	"Loosteeg 26 5981NJ Panningen"	"Peel en Maas"	"1"	""	"30,00"	"0,00"	"0,00"	"197209"	"372900"	"197183"	"372940"	"2010-03-15"	"Melding:besluit landbouwbedrijven milieubeheer"
"ODNML"	"5981NL11"	"voormalig bedrijf"	"Ja"	"Vosberg 11 5981NL Panningen"	"Peel en Maas"	"1"	""	"0,00"	"0,00"	"0,00"	"196195"	"372315"	"196154"	"372360"	"2009-05-07"	"Correctie:van rechtswege vervallen"
"ODNML"	"5981NL11A"	"Vleesvarkens"	"Nee"	"Vosberg 11A 5981NL Panningen"	"Peel en Maas"	"1"	"Nee"	"783,90"	"16.931,40"	"92.226,00"	"196173"	"372407"	"196151"	"372378"	"2015-03-06"	"Vergunning:Activiteitenbesluit"
"ODNML"	"5981NL14"	"Leghennen"	"Nee"	"Vosberg 14 5981NL Panningen"	"Peel en Maas"	"1"	"Ja"	"9.840,00"	"25.956,00"	"3.316.600,00"	"196314"	"372523"	"196333"	"372434"	"2023-11-23"	"Ambtshalve wijziging"
"ODNML"	"5981NL5A"	"Paarden"	"Nee"	"Vosberg 5A 5981NL Panningen"	"Peel en Maas"	"1"	"Nee"	"38,40"	"0,00"	"0,00"	"195897"	"372480"	"195912"	"372503"	"2003-11-17"	"Vergunning:Beschikkking WM revisievergunning"
"ODNML"	"5981NM15"	"Paarden"	"Nee"	"Vosberg 15 5981NM Panningen"	"Peel en Maas"	"1"	""	"240,10"	"0,00"	"1.672,00"	"196359"	"372405"	"196398"	"372384"	"2018-06-09"	"Melding:Activiteitenbesluit"
"ODNML"	"5981NR1"	"Paarden"	"Nee"	"Laagheide 1 5981NR Panningen"	"Peel en Maas"	"3"	"Nee"	"355,00"	"0,00"	"0,00"	"197423"	"373019"	"197422"	"373008"	"2021-10-19"	"Melding:Activiteitenbesluit"
"ODNML"	"5981NR7"	"Melkrundvee"	"Nee"	"Laagheide 7 5981NR Panningen"	"Peel en Maas"	"1"	""	"2.839,20"	"0,00"	"25.620,00"	"197721"	"373444"	"197797"	"373440"	"2015-07-08"	"Melding:Activiteitenbesluit"
"ODNML"	"5981NS13"	"Paarden"	"Nee"	"Slinkstraat 13 5981NS Panningen"	"Peel en Maas"	"1"	""	"324,40"	"0,00"	"0,00"	"196625"	"373349"	"196616"	"373393"	"2011-03-09"	"Melding:beschikking WM melding art 8.19"
"ODNML"	"5981NS15"	"Dekberen"	"Ja"	"Slinkstraat 15 5981NS PANNINGEN"	"Peel en Maas"	"1"	""	"nu"	"nu"	"nu"	"196871"	"373353"	"196871"	"373353"	"2025-03-21"	"Intrekken gehele veebestand OW"
"ODNML"	"5981NS8"	"Melkrundvee"	"Nee"	"Slinkstraat 8 5981NS Panningen"	"Peel en Maas"	"1"	""	"2.053,40"	"0,00"	"22.700,00"	"196415"	"373052"	"196413"	"373104"	"2019-09-25"	"Melding:Activiteitenbesluit"
"ODNML"	"5981PA67"	"voormalig bedrijf"	"Ja"	"Ninnesweg 67 5981PA PANNINGEN"	"Peel en Maas"	"1"	""	"0,00"	"0,00"	"0,00"	"195816"	"372386"	"195816"	"372386"	"2018-12-03"	"Intrekking:intrekking gehele veebestand"
"ODNML"	"5981PD160A"	"Paarden"	"Nee"	"Ninnesweg 160A 5981PD PANNINGEN"	"Peel en Maas"	"1"	"Nee"	"145,00"	"0,00"	"0,00"	"195869"	"373081"	"195869"	"373081"	"2006-07-13"	"Vergunning:beschikking WM veranderingsvergunning"
"ODNML"	"5981PE5"	"Melkrundvee"	"Nee"	"Nobisstraat 5 5981PE Panningen"	"Peel en Maas"	"1"	""	"1.911,80"	"0,00"	"17.204,00"	"195626"	"372411"	"195602"	"372394"	"2010-03-08"	"Melding:besluit landbouwbedrijven milieubeheer"
"ODNML"	"5981PG7"	"Melkrundvee"	"Nee"	"Groenstraat 7 5981PG Panningen"	"Peel en Maas"	"1"	""	"2.138,00"	"3.560,00"	"31.460,00"	"195239"	"372067"	"195272"	"372089"	"1995-01-02"	"Melding:besluit landbouwbedrijven milieubeheer"
"ODNML"	"5981PH10"	"Paarden"	"Ja"	"Heibloemseweg 10 5981PH Panningen"	"Peel en Maas"	"1"	""	"nu"	"nu"	"nu"	"195092"	"371628"	"195061"	"371638"	"2019-01-30"	"Bewijs bedrijfsbeëindiging"
"ODNML"	"5981PH14"	"Paarden"	"Nee"	"Heibloemseweg 14 5981PH Panningen"	"Peel en Maas"	"2"	""	"254,20"	"1.606,80"	"950,00"	"194981"	"371492"	"194955"	"371509"	"2024-03-20"	"Melding activiteitenbesluit met OBM"
"ODNML"	"5981PH20"	"Vleesvarkens"	"Nee"	"Heibloemseweg 20 5981PH Panningen"	"Peel en Maas"	"1"	"Ja"	"6.438,10"	"86.553,60"	"561.338,00"	"194725"	"371230"	"194701"	"371251"	"2023-03-20"	"Ambtshalve wijziging"
"ODNML"	"5981PH30"	"voormalig bedrijf"	"Ja"	"Heibloemseweg 30 5981PH PANNINGEN"	"Peel en Maas"	"1"	""	"0,00"	"0,00"	"0,00"	"194135"	"370817"	"194135"	"370817"	"2012-12-28"	"Intrekking:intrekking gehele veebestand"
"ODNML"	"5981PH33"	"Melkrundvee"	"Nee"	"Heibloemseweg 33 5981PH Panningen"	"Peel en Maas"	"1"	"Nee"	"4.097,60"	"0,00"	"41.304,00"	"193674"	"370320"	"193725"	"370228"	"2017-03-14"	"Vergunning:Omgevingsvergunning Inrichting"
"ODNML"	"5981PH7"	"voormalig bedrijf"	"Ja"	"Heibloemseweg 7 5981PH Panningen"	"Peel en Maas"	"1"	""	"0,00"	"0,00"	"0,00"	"195107"	"371580"	"195092"	"371539"	"2022-01-26"	"Intrekking:Omgevingsvergunning beperkte milieutoets"
"ODNML"	"5981PK13A"	"Paarden"	"Nee"	"Haagveld 13A 5981PK PANNINGEN"	"Peel en Maas"	"1"	"Nee"	"90,00"	"0,00"	"0,00"	"194989"	"371239"	"194989"	"371239"	"2018-07-26"	"Melding:Activiteitenbesluit"
"ODNML"	"5981PM23"	"Melkrundvee"	"Nee"	"Zelen 23 5981PM Panningen"	"Peel en Maas"	"1"	""	"382,80"	"0,00"	"3.306,00"	"195171"	"370794"	"195145"	"370761"	"2019-11-15"	"Intrekking gedeeltelijk veebestand"
"ODNML"	"5981PM27"	"Ov.Pluimvee"	"Ja"	"Zelen 27 5981PM Panningen"	"Peel en Maas"	"1"	""	"nu"	"nu"	"nu"	"195106"	"370837"	"195073"	"370753"	"2024-11-18"	"Bewijs bedrijfsbeëindiging OW"
"ODNML"	"5981PN18"	"Ov.Pluimvee"	"Ja"	"Zelen 18 5981PN Panningen"	"Peel en Maas"	"5"	"Nee"	"nu"	"nu"	"nu"	"195281"	"370759"	"195333"	"370838"	"2024-01-04"	"Intrekking gehele veebestand"
"ODNML"	"5981PN46"	"Vleesvarkens"	"Nee"	"Zelen 46 5981PN PANNINGEN"	"Peel en Maas"	"2"	"Nee"	"1.364,40"	"14.826,40"	"73.384,00"	"194659"	"370982"	"194659"	"370982"	"2020-02-13"	"Melding:Omgevingsvergunning beperkte milieutoets"
"ODNML"	"5981PP14"	"Konijnen"	"Nee"	"Eemsestraat 14 5981PP Panningen"	"Peel en Maas"	"1"	""	"1.500,00"	"0,00"	"0,00"	"194777"	"370629"	"194765"	"370657"	"2004-04-08"	"Vergunning:Beschikkking WM revisievergunning"
"ODNML"	"5981PR11"	"Melkrundvee"	"Nee"	"Linderweg 11 5981PR Panningen"	"Peel en Maas"	"1"	"Nee"	"1.096,80"	"3.560,00"	"18.366,00"	"194956"	"370169"	"194995"	"370184"	"2003-01-30"	"Intrekking:gedeeltelijke intrekking"
"ODNML"	"5981PR9"	"voormalig bedrijf"	"Ja"	"Linderweg 9 5981PR Panningen"	"Peel en Maas"	"1"	""	"0,00"	"0,00"	"0,00"	"194999"	"370217"	"195023"	"370194"	"2015-05-21"	"Intrekking:Activiteitenbesluit"
"ODNML"	"5981PT1"	"voormalig bedrijf"	"Ja"	"Hub 1 5981PT PANNINGEN"	"Peel en Maas"	"1"	""	"0,00"	"0,00"	"0,00"	"195198"	"369966"	"195198"	"369966"	"2012-12-28"	"Intrekking:intrekking gehele veebestand"
"ODNML"	"5981PT17"	"Biggen"	"Nee"	"Hub 17 5981PT Panningen"	"Peel en Maas"	"1"	"Nee"	"882,90"	"23.179,20"	"236.898,00"	"194811"	"370385"	"194832"	"370431"	"2020-04-20"	"Vergunning:Omgevingsverg. gedeeltelijke intrekking"
"ODNML"	"5981PT6"	"voormalig bedrijf"	"Ja"	"Hub 6 5981PT Panningen"	"Peel en Maas"	"1"	""	"0,00"	"0,00"	"0,00"	"194998"	"370058"	"194971"	"370038"	"2017-12-06"	"Intrekking:Omgevingsvergunning Inrichting"
"ODNML"	"5981PV13"	"Paarden"	"Nee"	"Hondsheuvelstraat 13 5981PV Panningen"	"Peel en Maas"	"1"	""	"30,00"	"0,00"	"0,00"	"194446"	"370795"	"194379"	"370764"	"2012-12-28"	"Melding:besluit landbouwbedrijven milieubeheer"
"ODNML"	"5981PV7A"	"Zeugen"	"Nee"	"Hondsheuvelstraat 7a 5981PV Panningen"	"Peel en Maas"	"1"	"Ja"	"4.617,91"	"121.702,70"	"332.467,00"	"194522"	"370708"	"194303"	"370631"	"2023-03-10"	"Ambtshalve wijziging"
"ODNML"	"5981PW11"	"Melkrundvee"	"Nee"	"Rootsdijk 11 5981PW Panningen"	"Peel en Maas"	"1"	"Nee"	"3.159,00"	"0,00"	"36.138,00"	"194089"	"369976"	"194120"	"369944"	"2020-06-09"	"Vergunning:Omgevingsvergunning verandering"
"ODNML"	"5981PW12"	"voormalig bedrijf"	"Ja"	"Rootsdijk 12 5981PW Panningen"	"Peel en Maas"	"1"	""	"0,00"	"0,00"	"0,00"	"193833"	"369882"	"193800"	"369921"	"2015-01-22"	"Intrekking:Activiteitenbesluit"
"ODNML"	"5981PW4A"	"Melkrundvee"	"Nee"	"Rootsdijk 4A 5981PW PANNINGEN"	"Peel en Maas"	"1"	""	"71,80"	"0,00"	"1.126,00"	"194590"	"370293"	"194590"	"370293"	"2015-07-23"	"Intrekking:Activiteitenbesluit"
"ODNML"	"5981PW5"	"Vleesvarkens"	"Nee"	"Rootsdijk 5 5981PW Panningen"	"Peel en Maas"	"9"	"Ja"	"5.581,80"	"89.468,70"	"632.108,00"	"194500"	"370138"	"194552"	"370094"	"2023-01-11"	"Ambtshalve wijziging"
"ODNML"	"5981PW8"	"Melkrundvee"	"Nee"	"Rootsdijk 8 5981PW PANNINGEN"	"Peel en Maas"	"1"	""	"1.722,60"	"0,00"	"15.570,00"	"194238"	"370144"	"194238"	"370144"	"2010-06-29"	"Melding:besluit landbouwbedrijven milieubeheer"
"ODNML"	"5981PZ3"	"Melkrundvee"	"Nee"	"Palserpad 3 5981PZ Panningen"	"Peel en Maas"	"1"	"Nee"	"205,00"	"0,00"	"4.300,00"	"195078"	"371986"	"195053"	"371948"	"2022-01-04"	"Melding:Activiteitenbesluit"
"ODNML"	"5981SB19"	"Paarden"	"Nee"	"Hoofveldstraat 19 5981SB PANNINGEN"	"Peel en Maas"	"1"	""	"55,00"	"0,00"	"0,00"	"195298"	"370987"	"195298"	"370987"	"1993-07-05"	"Vergunning:hinderwetvergunning"
"ODNML"	"5984NG7"	"Paarden"	"Nee"	"De Koningstraat 7 5984NG Koningslust"	"Peel en Maas"	"1"	""	"495,00"	"0,00"	"0,00"	"198163"	"373417"	"198145"	"373363"	"2020-04-21"	"Melding:Omgevingsvergunning beperkte milieutoets"
"ODNML"	"5984NJ10"	"Melkrundvee"	"Nee"	"De Koningstraat 10 5984NJ Koningslust"	"Peel en Maas"	"1"	""	"1.520,00"	"0,00"	"13.700,00"	"198175"	"373454"	"198226"	"373462"	"2015-04-30"	"Melding:Activiteitenbesluit"
"ODNML"	"5984NK4"	"Melkrundvee"	"Nee"	"De Remer 4 5984NK Koningslust"	"Peel en Maas"	"1"	""	"85,00"	"0,00"	"1.240,00"	"197691"	"374854"	"197682"	"374866"	"2007-09-12"	"Melding:besluit landbouwbedrijven milieubeheer"
"ODNML"	"5984NM109"	"voormalig bedrijf"	"Ja"	"Poorterweg 109 5984NM KONINGSLUST"	"Peel en Maas"	"1"	""	"0,00"	"0,00"	"0,00"	"197004"	"374456"	"197004"	"374456"	"2018-04-08"	"Intrekking:intrekking gehele veebestand"
"ODNML"	"5984NM121"	"voormalig bedrijf"	"Ja"	"Poorterweg 121 5984NM Koningslust"	"Peel en Maas"	"1"	"Nee"	"nu"	"nu"	"nu"	"196902"	"374655"	"196852"	"374578"	"2023-05-08"	"Intrekking gehele veebestand"
"ODNML"	"5984NP110"	"Vleesvarkens"	"Nee"	"Poorterweg 110 5984NP KONINGSLUST"	"Peel en Maas"	"1"	"Ja"	"3.971,92"	"68.178,00"	"261.490,00"	"196708"	"374921"	"196708"	"374921"	"2023-01-11"	"Ambtshalve wijziging"
"ODNML"	"5984NV35"	"Vleeskuikens"	"Nee"	"De Brentjes 35 5984NV Koningslust"	"Peel en Maas"	"5"	"Ja"	"1.641,00"	"16.830,00"	"960.300,00"	"196537"	"374283"	"196503"	"374343"	"2018-04-04"	"Vergunning:Omgevingsvergunning Inrichting"
"ODNML"	"5984NV39"	"Paarden"	"Nee"	"De Brentjes 39 5984NV Koningslust"	"Peel en Maas"	"1"	""	"163,40"	"0,00"	"0,00"	"196615"	"374326"	"196585"	"374366"	"2020-12-21"	"Melding:Activiteitenbesluit"
"ODNML"	"5984NW71"	"voormalig bedrijf"	"Ja"	"De Brentjes 71 5984NW KONINGSLUST"	"Peel en Maas"	"1"	""	"0,00"	"0,00"	"0,00"	"197011"	"374622"	"197011"	"374622"	"2012-05-23"	"Intrekking:intrekking gehele veebestand"
"ODNML"	"5984NW81"	"Paarden"	"Nee"	"De Brentjes 81 5984NW Koningslust"	"Peel en Maas"	"1"	""	"20,50"	"0,00"	"0,00"	"197176"	"374781"	"197164"	"374806"	"2001-08-14"	"Vergunning:gedeeltelijke intrekking"
"ODNML"	"5984NX88"	"Vleeskuikens"	"Nee"	"De Brentjes 88 5984NX KONINGSLUST"	"Peel en Maas"	"2"	""	"742,00"	"6.996,00"	"466.400,00"	"197377"	"374829"	"197378"	"374833"	"2021-06-15"	"Vergunning:Omgevingsvergunning beperkte milieutoets"
"ODNML"	"5984PA14"	"Zeugen"	"Nee"	"Zandstraat 14 5984PA Koningslust"	"Peel en Maas"	"1"	""	"1.442,20"	"14.231,50"	"119.524,00"	"196892"	"375276"	"196891"	"375287"	"2013-06-20"	"Melding:Activiteitenbesluit"
"ODNML"	"5984PA15"	"voormalig bedrijf"	"Ja"	"Zandstraat 15 5984PA Koningslust"	"Peel en Maas"	"9"	""	"0,00"	"0,00"	"0,00"	"196958"	"375358"	"196834"	"375363"	"2020-09-11"	"Intrekking:Omgevingsvergunning beperkte milieutoets"
"ODNML"	"5984PA19"	"Paarden"	"Nee"	"Zandstraat 19 5984PA Koningslust"	"Peel en Maas"	"1"	""	"171,78"	"649,40"	"1.424,00"	"197133"	"375507"	"197148"	"375496"	"1994-10-18"	"Vergunning:hinderwetvergunning"
"ODNML"	"5984PA20"	"Paarden"	"Nee"	"Zandstraat 20 5984PA KONINGSLUST"	"Peel en Maas"	"1"	"Nee"	"88,90"	"75,20"	"76,00"	"197131"	"375577"	"197131"	"375577"	"2009-11-25"	"Melding:besluit landbouwbedrijven milieubeheer"
"ODNML"	"5984PA8A"	"Vleeskuikens"	"Nee"	"Zandstraat 8A 5984PA Koningslust"	"Peel en Maas"	"4"	"Nee"	"5.583,36"	"18.835,29"	"969.500,00"	"196661"	"375025"	"196571"	"375082"	"2024-10-18"	"Omgevingsvergunning milieuneutraal"
"ODNML"	"5984PA9A"	"Paarden"	"Nee"	"Zandstraat 9A 5984PA Koningslust"	"Peel en Maas"	"1"	"Nee"	"134,40"	"0,00"	"0,00"	"196684"	"375040"	"196680"	"375100"	"2022-12-07"	"Melding activiteitenbesluit"
"ODNML"	"5984PB7"	"Paarden"	"Nee"	"Bosweg 7 5984PB Koningslust"	"Peel en Maas"	"1"	""	"40,00"	"0,00"	"0,00"	"196652"	"375511"	"196621"	"375471"	"1999-03-09"	"Vergunning:Beschikkking WM revisievergunning"
"ODNML"	"5984PC18A"	"Vleesvarkens"	"Nee"	"Sevenumsedijk 18A 5984PC KONINGSLUST"	"Peel en Maas"	"5"	"Ja"	"6.787,80"	"157.246,80"	"415.794,00"	"195887"	"374370"	"195866"	"374369"	"2015-12-15"	"Vergunning:Omgevingsvergunning Inrichting"
"ODNML"	"5985MA13"	"Paarden"	"Nee"	"Medeweg 13 5985MA Grashoek"	"Peel en Maas"	"1"	""	"85,50"	"0,00"	"0,00"	"194105"	"376376"	"194083"	"376368"	"2007-04-18"	"Melding:besluit landbouwbedrijven milieubeheer"
"ODNML"	"5985MB6"	"voormalig bedrijf"	"Ja"	"Keurven 6 5985MB GRASHOEK"	"Peel en Maas"	"1"	""	"0,00"	"0,00"	"0,00"	"193279"	"376089"	"193279"	"376089"	"2012-04-02"	"Intrekking:intrekking gehele veebestand"
"ODNML"	"5985NA16"	"Vleeskuikens"	"Nee"	"Marisbaan 16 5985NA Grashoek"	"Peel en Maas"	"5"	"Ja"	"4.599,00"	"43.362,00"	"2.747.800,00"	"193017"	"374200"	"193129"	"374276"	"2023-01-09"	"Omgevingsvergunning-verandering"
"ODNML"	"5985NC6"	"Paarden"	"Nee"	"Kievitsheideweg 6 5985NC Grashoek"	"Peel en Maas"	"1"	"Nee"	"56,80"	"0,00"	"0,00"	"192632"	"374221"	"192590"	"374203"	"2008-02-26"	"Melding:besluit landbouwbedrijven milieubeheer"
"ODNML"	"5985ND15NABIJ"	"Melkrundvee"	"Nee"	"Ontginningsweg 15NABIJ 5985ND GRASHOEK"	"Peel en Maas"	"1"	"Nee"	"233,20"	"0,00"	"2.014,00"	"192289"	"374507"	"192289"	"374507"	"2004-12-13"	"Vergunning:Beschikkking WM revisievergunning"
"ODNML"	"5985ND21"	"Vleesvee"	"Nee"	"Ontginningsweg 21 5985ND Grashoek"	"Peel en Maas"	"1"	""	"685,50"	"3.738,00"	"17.556,00"	"191744"	"374341"	"191787"	"374241"	"2020-02-12"	"Melding:Omgevingsverg. gedeeltelijke intrekking"
"ODNML"	"5985ND9A"	"voormalig bedrijf"	"Ja"	"Ontginningsweg 9A 5985ND GRASHOEK"	"Peel en Maas"	"1"	""	"0,00"	"0,00"	"0,00"	"192559"	"374491"	"192559"	"374491"	"2015-12-07"	"Intrekking:intrekking gehele veebestand"
"ODNML"	"5985NE16"	"Melkrundvee"	"Nee"	"Ontginningsweg 16 5985NE Grashoek"	"Peel en Maas"	"3"	"Nee"	"1.040,60"	"0,00"	"12.980,00"	"193196"	"374626"	"193169"	"374679"	"2024-02-02"	"Melding activiteitenbesluit met OBM"
"ODNML"	"5985NE26A"	"Vleesvee"	"Nee"	"Ontginningsweg 26A 5985NE Grashoek"	"Peel en Maas"	"3"	"Nee"	"3.455,60"	"29.826,40"	"216.506,00"	"192476"	"374550"	"192420"	"374689"	"2021-06-21"	"Vergunning:Omgevingsvergunning revisie"
"ODNML"	"5985NE30"	"Vleesvarkens"	"Nee"	"Ontginningsweg 30 5985NE Grashoek"	"Peel en Maas"	"11"	"Ja"	"3.127,30"	"70.304,10"	"213.966,40"	"191753"	"374457"	"191659"	"374463"	"2026-04-28"	"Omgevingsvergunning-revisie OW"
"ODNML"	"5985NG31"	"Zeugen"	"Ja"	"Kievit 31 5985NG Grashoek"	"Peel en Maas"	"10"	"Nee"	"nu"	"nu"	"nu"	"192160"	"373998"	"192103"	"372858"	"2025-09-01"	"Intrekken gehele veebestand OW"
"ODNML"	"5985NH10"	"Paarden"	"Nee"	"Kwakvors 10 5985NH Grashoek"	"Peel en Maas"	"1"	""	"100,00"	"0,00"	"0,00"	"191340"	"373816"	"191373"	"373817"	"1999-08-24"	"Vergunning:Beschikkking WM revisievergunning"
"ODNML"	"5985NH6"	"Vleesvarkens"	"Nee"	"Kwakvors 6 5985NH Grashoek"	"Peel en Maas"	"1"	""	"576,00"	"6.873,60"	"58.752,00"	"191235"	"374164"	"191218"	"374133"	"2022-01-28"	"Melding:Activiteitenbesluit"
"ODNML"	"5985NH9"	"Vleeskuikens"	"Nee"	"Kwakvors 9 5985NH GRASHOEK"	"Peel en Maas"	"1"	"Nee"	"181,41"	"1.710,39"	"114.026,00"	"191327"	"373870"	"191327"	"373870"	"2023-08-14"	"Intrekking gedeeltelijk veebestand"
"ODNML"	"5985NJ18"	"Paarden"	"Nee"	"Belgenhoek 18 5985NJ Grashoek"	"Peel en Maas"	"1"	"Nee"	"151,30"	"0,00"	"0,00"	"191266"	"375689"	"191251"	"375751"	"2002-11-08"	"Vergunning:Beschikkking WM revisievergunning"
"ODNML"	"5985NJ26"	"Paarden"	"Nee"	"Belgenhoek 26 5985NJ Grashoek"	"Peel en Maas"	"1"	"Nee"	"668,50"	"1.246,00"	"7.660,00"	"191079"	"375415"	"191017"	"375408"	"2018-06-21"	"Melding:Activiteitenbesluit"
"ODNML"	"5985NJ5"	"Vleesvee"	"Nee"	"Belgenhoek 5 5985NJ Grashoek"	"Peel en Maas"	"1"	"Nee"	"164,80"	"1.566,40"	"2.274,00"	"192104"	"375898"	"192157"	"375946"	"2007-07-02"	"Intrekking:gedeeltelijke intrekking"
"ODNML"	"5985NK39"	"Paarden"	"Nee"	"Helenaveenseweg 39 5985NK Grashoek"	"Peel en Maas"	"1"	""	"129,00"	"156,00"	"0,00"	"193276"	"375509"	"193241"	"375512"	"2003-09-02"	"Vergunning:Beschikkking WM revisievergunning"
"ODNML"	"5985NL75"	"voormalig bedrijf"	"Ja"	"Helenaveenseweg 75 5985NL GRASHOEK"	"Peel en Maas"	"1"	""	"0,00"	"0,00"	"0,00"	"193067"	"376016"	"193067"	"376016"	"2012-05-21"	"Intrekking:intrekking gehele veebestand"
"ODNML"	"5985NM38"	"voormalig bedrijf"	"Ja"	"Helenaveenseweg 38 5985NM Grashoek"	"Peel en Maas"	"1"	""	"0,00"	"0,00"	"0,00"	"193293"	"375568"	"193342"	"375553"	"2020-02-11"	"Intrekking:Omgevingsvergunning beperkte milieutoets"
"ODNML"	"5985NM48"	"voormalig bedrijf"	"Ja"	"Helenaveenseweg 48 5985NM Grashoek"	"Peel en Maas"	"1"	""	"0,00"	"0,00"	"0,00"	"193238"	"375751"	"193286"	"375754"	"2020-02-11"	"Intrekking:Omgevingsvergunning beperkte milieutoets"
"ODNML"	"5985NM50"	"Vleesvee"	"Nee"	"Helenaveenseweg 50 5985NM Grashoek"	"Peel en Maas"	"1"	""	"500,50"	"5.090,80"	"4.719,00"	"193205"	"375866"	"193223"	"375888"	"1994-09-05"	"Vergunning:Beschikkking WM revisievergunning"
"ODNML"	"5985NM52"	"voormalig bedrijf"	"Ja"	"Helenaveenseweg 52 5985NM Grashoek"	"Peel en Maas"	"1"	""	"0,00"	"0,00"	"0,00"	"193201"	"375901"	"193236"	"375869"	"2019-12-24"	"Intrekking:Omgevingsvergunning intrekking"
"ODNML"	"5985NN10"	"voormalig bedrijf"	"Ja"	"Spiesberg 10 5985NN GRASHOEK"	"Peel en Maas"	"1"	"Nee"	"0,00"	"0,00"	"0,00"	"193915"	"376078"	"193915"	"376078"	"2011-03-03"	"Intrekking:intrekking gehele veebestand"
"ODNML"	"5985NP18"	"voormalig bedrijf"	"Ja"	"Spiesberg 18 5985NP Grashoek"	"Peel en Maas"	"1"	"Nee"	"0,00"	"0,00"	"0,00"	"193500"	"376296"	"193550"	"376345"	"2021-04-28"	"Intrekking:Omgevingsvergunning intrekking"
"ODNML"	"5985NP28"	"Melkrundvee"	"Nee"	"Spiesberg 28 5985NP Grashoek"	"Peel en Maas"	"1"	"Nee"	"1.789,50"	"1.992,00"	"20.691,00"	"193113"	"376766"	"193131"	"376799"	"1991-12-03"	"Melding:besluit landbouwbedrijven milieubeheer"
"ODNML"	"5985NP30"	"Paarden"	"Nee"	"Spiesberg 30 5985NP Grashoek"	"Peel en Maas"	"1"	"Nee"	"39,30"	"0,00"	"0,00"	"192905"	"376748"	"192911"	"376782"	"2024-09-26"	"Melding activiteitenbesluit"
"ODNML"	"5985NS101"	"Melkrundvee"	"Nee"	"Roomweg 101 5985NS Grashoek"	"Peel en Maas"	"1"	""	"572,00"	"0,00"	"4.940,00"	"194166"	"376063"	"194153"	"376056"	"1997-05-13"	"Vergunning:Beschikkking WM revisievergunning"
"ODNML"	"5985NS85"	"voormalig bedrijf"	"Ja"	"Roomweg 85 5985NS GRASHOEK"	"Peel en Maas"	"1"	""	"0,00"	"0,00"	"0,00"	"193713"	"375280"	"193713"	"375280"	"2015-07-29"	"Intrekking:intrekking gehele veebestand"
"ODNML"	"5985NS91A"	"voormalig bedrijf"	"Ja"	"Roomweg 91A 5985NS GRASHOEK"	"Peel en Maas"	"1"	""	"0,00"	"0,00"	"0,00"	"193769"	"375569"	"193769"	"375569"	"2013-01-24"	"Melding:intrekking gehele veebestand"
"ODNML"	"5985NW4"	"Paarden"	"Nee"	"Meeuwenweg 4 5985NW Grashoek"	"Peel en Maas"	"1"	""	"380,40"	"0,00"	"1.558,00"	"195620"	"376037"	"195640"	"376094"	"2021-06-24"	"Intrekking:Omgevingsverg. gedeeltelijke intrekking"
"ODNML"	"5985NX27"	"Vleesvee"	"Nee"	"Lorbaan 27 5985NX Grashoek"	"Peel en Maas"	"1"	"Nee"	"868,00"	"0,00"	"23.800,00"	"194839"	"374762"	"194733"	"374837"	"2005-10-06"	"Vergunning:WM uitbreidings-wijzigingsvergunning"
"ODNML"	"5985NX43"	"Vleesvarkens"	"Nee"	"Lorbaan 43 5985NX Grashoek"	"Peel en Maas"	"5"	"Ja"	"4.632,50"	"59.848,10"	"443.547,00"	"194952"	"375530"	"194913"	"375562"	"2023-02-06"	"Ambtshalve wijziging"
"ODNML"	"5985NX43A"	"Vleesvarkens"	"Nee"	"Lorbaan 43A 5985NX GRASHOEK"	"Peel en Maas"	"2"	"Ja"	"1.339,20"	"37.795,20"	"92.256,00"	"195162"	"375337"	"195066"	"375439"	"2023-02-15"	"Ambtshalve wijziging"
"ODNML"	"5985NZ16"	"voormalig bedrijf"	"Ja"	"Lorbaan 16 5985NZ Grashoek"	"Peel en Maas"	"1"	""	"0,00"	"0,00"	"0,00"	"194570"	"374284"	"194586"	"374263"	"2020-12-22"	"Intrekking:Activiteitenbesluit"
"ODNML"	"5985NZ26"	"Melkrundvee"	"Nee"	"Lorbaan 26 5985NZ Grashoek"	"Peel en Maas"	"1"	""	"1.680,80"	"0,00"	"14.516,00"	"194861"	"374745"	"194897"	"374714"	"2011-08-23"	"Vergunning:Beschikkking WM revisievergunning"
"ODNML"	"5985NZ38"	"Paarden"	"Nee"	"Lorbaan 38 5985NZ Grashoek"	"Peel en Maas"	"1"	""	"74,20"	"0,00"	"0,00"	"195095"	"375122"	"195145"	"375108"	"2020-03-11"	"Melding:Activiteitenbesluit"
"ODNML"	"5985NZ4"	"Nerts Vos"	"Nee"	"Lorbaan 4 5985NZ Grashoek"	"Peel en Maas"	"1"	"Nee"	"2.250,00"	"0,00"	"72.000,00"	"193984"	"373389"	"194093"	"373488"	"2007-12-18"	"Vergunning:Beschikkking WM revisievergunning"
"ODNML"	"5985NZ44"	"Paarden"	"Nee"	"Lorbaan 44 5985NZ Grashoek"	"Peel en Maas"	"1"	"Nee"	"355,00"	"0,00"	"0,00"	"195307"	"375414"	"195243"	"375395"	"2021-05-10"	"Intrekking:Omgevingsverg. gedeeltelijke intrekking"
"ODNML"	"5985NZ45"	"voormalig bedrijf"	"Ja"	" 45 5985NZ "	"Peel en Maas"	"1"	"Nee"	"0,00"	"0,00"	"0,00"	"195286"	"375488"	"195286"	"375488"	"2011-01-18"	"Intrekking:intrekking gehele veebestand"
"ODNML"	"5985NZ46"	"Melkrundvee"	"Nee"	"Lorbaan 46 5985NZ Grashoek"	"Peel en Maas"	"1"	"Nee"	"718,00"	"0,00"	"11.260,00"	"195333"	"375459"	"195376"	"375424"	"2022-12-12"	"Melding activiteitenbesluit"
"ODNML"	"5985NZ52"	"voormalig bedrijf"	"Ja"	"Lorbaan 52 5985NZ GRASHOEK"	"Peel en Maas"	"1"	""	"0,00"	"0,00"	"0,00"	"195578"	"375542"	"195578"	"375542"	"2016-03-14"	"Intrekking:intrekking gehele veebestand"
"ODNML"	"5985NZ58"	"voormalig bedrijf"	"Ja"	"Lorbaan 58 5985NZ GRASHOEK"	"Peel en Maas"	"1"	""	"0,00"	"0,00"	"0,00"	"195641"	"375703"	"195641"	"375703"	"2003-12-11"	"Intrekking:intrekking gehele veebestand"
"ODNML"	"5985NZ58BIJ"	"voormalig bedrijf"	"Ja"	"Lorbaan 58BIJ 5985NZ GRASHOEK"	"Peel en Maas"	"1"	"Nee"	"0,00"	"0,00"	"0,00"	"195689"	"375708"	"195689"	"375708"	"2021-07-30"	"Intrekking:Omgevingsvergunning intrekking"
"ODNML"	"5985PA4"	"voormalig bedrijf"	"Ja"	"Winkenven 4 5985PA GRASHOEK"	"Peel en Maas"	"1"	""	"0,00"	"0,00"	"0,00"	"195446"	"375940"	"195446"	"375940"	"2011-12-16"	"Intrekking:intrekking gehele veebestand"
"ODNML"	"5985PB1"	"zeer gering van omvang"	"Ja"	"Venweg 1 5985PB Grashoek"	"Peel en Maas"	"1"	""	"0,00"	"0,00"	"0,00"	"195450"	"375282"	"195459"	"375260"	"2020-05-21"	"Intrekking:Activiteitenbesluit"
"ODNML"	"5985PB11"	"Vleesvarkens"	"Nee"	"Venweg 11 5985PB GRASHOEK"	"Peel en Maas"	"1"	"Ja"	"4.202,00"	"102.156,00"	"269.600,00"	"194926"	"375928"	"194926"	"375928"	"2023-02-15"	"Ambtshalve wijziging"
"ODNML"	"5985PC5"	"voormalig bedrijf"	"Ja"	"Vliegert 5 5985PC GRASHOEK"	"Peel en Maas"	"1"	""	"0,00"	"0,00"	"0,00"	"194807"	"375331"	"194807"	"375331"	"2011-03-09"	"Intrekking:intrekking gehele veebestand"
"ODNML"	"5985PC9"	"voormalig bedrijf"	"Ja"	"Vliegert 9 5985PC GRASHOEK"	"Peel en Maas"	"1"	""	"0,00"	"0,00"	"0,00"	"194666"	"375423"	"194666"	"375423"	"2013-04-24"	"Intrekking:intrekking gehele veebestand"
"ODNML"	"5985PD18"	"Melkrundvee"	"Nee"	"Vliegertsdijk 18 5985PD Grashoek"	"Peel en Maas"	"1"	""	"8.157,00"	"0,00"	"91.170,00"	"194077"	"375413"	"194129"	"375431"	"2023-03-24"	"Omgevingsvergunning-verandering"
"ODNML"	"5985PD23"	"Vleesvee"	"Nee"	"Vliegertsdijk 23 5985PD Grashoek"	"Peel en Maas"	"1"	"Nee"	"743,00"	"11.492,00"	"7.975,00"	"193729"	"375911"	"193696"	"375876"	"1999-08-24"	"Vergunning:Beschikkking WM revisievergunning"
"ODNML"	"5985PD25"	"Vleesvarkens"	"Nee"	"Vliegertsdijk 25 5985PD Grashoek"	"Peel en Maas"	"2"	"Nee"	"1.255,80"	"16.086,20"	"103.509,00"	"193620"	"375986"	"193668"	"375977"	"2020-12-04"	"Vergunning:Omgevingsvergunning beperkte milieutoets"
"ODNML"	"5985PD6"	"voormalig bedrijf"	"Ja"	"Vliegertsdijk 6 5985PD Grashoek"	"Peel en Maas"	"1"	""	"0,00"	"0,00"	"0,00"	"195166"	"374447"	"195191"	"374491"	"2015-04-09"	"Intrekking:Activiteitenbesluit"
"ODNML"	"5985PE2C"	"Vleesvarkens"	"Nee"	"Houwenberg 2C 5985PE Grashoek"	"Peel en Maas"	"1"	"Ja"	"5.332,90"	"61.618,60"	"398.261,00"	"194304"	"374635"	"194415"	"374527"	"2025-04-14"	"Omgevingsvergunning-revisie"
"ODNML"	"5985PE3"	"Paarden"	"Nee"	"Houwenberg 3 5985PE Grashoek"	"Peel en Maas"	"1"	""	"15,50"	"0,00"	"0,00"	"194298"	"374674"	"194279"	"374692"	"1900-01-01"	"Melding:onbekend"
"ODNML"	"5985PE5"	"Zeugen"	"Nee"	"Houwenberg 5 5985PE Grashoek"	"Peel en Maas"	"1"	""	"737,10"	"9.504,28"	"100.084,00"	"194135"	"374948"	"194120"	"374988"	"2019-09-18"	"Melding:Omgevingsverg. gedeeltelijke intrekking"
"ODNML"	"5985PR35"	"Melkrundvee"	"Nee"	"Marisstraat 35 5985PR Grashoek"	"Peel en Maas"	"1"	""	"1.809,60"	"4.485,60"	"30.652,00"	"193510"	"373826"	"193502"	"373781"	"2011-02-22"	"Vergunning:Beschikkking WM revisievergunning"
"ODNML"	"5985PR43"	"voormalig bedrijf"	"Ja"	"Marisstraat 43 5985PR Grashoek"	"Peel en Maas"	"1"	""	"0,00"	"0,00"	"0,00"	"193488"	"374056"	"193457"	"374035"	"2021-10-07"	"Intrekking:Activiteitenbesluit"
"ODNML"	"5986AG54"	"voormalig bedrijf"	"Ja"	"Kanaalstraat 54 5986AG BERINGE"	"Peel en Maas"	"1"	""	"0,00"	"0,00"	"0,00"	"194304"	"372105"	"194304"	"372105"	"2011-03-03"	"Intrekking:intrekking gehele veebestand"
"ODNML"	"5986AP22"	"Biggen"	"Nee"	"Eelserstraat 22 5986AP Beringe"	"Peel en Maas"	"3"	""	"825,93"	"9.336,60"	"88.578,00"	"194256"	"372287"	"194333"	"372258"	"2020-06-10"	"Vergunning:Omgevingsvergunning beperkte milieutoets"
"ODNML"	"5986AP30"	"Zeugen"	"Nee"	"Eelserstraat 30 5986AP Beringe"	"Peel en Maas"	"1"	"Nee"	"4.100,43"	"38.211,00"	"296.940,00"	"194503"	"372511"	"194512"	"372458"	"2017-09-07"	"Vergunning:Activiteitenbesluit"
"ODNML"	"5986NB16"	"Vleesvarkens"	"Nee"	"Kaumeshoek 16 5986NB Beringe"	"Peel en Maas"	"1"	""	"373,50"	"6.681,50"	"41.085,00"	"194164"	"372784"	"194121"	"372715"	"2011-05-31"	"Intrekking:gedeeltelijke intrekking"
"ODNML"	"5986NB17"	"Vleesvee"	"Nee"	"Kaumeshoek 17 5986NB Beringe"	"Peel en Maas"	"1"	"Nee"	"1.508,50"	"11.385,00"	"86.392,00"	"194159"	"372796"	"194125"	"372783"	"2014-03-24"	"Vergunning:Activiteitenbesluit"
"ODNML"	"5986NB20"	"voormalig bedrijf"	"Ja"	"Kaumeshoek 20 5986NB BERINGE"	"Peel en Maas"	"1"	""	"0,00"	"0,00"	"0,00"	"193992"	"372752"	"193992"	"372752"	"2015-12-17"	"Intrekking:intrekking gehele veebestand"
"ODNML"	"5986NB25"	"Paarden"	"Nee"	"Kaumeshoek 25 5986NB Beringe"	"Peel en Maas"	"1"	""	"138,60"	"0,00"	"1.746,00"	"193793"	"373023"	"193761"	"372986"	"2020-03-27"	"Melding:Activiteitenbesluit"
"ODNML"	"5986NC11"	"Vleeskuikens"	"Nee"	"Marisstraat 11 5986NC Beringe"	"Peel en Maas"	"2"	"Nee"	"1.043,70"	"9.840,60"	"656.040,00"	"193777"	"373387"	"193689"	"373368"	"2021-10-26"	"Melding:Omgevingsvergunning beperkte milieutoets"
"ODNML"	"5986ND18"	"Melkrundvee"	"Nee"	"Hoevenstraat 18 5986ND Beringe"	"Peel en Maas"	"1"	""	"2.992,40"	"0,00"	"26.966,00"	"192711"	"372776"	"192703"	"372803"	"2007-11-04"	"Vergunning:beschikking WM veranderingsvergunning"
"ODNML"	"5986ND2"	"voormalig bedrijf"	"Ja"	"Hoevenstraat 2 5986ND Beringe"	"Peel en Maas"	"1"	""	"0,00"	"0,00"	"0,00"	"193493"	"373064"	"193496"	"373086"	"2020-11-19"	"Intrekking:Omgevingsvergunning intrekking"
"ODNML"	"5986NE11"	"voormalig bedrijf"	"Ja"	"Marisbaan 11 5986NE BERINGE"	"Peel en Maas"	"1"	""	"0,00"	"0,00"	"0,00"	"192986"	"373418"	"192986"	"373418"	"2017-06-20"	"Intrekking:intrekking gehele veebestand"
"ODNML"	"5986NE3"	"voormalig bedrijf"	"Ja"	"Marisbaan 3 5986NE BERINGE"	"Peel en Maas"	"1"	""	"0,00"	"0,00"	"0,00"	"192968"	"373128"	"192968"	"373128"	"2018-11-08"	"Melding:intrekking gehele veebestand"
"ODNML"	"5986NG18"	"Melkrundvee"	"Nee"	"Kievit 18 5986NG Beringe"	"Peel en Maas"	"1"	""	"961,30"	"890,00"	"10.620,00"	"193426"	"372607"	"193424"	"372562"	"2003-02-05"	"Melding:besluit landbouwbedrijven milieubeheer"
"ODNML"	"5986NH75"	"Vleeskuikens"	"Nee"	"Meijelseweg 75 5986NH Beringe"	"Peel en Maas"	"1"	"Ja"	"6.240,00"	"49.500,00"	"3.300.000,00"	"191821"	"372207"	"191770"	"372299"	"2023-03-27"	"Ambtshalve wijziging"
"ODNML"	"5986NH77"	"Vleeskuikens"	"Nee"	"Meijelseweg 77 5986NH BERINGE"	"Peel en Maas"	"1"	"Ja"	"8.414,22"	"66.000,00"	"4.400.000,00"	"191852"	"372045"	"191852"	"372045"	"2023-03-27"	"Ambtshalve wijziging"
"ODNML"	"5986NJ4"	"voormalig bedrijf"	"Ja"	"Meyelseweg 4 5986NJ BERINGE"	"Peel en Maas"	"1"	""	"0,00"	"0,00"	"0,00"	"193625"	"372348"	"193625"	"372348"	"2018-01-23"	"Intrekking:intrekking gehele veebestand"
"ODNML"	"5986NJ52"	"Melkrundvee"	"Nee"	"Meijelseweg 52 5986NJ Beringe"	"Peel en Maas"	"1"	""	"966,20"	"2.340,00"	"6.800,00"	"192475"	"372176"	"192464"	"372204"	"1980-07-07"	"Vergunning:hinderwetvergunning"
"ODNML"	"5986NJ72A"	"Melkrundvee"	"Nee"	"Meijelseweg 72A 5986NJ Beringe"	"Peel en Maas"	"1"	"Nee"	"999,30"	"0,00"	"9.036,00"	"191848"	"372568"	"191871"	"372606"	"2010-01-11"	"Melding:besluit landbouwbedrijven milieubeheer"
"ODNML"	"5986NM44"	"voormalig bedrijf"	"Ja"	"Peelstraat 44 5986NM BERINGE"	"Peel en Maas"	"1"	"Nee"	"0,00"	"0,00"	"0,00"	"193738"	"371798"	"193738"	"371798"	"2015-12-10"	"Melding:intrekking gehele veebestand"
"ODNML"	"5986NM82"	"Zeugen"	"Nee"	"Peelstraat 82 5986NM BERINGE"	"Peel en Maas"	"1"	""	"1.437,68"	"15.172,04"	"131.838,00"	"194116"	"371309"	"194116"	"371309"	"2014-10-21"	"Vergunning:Activiteitenbesluit"
"ODNML"	"5986NM86"	"Vleesvee"	"Nee"	"Peelstraat 86 5986NM Beringe"	"Peel en Maas"	"1"	"Nee"	"3.732,20"	"20.434,40"	"103.740,00"	"194128"	"371017"	"194122"	"371088"	"2019-03-11"	"Melding:Activiteitenbesluit"
"ODNML"	"5986NP29"	"Paarden"	"Nee"	"Kampweg 29 5986NP Beringe"	"Peel en Maas"	"1"	"Nee"	"73,50"	"0,00"	"0,00"	"193674"	"371657"	"193696"	"371629"	"2019-09-06"	"Melding:gedeeltelijke intrekking"
"ODNML"	"5986NP46A"	"Nerts Vos"	"Ja"	"Kampweg 46A 5986NP Beringe"	"Peel en Maas"	"1"	"Nee"	"nu"	"nu"	"nu"	"193211"	"371410"	"193196"	"371438"	"2025-12-04"	"Intrekken gehele veebestand OW"
"ODNML"	"5986NR10"	"voormalig bedrijf"	"Ja"	"Hertsteeg 10 5986NR Beringe"	"Peel en Maas"	"1"	"Nee"	"0,00"	"0,00"	"0,00"	"193850"	"371306"	"193818"	"371288"	"2014-12-09"	"Intrekking:Activiteitenbesluit"
"ODNML"	"5986NR16"	"voormalig bedrijf"	"Ja"	"Hertsteeg 16 5986NR BERINGE"	"Peel en Maas"	"1"	"Nee"	"0,00"	"0,00"	"0,00"	"193799"	"371207"	"193786"	"371208"	"2020-01-02"	"Intrekking:Omgevingsvergunning intrekking"
"ODNML"	"5986NS3"	"Paarden"	"Nee"	"Hulsweg 3 5986NS Beringe"	"Peel en Maas"	"1"	""	"50,00"	"0,00"	"0,00"	"194382"	"371479"	"194369"	"371502"	"1999-08-24"	"Vergunning:Beschikkking WM revisievergunning"
"ODNML"	"5986NS4"	"Vleesvee"	"Nee"	"Hulsweg 4 5986NS Beringe"	"Peel en Maas"	"6"	"Nee"	"2.144,70"	"35.849,20"	"67.448,50"	"194532"	"371474"	"194587"	"371453"	"2026-03-05"	"Omgevingsvergunning-verandering"
"ODNML"	"5986NT12"	"Vleesvarkens"	"Ja"	"Groeze 12 5986NT Beringe"	"Peel en Maas"	"5"	"Ja"	"nu"	"nu"	"nu"	"193524"	"371023"	"193600"	"371085"	"2025-05-19"	"Intrekken gehele veebestand OW"
"ODNML"	"5986NT18"	"Zeugen"	"Nee"	"Groeze 18 5986NT Beringe"	"Peel en Maas"	"1"	"Ja"	"7.442,69"	"78.420,76"	"1.907.233,00"	"193097"	"370827"	"193083"	"370893"	"2022-10-20"	"Ambtshalve wijziging"
"ODNML"	"5986NT4"	"Vleesvarkens"	"Nee"	"Groeze 4 5986NT BERINGE"	"Peel en Maas"	"4"	"Ja"	"4.335,00"	"47.480,00"	"233.482,00"	"193864"	"370933"	"193870"	"370942"	"2023-02-06"	"Ambtshalve wijziging"
"ODNML"	"5986NT9"	"Nerts Vos"	"Nee"	"Groeze 9 5986NT Beringe"	"Peel en Maas"	"1"	""	"750,00"	"0,00"	"24.000,00"	"193597"	"370824"	"193629"	"370684"	"2007-08-25"	"Vergunning:Omgevingsvergunning verandering"
"ODNML"	"5986NV3"	"Melkrundvee"	"Nee"	"Koelenweg 3 5986NV Beringe"	"Peel en Maas"	"1"	""	"1.812,20"	"0,00"	"19.688,00"	"192865"	"370685"	"192898"	"370635"	"2016-12-09"	"Melding:Activiteitenbesluit"
"ODNML"	"5986NW19"	"Vleesvee"	"Nee"	"Vreedepeelweg 19 5986NW Beringe"	"Peel en Maas"	"1"	""	"549,50"	"5.589,20"	"5.181,00"	"192437"	"370930"	"192392"	"370915"	"2015-11-17"	"Vergunning:Activiteitenbesluit"
"ODNML"	"5986NW21"	"Vleesvarkens"	"Nee"	"Vreedepeelweg 21 5986NW Beringe"	"Peel en Maas"	"1"	""	"1.186,50"	"14.076,00"	"90.720,00"	"192140"	"370913"	"192166"	"370865"	"2016-03-29"	"Vergunning:Activiteitenbesluit"
"ODNML"	"5986NW23"	"Zeugen"	"Nee"	"Vreedepeelweg 23 5986NW Beringe"	"Peel en Maas"	"6"	"Ja"	"1.463,39"	"48.341,20"	"392.485,00"	"191948"	"370909"	"191942"	"370816"	"2017-01-18"	"Vergunning:Omgevingsvergunning Inrichting"
"ODNML"	"5986NW25"	"Vleesvarkens"	"Nee"	"Vreedepeelweg 25 5986NW Beringe"	"Peel en Maas"	"8"	"Ja"	"2.432,83"	"126.428,30"	"865.192,00"	"191661"	"370894"	"191731"	"370811"	"2024-02-29"	"Omgevingsvergunning-verandering"
"ODNML"	"5986NW8B"	"voormalig bedrijf"	"Ja"	"Vreedepeelweg 8B 5986NW BERINGE"	"Peel en Maas"	"1"	"Nee"	"nu"	"nu"	"nu"	"193068"	"371284"	"193068"	"371284"	"2022-07-18"	"Intrekking gehele veebestand"
"ODNML"	"5986NX12"	"Vleeskuikens"	"Nee"	"Haambergweg 12 5986NX BERINGE"	"Peel en Maas"	"1"	"Ja"	"7.481,50"	"64.317,00"	"4.230.600,00"	"191717"	"369757"	"191717"	"369757"	"2023-02-15"	"Ambtshalve wijziging"
"ODNML"	"5986NX14"	"Melkrundvee"	"Nee"	"Haambergweg 14 5986NX Beringe"	"Peel en Maas"	"1"	""	"1.036,50"	"0,00"	"9.400,00"	"191459"	"370026"	"191513"	"370016"	"2019-04-02"	"Melding:Activiteitenbesluit"
"ODNML"	"5986NX15"	"Melkrundvee"	"Nee"	"Haambergweg 15 5986NX Beringe"	"Peel en Maas"	"1"	""	"1.347,80"	"0,00"	"11.874,00"	"191442"	"369947"	"191385"	"369924"	"2004-04-30"	"Melding:besluit landbouwbedrijven milieubeheer"
"ODNML"	"5986NX18"	"Melkrundvee"	"Nee"	"Haambergweg 18 5986NX Beringe"	"Peel en Maas"	"3"	""	"1.779,00"	"8.192,40"	"61.822,00"	"191150"	"370841"	"191192"	"370829"	"2020-04-22"	"Melding:Omgevingsvergunning beperkte milieutoets"
"ODNML"	"5986NX19"	"Vleesvarkens"	"Nee"	"Haambergweg 19 5986NX Beringe"	"Peel en Maas"	"3"	"Nee"	"2.901,90"	"40.944,60"	"266.652,00"	"191281"	"370373"	"191228"	"370570"	"2019-01-31"	"Vergunning:Omgevingsvergunning beperkte milieutoets"
"ODNML"	"5986NX9"	"Vleeskuikens"	"Nee"	"Haambergweg 9 5986NX Beringe"	"Peel en Maas"	"1"	"Ja"	"4.410,00"	"69.300,00"	"3.187.800,00"	"191920"	"369520"	"191905"	"369490"	"2023-03-09"	"Ambtshalve wijziging"
"ODNML"	"5986NZ1"	"Zeugen"	"Nee"	"Schorfweg 1 5986NZ BERINGE"	"Peel en Maas"	"1"	"Ja"	"5.686,37"	"95.667,30"	"642.385,00"	"191533"	"370359"	"191533"	"370359"	"2023-01-30"	"Ambtshalve wijziging"
"ODNML"	"5986PA33"	"Vleeskuikens"	"Nee"	"Rozenobel 33 5986PA Beringe"	"Peel en Maas"	"6"	"Ja"	"4.410,00"	"69.300,00"	"3.187.800,00"	"192242"	"372170"	"192111"	"372138"	"2023-02-17"	"Ambtshalve wijziging"
"ODNML"	"5987AC7"	"voormalig bedrijf"	"Ja"	"Linskesweg 7 5987AC Egchel"	"Peel en Maas"	"1"	"Nee"	"0,00"	"0,00"	"0,00"	"195945"	"369448"	"195896"	"369366"	"2015-01-22"	"Intrekking:Activiteitenbesluit"
"ODNML"	"5987AK42"	"Zeugen"	"Nee"	"Jacobusstraat 42 5987AK EGCHEL"	"Peel en Maas"	"1"	"Ja"	"3.661,71"	"29.496,70"	"183.608,00"	"195809"	"369116"	"195809"	"369116"	"2023-01-26"	"Ambtshalve wijziging"
"ODNML"	"5987AS20"	"Biggen"	"Nee"	"De Horsten 20 5987AS Egchel"	"Peel en Maas"	"3"	"Ja"	"2.064,71"	"69.130,40"	"235.366,00"	"194239"	"368680"	"194334"	"368730"	"2020-10-22"	"Omgevingsvergunning-revisie"
"ODNML"	"5987NB11"	"voormalig bedrijf"	"Ja"	"Keup 11 5987NB Egchel"	"Peel en Maas"	"1"	""	"0,00"	"0,00"	"0,00"	"196671"	"368977"	"196583"	"368979"	"2022-01-07"	"Intrekking:Omgevingsvergunning intrekking"
"ODNML"	"5987NB13"	"voormalig bedrijf"	"Ja"	"Keup 13 5987NB EGCHEL"	"Peel en Maas"	"1"	"Nee"	"0,00"	"0,00"	"0,00"	"196589"	"368923"	"196589"	"368923"	"2012-11-06"	"Intrekking:intrekking gehele veebestand"
"ODNML"	"5987NC117"	"Paarden"	"Nee"	"Roggelseweg 117 5987NC Egchel"	"Peel en Maas"	"1"	""	"234,50"	"390,00"	"0,00"	"195721"	"368233"	"195741"	"368256"	"2018-12-06"	"Melding:Activiteitenbesluit"
"ODNML"	"5987NC121"	"Paarden"	"Nee"	"Roggelseweg 121 5987NC Egchel"	"Peel en Maas"	"1"	""	"53,00"	"0,00"	"0,00"	"195568"	"368196"	"195610"	"368180"	"2020-02-12"	"Melding:Omgevingsverg. gedeeltelijke intrekking"
"ODNML"	"5987NC125"	"voormalig bedrijf"	"Ja"	"Roggelseweg 125 5987NC EGCHEL"	"Peel en Maas"	"1"	""	"0,00"	"0,00"	"0,00"	"195640"	"368094"	"195640"	"368094"	"2009-08-18"	"Intrekking:intrekking gehele veebestand"
"ODNML"	"5987NC141"	"Melkrundvee"	"Nee"	"Roggelseweg 141 5987NC Egchel"	"Peel en Maas"	"1"	"Nee"	"1.170,40"	"0,00"	"10.108,00"	"195184"	"367701"	"195216"	"367688"	"2021-02-12"	"Melding:Activiteitenbesluit"
"ODNML"	"5987NC89"	"Paarden"	"Nee"	"Roggelseweg 89 5987NC Egchel"	"Peel en Maas"	"1"	"Nee"	"210,00"	"0,00"	"0,00"	"196216"	"368808"	"196216"	"368808"	"2019-07-10"	"Melding:Activiteitenbesluit"
"ODNML"	"5987ND0ONG"	"voormalig bedrijf"	"Ja"	"Roggelseweg 0ONG 5987ND EGCHEL"	"Peel en Maas"	"1"	"Nee"	"0,00"	"0,00"	"0,00"	"196254"	"369064"	"196254"	"369064"	"2012-05-23"	"Intrekking:intrekking gehele veebestand"
"ODNML"	"5987ND112"	"Vleesvarkens"	"Nee"	"Roggelseweg 112 5987ND Egchel"	"Peel en Maas"	"2"	""	"1.528,80"	"14.816,80"	"113.220,00"	"195584"	"368478"	"195526"	"368417"	"2021-06-09"	"Vergunning:Omgevingsvergunning revisie"
"ODNML"	"5987NE11"	"voormalig bedrijf"	"Ja"	"Melkweg 11 5987NE EGCHEL"	"Peel en Maas"	"1"	""	"0,00"	"0,00"	"0,00"	"194875"	"368151"	"194875"	"368151"	"2015-06-16"	"Melding:intrekking gehele veebestand"
"ODNML"	"5987NE16"	"Vleesvarkens"	"Nee"	"Melkweg 16 5987NE EGCHEL"	"Peel en Maas"	"1"	"Ja"	"6.832,80"	"128.082,40"	"396.644,00"	"194711"	"368383"	"194711"	"368383"	"2023-03-10"	"Ambtshalve wijziging"
"ODNML"	"5987NE22"	"voormalig bedrijf"	"Ja"	"Melkweg 22 5987NE EGCHEL"	"Peel en Maas"	"1"	""	"0,00"	"0,00"	"0,00"	"194313"	"368610"	"194313"	"368610"	"2012-09-20"	"Intrekking:intrekking gehele veebestand"
"ODNML"	"5987NE7"	"Paarden"	"Nee"	"Melkweg 7 5987NE Egchel"	"Peel en Maas"	"1"	"Nee"	"30,00"	"0,00"	"0,00"	"195042"	"368132"	"195036"	"368078"	"2010-02-04"	"Melding:besluit landbouwbedrijven milieubeheer"
"ODNML"	"5987NE9"	"Vleesvarkens"	"Nee"	"Melkweg 9 5987NE Egchel"	"Peel en Maas"	"9"	"Ja"	"3.797,70"	"44.016,00"	"221.192,00"	"195001"	"368174"	"194955"	"368133"	"2021-12-17"	"Vergunning:Omgevingsvergunning revisie"
"ODNML"	"5987NG6"	"Zeugen"	"Ja"	"Huiskensweg 6 5987NG EGCHEL"	"Peel en Maas"	"1"	"Ja"	"nu"	"nu"	"nu"	"195203"	"368488"	"195203"	"368488"	"2025-09-11"	"Intrekken gehele veebestand OW"
"ODNML"	"5987NH14"	"Biggen"	"Nee"	"Rongvenweg 14 5987NH Egchel"	"Peel en Maas"	"6"	"Ja"	"7.985,58"	"126.969,80"	"774.098,00"	"194565"	"368437"	"194604"	"368576"	"2019-08-22"	"Vergunning:Omgevingsvergunning verandering"
"ODNML"	"5987NH15"	"Biggen"	"Ja"	"Rongvenweg 15 5987NH Egchel"	"Peel en Maas"	"6"	"Ja"	"nu"	"nu"	"nu"	"195171"	"368365"	"195000"	"368679"	"2025-09-11"	"Intrekken gehele veebestand OW"
"ODNML"	"5987NJ11"	"Melkrundvee"	"Nee"	"Karissendijk 11 5987NJ Egchel"	"Peel en Maas"	"1"	""	"2.119,60"	"0,00"	"19.848,00"	"193943"	"368652"	"193950"	"368631"	"2018-12-13"	"Melding:Activiteitenbesluit"
"ODNML"	"5987NJ14"	"Melkrundvee"	"Nee"	"Karissendijk 14 5987NJ Egchel"	"Peel en Maas"	"1"	""	"2.625,80"	"0,00"	"24.628,00"	"193782"	"368464"	"193749"	"368470"	"2017-09-28"	"Melding:Activiteitenbesluit"
"ODNML"	"5987NJ5"	"Paarden"	"Nee"	"Karissendijk 5 5987NJ EGCHEL"	"Peel en Maas"	"1"	""	"187,30"	"0,00"	"0,00"	"195191"	"369613"	"195191"	"369613"	"2002-06-18"	"Vergunning:oprichtingsvergunning"
"ODNML"	"5987NJ7"	"Nerts Vos"	"Ja"	"Karissendijk 7 5987NJ EGCHEL"	"Peel en Maas"	"1"	""	"nu"	"nu"	"nu"	"194376"	"369129"	"194376"	"369129"	"2025-06-12"	"Intrekken gehele veebestand OW"
"ODNML"	"5987NZ2"	"Melkrundvee"	"Nee"	"Haambergweg 2 5987NZ Egchel"	"Peel en Maas"	"1"	"Nee"	"726,00"	"0,00"	"6.522,00"	"193848"	"368802"	"193839"	"368805"	"1991-12-10"	"Melding:besluit landbouwbedrijven milieubeheer"
"ODNML"	"5988CL36A"	"Zeugen"	"Nee"	"Kloosterstraat 36A 5988CL Helden"	"Peel en Maas"	"1"	"Ja"	"2.073,52"	"32.629,40"	"130.573,00"	"198445"	"370583"	"198449"	"370665"	"2014-12-01"	"Vergunning:Omgevingsvergunning Inrichting"
"ODNML"	"5988CL36C"	"Vleeskuikens"	"Nee"	"Kloosterstraat 36C 5988CL Helden"	"Peel en Maas"	"2"	"Nee"	"745,25"	"11.711,04"	"374.753,28"	"198533"	"370625"	"198526"	"370716"	"2022-04-29"	"Vergunning:Omgevingsvergunning beperkte milieutoets"
"ODNML"	"5988CL39"	"Vleeskuikens"	"Nee"	"Kloosterstraat 39 5988CL Helden"	"Peel en Maas"	"6"	"Ja"	"5.626,51"	"51.105,12"	"3.241.363,84"	"198638"	"370703"	"198670"	"370679"	"2023-02-06"	"Ambtshalve wijziging"
"ODNML"	"5988DA107"	"Vleesvarkens"	"Nee"	"Neerseweg 107 5988DA Helden"	"Peel en Maas"	"2"	"Ja"	"3.287,00"	"43.928,80"	"118.354,00"	"196451"	"367288"	"196536"	"367291"	"2024-11-28"	"Omgevingsvergunning-verandering"
"ODNML"	"5988DA111A"	"Vleesvee"	"Nee"	"Neerseweg 111A 5988DA HELDEN"	"Peel en Maas"	"3"	"Nee"	"1.540,70"	"12.709,20"	"11.781,00"	"196483"	"367069"	"196498"	"367068"	"2023-05-05"	"Melding activiteitenbesluit"
"ODNML"	"5988DA117"	"voormalig bedrijf"	"Ja"	"Neerseweg 117 5988DA Helden"	"Peel en Maas"	"1"	""	"0,00"	"0,00"	"0,00"	"196341"	"366985"	"196449"	"366926"	"2020-02-21"	"Intrekking:Omgevingsvergunning beperkte milieutoets"
"ODNML"	"5988DA118"	"Leghennen"	"Nee"	"Neerseweg 118 5988DA Helden"	"Peel en Maas"	"2"	"Ja"	"3.765,90"	"29.070,00"	"4.024.150,00"	"196307"	"367020"	"196255"	"367140"	"2021-09-16"	"Vergunning:Omgevingsvergunning verandering"
"ODNML"	"5988NA8"	"Vleesvarkens"	"Nee"	"Gruise Epper 8 5988NA Helden"	"Peel en Maas"	"2"	"Ja"	"3.218,40"	"51.980,40"	"187.902,00"	"196033"	"367484"	"196045"	"367406"	"2022-06-20"	"Omgevingsvergunning-verandering"
"ODNML"	"5988NL13"	"voormalig bedrijf"	"Ja"	"Baarloseweg 13 5988NL Helden"	"Peel en Maas"	"1"	""	"0,00"	"0,00"	"0,00"	"198338"	"370955"	"198341"	"370953"	"2022-05-05"	"Intrekking:Activiteitenbesluit"
"ODNML"	"5988NL14B"	"Vleeskuikens"	"Ja"	"Baarloseweg 14B 5988NL Helden"	"Peel en Maas"	"1"	"Nee"	"0,00"	"0,00"	"0,00"	"198448"	"371063"	"198476"	"371084"	"2020-01-14"	"Intrekking:Omgevingsvergunning intrekking"
"ODNML"	"5988NL15B"	"Paarden"	"Nee"	"Baarloseweg 15B 5988NL Helden"	"Peel en Maas"	"1"	""	"36,30"	"0,00"	"0,00"	"198461"	"371015"	"198471"	"370992"	"2005-06-14"	"Vergunning:Beschikkking WM revisievergunning"
"ODNML"	"5988NL9"	"voormalig bedrijf"	"Ja"	"Baarloseweg 9 5988NL Helden"	"Peel en Maas"	"1"	""	"0,00"	"0,00"	"0,00"	"198255"	"371015"	"198203"	"371125"	"2019-12-16"	"Intrekking:Omgevingsvergunning intrekking"
"ODNML"	"5988NM25A"	"voormalig bedrijf"	"Ja"	"Baarloseweg 25A 5988NM HELDEN"	"Peel en Maas"	"1"	""	"0,00"	"0,00"	"0,00"	"198883"	"371158"	"198883"	"371158"	"2018-06-13"	"Intrekking:intrekking gehele veebestand"
"ODNML"	"5988NM29A"	"Paarden"	"Nee"	"Baarloseweg 29A 5988NM Helden"	"Peel en Maas"	"1"	"Nee"	"30,00"	"0,00"	"0,00"	"198980"	"371183"	"198985"	"371100"	"1998-05-05"	"Vergunning:Beschikkking WM revisievergunning"
"ODNML"	"5988NM33A"	"Ov.Pluimvee"	"Nee"	"Baarloseweg 33A 5988NM Helden"	"Peel en Maas"	"5"	"Ja"	"14.598,25"	"39.408,75"	"2.033.921,50"	"199213"	"371132"	"199225"	"371009"	"2022-09-09"	"Omgevingsvergunning-verandering"
"ODNML"	"5988NN32"	"Paarden"	"Nee"	"Baarloseweg 32 5988NN Helden"	"Peel en Maas"	"1"	"Nee"	"228,52"	"206,90"	"2.940,00"	"199156"	"371224"	"199174"	"371195"	"2006-10-04"	"Vergunning:Beschikkking WM revisievergunning"
"ODNML"	"5988NN34A"	"Vleeskuikens"	"Nee"	"Baarloseweg 34A 5988NN HELDEN"	"Peel en Maas"	"7"	"Ja"	"3.047,19"	"47.884,32"	"2.991.288,96"	"199325"	"371106"	"199328"	"371054"	"2017-04-24"	"Vergunning:Omgevingsvergunning Inrichting"
"ODNML"	"5988NP52"	"voormalig bedrijf"	"Ja"	"Baarloseweg 52 5988NP HELDEN"	"Peel en Maas"	"1"	"Nee"	"0,00"	"0,00"	"0,00"	"200203"	"371328"	"200203"	"371328"	"2016-11-23"	"Melding:intrekking gehele veebestand"
"ODNML"	"5988NT124"	"Paarden"	"Nee"	"Molenstraat 124 5988NT Helden"	"Peel en Maas"	"1"	""	"360,00"	"0,00"	"0,00"	"198183"	"372054"	"198219"	"372073"	"2021-06-21"	"Intrekking:Omgevingsverg. gedeeltelijke intrekking"
"ODNML"	"5988NW1"	"Vleeskuikens"	"Nee"	"Zandberg 1 5988NW Helden"	"Peel en Maas"	"3"	"Nee"	"1.213,31"	"13.199,67"	"791.980,20"	"198363"	"371966"	"198271"	"371923"	"2021-11-18"	"Melding:Omgevingsvergunning beperkte milieutoets"
"ODNML"	"5988NW1A"	"Vleeskuikens"	"Nee"	"Zandberg 1A 5988NW Helden"	"Peel en Maas"	"5"	"Ja"	"2.628,28"	"30.096,66"	"1.737.391,48"	"198284"	"371867"	"198312"	"371777"	"2022-01-18"	"Vergunning:Omgevingsvergunning verandering"
"ODNML"	"5988NW1B"	"Zeugen"	"Nee"	"Zandberg 1B 5988NW Helden"	"Peel en Maas"	"1"	""	"1.464,23"	"14.741,10"	"420.798,00"	"198137"	"371856"	"198161"	"371891"	"2012-12-18"	"Vergunning:beschikking WM veranderingsvergunning"
"ODNML"	"5988NW2"	"Paarden"	"Nee"	"Zandberg 2 5988NW Helden"	"Peel en Maas"	"1"	""	"10,00"	"0,00"	"0,00"	"198423"	"372122"	"198385"	"372114"	"1993-08-10"	"Vergunning:hinderwetvergunning"
"ODNML"	"5988NW2A"	"Vleesvee"	"Nee"	"Zandberg 2A 5988NW Helden"	"Peel en Maas"	"1"	""	"322,50"	"1.780,00"	"7.225,00"	"198485"	"372211"	"198510"	"372220"	"2017-02-17"	"Melding:Activiteitenbesluit"
"ODNML"	"5988NW3"	"voormalig bedrijf"	"Ja"	"Zandberg 3 5988NW HELDEN"	"Peel en Maas"	"1"	""	"0,00"	"0,00"	"0,00"	"198429"	"372009"	"198429"	"372009"	"2012-03-30"	"Intrekking:intrekking gehele veebestand"
"ODNML"	"5988NX10"	"Ov.Pluimvee"	"Nee"	"Dekeshorst 10 5988NX Helden"	"Peel en Maas"	"1"	""	"6.101,64"	"13.908,15"	"771.678,00"	"198699"	"372222"	"198721"	"372262"	"2024-03-21"	"Melding activiteitenbesluit met OBM"
"ODNML"	"5988NX24"	"Vleesvarkens"	"Nee"	"Dekeshorst 24 5988NX Helden"	"Peel en Maas"	"3"	"Nee"	"2.291,00"	"17.250,00"	"115.610,00"	"199165"	"372692"	"199208"	"372688"	"2019-03-15"	"Melding:Activiteitenbesluit"
"ODNML"	"5988NZ3"	"Paarden"	"Nee"	"Oude Dijk 3 5988NZ Helden"	"Peel en Maas"	"1"	""	"306,50"	"1.708,80"	"4.929,00"	"199753"	"371366"	"199686"	"371354"	"2003-02-26"	"Melding:besluit landbouwbedrijven milieubeheer"
"ODNML"	"5988PC23"	"Konijnen"	"Nee"	"Loo 23 5988PC Helden"	"Peel en Maas"	"1"	""	"1.696,80"	"0,00"	"0,00"	"197961"	"372336"	"197965"	"372341"	"2022-03-18"	"Vergunning:milieu neutrale wijziging"
"ODNML"	"5988PC24"	"Melkrundvee"	"Nee"	"Loo 24 5988PC Helden"	"Peel en Maas"	"1"	"Nee"	"1.876,27"	"1,98"	"17.148,00"	"198066"	"372516"	"197980"	"372365"	"2010-07-14"	"Melding:besluit landbouwbedrijven milieubeheer"
"ODNML"	"5988PZ1"	"Paarden"	"Nee"	"Bovensbos 1 5988PZ Helden"	"Peel en Maas"	"1"	""	"442,00"	"0,00"	"0,00"	"197936"	"368363"	"197959"	"368432"	"2019-08-20"	"Melding:Omgevingsvergunning beperkte milieutoets"
"ODNML"	"5991EH23"	"voormalig bedrijf"	"Ja"	"Soeterbeek 23 5991EH Baarlo"	"Peel en Maas"	"1"	""	"0,00"	"0,00"	"0,00"	"203320"	"372452"	"203292"	"372403"	"2020-06-18"	"Intrekking:Omgevingsvergunning beperkte milieutoets"
"ODNML"	"5991KE2"	"Paarden"	"Nee"	"Borchtlaan 2 5991KE BAARLO LB"	"Peel en Maas"	"1"	"Nee"	"72,80"	"0,00"	"0,00"	"203624"	"370698"	"203624"	"370698"	"2008-03-04"	"Melding:besluit landbouwbedrijven milieubeheer"
"ODNML"	"5991ND32"	"Paarden"	"Nee"	"Napoleonsbaan Zuid 32 5991ND Baarlo"	"Peel en Maas"	"1"	"Nee"	"255,00"	"0,00"	"0,00"	"203133"	"370430"	"203147"	"370430"	"1998-07-27"	"Vergunning:beschikking WM veranderingsvergunning"
"ODNML"	"5991NE5A"	"Paarden"	"Nee"	"Op den Bosch 5A 5991NE Baarlo"	"Peel en Maas"	"3"	"Nee"	"295,00"	"0,00"	"0,00"	"202550"	"370142"	"202477"	"370216"	"2021-09-10"	"Vergunning:Omgevingsvergunning beperkte milieutoets"
"ODNML"	"5991NP11"	"Zeugen"	"Nee"	"Pratwinkel 11 5991NP BAARLO LB"	"Peel en Maas"	"1"	""	"1.161,92"	"6.892,30"	"58.291,00"	"204205"	"372497"	"204205"	"372497"	"2020-04-23"	"Vergunning:Omgevingsvergunning beperkte milieutoets"
"ODNML"	"5991NV2"	"Paarden"	"Nee"	"Napoleonsbaan Noord 2 5991NV Baarlo"	"Peel en Maas"	"1"	""	"175,00"	"0,00"	"0,00"	"205601"	"373709"	"205589"	"373722"	"1991-12-02"	"Vergunning:hinderwetvergunning"
"ODNML"	"5991NX3A"	"Zeugen"	"Nee"	"Braamhorst 3A 5991NX BAARLO LB"	"Peel en Maas"	"1"	""	"1.539,75"	"18.122,10"	"161.786,00"	"204424"	"372847"	"204424"	"372847"	"2014-07-10"	"Vergunning:Activiteitenbesluit"
"ODNML"	"5991PC12"	"voormalig bedrijf"	"Ja"	"Hei 12 5991PC Baarlo"	"Peel en Maas"	"1"	""	"0,00"	"0,00"	"0,00"	"204863"	"374261"	"204876"	"374304"	"2020-04-20"	"Intrekking:Omgevingsvergunning intrekking"
"ODNML"	"5991PC17"	"Paarden"	"Nee"	"Hei 17 5991PC Baarlo"	"Peel en Maas"	"1"	""	"150,00"	"0,00"	"0,00"	"205282"	"373830"	"205353"	"373881"	"2013-05-13"	"Intrekking:gedeeltelijke intrekking"
"ODNML"	"5991PC6"	"voormalig bedrijf"	"Ja"	"Hei 6 5991PC Baarlo"	"Peel en Maas"	"1"	""	"0,00"	"0,00"	"0,00"	"204700"	"374092"	"204688"	"374025"	"2019-12-30"	"Intrekking:Omgevingsvergunning intrekking"
"ODNML"	"5991PD0ONG."	"voormalig bedrijf"	"Ja"	"de Berckt 0ONG. 5991PD BAARLO LB"	"Peel en Maas"	"1"	"Nee"	"0,00"	"0,00"	"0,00"	"205323"	"372731"	"205323"	"372731"	"2011-08-30"	"Intrekking:intrekking gehele veebestand"
"ODNML"	"5991PH6"	"Vleesvarkens"	"Nee"	"Bokshout 6 5991PH BAARLO LB"	"Peel en Maas"	"2"	"Ja"	"3.641,61"	"45.621,80"	"308.932,00"	"205122"	"371973"	"205124"	"371966"	"2020-12-16"	"Vergunning:Omgevingsvergunning revisie"
"ODNML"	"5991PK2"	"voormalig bedrijf"	"Ja"	"Vergelt 2 5991PK Baarlo"	"Peel en Maas"	"1"	""	"0,00"	"0,00"	"0,00"	"204806"	"371562"	"204829"	"371536"	"2020-12-23"	"Intrekking:Activiteitenbesluit"
"ODNML"	"5991PK6"	"voormalig bedrijf"	"Ja"	"Vergelt 6 5991PK Baarlo"	"Peel en Maas"	"1"	""	"0,00"	"0,00"	"0,00"	"204886"	"371672"	"204894"	"371635"	"1992-05-25"	"Vergunning:Beschikkking WM revisievergunning"
"ODNML"	"5991PM5"	"Melkrundvee"	"Nee"	"Heuvel 5 5991PM Baarlo"	"Peel en Maas"	"1"	"Nee"	"1.128,20"	"0,00"	"12.566,00"	"205270"	"371184"	"205256"	"371237"	"1994-11-02"	"Melding:AMvB melkveehouderij"
"ODNML"	"5991PP5"	"Melkrundvee"	"Nee"	"Sterrenbosch 5 5991PP Baarlo"	"Peel en Maas"	"6"	""	"2.771,60"	"12.887,20"	"69.492,00"	"204889"	"371092"	"204956"	"371076"	"2021-12-13"	"Vergunning:Beschikking eerste fase"
"ODNML"	"5991PR26N"	"voormalig bedrijf"	"Ja"	"Hummerenweg 26N 5991PR BAARLO LB"	"Peel en Maas"	"1"	"Nee"	"0,00"	"0,00"	"0,00"	"204013"	"369737"	"204013"	"369737"	"2020-01-13"	"Intrekking:Omgevingsvergunning intrekking"
"ODNML"	"5991PW17"	"Vleesvarkens"	"Nee"	"Horsten 17 5991PW Baarlo"	"Peel en Maas"	"1"	""	"2.815,20"	"27.035,20"	"114.808,00"	"203799"	"370024"	"203819"	"369963"	"2014-03-24"	"Vergunning:Activiteitenbesluit"
"ODNML"	"5991RE7"	"Vleesvarkens"	"Nee"	"Ingweg 7 5991RE"	"Peel en Maas"	"3"	"Ja"	"1.183,20"	"56.863,20"	"351.216,00"	"205192"	"372160"	"205209"	"372147"	"2022-04-19"	"Vergunning:Omgevingsvergunning verandering"
"ODNML"	"5993AA19"	"Vleesvarkens"	"Nee"	"Zandberg 19 5993AA Maasbree"	"Peel en Maas"	"1"	""	"1.485,00"	"17.721,00"	"151.470,00"	"202345"	"373511"	"202378"	"373547"	"2020-07-14"	"Vergunning:Omgevingsvergunning beperkte milieutoets"
"ODNML"	"5993AA2"	"voormalig bedrijf"	"Ja"	"Zandberg 2 5993AA MAASBREE"	"Peel en Maas"	"1"	"Nee"	"0,00"	"0,00"	"0,00"	"201797"	"374311"	"201797"	"374311"	"2011-03-03"	"Intrekking:intrekking gehele veebestand"
"ODNML"	"5993AA21"	"Leghennen"	"Nee"	"Zandberg 21 5993AA Maasbree"	"Peel en Maas"	"1"	"Ja"	"2.064,50"	"21.753,00"	"265.500,00"	"202492"	"373444"	"202551"	"373458"	"2024-07-10"	"Intrekking gedeeltelijk veebestand"
"ODNML"	"5993BH3"	"Paarden"	"Nee"	"Breestraat 3 5993BH Maasbree"	"Peel en Maas"	"1"	"Nee"	"34,20"	"0,00"	"0,00"	"201416"	"373953"	"201449"	"373955"	"2012-10-23"	"Melding:besluit landbouwbedrijven milieubeheer"
"ODNML"	"5993CE71"	"voormalig bedrijf"	"Ja"	"Westeringlaan 71 5993CE Maasbree"	"Peel en Maas"	"1"	"Ja"	"0,00"	"0,00"	"0,00"	"199622"	"374317"	"199606"	"374323"	"2022-02-03"	"Intrekking:Omgevingsvergunning intrekking"
"ODNML"	"5993NA2"	"Vleesvee"	"Nee"	"Struiken 2 5993NA Maasbree"	"Peel en Maas"	"1"	"Nee"	"248,90"	"1.424,00"	"7.574,00"	"195896"	"376244"	"195890"	"376235"	"2001-08-30"	"Vergunning:gedeeltelijke intrekking"
"ODNML"	"5993NA3A"	"Vleeskuikens"	"Nee"	"Struiken 3A 5993NA MAASBREE"	"Peel en Maas"	"5"	"Ja"	"6.088,10"	"63.690,00"	"3.957.514,00"	"195736"	"376243"	"195735"	"376242"	"2023-02-15"	"Ambtshalve wijziging"
"ODNML"	"5993NA4"	"Vleesvee"	"Nee"	"Struiken 4 5993NA Maasbree"	"Peel en Maas"	"6"	"Nee"	"2.591,36"	"20.020,70"	"470.400,00"	"195597"	"376199"	"195695"	"376218"	"2023-05-01"	"Omgevingsvergunning-revisie"
"ODNML"	"5993NC11"	"Paarden"	"Nee"	"Breetse Peelweg 11 5993NC Maasbree"	"Peel en Maas"	"1"	""	"245,00"	"0,00"	"0,00"	"198415"	"375834"	"198456"	"375827"	"2007-09-27"	"Melding:besluit landbouwbedrijven milieubeheer"
"ODNML"	"5993NC12"	"voormalig bedrijf"	"Ja"	"Breetse Peelweg 12 5993NC MAASBREE"	"Peel en Maas"	"1"	""	"0,00"	"0,00"	"0,00"	"198288"	"375827"	"198288"	"375827"	"2012-08-06"	"Intrekking:intrekking gehele veebestand"
"ODNML"	"5993NC14"	"voormalig bedrijf"	"Ja"	"Breetse Peelweg 14 5993NC Maasbree"	"Peel en Maas"	"1"	""	"nu"	"nu"	"nu"	"198290"	"375985"	"198357"	"376033"	"2022-09-22"	"Intrekking gehele veebestand"
"ODNML"	"5993NC7"	"Schapen"	"Nee"	"Breetse Peelweg 7 5993NC Maasbree"	"Peel en Maas"	"1"	""	"105,00"	"1.170,00"	"0,00"	"198818"	"375224"	"198830"	"375210"	"2005-11-08"	"Vergunning:Beschikkking WM revisievergunning"
"ODNML"	"5993NC8A"	"Paarden"	"Nee"	"Breetse Peelweg 8A 5993NC MAASBREE"	"Peel en Maas"	"1"	""	"453,00"	"0,00"	"0,00"	"198689"	"375549"	"198689"	"375549"	"2002-07-11"	"Vergunning:beschikking WM veranderingsvergunning"
"ODNML"	"5993ND2"	"voormalig bedrijf"	"Ja"	"Hulsing 2 5993ND MAASBREE"	"Peel en Maas"	"1"	""	"0,00"	"0,00"	"0,00"	"198193"	"375313"	"198193"	"375313"	"2014-03-27"	"Melding:intrekking gehele veebestand"
"ODNML"	"5993ND3"	"voormalig bedrijf"	"Ja"	"Hulsing 3 5993ND Maasbree"	"Peel en Maas"	"1"	""	"0,00"	"0,00"	"0,00"	"198196"	"375444"	"198195"	"375442"	"1985-08-14"	"Vergunning:oprichtingsvergunning"
"ODNML"	"5993NH28"	"voormalig bedrijf"	"Ja"	"Tongerveldweg 28 5993NH Maasbree"	"Peel en Maas"	"1"	"Nee"	"0,00"	"0,00"	"0,00"	"200097"	"375153"	"200155"	"375164"	"2021-09-17"	"Intrekking:Omgevingsvergunning beperkte milieutoets"
"ODNML"	"5993NK10"	"Paarden"	"Nee"	"Sevenumse Dijk 10 5993NK Maasbree"	"Peel en Maas"	"1"	"Nee"	"1.071,00"	"1.560,00"	"6.214,00"	"199082"	"374643"	"199114"	"374641"	"2006-11-14"	"Vergunning:Beschikkking WM revisievergunning"
"ODNML"	"5993NP1"	"Paarden"	"Nee"	"Valkerheideweg 1 5993NP Maasbree"	"Peel en Maas"	"1"	""	"355,00"	"0,00"	"0,00"	"198880"	"374811"	"198917"	"374826"	"2021-03-18"	"Melding:Activiteitenbesluit"
"ODNML"	"5993NS21"	"Paarden"	"Nee"	"Tongerlo 21 5993NS Maasbree"	"Peel en Maas"	"1"	""	"56,80"	"0,00"	"0,00"	"198209"	"376139"	"198228"	"376159"	"1997-04-28"	"Vergunning:oprichtingsvergunning"
"ODNML"	"5993NS6"	"Melkrundvee"	"Nee"	"Tongerlo 6 5993NS Maasbree"	"Peel en Maas"	"1"	""	"432,20"	"846,00"	"5.854,00"	"199537"	"376098"	"199539"	"376161"	"1995-07-24"	"Vergunning:Beschikkking WM revisievergunning"
"ODNML"	"5993NS8"	"Melkrundvee"	"Nee"	"Tongerlo 8 5993NS Maasbree"	"Peel en Maas"	"1"	""	"534,40"	"1.780,00"	"11.494,00"	"199378"	"376155"	"199388"	"376167"	"1996-11-25"	"Melding:besluit landbouwbedrijven milieubeheer"
"ODNML"	"5993NT3"	"Vleesvee"	"Nee"	"Tongerlose Pad 3 5993NT Maasbree"	"Peel en Maas"	"1"	""	"863,40"	"5.411,20"	"25.266,00"	"200124"	"375363"	"200158"	"375350"	"2004-01-19"	"Vergunning:Beschikkking WM revisievergunning"
"ODNML"	"5993NT6"	"voormalig bedrijf"	"Ja"	"Tongerlosepad 6 5993NT MAASBREE"	"Peel en Maas"	"1"	""	"0,00"	"0,00"	"0,00"	"200012"	"375565"	"200012"	"375565"	"2012-06-28"	"Intrekking:intrekking gehele veebestand"
"ODNML"	"5993NV1A"	"Paarden"	"Nee"	"Westeringsekemp 1A 5993NV MAASBREE"	"Peel en Maas"	"1"	"Nee"	"99,00"	"78,00"	"0,00"	"200034"	"375113"	"200034"	"375076"	"2015-12-24"	"Melding:Activiteitenbesluit"
"ODNML"	"5993NW13"	"Vleesvee"	"Nee"	"Korte Heide 13 5993NW Maasbree"	"Peel en Maas"	"1"	""	"530,00"	"3.560,00"	"17.000,00"	"200828"	"375596"	"200856"	"375561"	"2019-12-24"	"Intrekking:Omgevingsvergunning intrekking"
"ODNML"	"5993NW3"	"Vleesvee"	"Nee"	"Korte Heide 3 5993NW Maasbree"	"Peel en Maas"	"1"	""	"1.207,40"	"8.472,80"	"25.482,00"	"201120"	"375769"	"201128"	"375713"	"2003-11-13"	"Vergunning:Beschikkking WM revisievergunning"
"ODNML"	"5993NX14"	"Melkrundvee"	"Nee"	"Korte Heide 14 5993NX Maasbree"	"Peel en Maas"	"1"	""	"382,80"	"0,00"	"3.306,00"	"200766"	"375423"	"200760"	"375438"	"2000-01-17"	"Vergunning:beschikking WM veranderingsvergunning"
"ODNML"	"5993NX16"	"Melkrundvee"	"Nee"	"Korte Heide 16 5993NX Maasbree"	"Peel en Maas"	"1"	"Nee"	"700,60"	"0,00"	"8.680,00"	"200613"	"375323"	"200600"	"375300"	"1998-12-07"	"Melding:AMvB melkveehouderij"
"ODNML"	"5993PA15"	"Biggen"	"Nee"	"Rozendaal 15 5993PA Maasbree"	"Peel en Maas"	"12"	"Ja"	"12.775,96"	"220.394,30"	"1.586.235,00"	"201214"	"378059"	"201214"	"378058"	"2023-08-14"	"Ambtshalve wijziging"
"ODNML"	"5993PA3"	"Melkrundvee"	"Ja"	"Rozendaal 3 5993PA Maasbree"	"Peel en Maas"	"1"	""	"nu"	"nu"	"nu"	"201234"	"376548"	"201250"	"376559"	"2021-07-20"	"Bewijs bedrijfsbeëindiging"
"ODNML"	"5993PA4"	"voormalig bedrijf"	"Ja"	"Rozendaal 4 5993PA Maasbree"	"Peel en Maas"	"1"	""	"0,00"	"0,00"	"0,00"	"201223"	"376783"	"201251"	"376771"	"2020-09-01"	"Intrekking:Omgevingsvergunning beperkte milieutoets"
"ODNML"	"5993PA6A"	"voormalig bedrijf"	"Ja"	"Rozendaal 6A 5993PA MAASBREE"	"Peel en Maas"	"1"	""	"0,00"	"0,00"	"0,00"	"201447"	"377090"	"201447"	"377090"	"2010-05-19"	"Intrekking:intrekking gehele veebestand"
"ODNML"	"5993PB10"	"Paarden"	"Nee"	"Lange Heide 10 5993PB Maasbree"	"Peel en Maas"	"1"	""	"225,00"	"0,00"	"0,00"	"201717"	"375893"	"201754"	"375877"	"2005-10-25"	"Vergunning:Beschikkking WM revisievergunning"
"ODNML"	"5993PB15"	"Schapen"	"Nee"	"Lange Heide 15 5993PB Maasbree"	"Peel en Maas"	"1"	""	"35,00"	"390,00"	"0,00"	"202196"	"376398"	"202217"	"376442"	"1990-05-15"	"Vergunning:beschikking WM veranderingsvergunning"
"ODNML"	"5993PB19"	"voormalig bedrijf"	"Ja"	"Lange Heide 19 5993PB MAASBREE"	"Peel en Maas"	"1"	""	"0,00"	"0,00"	"0,00"	"202402"	"376442"	"202402"	"376442"	"2018-08-03"	"Intrekking:intrekking gehele veebestand"
"ODNML"	"5993PB38"	"voormalig bedrijf"	"Ja"	"Lange Heide 38 5993PB MAASBREE"	"Peel en Maas"	"1"	""	"0,00"	"0,00"	"0,00"	"202403"	"376220"	"202403"	"376220"	"2018-03-16"	"Intrekking:intrekking gehele veebestand"
"ODNML"	"5993PD75"	"Ov.Pluimvee"	"Nee"	"Rooth 75 5993PD MAASBREE"	"Peel en Maas"	"1"	"Nee"	"6.120,00"	"13.950,00"	"774.000,00"	"203696"	"375712"	"203696"	"375712"	"2017-03-15"	"Melding:Activiteitenbesluit"
"ODNML"	"5993PE24A"	"voormalig bedrijf"	"Ja"	"Rooth 24A 5993PE MAASBREE"	"Peel en Maas"	"1"	"Nee"	"0,00"	"0,00"	"0,00"	"203339"	"375596"	"203339"	"375596"	"2022-06-02"	"Intrekking:Omgevingsvergunning beperkte milieutoets"
"ODNML"	"5993PE57"	"Vleesvee"	"Nee"	"Rooth 57 5993PE Maasbree"	"Peel en Maas"	"1"	"Nee"	"1.823,80"	"12.068,40"	"47.903,00"	"203424"	"375615"	"203397"	"375645"	"2011-01-04"	"Vergunning:Beschikkking WM revisievergunning"
"ODNML"	"5993PE57TO"	"Paarden"	"Nee"	"Rooth 57TO 5993PE MAASBREE"	"Peel en Maas"	"1"	"Nee"	"250,00"	"0,00"	"0,00"	"203462"	"375576"	"203460"	"375559"	"2016-04-20"	"Melding:Activiteitenbesluit"
"ODNML"	"5993PE65"	"voormalig bedrijf"	"Ja"	"Rooth 65 5993PE MAASBREE"	"Peel en Maas"	"1"	""	"0,00"	"0,00"	"0,00"	"203440"	"375678"	"203440"	"375678"	"2017-09-22"	"Intrekking:intrekking gehele veebestand"
"ODNML"	"5993PE69A"	"Vleesvarkens"	"Nee"	"Rooth 69A 5993PE MAASBREE"	"Peel en Maas"	"3"	"Nee"	"1.822,50"	"18.363,00"	"75.624,00"	"203435"	"375773"	"203427"	"375772"	"2021-06-02"	"Melding:Omgevingsvergunning beperkte milieutoets"
"ODNML"	"5993PE77"	"Paarden"	"Nee"	"Rooth 77 5993PE Maasbree"	"Peel en Maas"	"1"	""	"26,30"	"0,00"	"0,00"	"203652"	"375813"	"203669"	"375846"	"1996-02-21"	"Melding:besluit landbouwbedrijven milieubeheer"
"ODNML"	"5993PE81"	"Ov.Pluimvee"	"Nee"	"Rooth 81 5993PE Maasbree"	"Peel en Maas"	"1"	""	"6.835,00"	"15.500,00"	"860.000,00"	"203576"	"375979"	"203637"	"376039"	"2000-10-16"	"Vergunning:Beschikkking WM revisievergunning"
"ODNML"	"5993PE85"	"Vleesvarkens"	"Nee"	"Rooth 85 5993PE MAASBREE"	"Peel en Maas"	"3"	"Ja"	"3.051,60"	"37.319,00"	"221.371,00"	"203745"	"375787"	"203747"	"375798"	"2023-01-27"	"Ambtshalve wijziging"
"ODNML"	"5993PL24"	"Paarden"	"Nee"	"Houthei 24 5993PL Maasbree"	"Peel en Maas"	"1"	""	"145,00"	"0,00"	"0,00"	"202652"	"374728"	"202653"	"374731"	"2018-10-02"	"Melding:Activiteitenbesluit"
"ODNML"	"5993PN14"	"voormalig bedrijf"	"Ja"	"Dubbroek 14 5993PN Maasbree"	"Peel en Maas"	"1"	""	"0,00"	"0,00"	"0,00"	"202947"	"373638"	"202891"	"373648"	"2020-10-09"	"Intrekking:Omgevingsvergunning beperkte milieutoets"
"ODNML"	"5993PP1A"	"Paarden"	"Nee"	"Kerkdijk 1A 5993PP MAASBREE"	"Peel en Maas"	"1"	""	"54,70"	"0,00"	"0,00"	"201736"	"374137"	"201736"	"374137"	"2006-01-19"	"Vergunning:Beschikkking WM revisievergunning"
"ODNML"	"5993PS8"	"Paarden"	"Nee"	"Schuttenbos 8 5993PS Maasbree"	"Peel en Maas"	"1"	""	"180,00"	"0,00"	"0,00"	"201429"	"373470"	"201405"	"373529"	"2015-10-07"	"Melding:Activiteitenbesluit"
"ODNML"	"5993PX10"	"Paarden"	"Nee"	"Hoorslagweg 10 5993PX Maasbree"	"Peel en Maas"	"1"	""	"315,00"	"0,00"	"0,00"	"201315"	"373936"	"201286"	"373989"	"2020-07-29"	"Melding:Activiteitenbesluit"
"ODNML"	"5993PZ9"	"Vleesvarkens"	"Nee"	"Leeuwerik 9 5993PZ Maasbree"	"Peel en Maas"	"1"	""	"2.160,00"	"11.040,00"	"73.440,00"	"200978"	"373423"	"201016"	"373445"	"2003-09-09"	"Vergunning:Beschikkking WM revisievergunning"
"ODNML"	"5993RA18"	"Melkrundvee"	"Nee"	"Oude Heldenseweg 18 5993RA Maasbree"	"Peel en Maas"	"1"	""	"307,80"	"0,00"	"4.176,00"	"199525"	"373466"	"199483"	"373481"	"2002-12-18"	"Melding:AMvB melkveehouderij"
"ODNML"	"5993RC0ONG."	"voormalig bedrijf"	"Ja"	"Lang Hout 0ONG. 5993RC MAASBREE"	"Peel en Maas"	"1"	""	"0,00"	"0,00"	"0,00"	"199949"	"373001"	"199949"	"373001"	"2010-05-19"	"Intrekking:intrekking gehele veebestand"
"ODNML"	"5993RD5"	"Vleesvarkens"	"Nee"	"Heeske 5 5993RD Maasbree"	"Peel en Maas"	"1"	"Ja"	"3.062,74"	"51.480,60"	"340.104,00"	"199488"	"373832"	"199511"	"373888"	"2005-07-26"	"Vergunning:Beschikkking WM revisievergunning"
"ODNML"	"5993RG12"	"Melkrundvee"	"Nee"	"Provincialeweg 12 5993RG Maasbree"	"Peel en Maas"	"1"	""	"188,30"	"178,00"	"2.250,00"	"199481"	"373986"	"199470"	"374011"	"2006-10-24"	"Vergunning:Beschikkking WM revisievergunning"
"ODNML"	"5993SB5"	"voormalig bedrijf"	"Ja"	"Siberie 5 5993SB MAASBREE"	"Peel en Maas"	"1"	""	"0,00"	"0,00"	"0,00"	"202035"	"377739"	"202035"	"377739"	"2022-06-10"	"Intrekking:Activiteitenbesluit"
"ODNML"	"5995BM2A"	"Paarden"	"Nee"	"Schijfweg-Noord 2A 5995BM Kessel"	"Peel en Maas"	"1"	""	"72,60"	"0,00"	"0,00"	"202988"	"368186"	"202951"	"368219"	"2008-10-08"	"Melding:besluit landbouwbedrijven milieubeheer"
"ODNML"	"5995BM4A"	"Vleesvarkens"	"Nee"	"Schijfweg-Noord 4A 5995BM KESSEL LB"	"Peel en Maas"	"4"	"Ja"	"6.998,55"	"94.259,30"	"383.753,00"	"203496"	"368533"	"203496"	"368545"	"2023-03-20"	"Ambtshalve wijziging"
"ODNML"	"5995ND62"	"Melkrundvee"	"Nee"	"Maasstraat 62 5995ND Kessel"	"Peel en Maas"	"1"	""	"1.123,10"	"2.670,00"	"20.660,00"	"199508"	"365259"	"199492"	"365249"	"1996-08-27"	"Melding:besluit landbouwbedrijven milieubeheer"
"ODNML"	"5995NE5"	"Vleeskuikens"	"Nee"	"Sterrebosweg 5 5995NE Kessel"	"Peel en Maas"	"1"	""	"1.757,50"	"1.265,40"	"161.690,00"	"199336"	"365585"	"199356"	"365536"	"2008-06-05"	"Vergunning:beschikking WM veranderingsvergunning"
"ODNML"	"5995NS17"	"voormalig bedrijf"	"Ja"	"Rijksweg 17 5995NS KESSEL LB"	"Peel en Maas"	"1"	""	"0,00"	"0,00"	"0,00"	"200413"	"367066"	"200413"	"367066"	"2014-06-21"	"Intrekking:intrekking gehele veebestand"
"ODNML"	"5995NS31"	"Paarden"	"Nee"	"Rijksweg 31 5995NS Kessel"	"Peel en Maas"	"1"	""	"195,60"	"0,00"	"0,00"	"200616"	"367364"	"200626"	"367448"	"2001-06-05"	"Vergunning:WM uitbreidings-wijzigingsvergunning"
"ODNML"	"5995NT43"	"Paarden"	"Nee"	"Rijksweg 43 5995NT Kessel"	"Peel en Maas"	"3"	"Nee"	"481,00"	"0,00"	"0,00"	"201686"	"368217"	"201508"	"368103"	"2017-11-27"	"Melding:Activiteitenbesluit"
"ODNML"	"5995NT45"	"Paarden"	"Nee"	"Rijksweg 45 5995NT Kessel"	"Peel en Maas"	"1"	""	"163,00"	"0,00"	"0,00"	"201829"	"368453"	"201814"	"368471"	"2004-10-25"	"Vergunning:oprichtingsvergunning"
"ODNML"	"5995NT51"	"Paarden"	"Nee"	"Rijksweg 51 5995NT Kessel"	"Peel en Maas"	"1"	""	"75,00"	"0,00"	"0,00"	"202478"	"369309"	"202428"	"369351"	"2010-06-21"	"Melding:besluit landbouwbedrijven milieubeheer"
"ODNML"	"5995NV22"	"Vleesvarkens"	"Nee"	"Rijksweg 22 5995NV KESSEL LB"	"Peel en Maas"	"1"	"Nee"	"2.492,00"	"31.862,00"	"272.340,00"	"199753"	"366411"	"199753"	"366411"	"2022-04-04"	"Intrekking:Omgevingsverg. gedeeltelijke intrekking"
"ODNML"	"5995NW50"	"voormalig bedrijf"	"Ja"	"Rijksweg 50 5995NW KESSEL LB"	"Peel en Maas"	"1"	""	"0,00"	"0,00"	"0,00"	"202428"	"369068"	"202428"	"369068"	"1997-12-18"	"Intrekking:intrekking gehele veebestand"
"ODNML"	"5995PC11"	"Vleesvee"	"Nee"	"Spurkt 11 5995PC Kessel"	"Peel en Maas"	"1"	""	"1.060,00"	"7.120,00"	"34.000,00"	"199480"	"366405"	"199433"	"366431"	"2010-08-08"	"Vergunning:Beschikkking WM revisievergunning"
"ODNML"	"5995PC5B"	"Paarden"	"Nee"	"Spurkt 5B 5995PC Kessel"	"Peel en Maas"	"1"	"Nee"	"105,20"	"0,00"	"0,00"	"200400"	"367436"	"200379"	"367406"	"2008-02-28"	"Melding:besluit landbouwbedrijven milieubeheer"
"ODNML"	"5995PC7"	"Paarden"	"Nee"	"Spurkt 7 5995PC Kessel"	"Peel en Maas"	"1"	""	"45,50"	"0,00"	"0,00"	"199808"	"366775"	"199826"	"366779"	"2003-05-19"	"Vergunning:oprichtingsvergunning"
"ODNML"	"5995PD5"	"voormalig bedrijf"	"Ja"	"Dijk 5 5995PD KESSEL LB"	"Peel en Maas"	"1"	""	"0,00"	"0,00"	"0,00"	"199994"	"367732"	"199994"	"367732"	"2012-02-26"	"Intrekking:intrekking gehele veebestand"
"ODNML"	"5995PD5A"	"Nerts Vos"	"Nee"	"Dijk 5A 5995PD Kessel"	"Peel en Maas"	"1"	""	"1.500,00"	"0,00"	"48.000,00"	"199841"	"367573"	"199705"	"367678"	"2016-05-30"	"Vergunning:Omgevingsvergunning Inrichting"
"ODNML"	"5995PD7A"	"voormalig bedrijf"	"Ja"	"Dijk 7A 5995PD Kessel"	"Peel en Maas"	"1"	""	"0,00"	"0,00"	"0,00"	"199718"	"367511"	"199665"	"367526"	"2013-12-03"	"Intrekking:Activiteitenbesluit"
"ODNML"	"5995PJ3"	"Vleesvarkens"	"Nee"	"Broek 3 5995PJ KESSEL LB"	"Peel en Maas"	"1"	"Ja"	"874,80"	"31.298,40"	"60.264,00"	"201032"	"367770"	"201032"	"367770"	"2023-03-20"	"Ambtshalve wijziging"
"ODNML"	"5995PJ4"	"voormalig bedrijf"	"Ja"	"Broek 4 5995PJ Kessel"	"Peel en Maas"	"1"	""	"0,00"	"0,00"	"0,00"	"200900"	"367690"	"200899"	"367744"	"2020-08-26"	"Intrekking:Omgevingsvergunning beperkte milieutoets"
"ODNML"	"5995PJ5"	"Vleesvarkens"	"Nee"	"Broek 5 5995PJ Kessel"	"Peel en Maas"	"1"	"Nee"	"3.375,00"	"17.250,00"	"114.750,00"	"200857"	"367677"	"200825"	"367716"	"2010-09-07"	"Vergunning:Beschikking WM actualiseringsvergunning"
"ODNML"	"5995PL2A"	"Paarden"	"Nee"	"Donk 2A 5995PL KESSEL LB"	"Peel en Maas"	"1"	"Nee"	"418,00"	"0,00"	"0,00"	"201957"	"368629"	"201957"	"368629"	"2022-02-07"	"Melding:Activiteitenbesluit"
"ODNML"	"5995PM23"	"Melkrundvee"	"Nee"	"Donk 23 5995PM Kessel"	"Peel en Maas"	"1"	"Nee"	"615,00"	"0,00"	"12.900,00"	"201558"	"369824"	"201507"	"369792"	"2013-11-27"	"Melding:Activiteitenbesluit"
"ODNML"	"5995PN1A"	"Vleesvarkens"	"Nee"	"Oyen 1A 5995PN KESSEL LB"	"Peel en Maas"	"1"	"Nee"	"1.029,00"	"12.279,40"	"104.958,00"	"203945"	"369087"	"203945"	"369087"	"2020-03-12"	"Vergunning:Omgevingsvergunning beperkte milieutoets"
"ODNML"	"5995PN8"	"Vleesvee"	"Nee"	"Oyen 8 5995PN Kessel"	"Peel en Maas"	"1"	""	"2.014,00"	"13.528,00"	"64.600,00"	"204300"	"369481"	"204335"	"369500"	"1998-02-10"	"Vergunning:Beschikkking WM revisievergunning"
"ODNML"	"5995PN8A"	"Melkrundvee"	"Nee"	"Oyen 8A 5995PN Kessel"	"Peel en Maas"	"1"	""	"731,00"	"1.780,00"	"15.560,00"	"204310"	"369333"	"204316"	"369298"	"2012-05-03"	"Melding:besluit landbouwbedrijven milieubeheer"
"ODNML"	"5995PP1"	"Zeugen"	"Nee"	"Hout 1 5995PP Kessel"	"Peel en Maas"	"5"	"Ja"	"5.681,39"	"45.680,60"	"319.755,00"	"202918"	"368924"	"202853"	"368912"	"2022-08-01"	"Omgevingsvergunning-revisie"
"ODNML"	"5995PP8"	"Melkrundvee"	"Nee"	"Hout 8 5995PP Kessel"	"Peel en Maas"	"1"	""	"2.094,80"	"74,60"	"18.930,00"	"203400"	"368277"	"203454"	"368253"	"2008-07-30"	"Melding:besluit landbouwbedrijven milieubeheer"
"ODNML"	"5995PP9A"	"Paarden"	"Nee"	"Hout 9A 5995PP KESSEL LB"	"Peel en Maas"	"1"	"Nee"	"35,00"	"0,00"	"0,00"	"203383"	"368132"	"203383"	"368132"	"2019-12-20"	"Melding:Activiteitenbesluit"
"ODNML"	"5995PS6"	"Melkrundvee"	"Nee"	"Ondersteweg 6 5995PS Kessel"	"Peel en Maas"	"1"	""	"1.055,50"	"5.340,00"	"12.820,00"	"204508"	"369129"	"204483"	"369150"	"2012-05-03"	"Melding:besluit landbouwbedrijven milieubeheer"
"ODNML"	"5995PS7"	"Leghennen"	"Nee"	"Ondersteweg 7 5995PS Kessel"	"Peel en Maas"	"1"	""	"78,75"	"85,00"	"21.000,00"	"204583"	"369230"	"204559"	"369248"	"2012-01-17"	"Melding:Activiteitenbesluit"
"ODNML"	"5995PS8"	"Vleesvarkens"	"Nee"	"Ondersteweg 8 5995PS Kessel"	"Peel en Maas"	"1"	""	"3.582,00"	"38.916,00"	"258.876,00"	"204613"	"369299"	"204612"	"369342"	"2009-05-14"	"Vergunning:Beschikkking WM revisievergunning"
"ODNML"	"5995PS9"	"Melkrundvee"	"Nee"	"Ondersteweg 9 5995PS Kessel"	"Peel en Maas"	"1"	"Nee"	"2.021,00"	"0,00"	"21.920,00"	"204671"	"369336"	"204630"	"369218"	"2016-05-25"	"Melding:Activiteitenbesluit"
"ODNML"	"5995PT10"	"voormalig bedrijf"	"Ja"	"Bosakkerweg 10 5995PT Kessel"	"Peel en Maas"	"1"	""	"0,00"	"0,00"	"0,00"	"203015"	"369088"	"203005"	"369116"	"2020-04-14"	"Intrekking:Omgevingsvergunning intrekking"
"ODNML"	"5995PT15"	"Paarden"	"Nee"	"Bosakkerweg 15 5995PT KESSEL LB"	"Peel en Maas"	"1"	"Nee"	"68,20"	"0,00"	"0,00"	"203314"	"369020"	"203314"	"369020"	"2019-02-11"	"Melding:Activiteitenbesluit"
"ODNML"	"5995PT16"	"Vleesvee"	"Nee"	"Bosakkerweg 16 5995PT KESSEL LB"	"Peel en Maas"	"3"	"Nee"	"1.950,50"	"29.502,20"	"26.796,00"	"203459"	"369092"	"203472"	"369139"	"2021-06-03"	"Vergunning:Omgevingsvergunning beperkte milieutoets"
"ODNML"	"5995PV1"	"voormalig bedrijf"	"Ja"	"Bovensteweg 1 5995PV Kessel"	"Peel en Maas"	"1"	""	"0,00"	"0,00"	"0,00"	"203169"	"368662"	"203165"	"368682"	"2022-10-10"	"Intrekking:Omgevingsvergunning beperkte milieutoets"
"ODNML"	"5995PX3"	"Paarden"	"Nee"	"Keizersbaan 3 5995PX Kessel"	"Peel en Maas"	"1"	""	"100,00"	"0,00"	"0,00"	"202348"	"369381"	"202307"	"369367"	"2001-01-09"	"Vergunning:Beschikkking WM revisievergunning"
"ODNML"	"5995PX4"	"Paarden"	"Nee"	"Keizersbaan 4 5995PX Kessel"	"Peel en Maas"	"1"	"Nee"	"170,40"	"0,00"	"0,00"	"202215"	"369339"	"202197"	"369320"	"2016-04-18"	"Melding:Activiteitenbesluit"
"ODNML"	"5995PX5"	"Paarden"	"Nee"	"Keizersbaan 5 5995PX Kessel"	"Peel en Maas"	"1"	""	"159,40"	"0,00"	"0,00"	"202242"	"369409"	"202297"	"369461"	"2008-06-04"	"Melding activiteitenbesluit"
"ODNML"	"5995PX7A"	"Paarden"	"Nee"	"Keizersbaan 7A 5995PX Kessel"	"Peel en Maas"	"1"	"Nee"	"120,00"	"0,00"	"0,00"	"201263"	"368990"	"201061"	"369087"	"2019-05-14"	"Melding:Activiteitenbesluit"
"ODNML"	"5995PX9"	"Vleesvarkens"	"Nee"	"Keizersbaan 9 5995PX Kessel"	"Peel en Maas"	"1"	"Ja"	"6.695,58"	"81.585,20"	"379.634,00"	"200480"	"368504"	"200458"	"368575"	"2010-06-01"	"Vergunning:Beschikkking WM revisievergunning"
"ODNML"	"5995PX9A"	"Schapen"	"Nee"	"Keizersbaan 9A 5995PX Kessel"	"Peel en Maas"	"1"	"Nee"	"107,10"	"1.193,40"	"0,00"	"200453"	"368423"	"200523"	"368436"	"1900-01-01"	"Vergunning:oprichtingsvergunning"
"ODNML"	"5995RB1"	"Vleeskuikens"	"Nee"	"Scherluitweg 1 5995RB Kessel"	"Peel en Maas"	"4"	"Ja"	"3.323,16"	"28.578,00"	"1.905.200,00"	"201545"	"368714"	"201512"	"368734"	"2025-01-17"	"Intrekking gedeeltelijk veebestand OW"
"ODNML"	"5995RM10"	"voormalig bedrijf"	"Ja"	"Hazenakkerweg 10 5995RM Kessel"	"Peel en Maas"	"1"	""	"0,00"	"0,00"	"0,00"	"201092"	"368134"	"201103"	"368125"	"2020-09-04"	"Intrekking:Omgevingsvergunning beperkte milieutoets"
"ODNML"	"5995RM3"	"Vleesvarkens"	"Ja"	"Hazenakkerweg 3 5995RM Kessel"	"Peel en Maas"	"2"	"Nee"	"nu"	"nu"	"nu"	"201182"	"367958"	"201116"	"367902"	"2025-04-17"	"Intrekken gehele veebestand OW"
"ODNML"	"5995RM4"	"voormalig bedrijf"	"Ja"	"Hazenakkerweg 4 5995RM Kessel"	"Peel en Maas"	"1"	"Nee"	"0,00"	"0,00"	"0,00"	"201238"	"367925"	"201144"	"367911"	"2017-11-27"	"Melding:Vervallen melding"
"ODNML"	"5995RM5"	"Paarden"	"Nee"	"Hazenakkerweg 5 5995RM Kessel"	"Peel en Maas"	"1"	"Nee"	"96,40"	"0,00"	"0,00"	"201156"	"367987"	"201117"	"368013"	"2009-05-04"	"Melding:besluit landbouwbedrijven milieubeheer"
"ODNML"	"5995RN2"	"Paarden"	"Nee"	"Heikampweg 2 5995RN Kessel"	"Peel en Maas"	"1"	"Nee"	"60,00"	"0,00"	"0,00"	"200677"	"367690"	"200707"	"367654"	"2013-09-13"	"Melding:Activiteitenbesluit"
"ODNML"	"5995RN5"	"Schapen"	"Nee"	"Heikampweg 5 5995RN Kessel"	"Peel en Maas"	"1"	""	"16,80"	"187,20"	"0,00"	"201068"	"368381"	"201056"	"368405"	"1994-11-15"	"Melding:besluit landbouwbedrijven milieubeheer"
"ODNML"	"5995RP10"	"voormalig bedrijf"	"Ja"	"Heldenseweg 10 5995RP Kessel"	"Peel en Maas"	"1"	""	"0,00"	"0,00"	"0,00"	"200317"	"367883"	"200342"	"367890"	"2022-02-03"	"Intrekking:Omgevingsvergunning intrekking"
"ODNML"	"5995RZ3"	"Leghennen"	"Nee"	"Krekelsbergweg 3 5995RZ Kessel"	"Peel en Maas"	"1"	""	"3.599,10"	"13.596,60"	"2.599.350,00"	"199558"	"367244"	"199491"	"367245"	"2003-10-20"	"Vergunning:Beschikkking WM revisievergunning"
"ODNML"	"5995SC0GN"	"Paarden"	"Nee"	"Lanterdweg 0GN 5995SC KESSEL LB"	"Peel en Maas"	"1"	"Nee"	"35,00"	"0,00"	"0,00"	"197754"	"367673"	"197754"	"367673"	"1993-03-12"	"Vergunning:oprichtingsvergunning"
"ODNML"	"5995SC25"	"Paarden"	"Nee"	"Lanterdweg 25 5995SC Kessel"	"Peel en Maas"	"1"	""	"297,70"	"0,00"	"1.344,00"	"198346"	"366780"	"198306"	"366804"	"2010-02-04"	"Vergunning:Beschikkking WM revisievergunning"
"ODNML"	"5995SE14"	"Vleeskuikens"	"Nee"	"Keizersbaan 14 5995SE Kessel"	"Peel en Maas"	"5"	"Ja"	"6.069,00"	"68.310,00"	"3.981.120,00"	"199688"	"367982"	"199574"	"367985"	"2025-10-20"	"Omgevingsvergunning-verandering OW"
"ODNML"	"5995SE14A"	"Paarden"	"Nee"	"Keizersbaan 14A 5995SE Kessel"	"Peel en Maas"	"1"	""	"125,00"	"0,00"	"0,00"	"199354"	"367447"	"199332"	"367394"	"2022-10-13"	"Melding activiteitenbesluit"
"ODNML"	"5995SE14B"	"Melkrundvee"	"Nee"	"Keizersbaan 14B 5995SE Kessel"	"Peel en Maas"	"1"	""	"3.216,00"	"0,00"	"31.500,00"	"198838"	"367997"	"198828"	"368021"	"2013-09-30"	"Melding:Activiteitenbesluit"
"ODNML"	"5995SE14C"	"Melkrundvee"	"Nee"	"Keizersbaan 14C 5995SE Kessel"	"Peel en Maas"	"1"	""	"1.716,00"	"0,00"	"16.776,00"	"199296"	"367700"	"199289"	"367719"	"2014-12-09"	"Melding:Activiteitenbesluit"
"ODNML"	"5995SE16"	"Melkrundvee"	"Nee"	"Keizersbaan 16 5995SE Kessel"	"Peel en Maas"	"1"	""	"668,70"	"1.958,00"	"11.392,00"	"198742"	"367649"	"198763"	"367690"	"2009-09-07"	"Melding:Activiteitenbesluit"
"ODNML"	"5995SG2"	"Vleeskuikens"	"Ja"	"Peelweg 2 5995SG Kessel"	"Peel en Maas"	"1"	""	"nu"	"nu"	"nu"	"198950"	"366055"	"198903"	"366022"	"2025-10-02"	"Intrekken gehele veebestand OW"
"ODNML"	"5995SJ2"	"Melkrundvee"	"Nee"	"Steenbos 2 5995SJ Kessel"	"Peel en Maas"	"1"	""	"2.177,00"	"0,00"	"23.230,00"	"198321"	"365591"	"198324"	"365627"	"2001-02-21"	"Vergunning:Beschikkking WM revisievergunning"
"ODNML"	"6002AV131"	"Paarden"	"Nee"	"Vrakkerstraat 131 6002AV WEERT"	"Weert"	"1"	"Nee"	"124,70"	"0,00"	"0,00"	"175050"	"364101"	"175070"	"364101"	"2005-12-01"	"Vergunning:deelrevisievergunning"
"ODNML"	"6002AV133"	"Paarden"	"Nee"	"Vrakkerstraat 133 6002AV WEERT"	"Weert"	"1"	"Nee"	"85,50"	"0,00"	"0,00"	"175012"	"364121"	"174975"	"364134"	"2010-09-24"	"Melding:besluit landbouwbedrijven milieubeheer"
"ODNML"	"6002AX100"	"Paarden"	"Nee"	"Vrakkerstraat 100 6002AX WEERT"	"Weert"	"1"	"Nee"	"175,00"	"0,00"	"0,00"	"174947"	"364246"	"174947"	"364246"	"2019-08-27"	"Vergunning:Omgevingsvergunning beperkte milieutoets"
"ODNML"	"6002NB3"	"Vleesvarkens"	"Nee"	"Groothulsterweg 3 6002NB WEERT"	"Weert"	"2"	"Ja"	"3.288,60"	"92.811,60"	"226.548,00"	"174950"	"364394"	"174991"	"364385"	"2016-02-15"	"Vergunning:beschikking WM veranderingsvergunning"
"ODNML"	"6002NB5"	"Paarden"	"Nee"	"Groothulsterweg 5 6002NB Weert"	"Weert"	"2"	"Nee"	"347,30"	"0,00"	"0,00"	"174902"	"364331"	"174948"	"364329"	"2019-08-27"	"Vergunning:Omgevingsvergunning beperkte milieutoets"
"ODNML"	"6002ND20"	"Paarden"	"Nee"	"De Achterste Singel 20 6002ND Weert"	"Weert"	"3"	"Nee"	"220,90"	"156,00"	"684,00"	"174546"	"362572"	"174545"	"362623"	"2022-02-07"	"Melding:Activiteitenbesluit"
"ODNML"	"6002NN155"	"Melkrundvee"	"Nee"	"Werkmansweg 155 6002NN Weert"	"Weert"	"1"	"Nee"	"299,20"	"0,00"	"2.584,00"	"173173"	"363650"	"173193"	"363613"	"2023-08-10"	"Intrekking gedeeltelijk veebestand"
"ODNML"	"6002NN78"	"Vleesvarkens"	"Nee"	"Werkmansweg 78 6002NN Weert"	"Weert"	"6"	"Nee"	"2.290,30"	"14.208,80"	"101.686,00"	"173623"	"363621"	"173600"	"363665"	"2012-02-14"	"Vergunning:Beschikkking WM revisievergunning"
"ODNML"	"6002SG5"	"Dekberen"	"Nee"	"Oudesteeg 5 6002SG Weert"	"Weert"	"1"	"Nee"	"324,50"	"1.103,30"	"10.620,00"	"174971"	"362696"	"174999"	"362658"	"2002-08-22"	"Vergunning:deelrevisievergunning"
"ODNML"	"6002SL34"	"Melkrundvee"	"Nee"	"Bieskampweg 34 6002SL Weert"	"Weert"	"3"	"Nee"	"207,00"	"0,00"	"2.786,00"	"174633"	"363157"	"174626"	"363177"	"2022-02-18"	"Melding activiteitenbesluit"
"ODNML"	"6002SN40"	"Zeugen"	"Nee"	"Hulsterdijk 40 6002SN Weert"	"Weert"	"5"	"Ja"	"1.543,79"	"30.506,70"	"115.493,00"	"174807"	"363851"	"174874"	"363907"	"2021-12-07"	"Vergunning:Omgevingsvergunning verandering"
"ODNML"	"6002SP64"	"Vleeskuikens"	"Nee"	"Tobbersdijk 64 6002SP Weert"	"Weert"	"4"	"Ja"	"2.717,58"	"21.757,66"	"1.201.904,00"	"175099"	"363463"	"174780"	"363418"	"2013-06-19"	"Vergunning:Beschikkking WM revisievergunning"
"ODNML"	"6002SP66"	"Vleesvarkens"	"Nee"	"Tobbersdijk 66 6002SP WEERT"	"Weert"	"1"	"Nee"	"252,00"	"7.112,00"	"17.360,00"	"174800"	"363415"	"174860"	"363470"	"2020-08-12"	"Vergunning:Omgevingsvergunning beperkte milieutoets"
"ODNML"	"6002ST22"	"Paarden"	"Nee"	"Trancheeweg 22 6002ST WEERT"	"Weert"	"1"	""	"330,94"	"180,61"	"3.410,00"	"173598"	"362504"	"173598"	"362504"	"1994-11-08"	"Vergunning:WM uitbreidings-wijzigingsvergunning"
"ODNML"	"6002TA19"	"Melkrundvee"	"Nee"	"Geuzendijk 19 6002TA Weert"	"Weert"	"1"	""	"1.608,00"	"0,00"	"14.460,00"	"174011"	"363028"	"174005"	"362999"	"2003-04-02"	"Melding:besluit landbouwbedrijven milieubeheer"
"ODNML"	"6002TA24"	"voormalig bedrijf"	"Ja"	"Geuzendijk 24 6002TA WEERT"	"Weert"	"1"	""	"0,00"	"0,00"	"0,00"	"173948"	"363135"	"173948"	"363135"	"2017-12-31"	"Melding:intrekking gehele veebestand"
"ODNML"	"6002TA28"	"Vleesvarkens"	"Nee"	"Geuzendijk 28 6002TA Weert"	"Weert"	"1"	"Ja"	"4.305,60"	"60.756,80"	"291.824,00"	"173801"	"363147"	"173849"	"363255"	"2006-08-30"	"Vergunning:WM uitbreidings-wijzigingsvergunning"
"ODNML"	"6002TA34"	"Vleesvee"	"Nee"	"Geuzendijk 34 6002TA Weert"	"Weert"	"2"	""	"72,80"	"142,40"	"1.308,00"	"173559"	"363208"	"173564"	"363249"	"2017-04-19"	"Melding:Activiteitenbesluit"
"ODNML"	"6002TA38"	"voormalig bedrijf"	"Ja"	"Geuzendijk 38 6002TA WEERT"	"Weert"	"3"	""	"0,00"	"0,00"	"0,00"	"173493"	"363334"	"173482"	"363332"	"2015-05-12"	"Intrekking:intrekking gehele veebestand"
"ODNML"	"6002TA40"	"voormalig bedrijf"	"Ja"	"Geuzendijk 40 6002TA Weert"	"Weert"	"1"	""	"0,00"	"0,00"	"0,00"	"173267"	"363282"	"173273"	"363308"	"2017-01-01"	"Intrekking:Activiteitenbesluit"
"ODNML"	"6002TB19"	"voormalig bedrijf"	"Ja"	"Eindhovenseweg 19 6002TB WEERT"	"Weert"	"1"	""	"0,00"	"0,00"	"0,00"	"174005"	"362999"	"173999"	"362971"	"2012-06-01"	"Melding:intrekking gehele veebestand"
"ODNML"	"6002TB93"	"Paarden"	"Nee"	"Eindhovenseweg 93 6002TB Weert"	"Weert"	"2"	"Nee"	"171,00"	"0,00"	"0,00"	"175100"	"364536"	"174996"	"364478"	"1996-03-12"	"Vergunning:oprichtingsvergunning"
"ODNML"	"6002TB99A"	"Paarden"	"Nee"	"Eindhovenseweg 99A 6002TB Weert"	"Weert"	"4"	"Nee"	"349,20"	"0,00"	"0,00"	"173579"	"365654"	"173546"	"365595"	"2001-12-12"	"Vergunning:oprichtingsvergunning"
"ODNML"	"6003AH31"	"voormalig bedrijf"	"Ja"	"Maasenweg 31 6003AH WEERT"	"Weert"	"1"	""	"0,00"	"0,00"	"0,00"	"176871"	"364042"	"176939"	"363982"	"2017-12-07"	"Melding:intrekking gehele veebestand"
"ODNML"	"6003NC95"	"Melkrundvee"	"Nee"	"Molenweg 95 6003NC Weert"	"Weert"	"1"	""	"470,20"	"0,00"	"4.954,00"	"179066"	"365549"	"179042"	"365516"	"2020-03-11"	"Intrekking:Omgevingsverg. gedeeltelijke intrekking"
"ODNML"	"6003NJ41"	"Paarden"	"Ja"	"Laarderweg 41 6003NJ Weert"	"Weert"	"1"	""	"nu"	"nu"	"nu"	"177441"	"364603"	"177423"	"364596"	"2021-04-01"	"Bewijs bedrijfsbeëindiging"
"ODNML"	"6003NL70"	"voormalig bedrijf"	"Ja"	"Laarderweg 70 6003NL WEERT"	"Weert"	"4"	"Nee"	"0,00"	"0,00"	"0,00"	"177545"	"364664"	"177569"	"364675"	"2017-01-01"	"Intrekking:intrekking gehele veebestand"
"ODNML"	"6003NM1"	"voormalig bedrijf"	"Ja"	"Rakerstraat 1 6003NM Weert"	"Weert"	"3"	""	"nu"	"nu"	"nu"	"177879"	"364633"	"177889"	"364600"	"2018-03-13"	"Bewijs bedrijfsbeëindiging"
"ODNML"	"6003NN36A"	"voormalig bedrijf"	"Ja"	"Rakerstraat 36A 6003NN WEERT"	"Weert"	"1"	"Nee"	"0,00"	"0,00"	"0,00"	"177050"	"365685"	"177036"	"365654"	"2021-04-13"	"Intrekking:Omgevingsvergunning beperkte milieutoets"
"ODNML"	"6003NN8"	"voormalig bedrijf"	"Ja"	"Rakerstraat 8 6003NN WEERT"	"Weert"	"4"	"Nee"	"0,00"	"0,00"	"0,00"	"177725"	"364915"	"177723"	"364911"	"2017-06-01"	"Intrekking:intrekking gehele veebestand"
"ODNML"	"6003NP17"	"voormalig bedrijf"	"Ja"	"Heerweg 17 6003NP WEERT"	"Weert"	"3"	""	"0,00"	"0,00"	"0,00"	"178050"	"364777"	"178034"	"364792"	"2017-06-01"	"Intrekking:intrekking gehele veebestand"
"ODNML"	"6003NP6"	"voormalig bedrijf"	"Ja"	"Heerweg 6 6003NP WEERT"	"Weert"	"1"	""	"0,00"	"0,00"	"0,00"	"178124"	"364691"	"178059"	"364659"	"2017-06-01"	"Intrekking:intrekking gehele veebestand"
"ODNML"	"6003NR5"	"voormalig bedrijf"	"Ja"	"Neelenweg 5 6003NR WEERT"	"Weert"	"1"	""	"0,00"	"0,00"	"0,00"	"177751"	"365194"	"177751"	"365194"	"2006-04-20"	"Intrekking:intrekking gehele veebestand"
"ODNML"	"6003NS15"	"Schapen"	"Nee"	"Sint Sebastiaanskapelstraat 15 6003NS Weert"	"Weert"	"2"	""	"121,90"	"1.032,60"	"1.836,00"	"178314"	"365707"	"178349"	"365727"	"2014-09-09"	"Vergunning:Activiteitenbesluit"
"ODNML"	"6003NS7"	"voormalig bedrijf"	"Ja"	"Sint Sebastiaanskapelstraat 7 6003NS Weert"	"Weert"	"2"	"Nee"	"nu"	"nu"	"nu"	"177698"	"365786"	"177718"	"365808"	"2022-11-09"	"Intrekking gehele veebestand"
"ODNML"	"6003NS9A"	"Biggen"	"Nee"	"Sint Sebastiaanskapelstraat 9A 6003NS Weert"	"Weert"	"4"	"Nee"	"1.647,82"	"32.936,20"	"116.710,00"	"178048"	"365803"	"178131"	"365845"	"2019-06-25"	"Melding activiteitenbesluit met OBM"
"ODNML"	"6003NT14"	"voormalig bedrijf"	"Ja"	"Sint Sebastiaanskapelstraat 14 6003NT Weert"	"Weert"	"2"	""	"0,00"	"0,00"	"0,00"	"177849"	"365742"	"177871"	"365737"	"2011-10-26"	"Intrekking:Vervallen melding"
"ODNML"	"6003NT2"	"Melkrundvee"	"Nee"	"Sint Sebastiaanskapelstraat 2 6003NT Weert"	"Weert"	"5"	""	"944,05"	"4.223,70"	"37.175,00"	"176865"	"365806"	"176953"	"365769"	"2021-04-13"	"Vergunning:Omgevingsvergunning beperkte milieutoets"
"ODNML"	"6003NT20"	"Vleesvee"	"Nee"	"Sint Sebastiaanskapelstraat 20 6003NT Weert"	"Weert"	"1"	"Nee"	"636,00"	"4.272,00"	"20.400,00"	"178023"	"365744"	"177986"	"365727"	"2020-07-15"	"Melding:Activiteitenbesluit"
"ODNML"	"6003NT22"	"voormalig bedrijf"	"Ja"	"St Sebastiaanskapelstr 22 6003NT WEERT"	"Weert"	"3"	""	"0,00"	"0,00"	"0,00"	"178237"	"365663"	"178233"	"365658"	"2015-06-12"	"Intrekking:intrekking gehele veebestand"
"ODNML"	"6003NT24A"	"Paarden"	"Nee"	"Sint Sebastiaanskapelstraat 24A 6003NT Weert"	"Weert"	"1"	"Nee"	"250,00"	"0,00"	"0,00"	"178348"	"365608"	"178309"	"365619"	"2021-06-15"	"Melding:Activiteitenbesluit"
"ODNML"	"6003NT26A"	"Leghennen"	"Nee"	"Sint Sebastiaanskapelstraat 26A 6003NT Weert"	"Weert"	"4"	"Ja"	"7.759,95"	"21.649,82"	"1.981.977,00"	"178350"	"365474"	"178370"	"365490"	"2011-06-01"	"Vergunning:Beschikkking WM revisievergunning"
"ODNML"	"6003NT28"	"Paarden"	"Nee"	"Sint Sebastiaanskapelstraat 28 6003NT Weert"	"Weert"	"2"	""	"242,20"	"0,00"	"0,00"	"178473"	"365527"	"178302"	"365637"	"2006-08-16"	"Vergunning:deelrevisievergunning"
"ODNML"	"6003NT2A"	"Zeugen"	"Nee"	"Sint Sebastiaanskapelstraat 2A 6003NT Weert"	"Weert"	"3"	""	"1.027,32"	"6.659,60"	"59.512,00"	"176994"	"365937"	"176989"	"365891"	"2021-09-28"	"Vergunning:Omgevingsvergunning beperkte milieutoets"
"ODNML"	"6003NT32"	"Zeugen"	"Ja"	"Sint Sebastiaanskapelstraat 32 6003NT Weert"	"Weert"	"5"	""	"nu"	"nu"	"nu"	"178583"	"365581"	"178611"	"365541"	"2018-03-13"	"Bewijs bedrijfsbeëindiging"
"ODNML"	"6003NT36"	"Vleesvee"	"Nee"	"Sint Sebastiaanskapelstraat 36 6003NT Weert"	"Weert"	"1"	""	"196,10"	"1.317,20"	"6.290,00"	"178906"	"365550"	"178903"	"365500"	"1995-06-01"	"Vergunning:oprichtingsvergunning"
"ODNML"	"6003NT6"	"Paarden"	"Nee"	"Sint Sebastiaanskapelstraat 6 6003NT Weert"	"Weert"	"6"	""	"475,00"	"0,00"	"0,00"	"177624"	"365754"	"177583"	"365707"	"2013-09-18"	"Vergunning:Omgevingsvergunning Inrichting"
"ODNML"	"6003PK26"	"Melkrundvee"	"Ja"	"Gertrudisstraat 26 6003PK Weert"	"Weert"	"4"	"Nee"	"nu"	"nu"	"nu"	"177202"	"364597"	"177165"	"364540"	"2024-08-20"	"Intrekking gehele veebestand"
"ODNML"	"6003PR0ONG"	"Schapen"	"Nee"	"Koenderstraat 0ONG 6003PR WEERT"	"Weert"	"1"	"Nee"	"41,30"	"460,20"	"0,00"	"176334"	"364788"	"176317"	"364752"	"1997-04-09"	"Vergunning:oprichtingsvergunning"
"ODNML"	"6003PR1B"	"Paarden"	"Nee"	"Koenderstraat 1B 6003PR WEERT"	"Weert"	"1"	"Nee"	"333,50"	"0,00"	"0,00"	"176479"	"364369"	"176479"	"364369"	"2010-08-23"	"Vergunning:Beschikkking WM revisievergunning"
"ODNML"	"6003PR2A"	"Paarden"	"Nee"	"Koenderstraat 2A 6003PR Weert"	"Weert"	"1"	"Nee"	"48,40"	"0,00"	"0,00"	"176217"	"364837"	"176221"	"364928"	"2007-10-25"	"Vergunning:herbepaalde rechten"
"ODNML"	"6003PR4"	"Paarden"	"Nee"	"Koenderstraat 4 6003PR Weert"	"Weert"	"2"	"Nee"	"54,20"	"0,00"	"0,00"	"175951"	"364990"	"175965"	"365008"	"1994-06-16"	"Vergunning:oprichtingsvergunning"
"ODNML"	"6003PR5"	"voormalig bedrijf"	"Ja"	"Koenderstraat 5 6003PR Weert"	"Weert"	"1"	"Nee"	"0,00"	"0,00"	"0,00"	"176446"	"364529"	"176370"	"364519"	"2010-10-01"	"Intrekking:Activiteitenbesluit"
"ODNML"	"6003PR9"	"Leghennen"	"Nee"	"Koenderstraat 9 6003PR Weert"	"Weert"	"2"	"Ja"	"4.449,99"	"63.978,25"	"2.772.781,00"	"176017"	"364874"	"176023"	"364728"	"2009-06-08"	"Vergunning:Beschikkking WM revisievergunning"
"ODNML"	"6003PS61"	"Melkrundvee"	"Nee"	"Stienestraat 61 6003PS Weert"	"Weert"	"3"	"Nee"	"1.745,00"	"2.563,20"	"21.864,00"	"175339"	"365218"	"175281"	"365198"	"1998-08-19"	"Vergunning:deelrevisievergunning"
"ODNML"	"6003PW3"	"Paarden"	"Nee"	"Weijerkesweg 3 6003PW Weert"	"Weert"	"1"	"Nee"	"60,00"	"0,00"	"0,00"	"175233"	"364819"	"175238"	"364775"	"2003-04-22"	"Melding:besluit landbouwbedrijven milieubeheer"
"ODNML"	"6003PW5"	"Paarden"	"Nee"	"Weijerkesweg 5 6003PW WEERT"	"Weert"	"3"	""	"203,40"	"0,00"	"0,00"	"175139"	"364900"	"175131"	"364896"	"2012-12-31"	"Melding:besluit landbouwbedrijven milieubeheer"
"ODNML"	"6003RA41"	"voormalig bedrijf"	"Ja"	"Heugterbroekdijk 41 6003RA WEERT"	"Weert"	"1"	""	"0,00"	"0,00"	"0,00"	"176903"	"365387"	"176901"	"365381"	"2014-01-09"	"Intrekking:intrekking gehele veebestand"
"ODNML"	"6003RA47"	"voormalig bedrijf"	"Ja"	"Heugterbroekdijk 47 6003RA WEERT"	"Weert"	"4"	""	"0,00"	"0,00"	"0,00"	"176861"	"365619"	"176854"	"365605"	"2017-06-20"	"Correctie:intrekking gehele veebestand"
"ODNML"	"6003RB8"	"voormalig bedrijf"	"Ja"	"Heugterbroekdijk 8 6003RB WEERT"	"Weert"	"1"	""	"0,00"	"0,00"	"0,00"	"177068"	"365164"	"177072"	"365171"	"2008-07-29"	"Melding:intrekking gehele veebestand"
"ODNML"	"6003RD1"	"Vleesvarkens"	"Nee"	"Hushoverheggen 1 6003RD Weert"	"Weert"	"4"	"Ja"	"2.335,65"	"76.181,90"	"237.597,00"	"176552"	"365060"	"176564"	"364963"	"2015-05-18"	"Vergunning:Beschikkking WM revisievergunning"
"ODNML"	"6003RD2"	"Vleeskuikens"	"Nee"	"Hushoverheggen 2 6003RD Weert"	"Weert"	"3"	"Nee"	"6.220,00"	"4.446,00"	"568.100,00"	"176747"	"364797"	"176790"	"364830"	"2003-05-08"	"Vergunning:deelrevisievergunning"
"ODNML"	"6003RD2A"	"Geiten"	"Nee"	"Hushoverheggen 2A 6003RD Weert"	"Weert"	"1"	"Nee"	"756,00"	"11.656,00"	"12.000,00"	"176519"	"365163"	"176565"	"365200"	"2017-02-02"	"Melding activiteitenbesluit met OBM"
"ODNML"	"6003RG18"	"Vleesvarkens"	"Nee"	"Boeketweg 18 6003RG WEERT"	"Weert"	"1"	"Nee"	"85,50"	"9.177,00"	"56.430,00"	"177490"	"365495"	"177496"	"365492"	"2020-07-15"	"Melding:Activiteitenbesluit"
"ODNML"	"6003RG81"	"voormalig bedrijf"	"Ja"	"Boeketweg 81 6003RG WEERT"	"Weert"	"1"	""	"0,00"	"0,00"	"0,00"	"177614"	"365932"	"177574"	"365933"	"2018-01-01"	"Intrekking:intrekking gehele veebestand"
"ODNML"	"6003RS2"	"Vleesvarkens"	"Nee"	"Riviereweg 2 6003RS Weert"	"Weert"	"6"	"Ja"	"6.054,85"	"62.534,70"	"411.909,00"	"175362"	"364717"	"175438"	"364758"	"2022-01-25"	"Vergunning:Omgevingsvergunning revisie"
"ODNML"	"6004PG6A"	"Paarden"	"Nee"	"Schoorweg 6A 6004PG Weert"	"Weert"	"1"	"Nee"	"96,00"	"0,00"	"0,00"	"180340"	"362318"	"180343"	"362279"	"2004-10-27"	"Vergunning:deelrevisievergunning"
"ODNML"	"6004PV15A"	"Paarden"	"Nee"	"Truyenhoekweg 15A 6004PV WEERT"	"Weert"	"1"	"Nee"	"44,88"	"201,50"	"2.865,00"	"179893"	"363892"	"179893"	"363892"	"2004-12-08"	"Melding:besluit landbouwbedrijven milieubeheer"
"ODNML"	"6004PV1B"	"Leghennen"	"Nee"	"Truyenhoekweg 1B 6004PV Weert"	"Weert"	"4"	"Nee"	"4.623,66"	"10.398,90"	"2.078.370,00"	"179584"	"364024"	"179641"	"364053"	"2011-12-05"	"Vergunning:Beschikkking WM revisievergunning"
"ODNML"	"6004PW15"	"Leghennen"	"Nee"	"Trumpertweg 15 6004PW Weert"	"Weert"	"2"	"Ja"	"10.039,30"	"10.620,00"	"1.770.000,00"	"180015"	"362973"	"180078"	"362995"	"2005-12-12"	"Vergunning:beschikking WM veranderingsvergunning"
"ODNML"	"6004PW19"	"Vleesvarkens"	"Nee"	"Trumpertweg 19 6004PW WEERT"	"Weert"	"2"	"Ja"	"2.857,50"	"92.055,40"	"196.850,00"	"180031"	"363233"	"180063"	"363231"	"2021-07-29"	"Vergunning:Omgevingsvergunning verandering"
"ODNML"	"6004PW23"	"Leghennen"	"Nee"	"Trumpertweg 23 6004PW Weert"	"Weert"	"8"	"Ja"	"10.224,91"	"30.236,20"	"3.078.678,00"	"179891"	"363446"	"179974"	"363407"	"2021-06-21"	"Vergunning:Omgevingsvergunning revisie"
"ODNML"	"6004PW5"	"Paarden"	"Nee"	"Trumpertweg 5 6004PW Weert"	"Weert"	"3"	"Nee"	"490,00"	"0,00"	"0,00"	"180085"	"362420"	"180158"	"362409"	"2017-10-23"	"Melding:Activiteitenbesluit"
"ODNML"	"6004PZ4"	"Leghennen"	"Nee"	"Hoefbemdenweg 4 6004PZ Weert"	"Weert"	"3"	"Ja"	"6.046,40"	"67.907,00"	"3.034.275,00"	"179954"	"362720"	"179920"	"362601"	"2015-01-27"	"Vergunning:Omgevingsvergunning revisie"
"ODNML"	"6004RC10"	"Paarden"	"Nee"	"Kraanweg 10 6004RC Weert"	"Weert"	"1"	"Nee"	"139,20"	"0,00"	"0,00"	"179581"	"363388"	"179596"	"363331"	"1999-02-11"	"Vergunning:oprichtingsvergunning"
"ODNML"	"6004RH3"	"Ov.Pluimvee"	"Nee"	"Hadsweg 3 6004RH Weert"	"Weert"	"7"	"Nee"	"11.680,88"	"39.763,70"	"1.963.244,00"	"179562"	"363656"	"179468"	"363636"	"2023-08-30"	"Melding activiteitenbesluit"
"ODNML"	"6004RK2"	"Paarden"	"Nee"	"Verborgsweg 2 6004RK Weert"	"Weert"	"1"	""	"265,60"	"0,00"	"4.950,00"	"179524"	"363919"	"179492"	"363914"	"2020-03-09"	"Intrekking:Omgevingsverg. gedeeltelijke intrekking"
"ODNML"	"6005AD173"	"voormalig bedrijf"	"Ja"	"Maaseikerweg 173 6005AD Weert"	"Weert"	"2"	""	"0,00"	"0,00"	"0,00"	"178262"	"360716"	"178323"	"360746"	"2020-03-17"	"Intrekking:Omgevingsvergunning intrekking"
"ODNML"	"6005AD207"	"Vleesvarkens"	"Nee"	"Maaseikerweg 207 6005AD WEERT"	"Weert"	"1"	"Ja"	"1.981,80"	"70.904,40"	"136.524,00"	"178376"	"359344"	"178433"	"359370"	"2010-12-21"	"Vergunning:Beschikkking WM revisievergunning"
"ODNML"	"6005ND15"	"Nerts Vos"	"Nee"	"Gebleektesteeg 15 6005ND Weert"	"Weert"	"1"	""	"957,00"	"0,00"	"13.200,00"	"179436"	"361287"	"179381"	"361287"	"2002-05-30"	"Vergunning:deelrevisievergunning"
"ODNML"	"6005NE15"	"Paarden"	"Nee"	"Breijbaan 15 6005NE WEERT"	"Weert"	"4"	"Nee"	"271,00"	"0,00"	"0,00"	"180637"	"361133"	"180628"	"361133"	"2015-08-13"	"Melding:Activiteitenbesluit"
"ODNML"	"6005NE30"	"Melkrundvee"	"Nee"	"Breijbaan 30 6005NE Weert"	"Weert"	"3"	"Nee"	"1.554,00"	"0,00"	"26.712,00"	"180144"	"361124"	"180101"	"361097"	"2023-05-08"	"Melding activiteitenbesluit"
"ODNML"	"6005NE66"	"Leghennen"	"Ja"	"Breijbaan 66 6005NE Weert"	"Weert"	"2"	""	"nu"	"nu"	"nu"	"181625"	"360548"	"181548"	"360525"	"2021-08-12"	"Bewijs bedrijfsbeëindiging"
"ODNML"	"6005NG20"	"voormalig bedrijf"	"Ja"	"Koekoeksweg 20 6005NG Weert"	"Weert"	"1"	"Nee"	"0,00"	"0,00"	"0,00"	"179729"	"361833"	"179776"	"361819"	"2018-03-28"	"Intrekking:Activiteitenbesluit"
"ODNML"	"6005NG7"	"Paarden"	"Nee"	"Koekoeksweg 7 6005NG Weert"	"Weert"	"2"	"Nee"	"131,00"	"0,00"	"0,00"	"179116"	"361813"	"179129"	"361846"	"2020-07-15"	"Melding:Activiteitenbesluit"
"ODNML"	"6005NH5"	"Nerts Vos"	"Nee"	"Haanheuvelweg 5 6005NH WEERT"	"Weert"	"1"	""	"232,00"	"0,00"	"3.200,00"	"179682"	"361238"	"179682"	"361238"	"1994-01-01"	"Vergunning:oprichtingsvergunning"
"ODNML"	"6005NJ0ONG"	"Paarden"	"Nee"	"Roermondseweg 0ONG 6005NJ WEERT"	"Weert"	"1"	"Nee"	"100,00"	"0,00"	"0,00"	"181920"	"361276"	"181899"	"361268"	"1994-10-27"	"Melding:besluit landbouwbedrijven milieubeheer"
"ODNML"	"6005NJ163"	"Vleesvee"	"Nee"	"Roermondseweg 163 6005NJ Weert"	"Weert"	"1"	"Nee"	"6.015,00"	"60.876,00"	"56.430,00"	"180863"	"361623"	"180919"	"361708"	"2005-12-01"	"Vergunning:WM uitbreidings-wijzigingsvergunning"
"ODNML"	"6005NJ189"	"Paarden"	"Nee"	"Roermondseweg 189 6005NJ Weert"	"Weert"	"1"	"Nee"	"137,50"	"0,00"	"0,00"	"182209"	"361112"	"182237"	"361171"	"1994-10-31"	"Melding:besluit landbouwbedrijven milieubeheer"
"ODNML"	"6005NK1"	"voormalig bedrijf"	"Ja"	"Molenbrugweg 1 6005NK Weert"	"Weert"	"1"	"Nee"	"nu"	"nu"	"nu"	"182488"	"360538"	"182456"	"360537"	"2022-10-13"	"Bewijs bedrijfsbeëindiging"
"ODNML"	"6005NK1A"	"Leghennen"	"Nee"	"Molenbrugweg 1A 6005NK WEERT"	"Weert"	"1"	"Nee"	"1.819,00"	"1.926,00"	"321.000,00"	"182439"	"360521"	"182439"	"360521"	"1993-05-12"	"Vergunning:beschikking WM veranderingsvergunning"
"ODNML"	"6005NK3"	"Melkrundvee"	"Nee"	"Molenbrugweg 3 6005NK Weert"	"Weert"	"1"	"Nee"	"229,60"	"142,40"	"2.560,00"	"182524"	"360662"	"182525"	"360671"	"1995-01-01"	"Melding:besluit landbouwbedrijven milieubeheer"
"ODNML"	"6005NM11"	"Zeugen"	"Nee"	"Heikempweg 11 6005NM Weert"	"Weert"	"5"	""	"3.388,20"	"14.216,30"	"123.335,00"	"181539"	"361034"	"181511"	"361063"	"2014-08-25"	"Melding:Activiteitenbesluit"
"ODNML"	"6005NP27"	"Vleesvarkens"	"Nee"	"Ittervoorterweg 27 6005NP Weert"	"Weert"	"5"	"Ja"	"4.542,00"	"94.598,00"	"352.602,00"	"181341"	"361138"	"181342"	"361053"	"2012-03-05"	"Vergunning:Beschikkking WM revisievergunning"
"ODNML"	"6005NP91"	"voormalig bedrijf"	"Ja"	"Ittervoorterweg 91 6005NP WEERT"	"Weert"	"1"	""	"0,00"	"0,00"	"0,00"	"181844"	"360241"	"181844"	"360241"	"2005-12-06"	"Intrekking:intrekking gehele veebestand"
"ODNML"	"6005NR12"	"voormalig bedrijf"	"Ja"	"Ittervoorterweg 12 6005NR Weert"	"Weert"	"1"	""	"0,00"	"0,00"	"0,00"	"180919"	"361192"	"180893"	"361185"	"2008-03-04"	"Vergunning:"
"ODNML"	"6005NR14"	"Vleeskuikens"	"Nee"	"Ittervoorterweg 14 6005NR Weert"	"Weert"	"5"	""	"9.702,60"	"20.950,20"	"946.864,00"	"181013"	"361181"	"183023"	"361116"	"2017-06-21"	"Melding:Activiteitenbesluit"
"ODNML"	"6005NR18A"	"Ov.Pluimvee"	"Nee"	"Ittervoorterweg 18A 6005NR WEERT"	"Weert"	"4"	"Nee"	"11.301,60"	"25.761,00"	"1.429.320,00"	"181118"	"361009"	"181081"	"360974"	"2016-06-06"	"Vergunning:beschikking WM veranderingsvergunning"
"ODNML"	"6005NR2"	"Vleeskuikens"	"Nee"	"Ittervoorterweg 2 6005NR Weert"	"Weert"	"4"	"Ja"	"1.412,80"	"12.870,00"	"774.000,00"	"180739"	"361465"	"180655"	"361464"	"2023-02-09"	"Melding activiteitenbesluit met OBM"
"ODNML"	"6005NR24"	"voormalig bedrijf"	"Ja"	"Ittervoorterweg 24 6005NR WEERT"	"Weert"	"2"	""	"0,00"	"0,00"	"0,00"	"181238"	"360936"	"181238"	"360935"	"2012-03-05"	"Correctie:intrekking gehele veebestand"
"ODNML"	"6005NW6"	"Melkrundvee"	"Nee"	"Ringstraat 6 6005NW Weert"	"Weert"	"1"	"Nee"	"424,20"	"0,00"	"3.660,00"	"181608"	"360223"	"181583"	"360198"	"1997-12-01"	"Melding activiteitenbesluit"
"ODNML"	"6005NW8"	"Melkrundvee"	"Nee"	"Ringstraat 8 6005NW Weert"	"Weert"	"1"	"Nee"	"650,00"	"0,00"	"5.900,00"	"181540"	"360246"	"181536"	"360239"	"1996-06-25"	"Vergunning:WM uitbreidings-wijzigingsvergunning"
"ODNML"	"6005NX19"	"Zeugen"	"Nee"	"Coolenstraat 19 6005NX Weert"	"Weert"	"1"	"Nee"	"405,00"	"11.385,00"	"27.540,00"	"182316"	"360429"	"182289"	"360518"	"2024-07-09"	"Melding activiteitenbesluit met OBM"
"ODNML"	"6005NX27"	"Vleeskuikens"	"Nee"	"Coolenstraat 27 6005NX Weert"	"Weert"	"3"	"Nee"	"8.580,85"	"18.408,30"	"847.530,00"	"182623"	"360548"	"182673"	"360616"	"2012-01-09"	"Vergunning:Beschikkking WM revisievergunning"
"ODNML"	"6005NZ44"	"voormalig bedrijf"	"Ja"	"Coolenstraat 44 6005NZ Weert"	"Weert"	"1"	"Nee"	"0,00"	"0,00"	"0,00"	"182516"	"360483"	"182550"	"360410"	"2018-04-25"	"Intrekking:Activiteitenbesluit"
"ODNML"	"6005PH1"	"Melkrundvee"	"Nee"	"Hennenstraatje 1 6005PH Weert"	"Weert"	"1"	"Nee"	"1.573,20"	"0,00"	"14.148,00"	"182292"	"360078"	"182342"	"360092"	"2001-01-24"	"Vergunning:oprichtingsvergunning"
"ODNML"	"6005PH16"	"voormalig bedrijf"	"Ja"	"Hennenstraatje 16 6005PH WEERT"	"Weert"	"5"	"Nee"	"0,00"	"0,00"	"0,00"	"182039"	"359724"	"182034"	"359734"	"2010-11-19"	"Intrekking:intrekking gehele veebestand"
"ODNML"	"6005PH8"	"voormalig bedrijf"	"Ja"	"Hennenstraatje 8 6005PH WEERT"	"Weert"	"1"	""	"0,00"	"0,00"	"0,00"	"177068"	"365164"	"177072"	"365171"	"2012-01-01"	"Melding:intrekking gehele veebestand"
"ODNML"	"6005PJ1"	"Schapen"	"Nee"	"Venboordstraat 1 6005PJ WEERT"	"Weert"	"1"	"Nee"	"24,50"	"273,00"	"0,00"	"181954"	"359755"	"181951"	"359746"	"1995-11-30"	"Vergunning:oprichtingsvergunning"
"ODNML"	"6005PK10"	"voormalig bedrijf"	"Ja"	"Pelmersheideweg 10 6005PK WEERT"	"Weert"	"1"	""	"0,00"	"0,00"	"0,00"	"180707"	"359089"	"180700"	"359089"	"2010-05-18"	"Intrekking:intrekking gehele veebestand"
"ODNML"	"6005PK18"	"Leghennen"	"Nee"	"Pelmersheideweg 18 6005PK Weert"	"Weert"	"6"	"Ja"	"4.915,94"	"26.560,80"	"2.171.361,90"	"180615"	"358541"	"180500"	"358587"	"2020-07-28"	"Vergunning:Omgevingsvergunning revisie"
"ODNML"	"6005PL2"	"Melkrundvee"	"Nee"	"Hulsweg 2 6005PL Weert"	"Weert"	"1"	""	"573,60"	"0,00"	"5.160,00"	"181257"	"358674"	"181243"	"358640"	"1997-01-01"	"Melding:onbekend"
"ODNML"	"6005PM23"	"voormalig bedrijf"	"Ja"	"Castertweg 23 6005PM Weert"	"Weert"	"1"	""	"0,00"	"0,00"	"0,00"	"178950"	"360027"	"178950"	"360067"	"1978-01-01"	"Melding:besluit landbouwbedrijven milieubeheer"
"ODNML"	"6005PM31"	"Melkrundvee"	"Nee"	"Castertweg 31 6005PM WEERT"	"Weert"	"1"	"Nee"	"1.008,00"	"0,00"	"9.072,00"	"179118"	"359703"	"179118"	"359703"	"1996-01-01"	"Melding:AMvB melkveehouderij"
"ODNML"	"6005PM34"	"Melkrundvee"	"Nee"	"Castertweg 34 6005PM Weert"	"Weert"	"1"	"Nee"	"880,00"	"0,00"	"7.852,00"	"179498"	"358983"	"179478"	"358979"	"2001-06-30"	"Melding:AMvB melkveehouderij"
"ODNML"	"6005PM35"	"Vleesvee"	"Nee"	"Castertweg 35 6005PM Weert"	"Weert"	"1"	""	"1.992,80"	"13.385,60"	"63.920,00"	"179190"	"359611"	"179233"	"359627"	"2004-05-06"	"Vergunning:deelrevisievergunning"
"ODNML"	"6005PM9A"	"voormalig bedrijf"	"Ja"	"Castertweg 9A 6005PM WEERT"	"Weert"	"1"	""	"0,00"	"0,00"	"0,00"	"178542"	"360380"	"178542"	"360380"	"2003-05-28"	"Intrekking:intrekking gehele veebestand"
"ODNML"	"6005PN5"	"Melkrundvee"	"Nee"	"Spechtebaan 5 6005PN Weert"	"Weert"	"2"	"Nee"	"1.103,00"	"1.068,00"	"10.010,00"	"179778"	"360881"	"179791"	"360916"	"2001-10-24"	"Vergunning:gedeeltelijke intrekking"
"ODNML"	"6005PP1"	"Melkrundvee"	"Nee"	"Dupesweg 1 6005PP Weert"	"Weert"	"2"	"Nee"	"388,40"	"266,00"	"5.490,00"	"180628"	"358654"	"180575"	"358656"	"2009-07-08"	"Melding:besluit landbouwbedrijven milieubeheer"
"ODNML"	"6005PR4"	"Melkrundvee"	"Nee"	"Vliegertstraat 4 6005PR Weert"	"Weert"	"1"	""	"845,00"	"0,00"	"7.670,00"	"179168"	"360272"	"179166"	"360223"	"1994-08-21"	"Melding:besluit landbouwbedrijven milieubeheer"
"ODNML"	"6005PS6"	"Vleesvarkens"	"Nee"	"Kleinehegsteeg 6 6005PS Weert"	"Weert"	"1"	"Nee"	"2.252,40"	"26.676,00"	"226.864,00"	"178633"	"359985"	"178586"	"360020"	"1997-12-17"	"Vergunning:WM uitbreidings-wijzigingsvergunning"
"ODNML"	"6005PV10"	"Melkrundvee"	"Nee"	"Roekes 10 6005PV Weert"	"Weert"	"3"	""	"2.625,40"	"0,00"	"33.080,00"	"179876"	"359876"	"179922"	"359837"	"2013-12-17"	"Melding:Activiteitenbesluit"
"ODNML"	"6005PW31"	"Vleesvarkens"	"Nee"	"Grotehegsteeg 31 6005PW Weert"	"Weert"	"3"	"Ja"	"3.532,02"	"76.265,70"	"364.705,00"	"178800"	"359587"	"178646"	"359545"	"2013-04-02"	"Omgevingsvergunning-verandering"
"ODNML"	"6005PX1A"	"Leghennen"	"Nee"	"Schoordijk 1A 6005PX Weert"	"Weert"	"3"	"Ja"	"8.200,00"	"25.200,00"	"3.290.000,00"	"182410"	"361344"	"182387"	"361337"	"2016-03-07"	"Vergunning:beschikking WM veranderingsvergunning"
"ODNML"	"6005PZ1"	"Biggen"	"Nee"	"Watermolenweg 1 6005PZ Weert"	"Weert"	"4"	"Nee"	"4.659,56"	"45.388,80"	"265.541,00"	"182903"	"361355"	"182831"	"361404"	"2012-06-04"	"Melding:Beschikkking WM revisievergunning"
"ODNML"	"6005PZ3"	"Vleesvarkens"	"Nee"	"Watermolenweg 3 6005PZ Weert"	"Weert"	"5"	"Ja"	"5.706,00"	"105.916,00"	"309.870,00"	"182714"	"361173"	"182731"	"361287"	"2013-12-16"	"Vergunning:beschikking WM veranderingsvergunning"
"ODNML"	"6005RB6"	"Vleeskuikens"	"Nee"	"Peelheideweg 6 6005RB WEERT"	"Weert"	"3"	"Ja"	"3.443,13"	"32.463,75"	"2.164.250,00"	"178484"	"359017"	"178526"	"359017"	"2022-06-28"	"Omgevingsvergunning-verandering"
"ODNML"	"6005RB8"	"Leghennen"	"Nee"	"Peelheideweg 8 6005RB Weert"	"Weert"	"3"	"Ja"	"6.783,47"	"62.243,30"	"4.090.274,00"	"178723"	"359112"	"178739"	"359028"	"2014-09-22"	"Vergunning:beschikking WM veranderingsvergunning"
"ODNML"	"6005RC29"	"Vleeskuikens"	"Nee"	"Kemperveldweg 29 6005RC Weert"	"Weert"	"3"	"Nee"	"1.999,75"	"12.021,82"	"137.177,00"	"178722"	"358348"	"178733"	"358411"	"2014-11-19"	"Melding:Activiteitenbesluit"
"ODNML"	"6005RG29"	"voormalig bedrijf"	"Ja"	"Tungeler Dorpsstraat 29 6005RG WEERT"	"Weert"	"1"	""	"0,00"	"0,00"	"0,00"	"178789"	"358108"	"178789"	"358108"	"2007-03-16"	"Intrekking:intrekking gehele veebestand"
"ODNML"	"6005RH127"	"Melkrundvee"	"Nee"	"Tungeler Dorpsstraat 127 6005RH Weert"	"Weert"	"1"	"Nee"	"964,80"	"0,00"	"8.676,00"	"179836"	"358357"	"179816"	"358315"	"1992-01-01"	"Melding:besluit landbouwbedrijven milieubeheer"
"ODNML"	"6005RL17"	"Melkrundvee"	"Nee"	"Kievitspeelweg 17 6005RL Weert"	"Weert"	"2"	"Nee"	"600,40"	"0,00"	"5.380,00"	"179556"	"358446"	"179585"	"358460"	"2020-02-19"	"Intrekking:Omgevingsvergunning beperkte milieutoets"
"ODNML"	"6005RL22"	"voormalig bedrijf"	"Ja"	"Kievitspeelweg 22 6005RL WEERT"	"Weert"	"2"	""	"0,00"	"0,00"	"0,00"	"179441"	"358371"	"179431"	"358376"	"2018-06-21"	"Melding:intrekking gehele veebestand"
"ODNML"	"6005RL33"	"Schapen"	"Nee"	"Kievitspeelweg 33 6005RL Weert"	"Weert"	"1"	""	"181,10"	"1.936,00"	"380,00"	"179261"	"357803"	"179294"	"357804"	"1994-04-28"	"Melding:onbekend"
"ODNML"	"6005RL39"	"voormalig bedrijf"	"Ja"	"Kievitspeelweg 39 6005RL WEERT"	"Weert"	"2"	""	"0,00"	"0,00"	"0,00"	"179256"	"357584"	"179253"	"357588"	"2018-01-01"	"Correctie:intrekking gehele veebestand"
"ODNML"	"6005RL40"	"Vleesvarkens"	"Nee"	"Kievitspeelweg 40 6005RL Weert"	"Weert"	"5"	"Ja"	"4.932,20"	"49.910,00"	"329.096,00"	"179167"	"357557"	"179166"	"357589"	"2010-01-13"	"Vergunning:beschikking WM veranderingsvergunning"
"ODNML"	"6005RL7"	"voormalig bedrijf"	"Ja"	"Kievitspeelweg 7 6005RL WEERT"	"Weert"	"2"	""	"0,00"	"0,00"	"0,00"	"179625"	"358618"	"179616"	"358680"	"2002-08-20"	"Melding:intrekking gehele veebestand"
"ODNML"	"6005RN34"	"Melkrundvee"	"Nee"	"Truppertstraat 34 6005RN Weert"	"Weert"	"1"	""	"404,00"	"0,00"	"4.760,00"	"179037"	"357869"	"179035"	"357865"	"1995-11-14"	"Melding:besluit landbouwbedrijven milieubeheer"
"ODNML"	"6005RW2"	"Melkrundvee"	"Nee"	"Goorstraat 2 6005RW Weert"	"Weert"	"5"	""	"3.197,00"	"10.465,00"	"79.991,00"	"179859"	"357611"	"179835"	"357612"	"2012-02-29"	"Vergunning:milieu neutrale wijziging"
"ODNML"	"6005RZ4"	"Vleesvarkens"	"Nee"	"Pleunenweg 4 6005RZ Weert"	"Weert"	"4"	""	"1.635,60"	"12.436,00"	"85.836,00"	"179927"	"357612"	"179924"	"357631"	"1988-07-11"	"Vergunning:deelrevisievergunning"
"ODNML"	"6005SK6"	"voormalig bedrijf"	"Ja"	"Molensteeg 6 6005SK WEERT"	"Weert"	"1"	""	"0,00"	"0,00"	"0,00"	"178327"	"357543"	"178321"	"357515"	"2010-05-18"	"Intrekking:intrekking gehele veebestand"
"ODNML"	"6006AD218"	"Melkrundvee"	"Nee"	"Maaseikerweg 218 6006AD WEERT"	"Weert"	"7"	""	"1.434,70"	"3.844,80"	"31.018,00"	"178298"	"360339"	"178297"	"360343"	"2014-09-17"	"Melding:Activiteitenbesluit"
"ODNML"	"6006AD260"	"Melkrundvee"	"Nee"	"Maaseikerweg 260 6006AD Weert"	"Weert"	"3"	"Nee"	"671,52"	"143,10"	"7.904,00"	"178193"	"359881"	"178170"	"359888"	"1995-01-12"	"Vergunning:deelrevisievergunning"
"ODNML"	"6006AE6"	"Ov.Pluimvee"	"Nee"	"Klakstaartweg 6 6006AE Weert"	"Weert"	"6"	""	"2.718,64"	"13.144,89"	"1.234.823,00"	"178192"	"360571"	"178195"	"360505"	"2016-12-08"	"Vergunning:beschikking WM veranderingsvergunning"
"ODNML"	"6006NS1"	"Paarden"	"Nee"	"Nelissenhofweg 1 6006NS WEERT"	"Weert"	"1"	"Nee"	"187,00"	"0,00"	"0,00"	"175666"	"361532"	"175693"	"361539"	"2016-04-12"	"Melding:Activiteitenbesluit"
"ODNML"	"6006PR15"	"voormalig bedrijf"	"Ja"	"Dijkerstraat 15 6006PR WEERT"	"Weert"	"1"	""	"0,00"	"0,00"	"0,00"	"177723"	"359786"	"177723"	"359786"	"2007-12-20"	"Melding:intrekking gehele veebestand"
"ODNML"	"6006PR35"	"voormalig bedrijf"	"Ja"	"Dijkerstraat 35 6006PR WEERT"	"Weert"	"1"	""	"0,00"	"0,00"	"0,00"	"177229"	"359954"	"177231"	"359954"	"2017-06-27"	"Intrekking:intrekking gehele veebestand"
"ODNML"	"6006PS24"	"Zeugen"	"Nee"	"Dijkerstraat 24 6006PS Weert"	"Weert"	"4"	"Nee"	"2.426,04"	"31.088,70"	"210.201,00"	"177211"	"360122"	"177187"	"360180"	"2013-07-01"	"Melding:Activiteitenbesluit"
"ODNML"	"6006PS28A"	"Paarden"	"Nee"	"Dijkerstraat 28A 6006PS Weert"	"Weert"	"5"	"Nee"	"468,90"	"0,00"	"0,00"	"177062"	"360158"	"177049"	"360207"	"2015-01-06"	"Melding:Activiteitenbesluit"
"ODNML"	"6006PS30"	"voormalig bedrijf"	"Ja"	"Dijkerstraat 30 6006PS Weert"	"Weert"	"1"	""	"nu"	"nu"	"nu"	"176984"	"360176"	"176952"	"360204"	"2018-03-13"	"Bewijs bedrijfsbeëindiging"
"ODNML"	"6006PS36"	"voormalig bedrijf"	"Ja"	"Dijkerstraat 36 6006PS WEERT"	"Weert"	"1"	""	"0,00"	"0,00"	"0,00"	"176661"	"360219"	"176675"	"360249"	"2018-06-21"	"Intrekking:intrekking gehele veebestand"
"ODNML"	"6006PS40"	"voormalig bedrijf"	"Ja"	"Dijkerstraat 40 6006PS WEERT"	"Weert"	"3"	""	"0,00"	"0,00"	"0,00"	"176566"	"360224"	"176547"	"360236"	"2012-06-07"	"Intrekking:intrekking gehele veebestand"
"ODNML"	"6006PS42"	"voormalig bedrijf"	"Ja"	"Dijkerstraat 42 6006PS Weert"	"Weert"	"2"	""	"0,00"	"0,00"	"0,00"	"176470"	"360226"	"176492"	"360278"	"2020-11-25"	"Intrekking:Omgevingsvergunning beperkte milieutoets"
"ODNML"	"6006PV2"	"voormalig bedrijf"	"Ja"	"Dijkerakkerweg 2 6006PV WEERT"	"Weert"	"1"	""	"0,00"	"0,00"	"0,00"	"177399"	"360616"	"177393"	"360611"	"2015-05-05"	"Intrekking:intrekking gehele veebestand"
"ODNML"	"6006PW11"	"Paarden"	"Nee"	"Keenterstraat 11 6006PW Weert"	"Weert"	"2"	"Nee"	"37,10"	"202,80"	"0,00"	"177068"	"360806"	"177048"	"360828"	"1997-12-11"	"Melding:onbekend"
"ODNML"	"6006PW43"	"Paarden"	"Nee"	"Keenterstraat 43 6006PW Weert"	"Weert"	"2"	"Nee"	"145,00"	"0,00"	"0,00"	"177439"	"361006"	"177434"	"361011"	"2016-12-07"	"Melding:Activiteitenbesluit"
"ODNML"	"6006PW69"	"Leghennen"	"Nee"	"Keenterstraat 69 6006PW Weert"	"Weert"	"1"	"Ja"	"7.866,00"	"29.070,00"	"3.890.250,00"	"177844"	"360697"	"177982"	"360683"	"2014-03-24"	"Vergunning:beschikking WM veranderingsvergunning"
"ODNML"	"6006PX108"	"Melkrundvee"	"Nee"	"Keenterstraat 108 6006PX Weert"	"Weert"	"1"	"Nee"	"303,00"	"0,00"	"3.570,00"	"178011"	"360117"	"177988"	"360132"	"1997-11-04"	"Melding:besluit landbouwbedrijven milieubeheer"
"ODNML"	"6006PX2"	"voormalig bedrijf"	"Ja"	"Keenterstraat 2 6006PX WEERT"	"Weert"	"1"	"Nee"	"0,00"	"0,00"	"0,00"	"177076"	"360669"	"177050"	"360652"	"2018-01-01"	"Melding:Activiteitenbesluit"
"ODNML"	"6006PX22"	"voormalig bedrijf"	"Ja"	"Keenterstraat 22 6006PX WEERT"	"Weert"	"1"	"Nee"	"0,00"	"0,00"	"0,00"	"177399"	"360908"	"177399"	"360908"	"2015-05-05"	"Intrekking:intrekking gehele veebestand"
"ODNML"	"6006PX98"	"Melkrundvee"	"Nee"	"Keenterstraat 98 6006PX Weert"	"Weert"	"3"	"Nee"	"203,00"	"205,70"	"3.325,00"	"177986"	"360259"	"177961"	"360246"	"2012-12-05"	"Intrekking:gedeeltelijke intrekking"
"ODNML"	"6006PZ11"	"voormalig bedrijf"	"Ja"	"Keentersteeg 11 6006PZ WEERT"	"Weert"	"1"	"Nee"	"0,00"	"0,00"	"0,00"	"177641"	"360992"	"177641"	"360992"	"2013-05-30"	"Melding:intrekking gehele veebestand"
"ODNML"	"6006RZ1"	"Melkrundvee"	"Nee"	"Heltenbosdijk 1 6006RZ Weert"	"Weert"	"1"	""	"78,50"	"78,00"	"1.290,00"	"176267"	"358784"	"176305"	"358798"	"2011-12-08"	"Melding:besluit landbouwbedrijven milieubeheer"
"ODNML"	"6006RZ12"	"Paarden"	"Nee"	"Heltenbosdijk 12 6006RZ Weert"	"Weert"	"6"	"Nee"	"378,10"	"0,00"	"0,00"	"176430"	"357307"	"176411"	"357337"	"2021-01-12"	"Melding activiteitenbesluit"
"ODNML"	"6006RZ14"	"Paarden"	"Nee"	"Heltenbosdijk 14 6006RZ Weert"	"Weert"	"2"	"Nee"	"28,10"	"24,75"	"1.650,00"	"176115"	"356838"	"176121"	"356853"	"2002-11-20"	"Intrekking:gedeeltelijke intrekking"
"ODNML"	"6006RZ18"	"voormalig bedrijf"	"Ja"	"Heltenbosdijk 18 6006RZ WEERT"	"Weert"	"1"	""	"0,00"	"0,00"	"0,00"	"175831"	"356651"	"175831"	"356651"	"2011-11-02"	"Intrekking:intrekking gehele veebestand"
"ODNML"	"6006RZ2A"	"Leghennen"	"Nee"	"Heltenbosdijk 2A 6006RZ Weert"	"Weert"	"7"	"Ja"	"4.759,50"	"16.379,60"	"1.287.000,00"	"176209"	"358751"	"176192"	"358874"	"2019-02-01"	"Omgevingsvergunning milieuneutraal"
"ODNML"	"6006RZ4"	"voormalig bedrijf"	"Ja"	"Heltenbosdijk 4 6006RZ Weert"	"Weert"	"2"	""	"nu"	"nu"	"nu"	"176188"	"358685"	"176173"	"358677"	"2018-03-13"	"Bewijs bedrijfsbeëindiging"
"ODNML"	"6006RZ6B"	"Leghennen"	"Nee"	"Heltenbosdijk 6B 6006RZ WEERT"	"Weert"	"3"	"Ja"	"4.379,70"	"27.876,60"	"5.329.350,00"	"176162"	"358344"	"176177"	"358306"	"2018-05-22"	"Omgevingsvergunning milieuneutraal"
"ODNML"	"6006SB6"	"voormalig bedrijf"	"Ja"	"Wijffelterbroekdijk 6 6006SB WEERT"	"Weert"	"1"	""	"0,00"	"0,00"	"0,00"	"177872"	"357979"	"177872"	"357979"	"2012-06-01"	"Intrekking:intrekking gehele veebestand"
"ODNML"	"6006SG23"	"voormalig bedrijf"	"Ja"	"Tuurkesweg 23 6006SG WEERT"	"Weert"	"1"	""	"0,00"	"0,00"	"0,00"	"178163"	"357637"	"178205"	"357624"	"2010-05-18"	"Intrekking:intrekking gehele veebestand"
"ODNML"	"6006SG4"	"voormalig bedrijf"	"Ja"	"Tuurkesweg 4 6006SG Weert"	"Weert"	"2"	""	"0,00"	"0,00"	"0,00"	"178320"	"358118"	"178283"	"358156"	"2021-09-21"	"Intrekking:Omgevingsvergunning intrekking"
"ODNML"	"6006SR118"	"Melkrundvee"	"Nee"	"Lozerweg 118 6006SR Weert"	"Weert"	"3"	"Nee"	"187,70"	"640,80"	"4.616,00"	"172168"	"360156"	"172209"	"360151"	"2015-06-29"	"Melding:Activiteitenbesluit"
"ODNML"	"6006ST18"	"Melkrundvee"	"Nee"	"Heihuisweg 18 6006ST Weert"	"Weert"	"1"	"Nee"	"147,70"	"356,00"	"2.548,00"	"173568"	"359746"	"173385"	"359672"	"1999-10-14"	"Vergunning:oprichtingsvergunning"
"ODNML"	"6006ST3"	"voormalig bedrijf"	"Ja"	"Heihuisweg 3 6006ST Weert"	"Weert"	"2"	"Nee"	"0,00"	"0,00"	"0,00"	"173962"	"359192"	"174017"	"359209"	"2015-06-17"	"Intrekking:Activiteitenbesluit"
"ODNML"	"6006ST5"	"Paarden"	"Nee"	"Heihuisweg 5 6006ST Weert"	"Weert"	"1"	"Nee"	"189,90"	"0,00"	"0,00"	"174043"	"359109"	"174027"	"359158"	"2012-01-31"	"Melding:besluit landbouwbedrijven milieubeheer"
"ODNML"	"6006SX17"	"voormalig bedrijf"	"Ja"	"Kruispeelweg 17 6006SX Weert"	"Weert"	"1"	"Nee"	"0,00"	"0,00"	"0,00"	"174747"	"360524"	"174730"	"360558"	"2016-02-24"	"Melding:van rechtswege vervallen"
"ODNML"	"6006SX8"	"Paarden"	"Nee"	"Kruispeelweg 8 6006SX Weert"	"Weert"	"1"	""	"50,00"	"0,00"	"0,00"	"174153"	"360162"	"174117"	"360165"	"2018-07-02"	"Melding:gedeeltelijke intrekking"
"ODNML"	"6006TA4"	"Paarden"	"Nee"	"IJzerenmanweg 4 6006TA Weert"	"Weert"	"3"	""	"403,30"	"0,00"	"0,00"	"175448"	"361328"	"175378"	"361394"	"2007-02-07"	"Vergunning:WM uitbreidings-wijzigingsvergunning"
"ODNML"	"6006TB49"	"voormalig bedrijf"	"Ja"	"Diesterbaan 49 6006TB WEERT"	"Weert"	"1"	""	"0,00"	"0,00"	"0,00"	"174580"	"359812"	"174580"	"359812"	"2017-12-08"	"Intrekking:intrekking gehele veebestand"
"ODNML"	"6006TB71"	"voormalig bedrijf"	"Ja"	"Diesterbaan 71 6006TB Weert"	"Weert"	"1"	""	"0,00"	"0,00"	"0,00"	"173515"	"358860"	"173521"	"358844"	"2012-01-01"	"Melding:van rechtswege vervallen"
"ODNML"	"6006TB75"	"Paarden"	"Nee"	"Diesterbaan 75 6006TB Weert"	"Weert"	"1"	"Nee"	"71,00"	"0,00"	"0,00"	"173699"	"358153"	"173751"	"358179"	"2006-06-14"	"Vergunning:oprichtingsvergunning"
"ODNML"	"6006TC60"	"Melkrundvee"	"Nee"	"Diesterbaan 60 6006TC Weert"	"Weert"	"2"	""	"2.927,40"	"780,00"	"25.740,00"	"173886"	"359298"	"173883"	"359316"	"2010-04-07"	"Melding:besluit landbouwbedrijven milieubeheer"
"ODNML"	"6006TC74"	"Melkrundvee"	"Nee"	"Diesterbaan 74 6006TC Weert"	"Weert"	"5"	""	"2.031,80"	"0,00"	"25.994,00"	"173395"	"358692"	"173360"	"358702"	"2015-04-09"	"Melding:Activiteitenbesluit"
"ODNML"	"6006TE1"	"voormalig bedrijf"	"Ja"	"Grotesteeg 1 6006TE WEERT"	"Weert"	"1"	""	"0,00"	"0,00"	"0,00"	"176102"	"360473"	"176081"	"360467"	"2012-10-12"	"Intrekking:intrekking gehele veebestand"
"ODNML"	"6006TE2"	"voormalig bedrijf"	"Ja"	"Grotesteeg 2 6006TE WEERT"	"Weert"	"4"	""	"0,00"	"0,00"	"0,00"	"176084"	"360602"	"176068"	"360593"	"2017-12-04"	"Melding:intrekking gehele veebestand"
"ODNML"	"6006TE29"	"Leghennen"	"Nee"	"Grotesteeg 29 6006TE Weert"	"Weert"	"1"	"Nee"	"84,74"	"247,40"	"17.550,00"	"174919"	"359229"	"174989"	"359217"	"2023-06-22"	"Melding activiteitenbesluit"
"ODNML"	"6006TJ4"	"voormalig bedrijf"	"Ja"	"Hoogbeemdenweg 4 6006TJ WEERT"	"Weert"	"1"	""	"nu"	"nu"	"nu"	"175969"	"359945"	"178072"	"364646"	"2022-05-31"	"Bewijs bedrijfsbeëindiging"
"ODNML"	"6006TK2"	"Melkrundvee"	"Nee"	"Smallepeelweg 2 6006TK Weert"	"Weert"	"1"	"Nee"	"313,60"	"0,00"	"2.800,00"	"176025"	"359501"	"175988"	"359537"	"1996-05-23"	"Vergunning:Beschikkking WM revisievergunning"
"ODNML"	"6006TL15A"	"Vleeskuikens"	"Nee"	"Bocholterweg 15A 6006TL WEERT"	"Weert"	"5"	"Ja"	"1.697,50"	"17.859,00"	"1.188.000,00"	"176934"	"360880"	"176924"	"360861"	"2023-08-07"	"Intrekking gedeeltelijk veebestand"
"ODNML"	"6006TL27"	"voormalig bedrijf"	"Ja"	"Bocholterweg 27 6006TL Weert"	"Weert"	"3"	"Nee"	"nu"	"nu"	"nu"	"176910"	"360734"	"176961"	"360757"	"2019-03-12"	"Bewijs bedrijfsbeëindiging"
"ODNML"	"6006TL41"	"Vleesvee"	"Nee"	"Bocholterweg 41 6006TL Weert"	"Weert"	"1"	"Nee"	"2.871,00"	"28.480,00"	"26.400,00"	"176953"	"360515"	"177006"	"360525"	"2018-01-23"	"Melding:Activiteitenbesluit"
"ODNML"	"6006TL79"	"Paarden"	"Nee"	"Bocholterweg 79 6006TL Weert"	"Weert"	"4"	"Nee"	"240,00"	"117,00"	"2.480,00"	"176015"	"359385"	"176029"	"359360"	"2022-10-05"	"Melding activiteitenbesluit"
"ODNML"	"6006TM167"	"Schapen"	"Nee"	"Bocholterweg 167 6006TM Weert"	"Weert"	"3"	"Nee"	"187,00"	"1.170,00"	"1.720,00"	"174318"	"358150"	"174371"	"358151"	"2013-11-18"	"Melding:Activiteitenbesluit"
"ODNML"	"6006TM175"	"Leghennen"	"Nee"	"Bocholterweg 175 6006TM Weert"	"Weert"	"1"	"Nee"	"24,50"	"273,00"	"0,00"	"173856"	"357638"	"173791"	"357602"	"2023-01-17"	"Intrekking gedeeltelijk veebestand"
"ODNML"	"6006TM185"	"Melkrundvee"	"Nee"	"Bocholterweg 185 6006TM Weert"	"Weert"	"2"	"Nee"	"1.124,00"	"0,00"	"9.924,00"	"173238"	"357543"	"173252"	"357514"	"1984-10-12"	"Vergunning:besluit landbouwbedrijven milieubeheer"
"ODNML"	"6006TN50"	"Paarden"	"Nee"	"Bocholterweg 50 6006TN Weert"	"Weert"	"4"	"Nee"	"173,00"	"194,40"	"9.890,00"	"176914"	"360396"	"176834"	"360359"	"2014-11-19"	"Intrekking:gedeeltelijke intrekking"
"ODNML"	"6006TN80"	"Vleesvarkens"	"Nee"	"Bocholterweg 80 6006TN Weert"	"Weert"	"10"	"Nee"	"3.324,93"	"65.752,60"	"342.734,00"	"176345"	"359692"	"176367"	"359767"	"2015-01-26"	"Vergunning:Beschikking eerste fase"
"ODNML"	"6006TN82"	"Vleesvee"	"Nee"	"Bocholterweg 82 6006TN WEERT"	"Weert"	"2"	"Ja"	"702,80"	"9.708,00"	"81.800,00"	"176244"	"359697"	"176237"	"359716"	"2020-08-12"	"Vergunning:Omgevingsvergunning beperkte milieutoets"
"ODNML"	"6006TP134"	"Melkrundvee"	"Nee"	"Bocholterweg 134 6006TP Weert"	"Weert"	"4"	"Nee"	"4.934,00"	"0,00"	"44.330,00"	"174978"	"358974"	"174947"	"358974"	"2011-09-09"	"Vergunning:Beschikkking WM revisievergunning"
"ODNML"	"6006TP148"	"voormalig bedrijf"	"Ja"	"Bocholterweg 148 6006TP WEERT"	"Weert"	"3"	"Nee"	"0,00"	"0,00"	"0,00"	"174403"	"358375"	"174382"	"358382"	"2013-10-14"	"Melding:intrekking gehele veebestand"
"ODNML"	"6006TP150"	"voormalig bedrijf"	"Ja"	"Bocholterweg 150 6006TP WEERT"	"Weert"	"3"	"Nee"	"0,00"	"0,00"	"0,00"	"174231"	"358171"	"174213"	"358175"	"2013-10-14"	"Melding:intrekking gehele veebestand"
"ODNML"	"6006TP164"	"Paarden"	"Nee"	"Bocholterweg 164 6006TP Weert"	"Weert"	"1"	"Nee"	"65,00"	"0,00"	"0,00"	"173710"	"357662"	"173713"	"357700"	"2002-01-30"	"Melding:besluit landbouwbedrijven milieubeheer"
"ODNML"	"6006TW32A"	"Zeugen"	"Nee"	"Zoomweg 32A 6006TW WEERT"	"Weert"	"5"	"Ja"	"1.501,70"	"29.526,23"	"109.990,00"	"175721"	"358768"	"175718"	"358758"	"2011-10-27"	"Vergunning:Beschikkking WM revisievergunning"
"ODNML"	"6006TX30"	"Leghennen"	"Nee"	"Bergsheiweg 30 6006TX WEERT"	"Weert"	"1"	"Ja"	"6.179,96"	"27.809,82"	"3.553.477,00"	"176018"	"359209"	"176059"	"359182"	"2010-09-10"	"Vergunning:Beschikkking WM revisievergunning"
"ODNML"	"6006VC3"	"Melkrundvee"	"Nee"	"Vetpeelweg 3 6006VC Weert"	"Weert"	"5"	""	"2.885,93"	"5.789,97"	"792.292,00"	"172674"	"358212"	"172709"	"358223"	"2015-07-16"	"Melding:Activiteitenbesluit"
"ODNML"	"6006VD1"	"Paarden"	"Nee"	"Kettingdijk 1 6006VD Weert"	"Weert"	"1"	""	"72,00"	"0,00"	"190,00"	"171202"	"357741"	"171176"	"357749"	"2013-10-22"	"Melding:Activiteitenbesluit"
"ODNML"	"6006VE14"	"Paarden"	"Nee"	"Dijkerpeelweg 14 6006VE Weert"	"Weert"	"1"	"Nee"	"250,00"	"0,00"	"0,00"	"176412"	"358485"	"176378"	"358403"	"2021-08-03"	"Melding activiteitenbesluit"
"ODNML"	"6006VE7"	"voormalig bedrijf"	"Ja"	"Dijkerpeelweg 7 6006VE WEERT"	"Weert"	"2"	"Nee"	"0,00"	"0,00"	"0,00"	"175089"	"358291"	"175095"	"358296"	"2012-09-20"	"Intrekking:intrekking gehele veebestand"
"ODNML"	"6006VE7A"	"voormalig bedrijf"	"Ja"	"Dijkerpeelweg 7A 6006VE WEERT"	"Weert"	"1"	"Nee"	"0,00"	"0,00"	"0,00"	"175120"	"358302"	"175120"	"358319"	"2011-05-25"	"Intrekking:intrekking gehele veebestand"
"ODNML"	"6006VG39"	"Geiten"	"Nee"	"Wijffelterbroekdijk 39 6006VG Weert"	"Weert"	"3"	"Nee"	"3.250,00"	"33.850,00"	"33.500,00"	"175422"	"357597"	"175426"	"357540"	"2016-06-16"	"Vergunning:Beschikkking WM revisievergunning"
"ODNML"	"6006VG44"	"voormalig bedrijf"	"Ja"	"Wijffelterbroekdijk 44 6006VG WEERT"	"Weert"	"2"	""	"0,00"	"0,00"	"0,00"	"174535"	"357480"	"174541"	"357478"	"2004-04-19"	"Melding:intrekking gehele veebestand"
"ODNML"	"6006VG51"	"Melkrundvee"	"Nee"	"Wijffelterbroekdijk 51 6006VG Weert"	"Weert"	"3"	""	"2.016,00"	"0,00"	"28.920,00"	"174498"	"357358"	"174478"	"357320"	"2012-09-12"	"Melding:besluit landbouwbedrijven milieubeheer"
"ODNML"	"6006VG65"	"voormalig bedrijf"	"Ja"	"Wijffelterbroekdijk 65 6006VG WEERT"	"Weert"	"1"	""	"0,00"	"0,00"	"0,00"	"174224"	"357313"	"174224"	"357313"	"2011-09-20"	"Intrekking:intrekking gehele veebestand"
"ODNML"	"6006VJ1"	"Melkrundvee"	"Nee"	"Kruisdijk 1 6006VJ Weert"	"Weert"	"2"	"Nee"	"1.469,40"	"0,00"	"16.980,00"	"175226"	"357343"	"175263"	"357375"	"2015-06-29"	"Melding:Activiteitenbesluit"
"ODNML"	"6006VJ4"	"Melkrundvee"	"Nee"	"Kruisdijk 4 6006VJ Weert"	"Weert"	"4"	""	"3.282,40"	"0,00"	"53.200,00"	"174994"	"357229"	"175009"	"357253"	"2020-07-23"	"Vergunning:Omgevingsvergunning beperkte milieutoets"
"ODNML"	"6011RA2"	"Melkrundvee"	"Ja"	"Swartbroekstraat 2 6011RA Ell"	"Leudal"	"1"	""	"nu"	"nu"	"nu"	"183066"	"359335"	"183070"	"359407"	"2025-07-25"	"Intrekken gehele veebestand OW"
"ODNML"	"6011RG2"	"Melkrundvee"	"Nee"	"Hunnissenstraat 2 6011RG Ell"	"Leudal"	"1"	""	"177,70"	"890,00"	"2.717,00"	"183877"	"359279"	"183857"	"359254"	"2003-11-21"	"Vergunning:beschikking WM veranderingsvergunning"
"ODNML"	"6011RG3"	"Vleesvarkens"	"Nee"	"Hunnissenstraat 3 6011RG Ell"	"Leudal"	"1"	"Ja"	"4.076,40"	"41.024,80"	"347.052,00"	"184075"	"359027"	"184104"	"359076"	"2009-09-22"	"Vergunning:Beschikkking WM revisievergunning"
"ODNML"	"6011RG6"	"Vleesvarkens"	"Nee"	"Hunnissenstraat 6 6011RG ELL"	"Leudal"	"6"	"Ja"	"4.600,80"	"164.606,40"	"316.944,00"	"184396"	"358726"	"184385"	"358721"	"2010-02-10"	"Vergunning:oprichtingsvergunning"
"ODNML"	"6011RG8"	"Vleesvarkens"	"Nee"	"Hunnissenstraat 8 6011RG Ell"	"Leudal"	"3"	"Ja"	"6.944,10"	"98.391,20"	"676.740,00"	"184330"	"358627"	"184260"	"358672"	"2017-11-14"	"Melding:Activiteitenbesluit"
"ODNML"	"6011RT15"	"Melkrundvee"	"Nee"	"Meidoornstraat 15 6011RT Ell"	"Leudal"	"1"	"Nee"	"415,60"	"890,00"	"8.668,00"	"183474"	"359353"	"183475"	"359369"	"1992-03-31"	"Melding:besluit landbouwbedrijven milieubeheer"
"ODNML"	"6011RV8"	"voormalig bedrijf"	"Ja"	"Kampstraat 8 6011RV ELL"	"Leudal"	"1"	"Nee"	"0,00"	"0,00"	"0,00"	"183843"	"359566"	"183843"	"359566"	"2015-03-17"	"Intrekking:intrekking gehele veebestand"
"ODNML"	"6011RX31"	"voormalig bedrijf"	"Ja"	"Hoogstraat 31 6011RX ELL"	"Leudal"	"1"	""	"0,00"	"0,00"	"0,00"	"183849"	"358463"	"183849"	"358463"	"2006-08-16"	"Intrekking:intrekking gehele veebestand"
"ODNML"	"6011RX33"	"Melkrundvee"	"Ja"	"Hoogstraat 33 6011RX Ell"	"Leudal"	"1"	""	"nu"	"nu"	"nu"	"183987"	"358077"	"184021"	"358076"	"2025-11-19"	"Melding beëindiging veehouderij"
"ODNML"	"6011RX41"	"Melkrundvee"	"Nee"	"Hoogstraat 41 6011RX Ell"	"Leudal"	"1"	""	"674,00"	"0,00"	"6.050,00"	"184082"	"357771"	"184108"	"357790"	"2006-07-24"	"Vergunning:gedeeltelijke intrekking"
"ODNML"	"6011RZ16"	"Paarden"	"Nee"	"Hoogstraat 16 6011RZ Ell"	"Leudal"	"1"	""	"50,00"	"0,00"	"0,00"	"183636"	"358809"	"183612"	"358796"	"1992-01-01"	"Melding:besluit landbouwbedrijven milieubeheer"
"ODNML"	"6011RZ32"	"Vleeskuikens"	"Nee"	"Hoogstraat 32 6011RZ Ell"	"Leudal"	"4"	"Ja"	"12.809,70"	"33.694,83"	"1.557.933,00"	"183773"	"358417"	"183660"	"358437"	"2018-10-31"	"Vergunning:beschikking WM veranderingsvergunning"
"ODNML"	"6011RZ36"	"Melkrundvee"	"Nee"	"Hoogstraat 36 6011RZ Ell"	"Leudal"	"1"	""	"1.441,90"	"6.265,60"	"37.504,00"	"184022"	"357856"	"183948"	"357847"	"2021-01-05"	"Melding:Activiteitenbesluit"
"ODNML"	"6011RZ54"	"Melkrundvee"	"Ja"	"Hoogstraat 54 6011RZ Ell"	"Leudal"	"1"	""	"nu"	"nu"	"nu"	"184191"	"357434"	"184178"	"357431"	"2024-01-01"	"Bewijs bedrijfsbeëindiging"
"ODNML"	"6011RZ58"	"Vleesvee"	"Nee"	"Hoogstraat 58 6011RZ Ell"	"Leudal"	"1"	""	"397,50"	"2.670,00"	"12.750,00"	"184332"	"357051"	"184285"	"357017"	"2007-09-13"	"Melding:AMvB melkveehouderij"
"ODNML"	"6011SH1"	"Paarden"	"Nee"	"Brandvenstraat 1 6011SH Ell"	"Leudal"	"3"	""	"90,00"	"0,00"	"0,00"	"183021"	"358136"	"183034"	"358148"	"2024-04-25"	"Melding Besluit Activiteit Leefomgeving"
"ODNML"	"6011SH2"	"Paarden"	"Ja"	"Brandvenstraat 2 6011SH Ell"	"Leudal"	"1"	"Nee"	"nu"	"nu"	"nu"	"182977"	"357919"	"182939"	"357926"	"2025-11-18"	"Melding beëindiging veehouderij"
"ODNML"	"6011SH3"	"Leghennen"	"Nee"	"Brandvenstraat 3 6011SH Ell"	"Leudal"	"4"	"Ja"	"6.614,75"	"57.276,50"	"4.191.658,00"	"183006"	"357990"	"183091"	"357933"	"2019-11-12"	"Vergunning:Omgevingsvergunning verandering"
"ODNML"	"6011SH4"	"Geiten"	"Nee"	"Brandvenstraat 4 6011SH Ell"	"Leudal"	"1"	""	"2.983,20"	"33.272,00"	"36.088,00"	"182977"	"357648"	"182916"	"357630"	"2021-07-09"	"Vergunning:milieu neutrale wijziging"
"ODNML"	"6011SH8"	"Melkrundvee"	"Nee"	"Brandvenstraat 8 6011SH Ell"	"Leudal"	"1"	""	"1.758,10"	"2.492,00"	"21.578,00"	"182977"	"357453"	"182958"	"357429"	"1997-01-31"	"Melding:AMvB melkveehouderij"
"ODNML"	"6011SJ12"	"Melkrundvee"	"Nee"	"Laagstraat 12 6011SJ Ell"	"Leudal"	"8"	""	"6.020,00"	"0,00"	"81.996,00"	"181446"	"356880"	"181377"	"356845"	"2021-09-24"	"Vergunning:Omgevingsvergunning verandering"
"ODNML"	"6011SJ6"	"voormalig bedrijf"	"Ja"	"Laagstraat 6 6011SJ Ell"	"Leudal"	"1"	""	"0,00"	"0,00"	"0,00"	"182010"	"357459"	"182037"	"357456"	"1994-10-21"	"Intrekking:van rechtswege vervallen"
"ODNML"	"6011SK1A"	"Paarden"	"Nee"	"Baldersstraat 1A 6011SK ELL"	"Leudal"	"1"	""	"62,00"	"0,00"	"0,00"	"183016"	"358438"	"183016"	"358438"	"1998-01-01"	"Vergunning:oprichtingsvergunning"
"ODNML"	"6011SK2"	"Melkrundvee"	"Nee"	"Baldersstraat 2 6011SK Ell"	"Leudal"	"1"	""	"114,90"	"0,00"	"2.490,00"	"182919"	"358387"	"182888"	"358361"	"1994-11-23"	"Melding:besluit landbouwbedrijven milieubeheer"
"ODNML"	"6011SK3A"	"Vleesvarkens"	"Nee"	"Baldersstraat 3A 6011SK ELL"	"Leudal"	"1"	"Nee"	"2.633,60"	"17.555,20"	"122.406,00"	"182349"	"358182"	"182383"	"358195"	"2012-11-15"	"Vergunning:beschikking WM veranderingsvergunning"
"ODNML"	"6011SL1A"	"voormalig bedrijf"	"Ja"	"Castertstraat 1A 6011SL ELL"	"Leudal"	"7"	"Ja"	"0,00"	"0,00"	"0,00"	"181198"	"358162"	"181216"	"358156"	"2021-04-15"	"Intrekking:Omgevingsvergunning intrekking"
"ODNML"	"6011SL2"	"Melkrundvee"	"Nee"	"Castertstraat 2 6011SL Ell"	"Leudal"	"1"	""	"1.166,10"	"178,00"	"12.407,00"	"181024"	"358336"	"181062"	"358336"	"2001-01-01"	"Vergunning:Beschikkking WM revisievergunning"
"ODNML"	"6011SL3"	"Melkrundvee"	"Nee"	"Castertstraat 3 6011SL Ell"	"Leudal"	"1"	""	"44,00"	"0,00"	"380,00"	"180824"	"358395"	"180829"	"358397"	"1991-01-01"	"Melding:besluit landbouwbedrijven milieubeheer"
"ODNML"	"6011SN1"	"Leghennen"	"Nee"	"Kapittelstraat 1 6011SN Ell"	"Leudal"	"2"	"Ja"	"8.151,00"	"54.060,00"	"6.506.500,00"	"184843"	"357223"	"184784"	"357275"	"2017-11-21"	"Vergunning:beschikking WM veranderingsvergunning"
"ODNML"	"6011SW1"	"Vleeskuikens"	"Nee"	"Scheidingsweg 1 6011SW Ell"	"Leudal"	"5"	"Ja"	"7.904,00"	"70.422,00"	"4.694.800,00"	"184527"	"358103"	"184610"	"358218"	"2013-07-30"	"Melding:beschikking WM melding art 8.19"
"ODNML"	"6011SW13"	"voormalig bedrijf"	"Ja"	"Scheidingsweg 13 6011SW Ell"	"Leudal"	"1"	""	"0,00"	"0,00"	"0,00"	"185084"	"357397"	"185102"	"357434"	"2006-06-29"	"Melding:van rechtswege vervallen"
"ODNML"	"6011SW14"	"Melkrundvee"	"Nee"	"Scheidingsweg 14 6011SW Ell"	"Leudal"	"1"	""	"759,80"	"783,20"	"9.524,00"	"185310"	"357253"	"185348"	"357235"	"1992-12-12"	"Melding:besluit landbouwbedrijven milieubeheer"
"ODNML"	"6011SW15"	"Melkrundvee"	"Nee"	"Scheidingsweg 15 6011SW Ell"	"Leudal"	"1"	""	"2.218,00"	"0,00"	"19.900,00"	"185325"	"357503"	"185333"	"357487"	"2009-02-12"	"Melding:besluit landbouwbedrijven milieubeheer"
"ODNML"	"6011SW5"	"Zeugen"	"Ja"	"Scheidingsweg 5 6011SW Ell"	"Leudal"	"1"	""	"nu"	"nu"	"nu"	"184708"	"357856"	"184707"	"357916"	"2024-11-14"	"Intrekken gehele veebestand OW"
"ODNML"	"6011SW9"	"Zeugen"	"Ja"	"Scheidingsweg 9 6011SW Ell"	"Leudal"	"1"	""	"nu"	"nu"	"nu"	"185032"	"357969"	"185054"	"357941"	"2025-11-01"	"Intrekken gehele veebestand OW"
"ODNML"	"6012RA1"	"Schapen"	"Nee"	"Engerstraat 1 6012RA Haler"	"Leudal"	"1"	""	"52,50"	"585,00"	"0,00"	"184041"	"356865"	"184043"	"356830"	"2003-01-31"	"Vergunning:beschikking WM veranderingsvergunning"
"ODNML"	"6012RA3"	"Melkrundvee"	"Ja"	"Engerstraat 3 6012RA Haler"	"Leudal"	"1"	""	"nu"	"nu"	"nu"	"183492"	"357136"	"183502"	"357099"	"2026-01-01"	"Melding beëindiging veehouderij BAL"
"ODNML"	"6012RB3"	"Schapen"	"Nee"	"Boggelerstraat 3 6012RB Haler"	"Leudal"	"1"	""	"21,00"	"234,00"	"0,00"	"182867"	"356798"	"182814"	"356820"	"2003-09-08"	"Vergunning:beschikking WM veranderingsvergunning"
"ODNML"	"6012RB4"	"voormalig bedrijf"	"Ja"	"Boggelerstraat 4 6012RB HALER"	"Leudal"	"1"	"Nee"	"0,00"	"0,00"	"0,00"	"182880"	"356740"	"182880"	"356740"	"2012-03-06"	"Intrekking:intrekking gehele veebestand"
"ODNML"	"6012RC12"	"voormalig bedrijf"	"Ja"	"Moosterstraat 12 6012RC Haler"	"Leudal"	"1"	""	"0,00"	"0,00"	"0,00"	"182427"	"356545"	"182454"	"356528"	"2019-12-02"	"Intrekking:Activiteitenbesluit"
"ODNML"	"6012RC17"	"voormalig bedrijf"	"Ja"	"Moosterstraat 17 6012RC Haler"	"Leudal"	"1"	""	"0,00"	"0,00"	"0,00"	"182625"	"356626"	"182609"	"356641"	"2006-07-22"	"Melding:van rechtswege vervallen"
"ODNML"	"6012RC4"	"voormalig bedrijf"	"Ja"	"Moosterstraat 4 6012RC HALER"	"Leudal"	"1"	""	"0,00"	"0,00"	"0,00"	"182204"	"356291"	"182204"	"356291"	"2013-12-15"	"Melding:intrekking gehele veebestand"
"ODNML"	"6012RC7"	"Melkrundvee"	"Nee"	"Moosterstraat 7 6012RC Haler"	"Leudal"	"1"	""	"1.059,60"	"0,00"	"9.552,00"	"182301"	"356490"	"182268"	"356508"	"2010-10-14"	"Intrekking:gedeeltelijke intrekking"
"ODNML"	"6012RD1"	"voormalig bedrijf"	"Ja"	"Lochterstraat 1 6012RD HALER"	"Leudal"	"1"	""	"0,00"	"0,00"	"0,00"	"182473"	"355715"	"182473"	"355715"	"2010-06-14"	"Intrekking:intrekking gehele veebestand"
"ODNML"	"6012RD3A"	"Vleeskuikens"	"Nee"	"Lochterstraat 3A 6012RD HALER"	"Leudal"	"7"	"Ja"	"16.904,00"	"48.499,50"	"3.511.100,00"	"181968"	"356257"	"181950"	"356255"	"2026-02-04"	"Omgevingsvergunning-revisie OW"
"ODNML"	"6012RD4"	"Melkrundvee"	"Nee"	"Lochterstraat 4 6012RD Haler"	"Leudal"	"1"	""	"1.602,20"	"0,00"	"24.338,00"	"181523"	"356044"	"181488"	"356045"	"2014-03-24"	"Melding:Activiteitenbesluit"
"ODNML"	"6012RE18"	"Leghennen"	"Nee"	"Isidoorstraat 18 6012RE Haler"	"Leudal"	"1"	"Ja"	"6.003,00"	"36.890,00"	"4.936.750,00"	"181872"	"355814"	"181973"	"355880"	"2014-02-11"	"Vergunning:WM uitbreidings-wijzigingsvergunning"
"ODNML"	"6012RE19"	"Melkrundvee"	"Nee"	"Isidoorstraat 19 6012RE Haler"	"Leudal"	"1"	""	"1.720,80"	"0,00"	"16.080,00"	"181838"	"355721"	"181808"	"355736"	"2009-10-08"	"Melding:besluit landbouwbedrijven milieubeheer"
"ODNML"	"6012RE1A"	"voormalig bedrijf"	"Ja"	"Isidoorstraat 1A 6012RE HALER"	"Leudal"	"1"	"Nee"	"0,00"	"0,00"	"0,00"	"182946"	"355749"	"182946"	"355749"	"2007-05-19"	"Intrekking:intrekking gehele veebestand"
"ODNML"	"6012RE22"	"Melkrundvee"	"Nee"	"Isidoorstraat 22 6012RE Haler"	"Leudal"	"1"	""	"3.659,10"	"6.302,00"	"63.478,00"	"180843"	"355747"	"180849"	"355763"	"2010-07-28"	"Intrekking:gedeeltelijke intrekking"
"ODNML"	"6012RE23"	"Melkrundvee"	"Nee"	"Isidoorstraat 23 6012RE Haler"	"Leudal"	"1"	""	"1.623,00"	"0,00"	"14.460,00"	"180664"	"356108"	"180672"	"356079"	"2023-05-16"	"Melding activiteitenbesluit"
"ODNML"	"6012RE23A"	"Leghennen"	"Nee"	"Isidoorstraat 23A 6012RE HALER"	"Leudal"	"3"	"Ja"	"16.602,31"	"68.287,00"	"5.780.032,50"	"180510"	"356135"	"180496"	"355997"	"2022-12-22"	"Omgevingsvergunning-verandering"
"ODNML"	"6012RK5"	"Leghennen"	"Nee"	"Venderstraat 5 6012RK Haler"	"Leudal"	"3"	"Ja"	"9.082,20"	"55.794,00"	"7.819.500,00"	"183407"	"356081"	"183360"	"356202"	"2025-02-27"	"Ambtshalve wijziging"
"ODNML"	"6012RK6"	"Melkrundvee"	"Nee"	"Venderstraat 6 6012RK Haler"	"Leudal"	"1"	""	"3.226,00"	"0,00"	"28.920,00"	"183479"	"356084"	"183516"	"356066"	"2023-06-13"	"Melding activiteitenbesluit"
"ODNML"	"6012RK7"	"Melkrundvee"	"Nee"	"Venderstraat 7 6012RK Haler"	"Leudal"	"1"	""	"1.622,50"	"1.602,00"	"14.647,00"	"183779"	"356393"	"183791"	"356369"	"1991-01-01"	"Melding:besluit landbouwbedrijven milieubeheer"
"ODNML"	"6012RM2"	"voormalig bedrijf"	"Ja"	"Uffelsestraat 2 6012RM HALER"	"Leudal"	"1"	""	"0,00"	"0,00"	"0,00"	"183362"	"354881"	"183362"	"354881"	"2013-09-25"	"Intrekking:intrekking gehele veebestand"
"ODNML"	"6012RM3"	"Melkrundvee"	"Nee"	"Uffelsestraat 3 6012RM Haler"	"Leudal"	"1"	""	"525,60"	"1.068,00"	"10.038,00"	"183206"	"354809"	"183234"	"354780"	"2010-05-04"	"Vergunning:gedeeltelijke intrekking"
"ODNML"	"6012RM4A"	"Melkrundvee"	"Nee"	"Uffelsestraat 4A 6012RM HALER"	"Leudal"	"1"	""	"235,00"	"890,00"	"6.400,00"	"183104"	"354181"	"183104"	"354181"	"1998-12-18"	"Melding:besluit landbouwbedrijven milieubeheer"
"ODNML"	"6012RM6"	"Melkrundvee"	"Nee"	"Uffelsestraat 6 6012RM Haler"	"Leudal"	"3"	"Nee"	"3.173,20"	"2.136,00"	"44.246,00"	"182713"	"353995"	"182682"	"354023"	"2023-01-17"	"Melding activiteitenbesluit"
"ODNML"	"6012RM9"	"Paarden"	"Nee"	"Uffelsestraat 9 6012RM Haler"	"Leudal"	"1"	""	"20,00"	"0,00"	"0,00"	"182391"	"353900"	"182403"	"353888"	"2010-06-07"	"Vergunning:gedeeltelijke intrekking"
"ODNML"	"6012RN10"	"voormalig bedrijf"	"Ja"	"Sniekstraat 10 6012RN Haler"	"Leudal"	"1"	""	"0,00"	"0,00"	"0,00"	"182587"	"354691"	"182567"	"354680"	"2011-09-19"	"Melding:van rechtswege vervallen"
"ODNML"	"6012RN18"	"voormalig bedrijf"	"Ja"	"Sniekstraat 18 6012RN HALER"	"Leudal"	"1"	"Nee"	"0,00"	"0,00"	"0,00"	"182798"	"354315"	"182798"	"354315"	"2013-02-19"	"Intrekking:intrekking gehele veebestand"
"ODNML"	"6012RN2"	"Melkrundvee"	"Nee"	"Sniekstraat 2 6012RN Haler"	"Leudal"	"1"	""	"1.582,80"	"0,00"	"14.208,00"	"182158"	"355132"	"182117"	"355133"	"1990-01-01"	"Vergunning:oprichtingsvergunning"
"ODNML"	"6012RN4"	"Paarden"	"Nee"	"Sniekstraat 4 6012RN Haler"	"Leudal"	"1"	""	"54,00"	"0,00"	"354,00"	"181980"	"354831"	"181958"	"354840"	"1998-01-01"	"Melding:besluit landbouwbedrijven milieubeheer"
"ODNML"	"6012RP4"	"Vleesvee"	"Nee"	"Hulmusweg 4 6012RP Haler"	"Leudal"	"1"	""	"230,20"	"1.139,20"	"5.275,00"	"182964"	"354898"	"182944"	"354899"	"1997-11-07"	"Melding:besluit landbouwbedrijven milieubeheer"
"ODNML"	"6013RA17"	"Leghennen"	"Nee"	"Weverstraat 17 6013RA Hunsel"	"Leudal"	"3"	"Ja"	"6.109,35"	"58.807,00"	"5.762.710,00"	"184367"	"356989"	"184275"	"356914"	"2018-11-21"	"Vergunning:beschikking WM veranderingsvergunning"
"ODNML"	"6013RA2"	"Paarden"	"Nee"	"Weverstraat 2 6013RA Hunsel"	"Leudal"	"1"	""	"160,00"	"0,00"	"0,00"	"184585"	"356507"	"184635"	"356516"	"2013-02-12"	"Intrekking:gedeeltelijke intrekking"
"ODNML"	"6013RD38"	"Paarden"	"Nee"	"Eikesstraat 38 6013RD Hunsel"	"Leudal"	"1"	""	"300,00"	"0,00"	"0,00"	"184398"	"355525"	"184365"	"355567"	"1998-01-01"	"Vergunning:Beschikkking WM revisievergunning"
"ODNML"	"6013RD43"	"Paarden"	"Nee"	"Eikesstraat 43 6013RD Hunsel"	"Leudal"	"1"	""	"250,00"	"0,00"	"0,00"	"184303"	"355263"	"184371"	"355228"	"2007-01-08"	"Vergunning:Beschikkking WM revisievergunning"
"ODNML"	"6013RD55"	"Vleeskuikens"	"Nee"	"Eikesstraat 55 6013RD Hunsel"	"Leudal"	"1"	""	"4.345,40"	"4.598,40"	"579.600,00"	"183852"	"355234"	"183802"	"355192"	"2017-04-11"	"Melding:Activiteitenbesluit"
"ODNML"	"6013RK25"	"Vleesvarkens"	"Nee"	"Jacobusstraat 25 6013RK Hunsel"	"Leudal"	"1"	""	"2.716,70"	"19.542,10"	"144.521,00"	"184739"	"354736"	"184754"	"354697"	"2013-07-23"	"Vergunning:WM uitbreidings-wijzigingsvergunning"
"ODNML"	"6013RN52"	"Melkrundvee"	"Nee"	"Kallestraat 52 6013RN Hunsel"	"Leudal"	"1"	"Nee"	"5.762,00"	"0,00"	"95.000,00"	"185265"	"354757"	"185164"	"354745"	"2018-08-30"	"Melding:Activiteitenbesluit"
"ODNML"	"6013RS30"	"Vleesvarkens"	"Nee"	"Kraakstraat 30 6013RS Hunsel"	"Leudal"	"2"	"Ja"	"2.372,85"	"66.967,10"	"163.463,00"	"184660"	"356305"	"184728"	"356307"	"2024-01-17"	"Omgevingsvergunning milieuneutraal"
"ODNML"	"6013RT14"	"Biggen"	"Nee"	"Varenstraat 14 6013RT Hunsel"	"Leudal"	"1"	"Nee"	"2.938,00"	"98.160,00"	"349.180,00"	"185583"	"356864"	"185551"	"356901"	"2014-06-12"	"Vergunning:beschikking WM veranderingsvergunning"
"ODNML"	"6013RT2"	"voormalig bedrijf"	"Ja"	"Varenstraat 2 6013RT HUNSEL"	"Leudal"	"1"	""	"0,00"	"0,00"	"0,00"	"185096"	"355966"	"185096"	"355966"	"2010-07-19"	"Intrekking:intrekking gehele veebestand"
"ODNML"	"6013RT3"	"Paarden"	"Nee"	"Varenstraat 3 6013RT Hunsel"	"Leudal"	"1"	""	"39,00"	"156,00"	"0,00"	"185022"	"356103"	"185005"	"356124"	"2006-04-24"	"Melding:besluit landbouwbedrijven milieubeheer"
"ODNML"	"6013RT6"	"Zeugen"	"Nee"	"Varenstraat 6 6013RT Hunsel"	"Leudal"	"1"	"Ja"	"708,96"	"40.353,30"	"311.115,00"	"185161"	"356236"	"185243"	"356224"	"2013-08-27"	"Vergunning:Omgevingsvergunning verandering"
"ODNML"	"6013RT8"	"Paarden"	"Nee"	"Varenstraat 8 6013RT Hunsel"	"Leudal"	"1"	"Nee"	"236,50"	"468,00"	"0,00"	"185292"	"356380"	"185298"	"356369"	"2003-11-19"	"Vergunning:beschikking WM veranderingsvergunning"
"ODNML"	"6013RT9"	"Paarden"	"Nee"	"Varenstraat 9 6013RT Hunsel"	"Leudal"	"4"	"Nee"	"348,00"	"390,00"	"0,00"	"185189"	"356333"	"185154"	"356331"	"2019-12-31"	"Melding:Activiteitenbesluit"
"ODNML"	"6013RV10A"	"Vleesvarkens"	"Nee"	"Beekstraat 10A 6013RV HUNSEL"	"Leudal"	"7"	"Ja"	"6.949,80"	"61.680,60"	"256.977,00"	"185712"	"355912"	"185727"	"355898"	"2012-07-17"	"Melding:milieu neutrale wijziging"
"ODNML"	"6013RV12"	"Paarden"	"Nee"	"Beekstraat 12 6013RV Hunsel"	"Leudal"	"1"	"Nee"	"19,20"	"0,00"	"0,00"	"186051"	"355995"	"186042"	"355973"	"2004-06-07"	"Vergunning:beschikking WM veranderingsvergunning"
"ODNML"	"6013RX1"	"Paarden"	"Nee"	"Smidstraat 1 6013RX Hunsel"	"Leudal"	"1"	""	"35,00"	"0,00"	"0,00"	"184744"	"355001"	"184717"	"355064"	"2012-09-18"	"Intrekking:gedeeltelijke intrekking"
"ODNML"	"6013RX5"	"voormalig bedrijf"	"Ja"	"Smidstraat 5 6013RX HUNSEL"	"Leudal"	"1"	""	"0,00"	"0,00"	"0,00"	"184095"	"354660"	"184095"	"354660"	"2010-11-09"	"Intrekking:intrekking gehele veebestand"
"ODNML"	"6013RX7"	"voormalig bedrijf"	"Ja"	"Smidstraat 7 6013RX HUNSEL"	"Leudal"	"1"	""	"0,00"	"0,00"	"0,00"	"183716"	"354452"	"183716"	"354452"	"2015-01-20"	"Intrekking:intrekking gehele veebestand"
"ODNML"	"6013SE2"	"Paarden"	"Nee"	"Kleinhei 2 6013SE Hunsel"	"Leudal"	"1"	""	"60,00"	"0,00"	"0,00"	"183928"	"355554"	"183960"	"355576"	"2005-07-20"	"Vergunning:oprichtingsvergunning"
"ODNML"	"6013SG2"	"Paarden"	"Nee"	"Langvenweg 2 6013SG HUNSEL"	"Leudal"	"3"	""	"472,00"	"1.068,00"	"5.100,00"	"184384"	"356467"	"184402"	"356466"	"2020-12-31"	"Melding:Activiteitenbesluit"
"ODNML"	"6013SH4"	"Melkrundvee"	"Nee"	"Swillerweg 4 6013SH Hunsel"	"Leudal"	"1"	""	"2.369,00"	"0,00"	"21.416,00"	"184117"	"355761"	"184142"	"355770"	"2015-02-11"	"Melding:Activiteitenbesluit"
"ODNML"	"6013SK19"	"Melkrundvee"	"Nee"	"Sniekstraat 19 6013SK Hunsel"	"Leudal"	"1"	""	"465,40"	"498,40"	"5.896,00"	"183160"	"354056"	"183179"	"354048"	"1992-03-30"	"Melding:besluit landbouwbedrijven milieubeheer"
"ODNML"	"6013SL5"	"Melkrundvee"	"Nee"	"Parallelweg 5 6013SL Hunsel"	"Leudal"	"1"	"Nee"	"1.864,70"	"35,60"	"16.910,00"	"185986"	"356559"	"185984"	"356528"	"1998-01-01"	"Vergunning:Beschikkking WM revisievergunning"
"ODNML"	"6014AB10"	"Paarden"	"Nee"	"Napoleonsweg 10 6014AB Ittervoort"	"Leudal"	"1"	""	"142,00"	"234,00"	"0,00"	"185067"	"353053"	"185085"	"353031"	"2002-11-08"	"Vergunning:beschikking WM veranderingsvergunning"
"ODNML"	"6014AB14"	"Leghennen"	"Nee"	"Napoleonsweg 14 6014AB Ittervoort"	"Leudal"	"1"	""	"3.133,70"	"11.921,70"	"170.310,00"	"185450"	"353342"	"185461"	"353300"	"2007-10-05"	"Vergunning:Beschikkking WM revisievergunning"
"ODNML"	"6014RA1"	"voormalig bedrijf"	"Ja"	"Schillersstraat 1 6014RA ITTERVOORT"	"Leudal"	"1"	""	"0,00"	"0,00"	"0,00"	"185436"	"354806"	"185436"	"354806"	"2010-11-01"	"Intrekking:intrekking gehele veebestand"
"ODNML"	"6014RA2"	"Vleesvarkens"	"Nee"	"Schillersstraat 2 6014RA Ittervoort"	"Leudal"	"4"	"Nee"	"3.785,90"	"45.564,00"	"327.175,00"	"185358"	"354652"	"185404"	"354599"	"2018-11-27"	"Melding:Activiteitenbesluit"
"ODNML"	"6014RB1"	"Leghennen"	"Nee"	"Santforterstraat 1 6014RB Ittervoort"	"Leudal"	"1"	"Nee"	"3.713,40"	"4.276,00"	"940.800,00"	"186901"	"354587"	"186844"	"354598"	"2010-10-14"	"Intrekking:Omgevingsverg. gedeeltelijke intrekking"
"ODNML"	"6014RB11"	"Zeugen"	"Nee"	"Santforterstraat 11 6014RB Ittervoort"	"Leudal"	"1"	"Nee"	"975,80"	"9.281,60"	"78.918,00"	"186840"	"355001"	"186788"	"354988"	"2011-01-31"	"Vergunning:Beschikkking WM revisievergunning"
"ODNML"	"6014RD28"	"voormalig bedrijf"	"Ja"	"Bosserstraat 28 6014RD ITTERVOORT"	"Leudal"	"1"	""	"0,00"	"0,00"	"0,00"	"184744"	"353958"	"184744"	"353958"	"2010-02-10"	"Intrekking:intrekking gehele veebestand"
"ODNML"	"6015RA1"	"Paarden"	"Nee"	"Maubroekstraat 1 6015RA Neeritter"	"Leudal"	"1"	""	"99,50"	"94,00"	"95,00"	"184078"	"353713"	"184086"	"353747"	"2010-03-31"	"Melding:besluit landbouwbedrijven milieubeheer"
"ODNML"	"6015RA2"	"Melkrundvee"	"Nee"	"Maubroekstraat 2 6015RA NEERITTER"	"Leudal"	"1"	""	"2.781,40"	"0,00"	"25.012,00"	"184421"	"353942"	"184421"	"353942"	"2023-08-25"	"Melding activiteitenbesluit"
"ODNML"	"6015RA4"	"Paarden"	"Nee"	"Maubroekstraat 4 6015RA Neeritter"	"Leudal"	"1"	"Nee"	"106,50"	"0,00"	"0,00"	"184590"	"354106"	"184600"	"354102"	"2007-09-08"	"Melding:besluit landbouwbedrijven milieubeheer"
"ODNML"	"6015RC3"	"Biggen"	"Nee"	"Huikenstraat 3 6015RC Neeritter"	"Leudal"	"1"	""	"289,11"	"3.268,20"	"31.006,00"	"183319"	"352093"	"183281"	"352049"	"2013-05-02"	"Melding:Activiteitenbesluit"
"ODNML"	"6015RC7"	"Paarden"	"Nee"	"Huikenstraat 7 6015RC Neeritter"	"Leudal"	"1"	""	"130,00"	"0,00"	"0,00"	"182963"	"351961"	"182984"	"351905"	"2012-06-20"	"Melding:besluit landbouwbedrijven milieubeheer"
"ODNML"	"6015RC9"	"Zeugen"	"Nee"	"Huikenstraat 9 6015RC Neeritter"	"Leudal"	"1"	"Nee"	"2.481,70"	"15.302,30"	"128.140,00"	"182773"	"351841"	"182800"	"351810"	"2006-11-22"	"Vergunning:Beschikkking WM revisievergunning"
"ODNML"	"6015RD1"	"Vleesvarkens"	"Nee"	"Manestraat 1 6015RD Neeritter"	"Leudal"	"3"	""	"1.530,00"	"15.516,00"	"63.638,00"	"183226"	"352832"	"183242"	"352890"	"2019-11-11"	"Vergunning:Omgevingsvergunning beperkte milieutoets"
"ODNML"	"6015RG3"	"voormalig bedrijf"	"Ja"	"Oude Brugstraat 3 6015RG Neeritter"	"Leudal"	"1"	""	"0,00"	"0,00"	"0,00"	"182440"	"353363"	"182423"	"353394"	"2020-02-29"	"Intrekking:Activiteitenbesluit"
"ODNML"	"6017AP37"	"Melkrundvee"	"Nee"	"Hoogstraat 37 6017AP Thorn"	"Maasgouw"	"1"	"Nee"	"83,20"	"71,20"	"1.230,00"	"186653"	"352581"	"186625"	"352563"	"2007-12-04"	"Melding activiteitenbesluit"
"ODNML"	"6017BD16"	"Vleesvarkens"	"Nee"	"Meers 16 6017BD Thorn"	"Maasgouw"	"2"	""	"202,50"	"805,00"	"5.355,00"	"187651"	"352342"	"187639"	"352317"	"2015-02-06"	"Melding activiteitenbesluit"
"ODNML"	"6017BH52"	"Melkrundvee"	"Nee"	"Eind 52 6017BH Thorn"	"Maasgouw"	"1"	"Nee"	"1.428,00"	"2.136,00"	"21.330,00"	"187059"	"352975"	"187097"	"353000"	"1992-11-24"	"Vergunning:Beschikkking WM revisievergunning"
"ODNML"	"6017BX47"	"Melkrundvee"	"Nee"	"Ittervoorterweg 47 6017BX Thorn"	"Maasgouw"	"5"	"Nee"	"1.482,00"	"10.680,00"	"42.780,00"	"186088"	"353149"	"186042"	"353097"	"2016-05-23"	"Omgevingsvergunning-verandering"
"ODNML"	"6017BX49"	"Paarden"	"Nee"	"Ittervoorterweg 49 6017BX Thorn"	"Maasgouw"	"1"	"Nee"	"242,00"	"0,00"	"0,00"	"186053"	"353177"	"186025"	"353127"	"2001-02-13"	"Vergunning:Beschikkking WM revisievergunning"
"ODNML"	"6017EB9B"	"Vleesvee"	"Nee"	"Baarstraat 9B 6017EB THORN"	"Maasgouw"	"1"	"Nee"	"473,10"	"0,00"	"12.750,00"	"187098"	"353493"	"187098"	"353493"	"1997-07-30"	"Melding:besluit landbouwbedrijven milieubeheer"
"ODNML"	"6017RB5"	"Paarden"	"Ja"	"Kapel 5 6017RB Thorn"	"Maasgouw"	"1"	""	"nu"	"nu"	"nu"	"186410"	"353501"	"186418"	"353467"	"2016-08-01"	"Bewijs bedrijfsbeëindiging"
"ODNML"	"6017RE1"	"Schapen"	"Nee"	"Segershof 1 6017RE Thorn"	"Maasgouw"	"1"	"Nee"	"428,00"	"3.120,00"	"2.290,00"	"188010"	"353110"	"187984"	"353113"	"2015-12-15"	"Melding activiteitenbesluit met OBM"
"ODNML"	"6019DG2"	"Zeugen"	"Ja"	"Hagenbroekerweg 2 6019DG Wessem"	"Maasgouw"	"1"	""	"nu"	"nu"	"nu"	"188720"	"352679"	"188753"	"352670"	"2018-05-24"	"Intrekking gehele veebestand"
"ODNML"	"6019DG4"	"Melkrundvee"	"Ja"	"Hagenbroekerweg 4 6019DG Wessem"	"Maasgouw"	"1"	""	"nu"	"nu"	"nu"	"188655"	"352776"	"188712"	"352768"	"2018-06-23"	"Intrekking gehele veebestand"
"ODNML"	"6031AA16"	"Schapen"	"Nee"	"Kreijel 16 6031AA Nederweert"	"Nederweert"	"2"	"Nee"	"57,50"	"585,00"	"0,00"	"181806"	"366774"	"181814"	"366799"	"1900-01-01"	"Vergunning:onbekend"
"ODNML"	"6031AB13"	"voormalig bedrijf"	"Ja"	"Schansstraat 13 6031AB NEDERWEERT"	"Nederweert"	"1"	"Nee"	"0,00"	"0,00"	"0,00"	"181707"	"366322"	"181707"	"366322"	"2019-05-29"	"Melding:intrekking gehele veebestand"
"ODNML"	"6031AB25"	"Leghennen"	"Nee"	"Schansstraat 25 6031AB Nederweert"	"Nederweert"	"3"	"Nee"	"6.813,00"	"7.182,00"	"1.197.000,00"	"182059"	"366092"	"182105"	"366113"	"2013-06-04"	"Vergunning:Omgevingsvergunning Inrichting"
"ODNML"	"6031AB7"	"Paarden"	"Nee"	"Schansstraat 7 6031AB Nederweert"	"Nederweert"	"2"	"Nee"	"76,30"	"0,00"	"0,00"	"181435"	"366300"	"181420"	"366338"	"2015-03-26"	"Melding:Activiteitenbesluit"
"ODNML"	"6031AC17"	"Vleesvarkens"	"Nee"	"Hoofstraat 17 6031AC Nederweert"	"Nederweert"	"7"	"Ja"	"4.320,10"	"67.468,26"	"1.969.572,80"	"181686"	"366156"	"181812"	"366101"	"2024-11-29"	"Omgevingsvergunning-revisie"
"ODNML"	"6031AK65"	"Zeugen"	"Ja"	"Ospelseweg 65 6031AK Nederweert"	"Nederweert"	"4"	"Nee"	"nu"	"nu"	"nu"	"181337"	"367010"	"181345"	"367060"	"2023-07-17"	"Intrekking gehele veebestand"
"ODNML"	"6031LA4"	"Paarden"	"Ja"	"Dr. Anton Philipsweg 4 6031LA NEDERWEERT"	"Nederweert"	"2"	"Nee"	"nu"	"nu"	"nu"	"174591"	"365629"	"174591"	"365629"	"2026-01-26"	"Melding beëindiging veehouderij"
"ODNML"	"6031LC8"	"Melkrundvee"	"Nee"	"Colusdijk 8 6031LC Nederweert"	"Nederweert"	"2"	"Nee"	"3.216,00"	"0,00"	"28.920,00"	"177025"	"367795"	"176944"	"367800"	"1900-01-01"	"Vergunning:onbekend"
"ODNML"	"6031LC9"	"Melkrundvee"	"Nee"	"Colusdijk 9 6031LC Nederweert"	"Nederweert"	"2"	"Nee"	"1.557,20"	"0,00"	"16.664,00"	"177133"	"367750"	"177157"	"367782"	"2016-12-22"	"Melding:Activiteitenbesluit"
"ODNML"	"6031LE53"	"Vleesvee"	"Nee"	"Heugterbroekdijk 53 6031LE Nederweert"	"Nederweert"	"3"	"Nee"	"2.279,00"	"15.308,00"	"73.100,00"	"176525"	"366266"	"176496"	"366192"	"1900-01-01"	"Vergunning:onbekend"
"ODNML"	"6031LK6"	"Vleesvarkens"	"Nee"	"Laarderkapeldijk 6 6031LK NEDERWEERT"	"Nederweert"	"4"	"Ja"	"6.699,00"	"64.610,00"	"360.552,00"	"176800"	"366829"	"176783"	"366817"	"2024-07-15"	"Ambtshalve wijziging"
"ODNML"	"6031LM12"	"Schapen"	"Nee"	"Veldweverstraat 12 6031LM Nederweert"	"Nederweert"	"1"	"Nee"	"21,00"	"234,00"	"0,00"	"177112"	"366612"	"177169"	"366551"	"2020-03-23"	"Melding:Activiteitenbesluit"
"ODNML"	"6031LM3"	"voormalig bedrijf"	"Ja"	"Veldweverstraat 3 6031LM Nederweert"	"Nederweert"	"3"	"Ja"	"nu"	"nu"	"nu"	"176916"	"366318"	"176927"	"366419"	"2021-03-24"	"Intrekking gehele veebestand"
"ODNML"	"6031MZ2"	"Melkrundvee"	"Nee"	"Kanaaldijk 2 6031MZ Nederweert"	"Nederweert"	"3"	"Nee"	"173,80"	"498,40"	"4.252,00"	"180125"	"371123"	"180138"	"371145"	"1900-01-01"	"Vergunning:onbekend"
"ODNML"	"6031NA12"	"Vleesvarkens"	"Nee"	"Houbenbaan 12 6031NA NEDERWEERT"	"Nederweert"	"5"	"Ja"	"8.926,20"	"85.030,80"	"402.180,00"	"181416"	"370685"	"181415"	"370676"	"2014-11-04"	"Vergunning:Omgevingsvergunning Inrichting"
"ODNML"	"6031NA13"	"Melkrundvee"	"Nee"	"Houbenbaan 13 6031NA Nederweert"	"Nederweert"	"2"	"Nee"	"1.572,20"	"0,00"	"22.922,00"	"180881"	"371215"	"180904"	"371248"	"2018-03-19"	"Melding:Activiteitenbesluit"
"ODNML"	"6031NA2"	"Vleeskuikens"	"Nee"	"Houbenbaan 2 6031NA Nederweert"	"Nederweert"	"8"	"Ja"	"5.997,13"	"57.039,84"	"3.443.006,32"	"180378"	"371047"	"180436"	"370925"	"2013-06-18"	"Vergunning:Beschikkking WM revisievergunning"
"ODNML"	"6031NB15"	"Vleesvarkens"	"Nee"	"Eindhovensebaan 15 6031NB Nederweert"	"Nederweert"	"3"	"Ja"	"3.024,00"	"85.344,00"	"208.320,00"	"180778"	"370090"	"180701"	"370034"	"2024-04-09"	"Ambtshalve wijziging"
"ODNML"	"6031NB15A"	"Vleeskuikens"	"Nee"	"Eindhovensebaan 15A 6031NB NEDERWEERT"	"Nederweert"	"3"	"Ja"	"3.149,30"	"29.693,40"	"1.979.560,00"	"180715"	"370169"	"180710"	"370138"	"2024-01-17"	"Ambtshalve wijziging"
"ODNML"	"6031NB16"	"Vleesvarkens"	"Nee"	"Eindhovensebaan 16 6031NB Nederweert"	"Nederweert"	"3"	"Ja"	"9.400,50"	"126.047,00"	"437.367,00"	"180836"	"370454"	"180893"	"370512"	"2019-03-25"	"Vergunning:Omgevingsvergunning Inrichting"
"ODNML"	"6031NB19"	"Melkrundvee"	"Nee"	"Eindhovensebaan 19 6031NB Nederweert"	"Nederweert"	"3"	"Nee"	"2.137,20"	"0,00"	"26.346,00"	"180781"	"370783"	"180753"	"370793"	"2014-12-02"	"Melding:Activiteitenbesluit"
"ODNML"	"6031NB2A"	"Leghennen"	"Nee"	"Eindhovensebaan 2A 6031NB NEDERWEERT"	"Nederweert"	"3"	"Ja"	"4.622,50"	"28.485,00"	"3.683.500,00"	"180944"	"368275"	"180979"	"368302"	"2024-06-24"	"Ambtshalve wijziging"
"ODNML"	"6031NB4"	"Leghennen"	"Nee"	"Eindhovensebaan 4 6031NB Nederweert"	"Nederweert"	"5"	"Ja"	"7.413,96"	"39.252,00"	"2.770.272,00"	"180829"	"368442"	"180925"	"368447"	"2006-10-17"	"Vergunning:beschikking WM veranderingsvergunning"
"ODNML"	"6031NB6"	"Leghennen"	"Nee"	"Eindhovensebaan 6 6031NB Nederweert"	"Nederweert"	"2"	"Nee"	"1.262,82"	"12.778,56"	"1.221,44"	"180777"	"369496"	"180824"	"369524"	"2022-04-07"	"Melding activiteitenbesluit met OBM"
"ODNML"	"6031NB7A"	"Paarden"	"Nee"	"Eindhovensebaan 7A 6031NB Nederweert"	"Nederweert"	"1"	"Nee"	"15,00"	"0,00"	"0,00"	"180828"	"368286"	"180745"	"368311"	"1900-01-01"	"Vergunning:onbekend"
"ODNML"	"6031NB7C"	"Paarden"	"Nee"	"Eindhovensebaan 7C 6031NB Nederweert"	"Nederweert"	"3"	"Nee"	"31,20"	"95,80"	"395,00"	"180785"	"368469"	"180759"	"368489"	"1900-01-01"	"Vergunning:onbekend"
"ODNML"	"6031NB9C"	"Leghennen"	"Nee"	"Eindhovensebaan 9C 6031NB NEDERWEERT"	"Nederweert"	"3"	"Ja"	"3.649,80"	"43.197,00"	"1.689.187,50"	"180716"	"368989"	"180601"	"368937"	"2024-07-26"	"Ambtshalve wijziging"
"ODNML"	"6031NC2"	"Melkrundvee"	"Nee"	"Zuidhoeveweg 2 6031NC Nederweert"	"Nederweert"	"3"	"Nee"	"2.538,00"	"0,00"	"22.824,00"	"180325"	"370038"	"180366"	"370003"	"2014-05-01"	"Melding:Activiteitenbesluit"
"ODNML"	"6031NC3"	"Zeugen"	"Nee"	"Zuidhoeveweg 3 6031NC Nederweert"	"Nederweert"	"9"	"Ja"	"3.659,83"	"65.620,90"	"441.433,00"	"180303"	"370148"	"180317"	"370288"	"2024-03-22"	"Omgevingsvergunning-verandering"
"ODNML"	"6031ND9"	"Leghennen"	"Nee"	"Ommelpad 9 6031ND Nederweert"	"Nederweert"	"2"	"Nee"	"2.970,00"	"4.860,00"	"486.000,00"	"181412"	"368858"	"181359"	"368885"	"2019-05-13"	"Vergunning:Omgevingsvergunning Inrichting"
"ODNML"	"6031NE1"	"Paarden"	"Nee"	"Geheugden 1 6031NE Nederweert"	"Nederweert"	"3"	"Nee"	"255,80"	"2.293,20"	"0,00"	"181226"	"368749"	"181208"	"368772"	"2024-06-26"	"Omgevingsvergunning-verandering"
"ODNML"	"6031NE2"	"Zeugen"	"Nee"	"Geheugden 2 6031NE Nederweert"	"Nederweert"	"7"	"Nee"	"712,00"	"3.739,70"	"26.580,00"	"181091"	"368668"	"181093"	"368633"	"1900-01-01"	"Vergunning:onbekend"
"ODNML"	"6031NE3A"	"Leghennen"	"Nee"	"Geheugden 3A 6031NE Nederweert"	"Nederweert"	"6"	"Ja"	"10.180,29"	"55.158,20"	"11.062.320,00"	"181325"	"368946"	"181247"	"369023"	"2009-12-10"	"Omgevingsvergunning-revisie"
"ODNML"	"6031NG4A"	"Vleesvarkens"	"Nee"	"Nieuwstraat 4A 6031NG Nederweert"	"Nederweert"	"2"	"Ja"	"3.636,00"	"41.584,00"	"260.424,00"	"180608"	"367640"	"180575"	"367606"	"2024-02-12"	"Ambtshalve wijziging"
"ODNML"	"6031NJ1A"	"Schapen"	"Nee"	"Ospelseweg 65 6031AK Nederweert"	"Nederweert"	"1"	"Nee"	"345,00"	"390,00"	"8.500,00"	"181360"	"367133"	"181351"	"367049"	"2023-07-17"	"Melding activiteitenbesluit"
"ODNML"	"6031NJ3"	"Paarden"	"Nee"	"Kreijelmusweg 3 6031NJ Nederweert"	"Nederweert"	"1"	"Nee"	"100,00"	"0,00"	"0,00"	"181292"	"367178"	"181285"	"367186"	"1900-01-01"	"Vergunning:onbekend"
"ODNML"	"6031NK49"	"Vleesvarkens"	"Nee"	"Winnerstraat 49 6031NK Nederweert"	"Nederweert"	"2"	"Nee"	"1.870,80"	"20.111,20"	"129.474,00"	"180622"	"367167"	"180620"	"367224"	"2018-02-20"	"Melding:Activiteitenbesluit"
"ODNML"	"6031NK63"	"Melkrundvee"	"Nee"	"Winnerstraat 63 6031NK Nederweert"	"Nederweert"	"5"	"Nee"	"738,60"	"0,00"	"11.016,00"	"180805"	"367393"	"180782"	"367413"	"1900-01-01"	"Vergunning:onbekend"
"ODNML"	"6031NL18"	"Vleesvee"	"Nee"	"Winnerstraat 18 6031NL NEDERWEERT"	"Nederweert"	"3"	"Nee"	"1.780,60"	"16.589,60"	"16.670,00"	"180884"	"367946"	"180879"	"367944"	"2017-12-20"	"Melding:Activiteitenbesluit"
"ODNML"	"6031NL20"	"Leghennen"	"Ja"	"Winnerstraat 20 6031NL Nederweert"	"Nederweert"	"2"	"Nee"	"nu"	"nu"	"nu"	"180818"	"367989"	"180878"	"367976"	"2024-12-13"	"Intrekken gehele veebestand OW"
"ODNML"	"6031NL8"	"Ov.Pluimvee"	"Nee"	"Winnerstraat 8 6031NL Nederweert"	"Nederweert"	"5"	"Nee"	"3.876,50"	"13.562,50"	"759.530,00"	"180757"	"367205"	"180841"	"367217"	"2020-06-22"	"Melding:Activiteitenbesluit"
"ODNML"	"6031NN1"	"Vleesvarkens"	"Nee"	"Peelsteeg 1 6031NN Nederweert"	"Nederweert"	"11"	"Ja"	"6.545,78"	"71.204,70"	"348.488,00"	"179270"	"367588"	"179210"	"367607"	"1900-01-01"	"Vergunning:onbekend"
"ODNML"	"6031NN12"	"Vleesvee"	"Nee"	"Peelsteeg 12 6031NN NEDERWEERT"	"Nederweert"	"6"	"Nee"	"2.730,98"	"41.666,60"	"38.842,00"	"180100"	"367928"	"180104"	"367961"	"2022-10-11"	"Omgevingsvergunning-revisie"
"ODNML"	"6031NN2"	"Leghennen"	"Nee"	"Peelsteeg 2 6031NN NEDERWEERT"	"Nederweert"	"1"	"Nee"	"28,00"	"312,00"	"0,00"	"179569"	"367775"	"179618"	"367755"	"2021-06-03"	"Intrekking gedeeltelijk veebestand"
"ODNML"	"6031NN7"	"Paarden"	"Nee"	"Peelsteeg 7 6031NN Nederweert"	"Nederweert"	"3"	"Nee"	"20,00"	"0,00"	"0,00"	"180105"	"368073"	"180060"	"368084"	"2001-05-07"	"Omgevingsvergunning-revisie"
"ODNML"	"6031NN8"	"Ov.Pluimvee"	"Nee"	"Peelsteeg 8 6031NN Nederweert"	"Nederweert"	"2"	"Nee"	"9.948,40"	"22.676,50"	"1.258.180,00"	"179984"	"368041"	"179956"	"368138"	"2019-01-09"	"Vergunning:Omgevingsvergunning Inrichting"
"ODNML"	"6031NP2"	"Melkrundvee"	"Nee"	"Wetering 2 6031NP Nederweert"	"Nederweert"	"8"	"Nee"	"9.992,70"	"106,80"	"149.054,00"	"180214"	"369224"	"180160"	"369178"	"2018-11-26"	"Vergunning:Omgevingsvergunning Inrichting"
"ODNML"	"6031NP3"	"Melkrundvee"	"Nee"	"Wetering 3 6031NP Nederweert"	"Nederweert"	"6"	"Nee"	"3.948,20"	"0,00"	"35.612,00"	"180130"	"369951"	"180038"	"369909"	"2015-07-27"	"Vergunning:milieu neutrale wijziging"
"ODNML"	"6031NP5"	"voormalig bedrijf"	"Ja"	"Wetering 5 6031NP NEDERWEERT"	"Nederweert"	"1"	"Nee"	"0,00"	"0,00"	"0,00"	"179840"	"370739"	"179818"	"370773"	"2014-08-25"	"Intrekking:intrekking gehele veebestand"
"ODNML"	"6031NP7"	"Melkrundvee"	"Nee"	"Wetering 7 6031NP Nederweert"	"Nederweert"	"10"	"Nee"	"6.758,60"	"0,00"	"78.312,00"	"179986"	"370857"	"179908"	"370928"	"2015-07-28"	"Melding:Activiteitenbesluit"
"ODNML"	"6031NR0"	"Leghennen"	"Nee"	"Klompensteeg 0 6031NR NEDERWEERT"	"Nederweert"	"1"	"Nee"	"1.440,24"	"1.524,96"	"254.160,00"	"180272"	"367716"	"180272"	"367716"	"1900-01-01"	"Vergunning:onbekend"
"ODNML"	"6031NR2"	"voormalig bedrijf"	"Ja"	"Klompensteeg 2 6031NR NEDERWEERT"	"Nederweert"	"1"	"Nee"	"0,00"	"0,00"	"0,00"	"180347"	"367475"	"180347"	"367475"	"2018-01-19"	"Intrekking:intrekking gehele veebestand"
"ODNML"	"6031NS22"	"Schapen"	"Nee"	"Bosserstraat 22 6031NS Nederweert"	"Nederweert"	"1"	"Nee"	"16,10"	"179,40"	"0,00"	"180336"	"367392"	"180357"	"367396"	"1900-01-01"	"Vergunning:onbekend"
"ODNML"	"6031NS23"	"Geiten"	"Nee"	"Bosserstraat 23 6031NS Nederweert"	"Nederweert"	"2"	"Nee"	"25,25"	"111,00"	"4.295,00"	"180243"	"367413"	"180185"	"367392"	"2014-04-14"	"Melding:Activiteitenbesluit"
"ODNML"	"6031NS25"	"Melkrundvee"	"Ja"	"Bosserstraat 25 6031NS Nederweert"	"Nederweert"	"9"	"Nee"	"nu"	"nu"	"nu"	"180254"	"367463"	"180184"	"367459"	"2026-04-01"	"Intrekken gehele veebestand OW"
"ODNML"	"6031NT4"	"Zeugen"	"Nee"	"Gerrisstraat 4 6031NT Nederweert"	"Nederweert"	"2"	"Nee"	"195,00"	"0,00"	"0,00"	"179938"	"367811"	"180020"	"367817"	"2021-06-23"	"Melding activiteitenbesluit"
"ODNML"	"6031NT5"	"Paarden"	"Nee"	"Gerrisstraat 5 6031NT Nederweert"	"Nederweert"	"1"	"Nee"	"104,20"	"0,00"	"0,00"	"179950"	"367901"	"179946"	"367910"	"2019-01-07"	"Melding:Activiteitenbesluit"
"ODNML"	"6031NV13"	"Paarden"	"Nee"	"Bloemerstraat 13 6031NV Nederweert"	"Nederweert"	"2"	"Nee"	"42,60"	"0,00"	"0,00"	"179424"	"368835"	"179410"	"368821"	"1900-01-01"	"Vergunning:onbekend"
"ODNML"	"6031NV15A"	"Vleesvarkens"	"Nee"	"Bloemerstraat 15A 6031NV Nederweert"	"Nederweert"	"2"	"Ja"	"4.550,40"	"115.223,69"	"313.632,00"	"179306"	"369308"	"179071"	"369247"	"2025-07-07"	"Omgevingsvergunning-verandering"
"ODNML"	"6031NV17"	"Melkrundvee"	"Nee"	"Bloemerstraat 17 6031NV Nederweert"	"Nederweert"	"6"	"Ja"	"9.888,78"	"21.396,12"	"3.957.192,00"	"179252"	"369643"	"179205"	"369644"	"2024-01-17"	"Ambtshalve wijziging"
"ODNML"	"6031NV1B"	"Paarden"	"Nee"	"Bloemerstraat 1B 6031NV Nederweert"	"Nederweert"	"2"	"Nee"	"117,00"	"0,00"	"0,00"	"179699"	"367639"	"179627"	"367653"	"2021-04-26"	"Intrekking:Activiteitenbesluit"
"ODNML"	"6031NV9D"	"Leghennen"	"Nee"	"Bloemerstraat 9D 6031NV Nederweert"	"Nederweert"	"4"	"Nee"	"3.734,00"	"12.784,00"	"2.634.000,00"	"179619"	"368401"	"179549"	"368433"	"2017-03-10"	"Vergunning:Omgevingsvergunning Inrichting"
"ODNML"	"6031NW18"	"Vleesvee"	"Nee"	"Bloemerstraat 18 6031NW Nederweert"	"Nederweert"	"5"	"Nee"	"64,20"	"393,60"	"1.464,00"	"179559"	"368622"	"179614"	"368628"	"1900-01-01"	"Vergunning:onbekend"
"ODNML"	"6031NW8"	"Leghennen"	"Nee"	"Bloemerstraat 8 6031NW Nederweert"	"Nederweert"	"4"	"Ja"	"7.552,90"	"53.000,74"	"4.945.122,00"	"179674"	"367815"	"179775"	"367854"	"2024-12-16"	"Melding Besluit Activiteit Leefomgeving"
"ODNML"	"6031NX4"	"voormalig bedrijf"	"Ja"	"Kleine steeg 4 6031NX NEDERWEERT"	"Nederweert"	"3"	"Nee"	"0,00"	"0,00"	"0,00"	"179412"	"368508"	"179412"	"368508"	"2017-01-04"	"Intrekking:intrekking gehele veebestand"
"ODNML"	"6031NZ9A"	"Vleesvarkens"	"Nee"	"Hoebensstraat 9A 6031NZ NEDERWEERT"	"Nederweert"	"1"	"Nee"	"2.800,60"	"33.902,00"	"225.522,00"	"179839"	"367377"	"179820"	"367385"	"2019-10-10"	"Melding:Activiteitenbesluit"
"ODNML"	"6031PD32"	"voormalig bedrijf"	"Ja"	"Strateris 32 6031PD Nederweert"	"Nederweert"	"7"	"Nee"	"0,00"	"0,00"	"0,00"	"179720"	"367061"	"179771"	"367115"	"2014-03-12"	"Intrekking:Activiteitenbesluit"
"ODNML"	"6031PD42"	"voormalig bedrijf"	"Ja"	"Strateris 42 6031PD NEDERWEERT"	"Nederweert"	"5"	""	"0,00"	"0,00"	"0,00"	"179600"	"367253"	"179600"	"367253"	"2011-12-31"	"Intrekking:intrekking gehele veebestand"
"ODNML"	"6031PD44C"	"voormalig bedrijf"	"Ja"	"Strateris 44C 6031PD Nederweert"	"Nederweert"	"1"	"Nee"	"0,00"	"0,00"	"0,00"	"179623"	"367348"	"179639"	"367399"	"2019-10-08"	"Intrekking:Omgevingsvergunning intrekking"
"ODNML"	"6031PE11"	"Zeugen"	"Nee"	"Hovensteeg 11 6031PE Nederweert"	"Nederweert"	"2"	"Nee"	"1.091,53"	"6.620,90"	"58.205,00"	"179534"	"367049"	"179528"	"366977"	"1900-01-01"	"Vergunning:onbekend"
"ODNML"	"6031PG1"	"Konijnen"	"Nee"	"Herstraat 1 6031PG Nederweert"	"Nederweert"	"6"	"Nee"	"4.510,40"	"0,00"	"0,00"	"179039"	"367343"	"179094"	"367344"	"2016-04-04"	"Vergunning:Omgevingsvergunning Inrichting"
"ODNML"	"6031PG12"	"Melkrundvee"	"Nee"	"Herstraat 12 6031PG Nederweert"	"Nederweert"	"1"	"Nee"	"16,40"	"0,00"	"344,00"	"178960"	"367340"	"178970"	"367358"	"1900-01-01"	"Vergunning:onbekend"
"ODNML"	"6031PG8"	"voormalig bedrijf"	"Ja"	"Herstraat 8 6031PG NEDERWEERT"	"Nederweert"	"3"	"Nee"	"0,00"	"0,00"	"0,00"	"179086"	"367453"	"179055"	"367467"	"2011-12-31"	"Intrekking:intrekking gehele veebestand"
"ODNML"	"6031PH12"	"Biggen"	"Nee"	"Karissteeg 12 6031PH Nederweert"	"Nederweert"	"2"	"Nee"	"505,75"	"16.593,50"	"47.575,00"	"178757"	"369030"	"178769"	"369087"	"2016-03-02"	"Vergunning:Omgevingsvergunning Inrichting"
"ODNML"	"6031PH32"	"Vleeskuikens"	"Nee"	"Karissteeg 32 6031PH Nederweert"	"Nederweert"	"4"	"Ja"	"9.044,00"	"49.476,00"	"2.211.576,00"	"178396"	"369043"	"178358"	"369155"	"2024-04-11"	"Omgevingsvergunning-verandering"
"ODNML"	"6031PH4"	"Leghennen"	"Nee"	"Karissteeg 4 6031PH Nederweert"	"Nederweert"	"1"	"Ja"	"6.860,30"	"39.834,00"	"1.992.695,85"	"179276"	"367851"	"179375"	"367963"	"2014-05-08"	"Vergunning:Omgevingsvergunning Inrichting"
"ODNML"	"6031PH5"	"Leghennen"	"Nee"	"Karissteeg 5 6031PH Nederweert"	"Nederweert"	"2"	"Nee"	"1.956,00"	"12.240,00"	"946.200,00"	"179150"	"368277"	"179086"	"368297"	"2018-12-05"	"Vergunning:Omgevingsvergunning Inrichting"
"ODNML"	"6031PJ11"	"Zeugen"	"Nee"	"Lage Kuilen 11 6031PJ Nederweert"	"Nederweert"	"4"	"Ja"	"2.239,20"	"46.701,20"	"199.168,00"	"178720"	"368774"	"178727"	"368667"	"2025-05-22"	"Omgevingsvergunning milieuneutraal"
"ODNML"	"6031PK12"	"Vleesvarkens"	"Nee"	"Booldersdijk 12 6031PK NEDERWEERT"	"Nederweert"	"5"	"Ja"	"9.295,56"	"153.741,30"	"1.045.889,00"	"178376"	"368443"	"178396"	"368477"	"2020-12-29"	"Vergunning:Omgevingsvergunning revisie"
"ODNML"	"6031PK19"	"Melkrundvee"	"Nee"	"Booldersdijk 19 6031PK Nederweert"	"Nederweert"	"7"	"Nee"	"10.201,00"	"142,40"	"92.554,00"	"177743"	"369161"	"177682"	"369134"	"1900-01-01"	"Vergunning:onbekend"
"ODNML"	"6031PK2"	"Leghennen"	"Nee"	"Booldersdijk 2 6031PK Nederweert"	"Nederweert"	"6"	"Ja"	"9.025,73"	"81.896,80"	"3.172.925,00"	"179012"	"367571"	"179060"	"367656"	"2024-07-15"	"Ambtshalve wijziging"
"ODNML"	"6031PK20"	"Nerts Vos"	"Nee"	"Booldersdijk 20 6031PK Nederweert"	"Nederweert"	"1"	"Nee"	"575,00"	"0,00"	"18.400,00"	"177903"	"369152"	"177858"	"369272"	"2022-08-16"	"Intrekking gedeeltelijk veebestand"
"ODNML"	"6031PK7"	"voormalig bedrijf"	"Ja"	"Booldersdijk 7 6031PK NEDERWEERT"	"Nederweert"	"1"	"Nee"	"0,00"	"0,00"	"0,00"	"178640"	"367918"	"178640"	"367918"	"2016-06-20"	"Intrekking:intrekking gehele veebestand"
"ODNML"	"6031PM1"	"Paarden"	"Nee"	"Hardsteeg 1 6031PM Nederweert"	"Nederweert"	"1"	"Nee"	"25,00"	"0,00"	"0,00"	"178785"	"367584"	"178705"	"367498"	"2021-01-19"	"Vergunning:Omgevingsverg. gedeeltelijke intrekking"
"ODNML"	"6031PM3"	"Leghennen"	"Ja"	"Hardsteeg 3 6031PM Nederweert"	"Nederweert"	"5"	"Ja"	"nu"	"nu"	"nu"	"178632"	"367639"	"178522"	"367669"	"2024-02-06"	"Intrekking gehele veebestand"
"ODNML"	"6031PN0"	"voormalig bedrijf"	"Ja"	" 0 6031PN "	"Nederweert"	"1"	"Nee"	"0,00"	"0,00"	"0,00"	"179277"	"367247"	"179277"	"367247"	"2012-12-11"	"Intrekking:intrekking gehele veebestand"
"ODNML"	"6031PN13"	"Vleesvarkens"	"Ja"	"Heerweg 13 6031PN Nederweert"	"Nederweert"	"2"	"Nee"	"nu"	"nu"	"nu"	"179120"	"367274"	"179115"	"367296"	"2023-03-15"	"Melding beëindiging veehouderij"
"ODNML"	"6031PN2H"	"Melkrundvee"	"Nee"	"Heerweg 2H 6031PN Nederweert"	"Nederweert"	"3"	"Nee"	"584,00"	"712,00"	"7.700,00"	"179211"	"367220"	"179226"	"367223"	"1900-01-01"	"Vergunning:onbekend"
"ODNML"	"6031PP2"	"Zeugen"	"Ja"	"Krommedijk 2 6031PP Nederweert"	"Nederweert"	"8"	"Ja"	"nu"	"nu"	"nu"	"178605"	"367342"	"178602"	"367427"	"2024-09-05"	"Intrekken gehele veebestand OW"
"ODNML"	"6031PR33"	"voormalig bedrijf"	"Ja"	"Boeket 33 6031PR Nederweert"	"Nederweert"	"4"	"Nee"	"0,00"	"0,00"	"0,00"	"178787"	"366663"	"178816"	"366600"	"2021-04-15"	"Intrekking:Omgevingsvergunning intrekking"
"ODNML"	"6031PR4"	"Vleeskuikens"	"Nee"	"Boeket 4 6031PR Nederweert"	"Nederweert"	"3"	"Ja"	"1.057,00"	"16.482,00"	"743.820,00"	"179021"	"366632"	"179068"	"366672"	"2024-01-17"	"Ambtshalve wijziging"
"ODNML"	"6031PS0"	"Leghennen"	"Nee"	" 0 6031PS "	"Nederweert"	"3"	"Nee"	"4.257,64"	"10.725,64"	"2.251.681,00"	"178720"	"366955"	"178774"	"366943"	"2016-08-15"	"Vergunning:Activiteitenbesluit"
"ODNML"	"6031PS10"	"Paarden"	"Nee"	"Aan 't Ven 10 6031PS Nederweert"	"Nederweert"	"2"	"Nee"	"56,70"	"0,00"	"0,00"	"178592"	"367025"	"178590"	"367045"	"1900-01-01"	"Vergunning:onbekend"
"ODNML"	"6031PS4A"	"zeer gering van omvang"	"Nee"	"Aan 't Ven 4A 6031PS Nederweert"	"Nederweert"	"1"	"Nee"	"0,40"	"0,34"	"84,00"	"178735"	"366846"	"178783"	"366884"	"1900-01-01"	"Vergunning:onbekend"
"ODNML"	"6031PS6"	"Zeugen"	"Nee"	"Aan 't Ven 6 6031PS Nederweert"	"Nederweert"	"5"	"Nee"	"1.262,03"	"19.170,46"	"156.700,00"	"178668"	"366921"	"178717"	"366967"	"2021-07-12"	"Vergunning:Omgevingsvergunning beperkte milieutoets"
"ODNML"	"6031PS9"	"voormalig bedrijf"	"Ja"	"Aan 't Ven 9 6031PS NEDERWEERT"	"Nederweert"	"1"	"Nee"	"0,00"	"0,00"	"0,00"	"178586"	"366897"	"178586"	"366897"	"2017-01-24"	"Melding:intrekking gehele veebestand"
"ODNML"	"6031PV0"	"Vleesvee"	"Nee"	" 0 6031PV "	"Nederweert"	"2"	"Nee"	"742,20"	"26.330,40"	"31.188,00"	"177924"	"366830"	"177911"	"366846"	"2020-06-26"	"Vergunning:Beschikking eerste fase"
"ODNML"	"6031PV1"	"voormalig bedrijf"	"Ja"	"Rosselsweg 1 6031PV NEDERWEERT"	"Nederweert"	"1"	"Nee"	"0,00"	"0,00"	"0,00"	"177971"	"366581"	"177971"	"366581"	"2014-06-30"	"Intrekking:intrekking gehele veebestand"
"ODNML"	"6031PV2"	"voormalig bedrijf"	"Ja"	"Rosselsweg 2 6031PV NEDERWEERT"	"Nederweert"	"1"	"Nee"	"0,00"	"0,00"	"0,00"	"178077"	"366635"	"178077"	"366635"	"2016-07-13"	"Intrekking:intrekking gehele veebestand"
"ODNML"	"6031PW3"	"voormalig bedrijf"	"Ja"	"Hoek 3 6031PW NEDERWEERT"	"Nederweert"	"3"	"Nee"	"0,00"	"0,00"	"0,00"	"177984"	"366425"	"178024"	"366424"	"2018-08-08"	"Intrekking:intrekking gehele veebestand"
"ODNML"	"6031PX1"	"Paarden"	"Nee"	"Grasdijk 1 6031PX Nederweert"	"Nederweert"	"2"	"Nee"	"126,80"	"0,00"	"0,00"	"177403"	"366640"	"177362"	"366575"	"1900-01-01"	"Vergunning:onbekend"
"ODNML"	"6031PX2"	"voormalig bedrijf"	"Ja"	"Grasdijk 2 6031PX NEDERWEERT"	"Nederweert"	"4"	"Nee"	"0,00"	"0,00"	"0,00"	"177441"	"366729"	"177440"	"366719"	"2016-01-27"	"Intrekking:intrekking gehele veebestand"
"ODNML"	"6031PX2B"	"Zeugen"	"Nee"	"Grasdijk 2B 6031PX Nederweert"	"Nederweert"	"2"	"Nee"	"1.978,80"	"23.453,90"	"172.803,00"	"177238"	"366859"	"177298"	"366931"	"2012-08-24"	"Vergunning:Omgevingsvergunning Inrichting"
"ODNML"	"6031PX2C"	"Zeugen"	"Nee"	"Grasdijk 2C 6031PX Nederweert"	"Nederweert"	"5"	"Nee"	"2.235,37"	"22.823,80"	"141.195,00"	"177185"	"366930"	"177233"	"366992"	"2013-09-23"	"Vergunning:Activiteitenbesluit"
"ODNML"	"6031PX5"	"Paarden"	"Nee"	"Grasdijk 5 6031PX NEDERWEERT"	"Nederweert"	"3"	"Nee"	"379,00"	"0,00"	"0,00"	"176868"	"367161"	"176879"	"367167"	"2015-02-10"	"Melding:Activiteitenbesluit"
"ODNML"	"6031PZ5"	"Paarden"	"Nee"	"Tolheuvel 5 6031PZ Nederweert"	"Nederweert"	"1"	"Nee"	"20,00"	"0,00"	"0,00"	"177653"	"366436"	"177643"	"366414"	"2007-12-17"	"Vergunning:Activiteitenbesluit"
"ODNML"	"6031PZ7"	"Paarden"	"Nee"	"Tolheuvel 7 6031PZ Nederweert"	"Nederweert"	"1"	"Nee"	"30,00"	"0,00"	"0,00"	"177479"	"366627"	"177465"	"366603"	"2018-12-06"	"Melding:Activiteitenbesluit"
"ODNML"	"6031RA11"	"Zeugen"	"Nee"	"Heijsterstraat 11 6031RA Nederweert"	"Nederweert"	"4"	"Nee"	"1.930,50"	"25.910,40"	"121.270,00"	"178264"	"366409"	"178330"	"366387"	"2019-05-15"	"Melding:Omgevingsvergunning Inrichting"
"ODNML"	"6031RA2123"	"Zeugen"	"Nee"	"Heijsterstraat 2123 6031RA NEDERWEERT"	"Nederweert"	"4"	"Ja"	"2.601,63"	"65.460,20"	"205.137,00"	"177964"	"366154"	"177967"	"366135"	"2024-07-26"	"Ambtshalve wijziging"
"ODNML"	"6031RA23"	"voormalig bedrijf"	"Ja"	"Heijsterstraat 23 6031RA NEDERWEERT"	"Nederweert"	"3"	"Nee"	"0,00"	"0,00"	"0,00"	"177903"	"366118"	"177903"	"366118"	"2013-02-28"	"Intrekking:intrekking gehele veebestand"
"ODNML"	"6031RA3"	"voormalig bedrijf"	"Ja"	"Heijsterstraat 3 6031RA NEDERWEERT"	"Nederweert"	"1"	"Nee"	"0,00"	"0,00"	"0,00"	"178676"	"366539"	"178676"	"366539"	"2011-05-17"	"Intrekking:intrekking gehele veebestand"
"ODNML"	"6031RA4"	"Zeugen"	"Nee"	"Heijsterstraat 4 6031RA Nederweert"	"Nederweert"	"4"	"Ja"	"3.165,89"	"58.333,30"	"259.089,60"	"178327"	"366514"	"178328"	"366633"	"2024-01-17"	"Ambtshalve wijziging"
"ODNML"	"6031RC90"	"Vleesvarkens"	"Nee"	"Molenweg 90 6031RC Nederweert"	"Nederweert"	"2"	"Nee"	"1.950,00"	"23.920,00"	"154.530,00"	"179171"	"365892"	"179088"	"365953"	"2021-12-16"	"Melding activiteitenbesluit"
"ODNML"	"6031RD4"	"Vleesvee"	"Nee"	"Ouwijck 4 6031RD Nederweert"	"Nederweert"	"2"	"Nee"	"1.575,00"	"16.020,00"	"14.850,00"	"179272"	"365576"	"179277"	"365625"	"1900-01-01"	"Vergunning:onbekend"
"ODNML"	"6031RN19"	"Zeugen"	"Nee"	"Roeven 19 6031RN NEDERWEERT"	"Nederweert"	"3"	"Ja"	"2.891,09"	"33.710,20"	"250.758,00"	"180237"	"364172"	"180256"	"364091"	"2024-02-19"	"Ambtshalve wijziging"
"ODNML"	"6031RN21"	"Geiten"	"Nee"	"Roeven 21 6031RN NEDERWEERT"	"Nederweert"	"3"	"Nee"	"5.493,00"	"41.796,00"	"1.213.430,00"	"180272"	"363997"	"180279"	"364023"	"2018-06-05"	"Melding:Activiteitenbesluit"
"ODNML"	"6031RN6E"	"voormalig bedrijf"	"Ja"	"Roeven 6E 6031RN NEDERWEERT"	"Nederweert"	"9"	"Nee"	"0,00"	"0,00"	"0,00"	"180330"	"364647"	"180330"	"364647"	"2009-02-20"	"Intrekking:intrekking gehele veebestand"
"ODNML"	"6031RR1"	"Ov.Pluimvee"	"Nee"	"Roeventerschans 1 6031RR Nederweert"	"Nederweert"	"3"	"Nee"	"10.945,96"	"24.950,35"	"1.384.342,00"	"180401"	"364496"	"180493"	"364508"	"2020-10-20"	"Melding:Activiteitenbesluit"
"ODNML"	"6031RR1A"	"Melkrundvee"	"Nee"	"Roeventerschans 1A 6031RR Nederweert"	"Nederweert"	"1"	"Nee"	"276,20"	"0,00"	"4.136,00"	"180406"	"364385"	"180514"	"364364"	"2015-07-09"	"Melding:Activiteitenbesluit"
"ODNML"	"6031RR5"	"voormalig bedrijf"	"Ja"	"Roeventerschans 5 6031RR NEDERWEERT"	"Nederweert"	"4"	"Nee"	"0,00"	"0,00"	"0,00"	"180494"	"364224"	"180494"	"364224"	"2015-03-23"	"Intrekking:intrekking gehele veebestand"
"ODNML"	"6031RS0"	"Zeugen"	"Ja"	"Randweg West 21 6031RS NEDERWEERT"	"Nederweert"	"3"	"Nee"	"nu"	"nu"	"nu"	"179080"	"366473"	"179104"	"366468"	"2026-01-29"	"Melding beëindiging veehouderij"
"ODNML"	"6031RW17"	"Konijnen"	"Nee"	"Kraan 17 6031RW Nederweert"	"Nederweert"	"1"	"Nee"	"240,00"	"0,00"	"0,00"	"181128"	"363560"	"181121"	"363534"	"1900-01-01"	"Vergunning:onbekend"
"ODNML"	"6031RW21A"	"Vleesvee"	"Nee"	"Kraan 21A 6031RW Nederweert"	"Nederweert"	"4"	"Nee"	"65,40"	"0,00"	"1.032,00"	"180965"	"363366"	"180924"	"363325"	"1996-06-13"	"Melding activiteitenbesluit"
"ODNML"	"6031RX16"	"Melkrundvee"	"Ja"	"Kraan 16 6031RX Nederweert"	"Nederweert"	"1"	"Nee"	"130,00"	"0,00"	"1.180,00"	"180784"	"363547"	"180784"	"363565"	"2026-01-29"	"Melding beëindiging veehouderij"
"ODNML"	"6031SC7"	"Vleesvarkens"	"Nee"	"Schoor 7 6031SC Nederweert"	"Nederweert"	"4"	"Nee"	"2.534,00"	"35.048,80"	"159.752,00"	"180641"	"364300"	"180679"	"364358"	"2020-06-02"	"Melding:Veranderen voorschriften"
"ODNML"	"6031SC8"	"Leghennen"	"Nee"	"Schoor 8 6031SC Nederweert"	"Nederweert"	"4"	"Ja"	"3.218,88"	"21.045,32"	"4.023.370,00"	"180638"	"364257"	"180657"	"364137"	"2024-06-24"	"Ambtshalve wijziging"
"ODNML"	"6031SE8"	"Vleesvarkens"	"Nee"	"Liskesweg 8 6031SE NEDERWEERT"	"Nederweert"	"2"	"Ja"	"2.471,40"	"109.834,00"	"469.768,00"	"181693"	"363748"	"181700"	"363687"	"2024-05-08"	"Omgevingsvergunning-verandering"
"ODNML"	"6031SG12"	"Melkrundvee"	"Ja"	"Wessemerdijk 12 6031SG Nederweert"	"Nederweert"	"2"	"Nee"	"nu"	"nu"	"nu"	"182440"	"362659"	"182402"	"362637"	"2026-01-26"	"Melding beëindiging veehouderij"
"ODNML"	"6031SG14"	"Paarden"	"Nee"	"Wessemerdijk 14 6031SG Nederweert"	"Nederweert"	"2"	"Nee"	"7,10"	"0,00"	"0,00"	"183086"	"361456"	"183071"	"361459"	"2012-01-26"	"Intrekking:gedeeltelijke intrekking"
"ODNML"	"6031SG3"	"Paarden"	"Nee"	"Wessemerdijk 3 6031SG Nederweert"	"Nederweert"	"6"	"Nee"	"35,04"	"45,80"	"1.756,00"	"180750"	"364953"	"180744"	"364960"	"1900-01-01"	"Vergunning:onbekend"
"ODNML"	"6031SM12"	"Paarden"	"Nee"	"Mildert 12 6031SM Nederweert"	"Nederweert"	"2"	"Nee"	"96,00"	"0,00"	"0,00"	"183434"	"361565"	"183439"	"361552"	"1900-01-01"	"Vergunning:onbekend"
"ODNML"	"6031SM13"	"Paarden"	"Nee"	"Mildert 13 6031SM Nederweert"	"Nederweert"	"1"	"Nee"	"102,00"	"0,00"	"1.720,00"	"183270"	"361808"	"183307"	"361847"	"2018-07-24"	"Melding:Activiteitenbesluit"
"ODNML"	"6031SV9"	"Ov.Pluimvee"	"Ja"	"Schans 9 6031SV Nederweert"	"Nederweert"	"3"	"Nee"	"nu"	"nu"	"nu"	"181995"	"366515"	"181903"	"366588"	"2026-03-02"	"Intrekken gehele veebestand OW"
"ODNML"	"6031SZ6"	"Vleeskuikens"	"Ja"	"Den akker 6 6031SZ Nederweert"	"Nederweert"	"4"	"Nee"	"nu"	"nu"	"nu"	"181199"	"365552"	"181218"	"365590"	"2026-01-26"	"Melding beëindiging veehouderij"
"ODNML"	"6034RA0"	"voormalig bedrijf"	"Ja"	"Hulsen 0 6034RA NEDERWEERT EIND"	"Nederweert"	"3"	"Nee"	"0,00"	"0,00"	"0,00"	"181554"	"365383"	"181561"	"365381"	"2017-10-18"	"Intrekking:intrekking gehele veebestand"
"ODNML"	"6034RA1"	"Vleesvarkens"	"Nee"	"Hulsen 1 6034RA Nederweert-Eind"	"Nederweert"	"6"	"Ja"	"4.328,15"	"121.359,30"	"534.747,00"	"181555"	"365480"	"181634"	"365326"	"2021-07-26"	"Vergunning:milieu neutrale wijziging"
"ODNML"	"6034RD11"	"voormalig bedrijf"	"Ja"	"Gebleektendijk 11 6034RD NEDERWEERT EIND"	"Nederweert"	"5"	"Nee"	"0,00"	"0,00"	"0,00"	"185841"	"367583"	"185841"	"367583"	"2012-09-20"	"Intrekking:intrekking gehele veebestand"
"ODNML"	"6034RD7"	"Melkrundvee"	"Nee"	"Gebleektendijk 7 6034RD Nederweert-Eind"	"Nederweert"	"3"	"Nee"	"2.077,00"	"0,00"	"18.688,00"	"185248"	"367175"	"185214"	"367211"	"2013-09-11"	"Melding:Activiteitenbesluit"
"ODNML"	"6034RD8"	"Vleesvarkens"	"Nee"	"Gebleektendijk 8 6034RD Nederweert-Eind"	"Nederweert"	"2"	"Nee"	"1.828,80"	"16.891,20"	"108.378,00"	"183873"	"366424"	"183885"	"366383"	"2015-11-08"	"Melding:Activiteitenbesluit"
"ODNML"	"6034RG1A"	"Paarden"	"Nee"	"Stokershorst 1A 6034RG Nederweert-Eind"	"Nederweert"	"2"	"Nee"	"86,20"	"0,00"	"0,00"	"187061"	"368426"			"2023-06-19"	"Melding activiteitenbesluit"
"ODNML"	"6034RG3"	"Melkrundvee"	"Nee"	"Stokershorst 3 6034RG Nederweert-Eind"	"Nederweert"	"6"	"Nee"	"1.768,80"	"0,00"	"15.906,00"	"187002"	"368442"	"187023"	"368436"	"1900-01-01"	"Vergunning:onbekend"
"ODNML"	"6034RG4"	"voormalig bedrijf"	"Ja"	"Stokershorst 4 6034RG NEDERWEERT EIND"	"Nederweert"	"4"	"Nee"	"0,00"	"0,00"	"0,00"	"187009"	"368528"	"187009"	"368528"	"2014-06-18"	"Intrekking:intrekking gehele veebestand"
"ODNML"	"6034RG5"	"Melkrundvee"	"Nee"	"Stokershorst 5 6034RG Nederweert-Eind"	"Nederweert"	"4"	"Nee"	"3.300,80"	"0,00"	"37.010,00"	"187314"	"368412"	"187354"	"368448"	"2017-01-05"	"Vergunning:Omgevingsvergunning Inrichting"
"ODNML"	"6034RH29"	"voormalig bedrijf"	"Ja"	"Kruisstraat 29 6034RH Nederweert-Eind"	"Nederweert"	"3"	"Nee"	"0,00"	"0,00"	"0,00"	"182086"	"365660"	"182071"	"365759"	"2014-03-12"	"Intrekking:Activiteitenbesluit"
"ODNML"	"6034RJ129"	"Leghennen"	"Nee"	"Kruisstraat 129 6034RJ Nederweert-Eind"	"Nederweert"	"3"	"Ja"	"8.347,20"	"49.104,00"	"6.127.520,00"	"184379"	"365961"	"184304"	"366036"	"2024-03-25"	"Omgevingsvergunning-revisie"
"ODNML"	"6034RJ133"	"Melkrundvee"	"Nee"	"Kruisstraat 133 6034RJ Nederweert-Eind"	"Nederweert"	"3"	"Nee"	"1.914,40"	"0,00"	"18.016,00"	"185185"	"366392"	"185163"	"366428"	"2012-12-06"	"Melding:besluit landbouwbedrijven milieubeheer"
"ODNML"	"6034RL0"	"Leghennen"	"Nee"	"Kruisstraat 0 6034RL NEDERWEERT EIND"	"Nederweert"	"2"	"Ja"	"7.888,39"	"22.562,74"	"5.574.324,00"	"184222"	"365739"	"184241"	"365690"	"2024-02-07"	"Ambtshalve wijziging"
"ODNML"	"6034RL122"	"Melkrundvee"	"Nee"	"Kruisstraat 122 6034RL Nederweert-Eind"	"Nederweert"	"6"	"Nee"	"1.956,00"	"0,00"	"20.430,00"	"183881"	"365577"	"183923"	"365565"	"1900-01-01"	"Vergunning:onbekend"
"ODNML"	"6034RM1"	"Melkrundvee"	"Nee"	"De Riet 1 6034RM Nederweert-Eind"	"Nederweert"	"2"	"Nee"	"1.303,80"	"0,00"	"11.724,00"	"183678"	"365648"	"183643"	"365673"	"1900-01-01"	"Vergunning:onbekend"
"ODNML"	"6034RM4"	"voormalig bedrijf"	"Ja"	"de Riet 4 6034RM NEDERWEERT EIND"	"Nederweert"	"1"	"Nee"	"0,00"	"0,00"	"0,00"	"183731"	"365923"	"183731"	"365923"	"2015-07-20"	"Intrekking:intrekking gehele veebestand"
"ODNML"	"6034RN11"	"voormalig bedrijf"	"Ja"	"Baldessenweg 11 6034RN NEDERWEERT EIND"	"Nederweert"	"6"	"Nee"	"0,00"	"0,00"	"0,00"	"182795"	"365978"	"182795"	"365978"	"2011-11-28"	"Intrekking:intrekking gehele veebestand"
"ODNML"	"6034RN5"	"Paarden"	"Nee"	"Baldessenweg 5 6034RN Nederweert-Eind"	"Nederweert"	"1"	"Nee"	"100,00"	"0,00"	"0,00"	"182515"	"365879"	"182529"	"365913"	"2012-10-20"	"Melding:besluit landbouwbedrijven milieubeheer"
"ODNML"	"6034RZ8"	"Leghennen"	"Nee"	"Kruiszijweg 8 6034RZ Nederweert-Eind"	"Nederweert"	"3"	"Nee"	"3.474,00"	"9.449,28"	"2.334.528,00"	"182883"	"365826"	"182958"	"365822"	"2015-01-08"	"Vergunning:Beschikkking WM revisievergunning"
"ODNML"	"6034SM85"	"voormalig bedrijf"	"Ja"	"Eind 85 6034SM Nederweert-Eind"	"Nederweert"	"9"	"Nee"	"0,00"	"0,00"	"0,00"	"182245"	"364520"	"182294"	"364506"	"2014-01-21"	"Intrekking:Activiteitenbesluit"
"ODNML"	"6034SN12"	"Ov.Pluimvee"	"Nee"	"Eind 12 6034SN Nederweert-Eind"	"Nederweert"	"6"	"Nee"	"16.184,00"	"36.890,00"	"2.046.800,00"	"181977"	"365269"	"181823"	"365211"	"2003-06-19"	"Vergunning:beschikking WM veranderingsvergunning"
"ODNML"	"6034SN28"	"voormalig bedrijf"	"Ja"	"Eind 28 6034SN NEDERWEERT EIND"	"Nederweert"	"2"	"Nee"	"0,00"	"0,00"	"0,00"	"182083"	"364622"	"182083"	"364622"	"2012-02-08"	"Intrekking:intrekking gehele veebestand"
"ODNML"	"6034SN32"	"Vleesvee"	"Nee"	"Eind 32 6034SN Nederweert-Eind"	"Nederweert"	"1"	"Nee"	"106,00"	"712,00"	"3.400,00"	"182121"	"364309"	"182112"	"364299"	"1900-01-01"	"Vergunning:onbekend"
"ODNML"	"6034SN40"	"Melkrundvee"	"Nee"	"Eind 40 6034SN Nederweert-Eind"	"Nederweert"	"1"	"Nee"	"264,00"	"0,00"	"2.280,00"	"182312"	"364170"	"182284"	"364154"	"2020-12-11"	"Melding:Veranderen voorschriften"
"ODNML"	"6034SP12"	"Vleesvarkens"	"Nee"	"Houtsweg 12 6034SP Nederweert-Eind"	"Nederweert"	"3"	"Ja"	"8.360,40"	"112.129,60"	"709.164,00"	"181827"	"364581"	"181785"	"364661"	"2024-02-07"	"Ambtshalve wijziging"
"ODNML"	"6034ST11"	"Geiten"	"Nee"	"Houtsberg 11 6034ST Nederweert-Eind"	"Nederweert"	"7"	"Nee"	"3.322,80"	"36.126,60"	"36.888,00"	"183975"	"362847"	"184010"	"362906"	"2022-12-14"	"Omgevingsvergunning milieuneutraal"
"ODNML"	"6034ST13"	"Melkrundvee"	"Nee"	"Houtsberg 13 6034ST Nederweert-Eind"	"Nederweert"	"5"	"Nee"	"625,72"	"89,40"	"10.951,00"	"184123"	"362689"	"184156"	"362728"	"1900-01-01"	"Vergunning:onbekend"
"ODNML"	"6034ST2"	"Melkrundvee"	"Nee"	"Houtsberg 2 6034ST Nederweert-Eind"	"Nederweert"	"2"	"Nee"	"388,00"	"276,00"	"4.876,00"	"183389"	"363311"	"183321"	"363297"	"1900-01-01"	"Vergunning:onbekend"
"ODNML"	"6034ST3"	"Schapen"	"Nee"	"Houtsberg 3 6034ST Nederweert-Eind"	"Nederweert"	"1"	"Nee"	"14,00"	"156,00"	"0,00"	"183040"	"363756"	"183248"	"363944"	"2014-10-30"	"Melding:Activiteitenbesluit"
"ODNML"	"6034ST5A"	"Leghennen"	"Ja"	"Houtsberg 5A 6034ST Nederweert-Eind"	"Nederweert"	"1"	"Nee"	"nu"	"nu"	"nu"	"183659"	"363143"	"183734"	"363161"	"2026-02-24"	"Melding beëindiging veehouderij"
"ODNML"	"6034ST6"	"Paarden"	"Nee"	"Houtsberg 6 6034ST Nederweert-Eind"	"Nederweert"	"3"	"Nee"	"88,40"	"0,00"	"0,00"	"183972"	"362776"	"183941"	"362770"	"2020-05-04"	"Melding:Activiteitenbesluit"
"ODNML"	"6034SV4"	"Melkrundvee"	"Nee"	"Banendijk 4 6034SV Nederweert-Eind"	"Nederweert"	"3"	"Nee"	"4.447,00"	"0,00"	"70.000,00"	"184424"	"364550"	"184489"	"364517"	"2019-07-23"	"Vergunning:Omgevingsvergunning Inrichting"
"ODNML"	"6034SV5"	"Vleesvarkens"	"Ja"	"Banendijk 5 6034SV Nederweert-Eind"	"Nederweert"	"5"	"Ja"	"nu"	"nu"	"nu"	"184711"	"364913"	"184674"	"365040"	"2024-08-28"	"Intrekking gehele veebestand"
"ODNML"	"6034SW2"	"Ov.Pluimvee"	"Ja"	"Leveroysedijk 2 6034SW Nederweert-Eind"	"Nederweert"	"1"	"Nee"	"nu"	"nu"	"nu"	"183817"	"365436"	"183792"	"365386"	"2023-10-04"	"Intrekking gehele veebestand"
"ODNML"	"6034SW2A"	"Vleesvee"	"Nee"	"Leveroysedijk 2A 6034SW Nederweert-Eind"	"Nederweert"	"9"	"Nee"	"3.352,60"	"55.808,40"	"50.534,00"	"184130"	"365065"	"184113"	"364999"	"2024-10-01"	"Omgevingsvergunning-verandering"
"ODNML"	"6034SW5B"	"Leghennen"	"Nee"	"Leveroysedijk 5B 6034SW NEDERWEERT EIND"	"Nederweert"	"3"	"Ja"	"4.383,80"	"55.662,00"	"4.556.400,00"	"184723"	"364721"	"184769"	"364676"	"2025-03-05"	"Omgevingsvergunning-verandering"
"ODNML"	"6034SZ3"	"voormalig bedrijf"	"Ja"	"Visdijk 3 6034SZ NEDERWEERT EIND"	"Nederweert"	"5"	"Nee"	"0,00"	"0,00"	"0,00"	"182739"	"365043"	"182739"	"365043"	"2016-02-15"	"Intrekking:intrekking gehele veebestand"
"ODNML"	"6034TA3"	"Paarden"	"Nee"	"Niesakkerweg 3 6034TA Nederweert-Eind"	"Nederweert"	"3"	"Nee"	"161,95"	"41,00"	"878,00"	"183030"	"366159"	"182978"	"366148"	"2023-03-28"	"Melding activiteitenbesluit"
"ODNML"	"6034TA4"	"Vleesvarkens"	"Nee"	"Niesakkerweg 4 6034TA Nederweert-Eind"	"Nederweert"	"2"	"Nee"	"444,45"	"15.654,95"	"53.963,10"	"183055"	"366204"	"183111"	"366219"	"2026-03-11"	"Omgevingsvergunning-verandering OW"
"ODNML"	"6034TB3"	"Melkrundvee"	"Nee"	"Zoomdijk 3 6034TB Nederweert-Eind"	"Nederweert"	"4"	"Nee"	"695,10"	"1.530,80"	"9.679,00"	"186072"	"367117"	"186033"	"367125"	"1900-01-01"	"Vergunning:onbekend"
"ODNML"	"6034TZ4"	"Zeugen"	"Nee"	"Kwegt 4 6034TZ NEDERWEERT EIND"	"Nederweert"	"3"	"Ja"	"2.477,80"	"15.807,00"	"82.216,00"	"181776"	"364356"	"181812"	"364331"	"2024-02-07"	"Ambtshalve wijziging"
"ODNML"	"6035AA11"	"Leghennen"	"Nee"	"Klaarstraat 11 6035AA Ospel"	"Nederweert"	"1"	"Ja"	"1.650,00"	"9.900,00"	"1.265.000,00"	"181799"	"367189"	"181871"	"367147"	"2024-01-31"	"Ambtshalve wijziging"
"ODNML"	"6035AB18"	"Zeugen"	"Nee"	"Klaarstraat 18 6035AB Ospel"	"Nederweert"	"6"	"Nee"	"1.120,18"	"7.108,50"	"61.248,00"	"181789"	"367280"	"181788"	"367340"	"1900-01-01"	"Vergunning:onbekend"
"ODNML"	"6035AB34"	"Paarden"	"Nee"	"Klaarstraat 34 6035AB Ospel"	"Nederweert"	"1"	"Nee"	"300,00"	"0,00"	"0,00"	"181587"	"367119"	"181600"	"367184"	"1900-01-01"	"Vergunning:onbekend"
"ODNML"	"6035AB6"	"Ov.Pluimvee"	"Nee"	"Klaarstraat 6 6035AB Ospel"	"Nederweert"	"1"	"Nee"	"979,20"	"2.232,00"	"123.840,00"	"182067"	"367466"	"182044"	"367543"	"2012-03-21"	"Vergunning:Beschikkking WM revisievergunning"
"ODNML"	"6035AD41"	"Vleesvarkens"	"Nee"	"Hennesweg 41 6035AD OSPEL"	"Nederweert"	"5"	"Nee"	"2.324,00"	"27.970,90"	"206.640,00"	"182291"	"367014"	"182261"	"367017"	"2014-02-12"	"Melding:Activiteitenbesluit"
"ODNML"	"6035AD47"	"Vleesvarkens"	"Nee"	"Hennesweg 47 6035AD OSPEL"	"Nederweert"	"2"	"Ja"	"1.393,20"	"39.319,20"	"95.976,00"	"182284"	"366891"	"182330"	"366920"	"2024-01-17"	"Ambtshalve wijziging"
"ODNML"	"6035AW17"	"Zeugen"	"Nee"	"Kuilstraat 17 6035AW Ospel"	"Nederweert"	"6"	"Nee"	"1.213,90"	"15.123,20"	"108.950,00"	"181962"	"368101"	"181899"	"368033"	"2014-09-09"	"Vergunning:Omgevingsvergunning Inrichting"
"ODNML"	"6035AW19"	"Paarden"	"Nee"	"Kuilstraat 19 6035AW Ospel"	"Nederweert"	"1"	"Nee"	"73,10"	"140,40"	"0,00"	"181929"	"368129"	"181908"	"368093"	"2005-08-17"	"Melding activiteitenbesluit"
"ODNML"	"6035AW23"	"Leghennen"	"Nee"	"Kuilstraat 23 6035AW Ospel"	"Nederweert"	"3"	"Ja"	"5.443,50"	"32.890,00"	"1.774.875,00"	"181812"	"368217"	"181793"	"368122"	"2024-01-05"	"Intrekking gedeeltelijk veebestand"
"ODNML"	"6035BS13B"	"Vleeskuikens"	"Nee"	"Waatskamp 13B 6035BS Ospel"	"Nederweert"	"2"	"Nee"	"427,70"	"4.045,80"	"264.000,00"	"183230"	"367647"	"183251"	"367693"	"2024-05-03"	"Melding activiteitenbesluit met OBM"
"ODNML"	"6035BS17"	"voormalig bedrijf"	"Ja"	"Waatskamp 17 6035BS OSPEL"	"Nederweert"	"4"	"Nee"	"0,00"	"0,00"	"0,00"	"183251"	"367480"	"183251"	"367480"	"2017-10-17"	"Intrekking:intrekking gehele veebestand"
"ODNML"	"6035BS27B"	"Leghennen"	"Nee"	"Waatskamp 27B 6035BS OSPEL"	"Nederweert"	"2"	"Ja"	"5.264,00"	"11.844,00"	"1.513.400,00"	"183074"	"367146"	"183096"	"367116"	"2007-07-19"	"Vergunning:Beschikkking WM revisievergunning"
"ODNML"	"6035BS29"	"Vleesvee"	"Nee"	"Waatskamp 29 6035BS Ospel"	"Nederweert"	"1"	"Nee"	"381,60"	"2.563,20"	"12.240,00"	"182970"	"367028"	"183014"	"367043"	"2023-03-07"	"Melding activiteitenbesluit"
"ODNML"	"6035BV106"	"Melkrundvee"	"Nee"	"Waatskamp 106 6035BV Ospel"	"Nederweert"	"1"	"Nee"	"325,60"	"0,00"	"2.812,00"	"183029"	"367317"	"182699"	"367422"	"2017-02-07"	"Melding:Activiteitenbesluit"
"ODNML"	"6035BV118"	"Biggen"	"Nee"	"Waatskamp 118 6035BV OSPEL"	"Nederweert"	"2"	"Nee"	"753,90"	"23.440,20"	"63.810,00"	"182908"	"367175"	"182872"	"367184"	"2015-08-13"	"Melding:Activiteitenbesluit"
"ODNML"	"6035BV128"	"Biggen"	"Nee"	"Waatskamp 128 6035BV Ospel"	"Nederweert"	"3"	"Nee"	"694,10"	"21.990,40"	"90.584,00"	"182948"	"367069"	"182891"	"367075"	"2021-01-25"	"Vergunning:Omgevingsvergunning verandering"
"ODNML"	"6035BV130"	"Melkrundvee"	"Nee"	"Waatskamp 130 6035BV Ospel"	"Nederweert"	"1"	"Nee"	"725,80"	"284,80"	"9.228,00"	"182924"	"367013"	"182888"	"367016"	"2004-12-17"	"Melding activiteitenbesluit"
"ODNML"	"6035NX6"	"voormalig bedrijf"	"Ja"	"Geurtsweg 6 6035NX OSPEL"	"Nederweert"	"1"	"Nee"	"0,00"	"0,00"	"0,00"	"181403"	"368517"	"181424"	"368540"	"2015-01-12"	"Intrekking:intrekking gehele veebestand"
"ODNML"	"6035NZ6"	"Vleesvee"	"Nee"	"Heiweg 6 6035NZ Ospel"	"Nederweert"	"5"	"Ja"	"3.983,65"	"54.276,50"	"99.850,00"	"182211"	"369473"	"182164"	"369526"	"2020-10-15"	"Vergunning:Omgevingsvergunning revisie"
"ODNML"	"6035PA6"	"Leghennen"	"Nee"	"Kreijelmusweg 6 6035PA Ospel"	"Nederweert"	"3"	"Ja"	"4.458,40"	"40.800,00"	"4.904.900,00"	"181206"	"367610"	"181312"	"367605"	"2024-02-05"	"Omgevingsvergunning-verandering"
"ODNML"	"6035PB0"	"Schapen"	"Nee"	"Nieuwstraat 0 6035PB OSPEL"	"Nederweert"	"1"	"Nee"	"210,00"	"2.340,00"	"0,00"	"181697"	"368360"	"181730"	"368372"	"2018-07-17"	"Vergunning:Omgevingsvergunning Inrichting"
"ODNML"	"6035PB19"	"Vleesvee"	"Nee"	"Nieuwstraat 19 6035PB Ospel"	"Nederweert"	"7"	"Nee"	"2.188,70"	"25.755,80"	"47.689,00"	"181313"	"368086"	"181271"	"368148"	"2023-11-23"	"Melding activiteitenbesluit met OBM"
"ODNML"	"6035PB21"	"Leghennen"	"Nee"	"Nieuwstraat 21 6035PB Ospel"	"Nederweert"	"1"	"Ja"	"6.940,70"	"36.839,00"	"3.169.237,50"	"181400"	"368154"	"181339"	"368219"	"2024-02-12"	"Ambtshalve wijziging"
"ODNML"	"6035PB26"	"voormalig bedrijf"	"Ja"	"Nieuwstraat 26 6035PB OSPEL"	"Nederweert"	"1"	"Nee"	"0,00"	"0,00"	"0,00"	"181325"	"367956"	"181325"	"367956"	"2014-04-23"	"Intrekking:intrekking gehele veebestand"
"ODNML"	"6035PB31"	"Vleesvarkens"	"Nee"	"Nieuwstraat 31 6035PB Ospel"	"Nederweert"	"5"	"Ja"	"2.494,32"	"48.866,40"	"167.736,00"	"181646"	"368282"	"181642"	"368352"	"2024-02-12"	"Ambtshalve wijziging"
"ODNML"	"6035PB34"	"Paarden"	"Nee"	"Nieuwstraat 34 6035PB Ospel"	"Nederweert"	"1"	"Nee"	"15,00"	"0,00"	"0,00"	"181443"	"368125"	"181453"	"368070"	"1900-01-01"	"Vergunning:onbekend"
"ODNML"	"6035PB42"	"Vleesvee"	"Nee"	"Nieuwstraat 42 6035PB Ospel"	"Nederweert"	"4"	"Nee"	"3.678,00"	"32.040,00"	"34.260,00"	"181646"	"368241"	"181660"	"368131"	"2022-05-25"	"Melding activiteitenbesluit"
"ODNML"	"6035PC11"	"Paarden"	"Nee"	"Ommelpad 11 6035PC Ospel"	"Nederweert"	"2"	"Nee"	"56,50"	"0,00"	"0,00"	"181788"	"369661"	"181760"	"369682"	"2013-05-14"	"Melding:Activiteitenbesluit"
"ODNML"	"6035PC13"	"Vleesvee"	"Nee"	"Ommelpad 13 6035PC Ospel"	"Nederweert"	"1"	"Nee"	"283,15"	"1.783,40"	"9.340,00"	"181899"	"370185"	"181864"	"370218"	"2009-10-02"	"Melding activiteitenbesluit"
"ODNML"	"6035PC16"	"voormalig bedrijf"	"Ja"	"Ommelpad 16 6035PC Ospel"	"Nederweert"	"6"	"Nee"	"nu"	"nu"	"nu"	"181753"	"369479"	"181826"	"369436"	"2023-02-13"	"Intrekking gehele veebestand"
"ODNML"	"6035PC18"	"voormalig bedrijf"	"Ja"	"Ommelpad 18 6035PC OSPEL"	"Nederweert"	"2"	"Nee"	"0,00"	"0,00"	"0,00"	"181849"	"369616"	"181830"	"369600"	"2007-06-01"	"Melding:intrekking gehele veebestand"
"ODNML"	"6035PC28"	"Vleesvarkens"	"Nee"	"Ommelpad 28 6035PC OSPEL"	"Nederweert"	"1"	"Nee"	"666,00"	"3.404,00"	"22.644,00"	"181994"	"370206"	"181969"	"370221"	"2024-10-25"	"Intrekking gedeeltelijk veebestand OW"
"ODNML"	"6035PC34"	"Vleesvee"	"Nee"	"Ommelpad 34 6035PC Ospel"	"Nederweert"	"4"	"Nee"	"4.073,90"	"30.936,40"	"38.605,00"	"181645"	"370464"	"181674"	"370511"	"2017-07-25"	"Melding:Activiteitenbesluit"
"ODNML"	"6035PC8"	"Leghennen"	"Nee"	"Ommelpad 8 6035PC Ospel"	"Nederweert"	"3"	"Nee"	"4.998,00"	"5.292,00"	"882.000,00"	"181503"	"368927"	"181491"	"368839"	"2011-01-05"	"Vergunning:Omgevingsvergunning Inrichting"
"ODNML"	"6035PE3"	"Leghennen"	"Nee"	"Relder 3 6035PE Ospel"	"Nederweert"	"4"	"Ja"	"12.488,00"	"27.792,80"	"505.110,00"	"182232"	"369216"	"182272"	"369124"	"2024-04-24"	"Omgevingsvergunning milieuneutraal"
"ODNML"	"6035PG2"	"Zeugen"	"Nee"	"Neulensteeg 2 6035PG OSPEL"	"Nederweert"	"3"	"Ja"	"9.460,00"	"138.591,20"	"1.111.512,00"	"181818"	"368459"	"181755"	"368643"	"2015-11-12"	"Vergunning:milieu neutrale wijziging"
"ODNML"	"6035PH0"	"Vleesvarkens"	"Nee"	"Horick 0 6035PH OSPEL"	"Nederweert"	"1"	"Nee"	"360,00"	"2.760,00"	"18.360,00"	"182668"	"368662"	"182677"	"368663"	"2010-09-17"	"Intrekking gedeeltelijk veebestand"
"ODNML"	"6035PH16"	"Leghennen"	"Nee"	"Horick 16 6035PH Ospel"	"Nederweert"	"4"	"Ja"	"3.851,12"	"31.430,52"	"3.623.972,00"	"182407"	"368589"	"182428"	"368476"	"2025-05-07"	"Omgevingsvergunning milieuneutraal"
"ODNML"	"6035PH1B"	"Leghennen"	"Nee"	"Horick 1B 6035PH Ospel"	"Nederweert"	"1"	"Nee"	"3.295,00"	"7.990,00"	"1.527.500,00"	"182037"	"368446"	"181902"	"368427"	"2011-04-05"	"Vergunning:Beschikkking WM revisievergunning"
"ODNML"	"6035PH34"	"Vleesvarkens"	"Ja"	"Horick 34 6035PH Ospel"	"Nederweert"	"1"	"Nee"	"nu"	"nu"	"nu"	"182936"	"368923"	"182961"	"368919"	"1995-01-31"	"Intrekking gehele veebestand"
"ODNML"	"6035PH7"	"voormalig bedrijf"	"Ja"	"Horick 7 6035PH OSPEL"	"Nederweert"	"2"	"Nee"	"0,00"	"0,00"	"0,00"	"182277"	"368624"	"182265"	"368604"	"2016-07-01"	"Intrekking:intrekking gehele veebestand"
"ODNML"	"6035PH9"	"Vleesvarkens"	"Nee"	"Horick 9 6035PH Ospel"	"Nederweert"	"2"	"Nee"	"1.037,00"	"9.678,00"	"61.074,00"	"182687"	"368723"	"182681"	"368764"	"2015-02-26"	"Vergunning:Omgevingsvergunning Inrichting"
"ODNML"	"6035PJ1EN3"	"Melkrundvee"	"Nee"	"Vlut 1EN 3 6035PJ OSPEL"	"Nederweert"	"2"	"Nee"	"1.718,60"	"0,00"	"15.398,00"	"182664"	"368620"	"182664"	"368620"	"1900-01-01"	"Vergunning:onbekend"
"ODNML"	"6035PM10B"	"Leghennen"	"Nee"	"Kampersweg 10B 6035PM OSPEL"	"Nederweert"	"4"	"Ja"	"4.217,50"	"36.550,00"	"5.208.937,50"	"182496"	"369593"	"182501"	"369630"	"2024-07-15"	"Ambtshalve wijziging"
"ODNML"	"6035PM15"	"Vleesvarkens"	"Nee"	"Kampersweg 15 6035PM Ospel"	"Nederweert"	"6"	"Ja"	"1.210,50"	"53.935,00"	"174.570,00"	"182424"	"369420"	"182358"	"369410"	"2024-12-09"	"Melding Besluit Activiteit Leefomgeving"
"ODNML"	"6035PM17"	"voormalig bedrijf"	"Ja"	"Kampersweg 17 6035PM Ospel"	"Nederweert"	"1"	"Nee"	"0,00"	"0,00"	"0,00"	"182408"	"369475"	"182360"	"369471"	"2013-12-05"	"Intrekking:"
"ODNML"	"6035PM2"	"Biggen"	"Nee"	"Kampersweg 2 6035PM Ospel"	"Nederweert"	"5"	"Nee"	"4.375,50"	"70.785,00"	"310.887,00"	"182288"	"368827"	"182313"	"368771"	"2014-11-13"	"Vergunning:Beschikkking WM revisievergunning"
"ODNML"	"6035PM5"	"Vleesvarkens"	"Nee"	"Kampersweg 5 6035PM OSPEL"	"Nederweert"	"4"	"Ja"	"7.683,60"	"110.068,60"	"879.698,00"	"182242"	"368980"	"182128"	"368999"	"2024-01-31"	"Ambtshalve wijziging"
"ODNML"	"6035PM8"	"Leghennen"	"Nee"	"Kampersweg 8 6035PM Ospel"	"Nederweert"	"3"	"Nee"	"3.476,00"	"5.352,00"	"840.000,00"	"182547"	"369469"	"182593"	"369464"	"2023-07-04"	"Melding activiteitenbesluit met OBM"
"ODNML"	"6035PN2"	"Vleesvee"	"Nee"	"Horickheide 2 6035PN Ospel"	"Nederweert"	"6"	"Nee"	"2.272,50"	"21.644,80"	"21.128,00"	"182507"	"369276"	"182560"	"369238"	"1900-01-01"	"Vergunning:onbekend"
"ODNML"	"6035PN7"	"Paarden"	"Nee"	"Horickheide 7 6035PN Ospel"	"Nederweert"	"2"	"Nee"	"64,99"	"2,04"	"504,00"	"182764"	"369491"	"182786"	"369505"	"2008-10-30"	"Melding activiteitenbesluit"
"ODNML"	"6035PR2"	"Melkrundvee"	"Nee"	"Gabriâ”œÂ½lweg 2 6035PR Ospel"	"Nederweert"	"1"	"Nee"	"61,50"	"0,00"	"1.290,00"	"183090"	"369983"	"183170"	"370006"	"2013-02-19"	"Melding:Activiteitenbesluit"
"ODNML"	"6035PR6"	"voormalig bedrijf"	"Ja"	"Gabrielweg 6 6035PR OSPEL"	"Nederweert"	"2"	"Nee"	"0,00"	"0,00"	"0,00"	"183325"	"369895"	"183325"	"369895"	"2014-11-25"	"Melding:intrekking gehele veebestand"
"ODNML"	"6035PS10"	"voormalig bedrijf"	"Ja"	"Reutskamerdijk 10 6035PS OSPEL"	"Nederweert"	"3"	"Nee"	"0,00"	"0,00"	"0,00"	"183525"	"369780"	"183525"	"369780"	"2015-06-29"	"Intrekking:intrekking gehele veebestand"
"ODNML"	"6035PS2"	"Vleeskuikens"	"Nee"	"Reutskamerdijk 2 6035PS Ospel"	"Nederweert"	"5"	"Ja"	"1.407,00"	"22.110,00"	"1.017.060,00"	"183079"	"369474"	"183238"	"369414"	"2017-12-12"	"Melding:Activiteitenbesluit"
"ODNML"	"6035PT13"	"Vleeskuikens"	"Nee"	"Schepengraaf 13 6035PT Ospel"	"Nederweert"	"4"	"Ja"	"2.719,85"	"26.221,30"	"1.008.505,00"	"183628"	"369410"	"183564"	"369402"	"2024-07-15"	"Ambtshalve wijziging"
"ODNML"	"6035PT25C"	"Leghennen"	"Nee"	"Schepengraaf 25C 6035PT OSPEL"	"Nederweert"	"2"	"Ja"	"5.250,00"	"20.700,00"	"2.375.900,00"	"183683"	"369992"	"183658"	"370011"	"2024-02-19"	"Ambtshalve wijziging"
"ODNML"	"6035PT33"	"Paarden"	"Nee"	"Schepengraaf 33 6035PT OSPEL"	"Nederweert"	"2"	"Nee"	"126,80"	"0,00"	"0,00"	"183916"	"370063"	"183916"	"370063"	"2011-12-31"	"Melding:Activiteitenbesluit"
"ODNML"	"6035PT37"	"voormalig bedrijf"	"Ja"	"Schepengraaf 37 6035PT Ospel"	"Nederweert"	"2"	"Nee"	"nu"	"nu"	"nu"	"184021"	"370105"	"183971"	"370163"	"2023-02-15"	"Intrekking gehele veebestand"
"ODNML"	"6035PV10"	"voormalig bedrijf"	"Ja"	"Schepengraaf 10 6035PV OSPEL"	"Nederweert"	"3"	"Nee"	"0,00"	"0,00"	"0,00"	"183906"	"369889"	"183906"	"369889"	"2007-11-14"	"Intrekking:intrekking gehele veebestand"
"ODNML"	"6035PV14"	"voormalig bedrijf"	"Ja"	"Schepengraaf 14 6035PV OSPEL"	"Nederweert"	"1"	"Nee"	"0,00"	"0,00"	"0,00"	"184026"	"369980"	"184026"	"369980"	"2019-06-19"	"Intrekking:intrekking gehele veebestand"
"ODNML"	"6035PW4"	"voormalig bedrijf"	"Ja"	"Hagelkruisbaan 4 6035PW OSPEL"	"Nederweert"	"1"	"Nee"	"0,00"	"0,00"	"0,00"	"183160"	"368792"	"183160"	"368792"	"2016-08-24"	"Intrekking:intrekking gehele veebestand"
"ODNML"	"6035PW5"	"voormalig bedrijf"	"Ja"	"Hagelkruisbaan 5 6035PW OSPEL"	"Nederweert"	"2"	"Nee"	"0,00"	"0,00"	"0,00"	"183027"	"368708"	"183027"	"368708"	"2016-08-22"	"Intrekking:intrekking gehele veebestand"
"ODNML"	"6035PW6C"	"Leghennen"	"Nee"	"Hagelkruisbaan 6C 6035PW Ospel"	"Nederweert"	"3"	"Nee"	"4.040,32"	"4.343,50"	"1.073.100,00"	"183187"	"369159"	"183232"	"369167"	"1997-02-27"	"Vergunning:Beschikkking WM revisievergunning"
"ODNML"	"6035PW8"	"Biggen"	"Nee"	"Hagelkruisbaan 8 6035PW Ospel"	"Nederweert"	"2"	"Nee"	"1.971,20"	"84.761,60"	"295.680,00"	"183290"	"369253"	"183453"	"369196"	"2025-05-12"	"Omgevingsvergunning-verandering OW"
"ODNML"	"6035PX3"	"Melkrundvee"	"Nee"	"Schinkelsweg 3 6035PX Ospel"	"Nederweert"	"6"	"Nee"	"2.228,00"	"1.224,00"	"26.242,00"	"183338"	"368884"	"183313"	"368857"	"2019-07-01"	"Melding:Activiteitenbesluit"
"ODNML"	"6035PX6"	"Melkrundvee"	"Ja"	"Schinkelsweg 6 6035PX Ospel"	"Nederweert"	"1"	"Nee"	"nu"	"nu"	"nu"	"183300"	"368925"	"183329"	"368930"	"2021-10-11"	"Melding beëindiging veehouderij"
"ODNML"	"6035PX7"	"Vleesvarkens"	"Nee"	"Schinkelsweg 7 6035PX OSPEL"	"Nederweert"	"2"	"Nee"	"615,00"	"4.715,00"	"31.365,00"	"182974"	"368902"	"182969"	"368891"	"2022-01-20"	"Vergunning:Omgevingsvergunning oprichting"
"ODNML"	"6035RA4"	"Nerts Vos"	"Nee"	"De Platkuil 4 6035RA Ospel"	"Nederweert"	"1"	"Nee"	"487,25"	"0,00"	"15.592,00"	"183799"	"369518"	"183802"	"369526"	"1900-01-01"	"Vergunning:onbekend"
"ODNML"	"6035RC0"	"Melkrundvee"	"Nee"	"Moost 0 6035RC OSPEL"	"Nederweert"	"2"	"Nee"	"1.111,05"	"0,00"	"10.446,00"	"182054"	"371746"	"182054"	"371746"	"2018-07-24"	"Melding:Activiteitenbesluit"
"ODNML"	"6035RD0"	"Vleesvee"	"Nee"	"Nieuwebaan 0 6035RD OSPEL"	"Nederweert"	"1"	"Nee"	"106,00"	"712,00"	"3.400,00"	"184607"	"370215"	"184607"	"370215"	"1900-01-01"	"Vergunning:onbekend"
"ODNML"	"6035RH47"	"Melkrundvee"	"Nee"	"Meijelsedijk 47 6035RH Ospel"	"Nederweert"	"2"	"Nee"	"1.764,20"	"0,00"	"15.872,00"	"183698"	"368818"	"183658"	"368867"	"2015-06-09"	"Melding:Activiteitenbesluit"
"ODNML"	"6035RJ0"	"voormalig bedrijf"	"Ja"	" 0 6035RJ "	"Nederweert"	"1"	"Nee"	"0,00"	"0,00"	"0,00"	"185350"	"370896"	"185353"	"370890"	"2011-12-31"	"Intrekking:intrekking gehele veebestand"
"ODNML"	"6035RJ85"	"Vleesvee"	"Nee"	"Meijelsedijk 85 6035RJ Ospel"	"Nederweert"	"1"	"Nee"	"87,50"	"890,00"	"825,00"	"184353"	"369546"	"184303"	"369569"	"2016-01-27"	"Melding:Activiteitenbesluit"
"ODNML"	"6035RK28"	"Vleeskuikens"	"Nee"	"Meijelsedijk 28 6035RK Ospel"	"Nederweert"	"4"	"Nee"	"1.403,48"	"13.238,67"	"879.978,00"	"184205"	"369331"	"184250"	"369286"	"2021-12-29"	"Melding activiteitenbesluit"
"ODNML"	"6035RL110"	"Melkrundvee"	"Nee"	"Meijelsedijk 110 6035RL Ospel"	"Nederweert"	"2"	"Nee"	"1.522,00"	"0,00"	"13.660,00"	"185249"	"370497"	"185308"	"370471"	"1900-01-01"	"Vergunning:onbekend"
"ODNML"	"6035RL76"	"Vleeskuikens"	"Nee"	"Meijelsedijk 76 6035RL Ospel"	"Nederweert"	"1"	"Nee"	"69,50"	"50,04"	"6.394,00"	"184773"	"369973"	"184828"	"369968"	"2015-06-03"	"Melding:Activiteitenbesluit"
"ODNML"	"6035RM2"	"Paarden"	"Nee"	"Oude dijk 2 6035RM Ospel"	"Nederweert"	"3"	"Nee"	"1.540,10"	"0,00"	"9.640,00"	"185786"	"371387"	"185830"	"371393"	"2022-09-22"	"Melding activiteitenbesluit met OBM"
"ODNML"	"6035RN2"	"Leghennen"	"Nee"	"Reebergweg 2 6035RN Ospel"	"Nederweert"	"4"	"Nee"	"2.882,96"	"12.332,48"	"2.365.572,00"	"184402"	"369261"	"184401"	"369287"	"2008-07-10"	"Vergunning:Beschikkking WM revisievergunning"
"ODNML"	"6035RN6"	"voormalig bedrijf"	"Ja"	"Reebergweg 6 6035RN OSPEL"	"Nederweert"	"3"	"Nee"	"0,00"	"0,00"	"0,00"	"184585"	"369244"	"184585"	"369244"	"2012-11-27"	"Intrekking:intrekking gehele veebestand"
"ODNML"	"6035RN7"	"Zeugen"	"Nee"	"Reebergweg 7 6035RN Ospel"	"Nederweert"	"6"	"Nee"	"2.549,57"	"24.757,16"	"1.172.922,00"	"184876"	"369106"	"184915"	"369145"	"2025-06-16"	"Omgevingsvergunning milieuneutraal"
"ODNML"	"6035RP18"	"voormalig bedrijf"	"Ja"	"Plattepeeldijk 18 6035RP OSPEL"	"Nederweert"	"2"	"Nee"	"0,00"	"0,00"	"0,00"	"183776"	"368436"	"183776"	"368436"	"2018-06-19"	"Intrekking:intrekking gehele veebestand"
"ODNML"	"6035RP24"	"Leghennen"	"Nee"	"Plattepeeldijk 24 6035RP Ospel"	"Nederweert"	"6"	"Ja"	"5.335,20"	"20.155,20"	"3.853.200,00"	"184026"	"368646"	"184101"	"368552"	"2024-02-19"	"Ambtshalve wijziging"
"ODNML"	"6035RP25"	"Vleeskuikens"	"Nee"	"Plattepeeldijk 25 6035RP Ospel"	"Nederweert"	"4"	"Ja"	"2.187,50"	"20.625,00"	"1.375.000,00"	"183715"	"368503"	"183742"	"368566"	"2020-03-09"	"Vergunning:Omgevingsvergunning verandering"
"ODNML"	"6035RP29"	"Ov.Pluimvee"	"Nee"	"Plattepeeldijk 29 6035RP Ospel"	"Nederweert"	"2"	"Nee"	"7.526,62"	"8.123,96"	"2.007.096,00"	"183882"	"368596"	"183928"	"368597"	"2024-01-22"	"Melding activiteitenbesluit met OBM"
"ODNML"	"6035RP37"	"Leghennen"	"Nee"	"Plattepeeldijk 37 6035RP Ospel"	"Nederweert"	"2"	"Nee"	"5.950,00"	"6.300,00"	"1.050.000,00"	"184123"	"368742"	"184133"	"368810"	"2013-01-24"	"Vergunning:Beschikkking WM revisievergunning"
"ODNML"	"6035RS13"	"Melkrundvee"	"Nee"	"Kruisvennendijk 13 6035RS Ospel"	"Nederweert"	"2"	"Nee"	"528,00"	"0,00"	"4.560,00"	"184761"	"368654"	"184764"	"368691"	"2015-03-06"	"Melding:Activiteitenbesluit"
"ODNML"	"6035RS17"	"Paarden"	"Nee"	"Kruisvennendijk 17 6035RS Ospel"	"Nederweert"	"1"	"Nee"	"110,00"	"0,00"	"0,00"	"185168"	"369140"	"185137"	"369171"	"2019-10-28"	"Melding:Activiteitenbesluit"
"ODNML"	"6035RS23"	"Schapen"	"Nee"	"Kruisvennendijk 23 6035RS Ospel"	"Nederweert"	"1"	"Nee"	"12,60"	"140,40"	"0,00"	"185442"	"369443"	"185418"	"369450"	"2017-08-03"	"Melding:Activiteitenbesluit"
"ODNML"	"6035RS31"	"Melkrundvee"	"Nee"	"Kruisvennendijk 31 6035RS Ospel"	"Nederweert"	"2"	"Nee"	"1.894,00"	"0,00"	"17.056,00"	"186039"	"370143"	"186020"	"370205"	"1900-01-01"	"Vergunning:onbekend"
"ODNML"	"6035RS5"	"Paarden"	"Nee"	"Kruisvennendijk 5 6035RS Ospel"	"Nederweert"	"4"	"Nee"	"137,90"	"0,00"	"1.670,00"	"183472"	"367834"	"183435"	"367884"	"1900-01-01"	"Vergunning:onbekend"
"ODNML"	"6035RS7"	"voormalig bedrijf"	"Ja"	"Kruisvennendijk 7 6035RS OSPEL"	"Nederweert"	"1"	"Nee"	"0,00"	"0,00"	"0,00"	"183578"	"367903"	"183578"	"367903"	"2016-06-20"	"Intrekking:intrekking gehele veebestand"
"ODNML"	"6035RT14"	"Zeugen"	"Nee"	"Kruisvennendijk 14 6035RT Ospel"	"Nederweert"	"5"	"Ja"	"5.325,86"	"91.389,40"	"358.300,00"	"183845"	"367939"	"183899"	"367913"	"2011-05-02"	"Vergunning:Beschikking WM actualiseringsvergunning"
"ODNML"	"6035RT18"	"Vleesvee"	"Nee"	"Kruisvennendijk 18 6035RT Ospel"	"Nederweert"	"4"	"Nee"	"3.573,50"	"36.347,60"	"33.693,00"	"184602"	"368425"	"184664"	"368418"	"2019-01-29"	"Vergunning:Omgevingsvergunning Inrichting"
"ODNML"	"6035RT24"	"Vleesvee"	"Nee"	"Kruisvennendijk 24 6035RT Ospel"	"Nederweert"	"5"	"Nee"	"363,30"	"2.064,80"	"5.960,00"	"185299"	"369210"	"185365"	"369169"	"1900-01-01"	"Vergunning:onbekend"
"ODNML"	"6035RT26A"	"Vleesvarkens"	"Nee"	"Kruisvennendijk 26A 6035RT Ospel"	"Nederweert"	"3"	"Ja"	"11.804,00"	"84.640,00"	"583.460,00"	"185508"	"369463"	"185613"	"369431"	"2024-06-11"	"Ambtshalve wijziging"
"ODNML"	"6035RW1"	"Melkrundvee"	"Nee"	"Bientjesweg 1 6035RW Ospel"	"Nederweert"	"1"	"Nee"	"35,20"	"0,00"	"304,00"	"185015"	"368516"	"185060"	"368539"	"1900-01-01"	"Vergunning:onbekend"
"ODNML"	"6035RW2"	"Melkrundvee"	"Nee"	"Bientjesweg 2 6035RW Ospel"	"Nederweert"	"1"	"Nee"	"2.854,40"	"0,00"	"25.568,00"	"185134"	"368237"	"185100"	"368229"	"2014-06-23"	"Melding:Activiteitenbesluit"
"ODNML"	"6035RW4"	"Zeugen"	"Nee"	"Bientjesweg 4 6035RW Ospel"	"Nederweert"	"4"	"Ja"	"969,70"	"16.628,40"	"125.168,00"	"185356"	"367902"	"185297"	"367899"	"2024-01-17"	"Ambtshalve wijziging"
"ODNML"	"6035RX18"	"Melkrundvee"	"Nee"	"Venloseweg 18 6035RX Ospel"	"Nederweert"	"3"	"Nee"	"2.648,60"	"0,00"	"29.198,00"	"187829"	"369195"	"187820"	"369222"	"2014-10-27"	"Melding:Activiteitenbesluit"
"ODNML"	"6035RX5"	"Leghennen"	"Nee"	"Venloseweg 5 6035RX Ospel"	"Nederweert"	"2"	"Nee"	"3.549,93"	"4.667,86"	"1.153.236,00"	"183069"	"366528"	"183062"	"366606"	"2016-07-14"	"Melding:Activiteitenbesluit"
"ODNML"	"6035RX6"	"Paarden"	"Nee"	"Venloseweg 6 6035RX Ospel"	"Nederweert"	"1"	"Nee"	"17,00"	"78,00"	"0,00"	"183219"	"366614"	"183218"	"366615"	"2017-02-02"	"Melding:Activiteitenbesluit"
"ODNML"	"6035RZ3"	"Paarden"	"Nee"	"Waatskamperheide 3 6035RZ Ospel"	"Nederweert"	"1"	"Nee"	"40,00"	"0,00"	"0,00"	"183989"	"367447"	"183913"	"367462"	"1900-01-01"	"Vergunning:onbekend"
"ODNML"	"6035RZ9"	"Leghennen"	"Nee"	"Waatskamperheide 9 6035RZ Ospel"	"Nederweert"	"4"	"Ja"	"2.027,64"	"20.366,00"	"3.114.800,00"	"184379"	"367636"	"184304"	"367727"	"2021-12-23"	"Omgevingsvergunning-verandering"
"ODNML"	"6035SB8"	"Melkrundvee"	"Ja"	"Beelenstraat 8 6035SB Ospel"	"Nederweert"	"1"	"Nee"	"nu"	"nu"	"nu"	"183930"	"367659"	"183967"	"367624"	"2026-01-26"	"Melding beëindiging veehouderij"
"ODNML"	"6035SC3B"	"Vleesvarkens"	"Nee"	"Vrijkebomenweg 3B 6035SC OSPEL"	"Nederweert"	"5"	"Nee"	"2.155,60"	"34.960,00"	"117.260,00"	"183721"	"367474"	"183692"	"367460"	"2023-03-22"	"Melding activiteitenbesluit met OBM"
"ODNML"	"6035SC9"	"Melkrundvee"	"Nee"	"Vrijkebomenweg 9 6035SC Ospel"	"Nederweert"	"3"	"Nee"	"3.334,20"	"0,00"	"30.378,00"	"183805"	"367146"	"183876"	"367065"	"1900-01-01"	"Vergunning:onbekend"
"OMWB"	"6035SG14"	"Melkrundvee"	"Nee"	"Kreijel 14 6035SG Ospel"	"Nederweert"	"2"	"Nee"	"2.634,20"	"0,00"	"49.130,00"	"182065"	"366773"	"182101"	"366822"	"2023-06-27"	"Omgevingsvergunning milieuneutraal"
"ODNML"	"6035SG3"	"Melkrundvee"	"Nee"	"Kreijel 3 6035SG Ospel"	"Nederweert"	"3"	"Nee"	"207,30"	"35,60"	"2.724,00"	"182733"	"366750"	"182769"	"366677"	"1900-01-01"	"Vergunning:onbekend"
"ODNML"	"6035SG9"	"Ov.Pluimvee"	"Ja"	"Kreijel 9 6035SG Ospel"	"Nederweert"	"4"	"Nee"	"nu"	"nu"	"nu"	"182358"	"366770"	"182380"	"366717"	"2026-01-28"	"Intrekken gehele veebestand OW"
"ODNML"	"6035SH1"	"Paarden"	"Nee"	"Bochtstraat 1 6035SH Ospel"	"Nederweert"	"1"	"Nee"	"90,00"	"0,00"	"0,00"	"182428"	"366587"	"182479"	"366623"	"1900-01-01"	"Vergunning:onbekend"
"ODNML"	"6035SH8"	"Vleesvarkens"	"Nee"	"Bochtstraat 8 6035SH Ospel"	"Nederweert"	"3"	"Ja"	"3.516,30"	"38.290,80"	"178.023,00"	"182742"	"366465"	"182748"	"366398"	"2024-01-17"	"Ambtshalve wijziging"
"ODNML"	"6035SJ14"	"Vleesvarkens"	"Nee"	"Schans 14 6035SJ OSPEL"	"Nederweert"	"3"	"Nee"	"2.895,50"	"26.427,00"	"169.560,00"	"182154"	"366618"	"182102"	"366627"	"2014-02-20"	"Melding:Activiteitenbesluit"
"ODNML"	"6035SJ4"	"Paarden"	"Nee"	"Schans 4 6035SJ Ospel"	"Nederweert"	"1"	"Nee"	"117,10"	"0,00"	"0,00"	"181965"	"366325"	"182009"	"366315"	"2012-10-29"	"Melding:besluit landbouwbedrijven milieubeheer"
"ODNML"	"6035SL0"	"Schapen"	"Nee"	" 0 6035SL "	"Nederweert"	"1"	"Nee"	"105,00"	"1.170,00"	"0,00"	"185064"	"369760"	"185064"	"369760"	"2017-10-31"	"Melding:Activiteitenbesluit"
"ODNML"	"6035SL10"	"Zeugen"	"Nee"	"Diepvennendijk 10 6035SL Ospel"	"Nederweert"	"8"	"Nee"	"1.464,10"	"21.408,20"	"197.145,00"	"184946"	"369711"	"184937"	"369597"	"1900-01-01"	"Vergunning:onbekend"
"ODNML"	"6035SM6"	"Melkrundvee"	"Nee"	"Visvijversweg 6 6035SM Ospel"	"Nederweert"	"1"	"Nee"	"140,80"	"0,00"	"1.216,00"	"187486"	"370070"	"187530"	"370075"	"2014-10-13"	"Melding:Activiteitenbesluit"
"ODNML"	"6035SN11"	"Vleesvarkens"	"Nee"	"Zwarteboordweg 11 6035SN OSPEL"	"Nederweert"	"3"	"Ja"	"3.974,40"	"66.905,60"	"382.064,00"	"185389"	"370078"	"185416"	"370063"	"2024-10-07"	"Omgevingsvergunning-verandering OW"
"ODNML"	"6035SN4"	"Vleesvee"	"Nee"	"Zwarteboordweg 4 6035SN OSPEL"	"Nederweert"	"4"	"Nee"	"6.612,50"	"59.102,00"	"153.285,00"	"185739"	"369560"	"185754"	"369569"	"2016-03-21"	"Melding:Activiteitenbesluit"
"ODNML"	"6035SP12"	"Vleesvarkens"	"Nee"	"Klaarstraatzijweg 12 6035SP OSPEL"	"Nederweert"	"2"	"Nee"	"4.050,00"	"20.700,00"	"137.700,00"	"181683"	"367381"	"181683"	"367381"	"1900-01-01"	"Vergunning:onbekend"
"ODNML"	"6035SR6"	"Melkrundvee"	"Nee"	"Witteplakdijk 6 6035SR Ospel"	"Nederweert"	"3"	"Nee"	"2.949,60"	"0,00"	"28.920,00"	"186698"	"369972"	"186667"	"369880"	"2013-06-07"	"Melding:Activiteitenbesluit"
"ODNML"	"6035SR7"	"Nerts Vos"	"Nee"	"Witteplakdijk 7 6035SR Ospel"	"Nederweert"	"3"	"Nee"	"2.363,10"	"0,00"	"73.120,00"	"186818"	"370147"	"186756"	"370199"	"2015-07-09"	"Vergunning:Omgevingsvergunning Inrichting"
"ODNML"	"6035ST6"	"Melkrundvee"	"Nee"	"Hogekruisdijk 6 6035ST Ospel"	"Nederweert"	"2"	"Nee"	"1.590,80"	"0,00"	"14.300,00"	"186541"	"371088"	"186548"	"371048"	"1900-01-01"	"Vergunning:onbekend"
"ODNML"	"6035SX5"	"Vleesvarkens"	"Nee"	"Klaarstraatzijweg 5 6035SX OSPEL"	"Nederweert"	"2"	"Ja"	"1.661,85"	"46.901,10"	"114.483,00"	"181575"	"367290"	"181537"	"367272"	"2024-01-31"	"Ambtshalve wijziging"
"ODNML"	"6035SZ11"	"voormalig bedrijf"	"Ja"	"Frenkenbaan 11 6035SZ OSPEL"	"Nederweert"	"2"	"Nee"	"0,00"	"0,00"	"0,00"	"181955"	"371028"	"181959"	"371007"	"2015-01-14"	"Intrekking:intrekking gehele veebestand"
"ODNML"	"6037NK1"	"voormalig bedrijf"	"Ja"	"Hunselerdijk 1 6037NK KELPEN-OLER"	"Leudal"	"4"	"Ja"	"0,00"	"0,00"	"0,00"	"186236"	"356873"	"186210"	"356890"	"2019-02-06"	"Melding:intrekking gehele veebestand"
"ODNML"	"6037NK5A"	"Vleeskuikens"	"Nee"	"Hunselerdijk 5A 6037NK KELPEN-OLER"	"Leudal"	"3"	"Ja"	"2.660,00"	"33.000,00"	"1.804.000,00"	"186886"	"357494"	"186868"	"357524"	"2022-03-08"	"Vergunning:Omgevingsvergunning verandering"
"ODNML"	"6037NK7A"	"Paarden"	"Nee"	"Hunselerdijk 7 6037NK Kelpen-Oler"	"Leudal"	"2"	"Nee"	"nu"	"nu"	"nu"	"187077"	"357632"	"187069"	"357706"	"2024-09-19"	"Intrekken gehele veebestand OW"
"ODNML"	"6037NL11A"	"Vleeskuikens"	"Nee"	"Kuiperweg 11A 6037NL KELPEN-OLER"	"Leudal"	"5"	"Ja"	"8.527,00"	"68.574,00"	"4.571.600,00"	"186739"	"358393"	"186748"	"358434"	"2011-05-19"	"Vergunning:Beschikkking WM revisievergunning"
"ODNML"	"6037NL15"	"Melkrundvee"	"Nee"	"Kuiperweg 15 6037NL Kelpen-Oler"	"Leudal"	"1"	""	"700,00"	"0,00"	"6.286,00"	"186479"	"358745"	"186538"	"358748"	"2012-01-18"	"Melding:besluit landbouwbedrijven milieubeheer"
"ODNML"	"6037NL9"	"Melkrundvee"	"Nee"	"Kuiperweg 9 6037NL Kelpen-Oler"	"Leudal"	"1"	""	"624,00"	"0,00"	"5.664,00"	"186720"	"358297"	"186744"	"358308"	"2022-12-19"	"Melding activiteitenbesluit"
"ODNML"	"6037NM1A"	"Vleeskuikens"	"Nee"	"Kempisweg 1A 6037NM KELPEN-OLER"	"Leudal"	"4"	"Ja"	"6.900,00"	"41.400,00"	"2.645.000,00"	"187498"	"358205"	"187528"	"358220"	"2023-11-09"	"Omgevingsvergunning-revisie"
"ODNML"	"6037NM3"	"Melkrundvee"	"Nee"	"Kempisweg 3 6037NM Kelpen-Oler"	"Leudal"	"3"	""	"1.871,80"	"213,60"	"20.398,00"	"187445"	"358490"	"187469"	"358547"	"2020-11-18"	"Melding:Activiteitenbesluit"
"ODNML"	"6037NM5"	"Paarden"	"Nee"	"Kempisweg 5 6037NM Kelpen-Oler"	"Leudal"	"1"	""	"76,80"	"0,00"	"0,00"	"187213"	"358659"	"187258"	"358658"	"2003-03-18"	"Vergunning:oprichtingsvergunning"
"ODNML"	"6037NN1"	"voormalig bedrijf"	"Ja"	"Graetheideweg 1 6037NN Kelpen-Oler"	"Leudal"	"1"	""	"0,00"	"0,00"	"0,00"	"186572"	"359236"	"186509"	"359224"	"2019-12-11"	"Intrekking:Activiteitenbesluit"
"ODNML"	"6037NN2A"	"voormalig bedrijf"	"Ja"	"Graetheideweg 2A 6037NN KELPEN-OLER"	"Leudal"	"1"	""	"0,00"	"0,00"	"0,00"	"186900"	"358972"	"186900"	"358972"	"2019-08-08"	"Intrekking:Activiteitenbesluit"
"ODNML"	"6037NP11"	"Melkrundvee"	"Nee"	"Grathemerweg 11 6037NP Kelpen-Oler"	"Leudal"	"1"	""	"330,30"	"890,00"	"5.304,00"	"185836"	"358087"	"185857"	"358080"	"1995-10-12"	"Melding:besluit landbouwbedrijven milieubeheer"
"ODNML"	"6037NP19"	"Ov.Pluimvee"	"Nee"	"Grathemerweg 19 6037NP Kelpen-Oler"	"Leudal"	"3"	""	"793,80"	"11.550,00"	"566.720,00"	"185894"	"358551"	"185941"	"358573"	"2022-07-12"	"Melding activiteitenbesluit met OBM"
"ODNML"	"6037NP3"	"Leghennen"	"Nee"	"Grathemerweg 3 6037NP Kelpen-Oler"	"Leudal"	"5"	"Ja"	"4.070,36"	"24.414,38"	"3.536.611,00"	"186607"	"357438"	"186626"	"357521"	"2013-06-18"	"Vergunning:beschikking WM veranderingsvergunning"
"ODNML"	"6037NR20"	"voormalig bedrijf"	"Ja"	"Grathemerweg 20 6037NR KELPEN-OLER"	"Leudal"	"1"	"Nee"	"0,00"	"0,00"	"0,00"	"185776"	"358293"	"185776"	"358293"	"2011-08-30"	"Intrekking:intrekking gehele veebestand"
"ODNML"	"6037NR6"	"Paarden"	"Nee"	"Grathemerweg 6 6037NR Kelpen-Oler"	"Leudal"	"1"	"Nee"	"320,00"	"0,00"	"0,00"	"186581"	"357411"	"186549"	"357396"	"2004-05-23"	"Melding:besluit landbouwbedrijven milieubeheer"
"ODNML"	"6037NT1"	"Melkrundvee"	"Nee"	"Kanaalweg 1 6037NT Kelpen-Oler"	"Leudal"	"1"	"Nee"	"1.131,00"	"0,00"	"10.140,00"	"185378"	"357997"	"185392"	"357988"	"1995-02-02"	"Melding:AMvB melkveehouderij"
"ODNML"	"6037NV10"	"Vleesvarkens"	"Nee"	"Ensebroekerweg 10 6037NV KELPEN-OLER"	"Leudal"	"1"	"Ja"	"1.372,80"	"39.665,60"	"99.632,00"	"187712"	"359036"	"187726"	"359097"	"2018-10-04"	"Melding:beschikking WM melding art 8.19"
"ODNML"	"6037NV11"	"Paarden"	"Nee"	"Ensebroekerweg 11 6037NV Kelpen-Oler"	"Leudal"	"1"	"Nee"	"40,00"	"0,00"	"0,00"	"187217"	"358708"	"187169"	"358716"	"2008-01-25"	"Melding:besluit landbouwbedrijven milieubeheer"
"ODNML"	"6037NV12"	"Vleesvarkens"	"Nee"	"Ensebroekerweg 12 6037NV Kelpen-Oler"	"Leudal"	"2"	"Nee"	"3.377,80"	"49.828,20"	"368.247,00"	"187845"	"359080"	"187837"	"359170"	"2020-04-30"	"Melding:Activiteitenbesluit"
"ODNML"	"6037NV2"	"Melkrundvee"	"Nee"	"Ensebroekerweg 2 6037NV Kelpen-Oler"	"Leudal"	"1"	""	"2.828,20"	"356,00"	"28.870,00"	"186279"	"358670"	"186293"	"358693"	"2012-04-26"	"Melding:besluit landbouwbedrijven milieubeheer"
"ODNML"	"6037NZ12"	"Vleeskuikens"	"Nee"	"Heideweg 12 6037NZ Kelpen-Oler"	"Leudal"	"6"	"Ja"	"10.595,40"	"33.766,50"	"3.275.800,00"	"186532"	"359583"	"186512"	"359665"	"2015-01-06"	"Vergunning:Beschikkking WM revisievergunning"
"ODNML"	"6037NZ7"	"Melkrundvee"	"Nee"	"Heideweg 7 6037NZ Kelpen-Oler"	"Leudal"	"1"	""	"3.216,00"	"0,00"	"28.920,00"	"186866"	"359514"	"186879"	"359478"	"2009-03-11"	"Vergunning:Beschikkking WM revisievergunning"
"ODNML"	"6037NZ8"	"Konijnen"	"Nee"	"Heideweg 8 6037NZ Kelpen-Oler"	"Leudal"	"1"	""	"1.106,50"	"7,80"	"0,00"	"186205"	"359596"	"186237"	"359621"	"2021-11-05"	"Intrekking gedeeltelijk veebestand"
"ODNML"	"6037RC1"	"Vleeskuikens"	"Nee"	"Eyckheuvels 1 6037RC Kelpen-Oler"	"Leudal"	"4"	"Nee"	"1.905,60"	"11.952,00"	"586.224,00"	"184408"	"360297"	"184354"	"360199"	"2024-06-07"	"Melding activiteitenbesluit met OBM"
"ODNML"	"6037RC2"	"Leghennen"	"Nee"	"Eyckheuvels 2 6037RC Kelpen-Oler"	"Leudal"	"3"	"Ja"	"6.967,50"	"28.041,50"	"3.895.125,00"	"184452"	"360253"	"184533"	"360286"	"2023-12-07"	"Melding activiteitenbesluit"
"ODNML"	"6037RD9"	"Melkrundvee"	"Nee"	"Rijksweg Zuid 9 6037RD Kelpen-Oler"	"Leudal"	"1"	""	"113,00"	"0,00"	"2.570,00"	"184367"	"360511"	"184385"	"360529"	"2023-01-16"	"Intrekking gedeeltelijk veebestand"
"ODNML"	"6037RE10"	"Melkrundvee"	"Nee"	"Rijksweg Noord 10 6037RE Kelpen-Oler"	"Leudal"	"1"	""	"1.865,00"	"9.256,00"	"40.700,00"	"187158"	"360031"	"187164"	"360072"	"1999-08-23"	"Vergunning:Beschikkking WM revisievergunning"
"ODNML"	"6037RE3"	"Vleesvarkens"	"Nee"	"Rijksweg Noord 3 6037RE Kelpen-Oler"	"Leudal"	"6"	"Ja"	"5.664,52"	"70.176,60"	"578.606,00"	"187380"	"359579"	"187403"	"359602"	"2021-10-28"	"Vergunning:Omgevingsvergunning revisie"
"ODNML"	"6037RE8"	"Vleesvarkens"	"Nee"	"Rijksweg Noord 8 6037RE Kelpen-Oler"	"Leudal"	"4"	"Ja"	"3.735,00"	"134.596,00"	"827.640,00"	"186955"	"359984"	"186957"	"360111"	"2009-08-18"	"Vergunning:Beschikkking WM revisievergunning"
"ODNML"	"6037RG1"	"Melkrundvee"	"Nee"	"Keversbroek 1 6037RG Kelpen-Oler"	"Leudal"	"1"	""	"1.342,50"	"1.246,00"	"12.035,00"	"186378"	"360696"	"186365"	"360715"	"2001-12-13"	"Vergunning:gedeeltelijke intrekking"
"ODNML"	"6037RG2"	"Melkrundvee"	"Nee"	"Keversbroek 2 6037RG Kelpen-Oler"	"Leudal"	"1"	""	"2.888,10"	"427,20"	"31.982,00"	"186583"	"360458"	"186613"	"360473"	"2013-04-26"	"Melding:Activiteitenbesluit"
"ODNML"	"6037RG3"	"Melkrundvee"	"Nee"	"Keversbroek 3 6037RG Kelpen-Oler"	"Leudal"	"1"	""	"1.608,00"	"0,00"	"14.460,00"	"186607"	"360161"	"186630"	"360188"	"2007-12-13"	"Melding:besluit landbouwbedrijven milieubeheer"
"ODNML"	"6037RH1"	"Vleesvarkens"	"Nee"	"Zandstraat 1 6037RH Kelpen-Oler"	"Leudal"	"1"	""	"900,00"	"14.076,00"	"89.748,00"	"185733"	"360255"	"185768"	"360198"	"2011-10-18"	"Vergunning:WM uitbreidings-wijzigingsvergunning"
"ODNML"	"6037RH3"	"Leghennen"	"Nee"	"Zandstraat 3 6037RH Kelpen-Oler"	"Leudal"	"6"	"Ja"	"9.650,60"	"49.271,60"	"4.974.073,00"	"185886"	"360336"	"185972"	"360322"	"2023-07-17"	"Omgevingsvergunning-revisie"
"ODNML"	"6037RH4"	"voormalig bedrijf"	"Ja"	"Zandstraat 4 6037RH KELPEN-OLER"	"Leudal"	"1"	"Nee"	"0,00"	"0,00"	"0,00"	"185880"	"360383"	"185880"	"360383"	"2013-02-19"	"Intrekking:intrekking gehele veebestand"
"ODNML"	"6037RH8"	"Paarden"	"Nee"	"Zandstraat 8 6037RH Kelpen-Oler"	"Leudal"	"1"	""	"205,20"	"0,00"	"0,00"	"185972"	"360431"	"185949"	"360470"	"1997-01-01"	"Vergunning:Beschikkking WM revisievergunning"
"ODNML"	"6037RJ1"	"Melkrundvee"	"Nee"	"Begijnhofweg 1 6037RJ Kelpen-Oler"	"Leudal"	"1"	""	"1.558,00"	"0,00"	"14.460,00"	"184625"	"360828"	"184599"	"360844"	"2017-04-13"	"Melding:Activiteitenbesluit"
"ODNML"	"6037RJ1A"	"Melkrundvee"	"Nee"	"Begijnhofweg 1A 6037RJ KELPEN-OLER"	"Leudal"	"1"	"Nee"	"1.807,50"	"1.174,80"	"21.775,00"	"184517"	"360861"	"184517"	"360861"	"2004-04-22"	"Vergunning:oprichtingsvergunning"
"ODNML"	"6037RJ7"	"Vleesvarkens"	"Nee"	"Begijnhofweg 7 6037RJ Kelpen-Oler"	"Leudal"	"1"	""	"3.150,00"	"24.150,00"	"160.650,00"	"184656"	"360572"	"184755"	"360690"	"2019-08-20"	"Vergunning:Omgevingsvergunning beperkte milieutoets"
"ODNML"	"6037RL41"	"Melkrundvee"	"Nee"	"Kelperweg 41 6037RL Kelpen-Oler"	"Leudal"	"8"	"Nee"	"1.133,30"	"2.812,40"	"29.409,00"	"185089"	"360714"	"185124"	"360706"	"2022-08-18"	"Omgevingsvergunning-verandering"
"ODNML"	"6037RM22-39"	"Melkrundvee"	"Nee"	"Kelperweg 22-39 6037RM KELPEN-OLER"	"Leudal"	"8"	"Nee"	"2.171,12"	"7.797,60"	"135.128,00"	"185086"	"361092"	"185190"	"360924"	"2020-02-04"	"Vergunning:Omgevingsvergunning beperkte milieutoets"
"ODNML"	"6037RM24"	"Paarden"	"Nee"	"Kelperweg 24 6037RM Kelpen-Oler"	"Leudal"	"1"	""	"173,50"	"585,00"	"0,00"	"185093"	"360893"	"185071"	"360882"	"2005-08-16"	"Vergunning:Beschikkking WM revisievergunning"
"ODNML"	"6037RM30"	"Paarden"	"Nee"	"Kelperweg 30 6037RM Kelpen-Oler"	"Leudal"	"1"	""	"5,00"	"0,00"	"0,00"	"184885"	"360581"	"184888"	"360610"	"2009-05-25"	"Melding:besluit landbouwbedrijven milieubeheer"
"ODNML"	"6037RN41"	"Melkrundvee"	"Nee"	"Grathemerweg 41 6037RN Kelpen-Oler"	"Leudal"	"1"	""	"1.432,00"	"0,00"	"15.940,00"	"185490"	"359545"	"185524"	"359558"	"2010-09-10"	"Melding:besluit landbouwbedrijven milieubeheer"
"ODNML"	"6037RP74A"	"Nerts Vos"	"Nee"	"Grathemerweg 74A 6037RP KELPEN-OLER"	"Leudal"	"1"	""	"747,50"	"0,00"	"23.920,00"	"185124"	"359736"	"185100"	"359728"	"2013-06-18"	"Vergunning:beschikking WM veranderingsvergunning"
"ODNML"	"6037SL2"	"Leghennen"	"Nee"	"Leemvenweg 2 6037SL KELPEN-OLER"	"Leudal"	"1"	"Nee"	"1.218,00"	"9.860,00"	"1.885.000,00"	"184739"	"359671"	"184739"	"359671"	"2016-05-31"	"Melding:Activiteitenbesluit"
"ODNML"	"6039AN96"	"voormalig bedrijf"	"Ja"	"Bergerothweg 96 6039AN Stramproy"	"Weert"	"1"	"Nee"	"0,00"	"0,00"	"0,00"	"176964"	"356641"	"176986"	"356680"	"2017-01-01"	"Intrekking:Activiteitenbesluit"
"ODNML"	"6039EB73"	"Vleeskuikens"	"Ja"	"Veldstraat 73 6039EB Stramproy"	"Weert"	"4"	"Nee"	"nu"	"nu"	"nu"	"177643"	"356344"	"177540"	"356365"	"2023-08-28"	"Intrekking gehele veebestand"
"ODNML"	"6039EB85"	"voormalig bedrijf"	"Ja"	"Veldstraat 85 6039EB STRAMPROY"	"Weert"	"3"	"Nee"	"0,00"	"0,00"	"0,00"	"177515"	"356627"	"177509"	"356626"	"2012-05-16"	"Intrekking:intrekking gehele veebestand"
"ODNML"	"6039EK62"	"Schapen"	"Nee"	"Kruisstraat 62 6039EK Stramproy"	"Weert"	"1"	"Nee"	"59,50"	"156,00"	"430,00"	"177347"	"356143"	"177369"	"356186"	"2020-09-07"	"Melding activiteitenbesluit"
"ODNML"	"6039EK66A"	"Leghennen"	"Nee"	"Kruisstraat 66A 6039EK STRAMPROY"	"Weert"	"5"	"Ja"	"6.077,07"	"43.844,34"	"3.747.402,00"	"177172"	"356415"	"177175"	"356435"	"2022-03-15"	"Omgevingsvergunning-revisie"
"ODNML"	"6039GC19"	"voormalig bedrijf"	"Ja"	"Horsterweg 19 6039GC STRAMPROY"	"Weert"	"1"	"Nee"	"0,00"	"0,00"	"0,00"	"178306"	"355757"	"175252"	"355825"	"2003-01-10"	"Intrekking:intrekking gehele veebestand"
"ODNML"	"6039GC59"	"voormalig bedrijf"	"Ja"	"Horsterweg 59 6039GC Stramproy"	"Weert"	"1"	"Nee"	"0,00"	"0,00"	"0,00"	"177580"	"355568"	"177568"	"355564"	"2021-01-14"	"Intrekking:Activiteitenbesluit"
"ODNML"	"6039GE72"	"voormalig bedrijf"	"Ja"	"Horsterweg 72 6039GE STRAMPROY"	"Weert"	"2"	"Nee"	"0,00"	"0,00"	"0,00"	"177493"	"355623"	"177492"	"355627"	"2017-01-01"	"Melding:intrekking gehele veebestand"
"ODNML"	"6039GE88"	"voormalig bedrijf"	"Ja"	"Horsterweg 88 6039GE STRAMPROY"	"Weert"	"1"	"Nee"	"0,00"	"0,00"	"0,00"	"177006"	"355823"	"177014"	"355829"	"2017-12-31"	"Melding:intrekking gehele veebestand"
"ODNML"	"6039GK36"	"voormalig bedrijf"	"Ja"	"Frans Strouxstraat 36 6039GK STRAMPROY"	"Weert"	"1"	"Nee"	"0,00"	"0,00"	"0,00"	"178631"	"355396"	"178631"	"355396"	"2017-01-01"	"Intrekking:intrekking gehele veebestand"
"ODNML"	"6039GK44"	"Paarden"	"Nee"	"Frans Strouxstraat 44 6039GK Stramproy"	"Weert"	"1"	"Nee"	"166,70"	"0,00"	"0,00"	"178532"	"355147"	"178476"	"355158"	"2007-04-17"	"Melding:onbekend"
"ODNML"	"6039RB1"	"Paarden"	"Nee"	"Vlootkant 1 6039RB Stramproy"	"Weert"	"2"	"Nee"	"61,00"	"0,00"	"0,00"	"178868"	"356577"	"178837"	"356561"	"2003-03-05"	"Vergunning:beschikking WM veranderingsvergunning"
"ODNML"	"6039RC11D"	"Vleesvee"	"Nee"	"Soutsweg 11D 6039RC STRAMPROY"	"Weert"	"1"	"Nee"	"1.006,00"	"0,00"	"16.840,00"	"179256"	"356806"	"179256"	"356806"	"1997-06-17"	"Vergunning:Beschikkking WM revisievergunning"
"ODNML"	"6039RC3"	"voormalig bedrijf"	"Ja"	"Soutsweg 3 6039RC Stramproy"	"Weert"	"1"	"Nee"	"0,00"	"0,00"	"0,00"	"178608"	"356503"	"178842"	"356585"	"2003-03-05"	"Intrekking:van rechtswege vervallen"
"ODNML"	"6039RD1"	"voormalig bedrijf"	"Ja"	"Ellerweg 1 6039RD Stramproy"	"Weert"	"1"	"Nee"	"0,00"	"0,00"	"0,00"	"179202"	"356573"	"179262"	"356582"	"2003-09-01"	"Melding:Activiteitenbesluit"
"ODNML"	"6039RD6"	"Paarden"	"Nee"	"Ellerweg 6 6039RD Stramproy"	"Weert"	"1"	"Nee"	"243,90"	"0,00"	"0,00"	"180019"	"357255"	"180091"	"357259"	"2009-08-24"	"Melding:besluit landbouwbedrijven milieubeheer"
"ODNML"	"6039RD7A"	"voormalig bedrijf"	"Ja"	"Ellerweg 7A 6039RD STRAMPROY"	"Weert"	"1"	"Nee"	"0,00"	"0,00"	"0,00"	"179986"	"357319"	"179982"	"357329"	"2010-05-18"	"Intrekking:intrekking gehele veebestand"
"ODNML"	"6039RD8"	"Paarden"	"Nee"	"Ellerweg 8 6039RD Stramproy"	"Weert"	"1"	"Nee"	"20,00"	"0,00"	"0,00"	"180163"	"357357"	"180183"	"357360"	"2009-04-14"	"Intrekking:gedeeltelijke intrekking"
"ODNML"	"6039RE2"	"voormalig bedrijf"	"Ja"	"Wisbroek 2 6039RE Stramproy"	"Weert"	"1"	"Nee"	"0,00"	"0,00"	"0,00"	"179757"	"356779"	"180128"	"357071"	"2009-03-10"	"Melding:van rechtswege vervallen"
"ODNML"	"6039RE4"	"voormalig bedrijf"	"Ja"	"Wisbroek 4 6039RE STRAMPROY"	"Weert"	"1"	""	"0,00"	"0,00"	"0,00"	"179806"	"356971"	"179806"	"356971"	"2018-01-01"	"Intrekking:intrekking gehele veebestand"
"ODNML"	"6039RE5"	"Melkrundvee"	"Nee"	"Wisbroek 5 6039RE Stramproy"	"Weert"	"3"	"Nee"	"1.724,80"	"0,00"	"15.244,00"	"179839"	"356939"	"179856"	"356912"	"2009-10-15"	"Melding:besluit landbouwbedrijven milieubeheer"
"ODNML"	"6039RG17"	"voormalig bedrijf"	"Ja"	"Molenweg 17 6039RG STRAMPROY"	"Weert"	"2"	""	"0,00"	"0,00"	"0,00"	"179206"	"356451"	"179206"	"356459"	"2011-05-25"	"Intrekking:intrekking gehele veebestand"
"ODNML"	"6039RH24A"	"Leghennen"	"Nee"	"Molenweg 24A 6039RH STRAMPROY"	"Weert"	"1"	"Ja"	"6.762,00"	"24.990,00"	"2.149.875,00"	"179717"	"356217"	"179678"	"356175"	"2011-11-28"	"Vergunning:Beschikkking WM revisievergunning"
"ODNML"	"6039RH30"	"Geiten"	"Nee"	"Molenweg 30 6039RH Stramproy"	"Weert"	"6"	"Nee"	"5.438,10"	"55.055,00"	"59.262,00"	"180036"	"355994"	"180049"	"355962"	"2010-11-03"	"Vergunning:deelrevisievergunning"
"ODNML"	"6039RJ2"	"voormalig bedrijf"	"Ja"	"Molenbroek 2 6039RJ STRAMPROY"	"Weert"	"3"	"Nee"	"0,00"	"0,00"	"0,00"	"179237"	"356352"	"179232"	"356348"	"2018-05-23"	"Melding:intrekking gehele veebestand"
"ODNML"	"6039RJ8"	"voormalig bedrijf"	"Ja"	"Molenbroek 8 6039RJ STRAMPROY"	"Weert"	"1"	""	"0,00"	"0,00"	"0,00"	"179226"	"356034"	"179226"	"356034"	"2003-01-01"	"Melding:van rechtswege vervallen"
"ODNML"	"6039RK1"	"Melkrundvee"	"Nee"	"Rietbroek 1 6039RK Stramproy"	"Weert"	"1"	"Nee"	"980,00"	"0,00"	"8.750,00"	"179326"	"355775"	"179346"	"355831"	"2015-07-27"	"Intrekking:gedeeltelijke intrekking"
"ODNML"	"6039RK3"	"Leghennen"	"Nee"	"Rietbroek 3 6039RK Stramproy"	"Weert"	"5"	"Ja"	"9.068,40"	"45.630,00"	"4.426.695,00"	"179735"	"355415"	"179775"	"355490"	"2019-02-05"	"Vergunning:Omgevingsvergunning verandering"
"ODNML"	"6039RK4"	"Vleesvee"	"Ja"	"Rietbroek 4 6039RK Stramproy"	"Weert"	"1"	"Nee"	"nu"	"nu"	"nu"	"179664"	"355570"	"179762"	"355583"	"2022-07-21"	"Melding beëindiging veehouderij"
"ODNML"	"6039RK9"	"Paarden"	"Nee"	"Rietbroek 9 6039RK STRAMPROY"	"Weert"	"2"	"Nee"	"150,00"	"0,00"	"0,00"	"179741"	"356138"	"179746"	"356148"	"2021-08-31"	"Melding:Activiteitenbesluit"
"ODNML"	"6039RL4"	"voormalig bedrijf"	"Ja"	"Houtbroek 4 6039RL STRAMPROY"	"Weert"	"2"	""	"0,00"	"0,00"	"0,00"	"178855"	"355568"	"178848"	"355576"	"2018-04-16"	"Melding:intrekking gehele veebestand"
"ODNML"	"6039RL5"	"Melkrundvee"	"Nee"	"Houtbroek 5 6039RL Stramproy"	"Weert"	"2"	""	"435,00"	"0,00"	"4.650,00"	"178826"	"355623"	"178832"	"355646"	"2020-02-26"	"Intrekking:Omgevingsverg. gedeeltelijke intrekking"
"ODNML"	"6039RM1"	"Schapen"	"Nee"	"Neelestraat 1 6039RM Stramproy"	"Weert"	"1"	""	"70,00"	"780,00"	"0,00"	"178240"	"355681"	"178267"	"355672"	"2002-09-12"	"Vergunning:deelrevisievergunning"
"ODNML"	"6039RM3A"	"Melkrundvee"	"Nee"	"Neelestraat 3A 6039RM Stramproy"	"Weert"	"1"	"Nee"	"165,80"	"142,40"	"2.146,00"	"178192"	"355602"	"178226"	"355590"	"1994-01-27"	"Melding:AMvB melkveehouderij"
"ODNML"	"6039RN6"	"voormalig bedrijf"	"Ja"	"Breijvin 6 6039RN STRAMPROY"	"Weert"	"1"	""	"0,00"	"0,00"	"0,00"	"177819"	"355137"	"177831"	"355106"	"2017-12-31"	"Melding:intrekking gehele veebestand"
"ODNML"	"6039RP4"	"voormalig bedrijf"	"Ja"	"De Horst 4 6039RP STRAMPROY"	"Weert"	"2"	""	"0,00"	"0,00"	"0,00"	"177465"	"355465"	"177462"	"355468"	"2014-10-07"	"Melding:intrekking gehele veebestand"
"ODNML"	"6039RR10"	"voormalig bedrijf"	"Ja"	"Crixhoek 10 6039RR STRAMPROY"	"Weert"	"1"	""	"0,00"	"0,00"	"0,00"	"176711"	"355325"	"176724"	"355320"	"2017-12-31"	"Melding:intrekking gehele veebestand"
"ODNML"	"6039RS3"	"Paarden"	"Nee"	"Grensweg 3 6039RS Stramproy"	"Weert"	"1"	""	"78,60"	"0,00"	"0,00"	"176709"	"354980"	"176718"	"355030"	"2023-12-04"	"Melding activiteitenbesluit"
"ODNML"	"6039RS9"	"voormalig bedrijf"	"Ja"	"Grensweg 9 6039RS Stramproy"	"Weert"	"1"	""	"0,00"	"0,00"	"0,00"	"175453"	"355308"	"175423"	"355328"	"2017-01-01"	"Intrekking:Activiteitenbesluit"
"ODNML"	"6039RT15"	"Vleesvee"	"Nee"	"Kapelstraat 15 6039RT Stramproy"	"Weert"	"3"	""	"1.312,00"	"27.186,40"	"24.552,00"	"175793"	"355257"	"175867"	"355236"	"2022-01-31"	"Melding activiteitenbesluit met OBM"
"ODNML"	"6039RT6"	"voormalig bedrijf"	"Ja"	"Kapelstraat 6 6039RT Stramproy"	"Weert"	"4"	""	"0,00"	"0,00"	"0,00"	"176600"	"355630"	"176600"	"355586"	"2015-11-24"	"Intrekking:Activiteitenbesluit"
"ODNML"	"6039RV24"	"Melkrundvee"	"Nee"	"Lochtstraat 24 6039RV Stramproy"	"Weert"	"2"	""	"1.281,50"	"2.242,80"	"20.612,00"	"175267"	"355797"	"175246"	"355838"	"1994-02-24"	"Melding:AMvB melkveehouderij"
"ODNML"	"6039RV3"	"Vleesvarkens"	"Nee"	"Lochtstraat 3 6039RV Stramproy"	"Weert"	"4"	"Ja"	"3.205,35"	"107.040,70"	"389.498,00"	"175894"	"355644"	"175758"	"355544"	"2017-02-06"	"Omgevingsvergunning-verandering"
"ODNML"	"6039RV5"	"voormalig bedrijf"	"Ja"	"Lochtstraat 5 6039RV STRAMPROY"	"Weert"	"1"	""	"0,00"	"0,00"	"0,00"	"175199"	"355721"	"175199"	"355721"	"2014-11-04"	"Melding:intrekking gehele veebestand"
"ODNML"	"6039RV7"	"voormalig bedrijf"	"Ja"	"Lochtstraat 7 6039RV Stramproy"	"Weert"	"4"	""	"0,00"	"0,00"	"0,00"	"174945"	"355802"	"174903"	"355754"	"2018-01-01"	"Melding:Activiteitenbesluit"
"ODNML"	"6039RW3"	"voormalig bedrijf"	"Ja"	"De Boberden 3 6039RW Stramproy"	"Weert"	"1"	""	"0,00"	"0,00"	"0,00"	"176323"	"356431"	"176369"	"356421"	"2009-07-13"	"Intrekking:Activiteitenbesluit"
"ODNML"	"6039RX27"	"voormalig bedrijf"	"Ja"	"Vloedmolenweg 27 6039RX Stramproy"	"Weert"	"2"	""	"0,00"	"0,00"	"0,00"	"179161"	"357466"	"179159"	"357431"	"2004-01-01"	"Melding:van rechtswege vervallen"
"ODNML"	"6039RX29"	"Melkrundvee"	"Nee"	"Vloedmolenweg 29 6039RX Stramproy"	"Weert"	"3"	""	"2.622,40"	"0,00"	"27.688,00"	"179207"	"357455"	"179249"	"357439"	"2009-03-30"	"Melding:besluit landbouwbedrijven milieubeheer"
"ODNML"	"6039SB3"	"Geiten"	"Nee"	"Savelveld 3 6039SB Stramproy"	"Weert"	"1"	"Nee"	"1.028,00"	"17.108,00"	"19.600,00"	"178115"	"357100"	"178084"	"357048"	"2017-01-30"	"Melding:Activiteitenbesluit"
"ODNML"	"6039SC0ONG"	"Ov.Pluimvee"	"Nee"	"Dreiersstraat 0ONG 6039SC STRAMPROY"	"Weert"	"1"	"Nee"	"1.470,00"	"3.430,00"	"588.000,00"	"177273"	"356810"	"177273"	"356810"	"2006-11-29"	"Vergunning:Beschikkking WM revisievergunning"
"ODNML"	"6039SC6"	"voormalig bedrijf"	"Ja"	"Dreiersstraat 6 6039SC STRAMPROY"	"Weert"	"2"	"Nee"	"0,00"	"0,00"	"0,00"	"177308"	"356739"	"177484"	"356190"	"2011-03-10"	"Intrekking:intrekking gehele veebestand"
"ODNML"	"6039SH2"	"Vleesvarkens"	"Nee"	"Houtweg 2 6039SH STRAMPROY"	"Weert"	"1"	"Nee"	"1.215,00"	"21.735,00"	"133.650,00"	"180119"	"357057"	"180134"	"357082"	"2012-11-07"	"Vergunning:beschikking WM veranderingsvergunning"
"ODNML"	"6041AA7"	"Melkrundvee"	"Nee"	"Elfmorgenweg 7 6041AA Roermond"	"Roermond"	"1"	"Nee"	"622,50"	"178,00"	"6.140,00"	"197860"	"358470"	"197879"	"358502"	"1993-11-16"	"Melding:"
"ODNML"	"6041AM10A"	"Paarden"	"Nee"	"Zandstraat 10A 6041AM Roermond"	"Roermond"	"1"	"Nee"	"20,00"	"0,00"	"0,00"	"198066"	"358411"	"198066"	"358411"	"2006-09-12"	"Melding:"
"ODNML"	"6041AM13"	"Paarden"	"Nee"	"Zandstraat 13 6041AM ROERMOND"	"Roermond"	"1"	"Nee"	"79,80"	"0,00"	"0,00"	"198005"	"358457"	"198005"	"358457"	"2018-11-15"	"Melding:Activiteitenbesluit"
"ODNML"	"6041AP16"	"Melkrundvee"	"Nee"	"Borgeind 16 6041AP Roermond"	"Roermond"	"1"	"Nee"	"444,28"	"8,50"	"6.226,00"	"197524"	"358235"	"197518"	"358240"	"1996-07-02"	"Melding:"
"ODNML"	"6041TN1"	"Melkrundvee"	"Nee"	"Hatenboer 1 6041TN ROERMOND"	"Roermond"	"1"	"Nee"	"1.690,60"	"0,00"	"15.350,00"	"196028"	"356701"	"196028"	"356701"	"2013-04-02"	"Melding:Activiteitenbesluit"
"ODNML"	"6042ED39"	"voormalig bedrijf"	"Ja"	"Broekhin Noord 39 6042ED Roermond"	"Roermond"	"1"	"Ja"	"nu"	"nu"	"nu"	"198730"	"358121"			"2014-12-04"	"Intrekking gehele veebestand"
"ODNML"	"6042KS166"	"Paarden"	"Nee"	"Spikkerweg 166 6042KS Roermond"	"Roermond"	"1"	"Nee"	"50,00"	"0,00"	"0,00"	"200663"	"356615"	"200626"	"356652"	"1993-09-01"	"Melding:"
"ODNML"	"6042KT165A"	"Vleeskuikens"	"Ja"	"Spik 165A 6042KT ROERMOND"	"Roermond"	"1"	"Nee"	"0,00"	"0,00"	"0,00"	"200490"	"356375"	"200490"	"356375"	"2013-03-07"	"Intrekking:Omgevingsvergunning intrekking"
"ODNML"	"6042KT176"	"Melkrundvee"	"Nee"	"Spik 176 6042KT ROERMOND"	"Roermond"	"1"	"Nee"	"2.799,10"	"890,00"	"32.103,00"	"200132"	"356428"	"200132"	"356428"	"2020-07-01"	"Melding:Activiteitenbesluit"
"ODNML"	"6042KT181"	"Vleesvarkens"	"Nee"	"Spik 181 6042KT ROERMOND"	"Roermond"	"2"	"Nee"	"504,00"	"9.016,00"	"55.440,00"	"199870"	"356239"	"199870"	"356239"	"2023-12-04"	"Melding activiteitenbesluit met OBM"
"ODNML"	"6042KV20"	"Melkrundvee"	"Nee"	"Straat 20 6042KV Roermond"	"Roermond"	"1"	"Nee"	"211,20"	"0,00"	"1.824,00"	"200371"	"355502"	"200374"	"355508"	"2019-03-14"	"Melding:Activiteitenbesluit"
"ODNML"	"6042KV28"	"Vleesvee"	"Nee"	"Straat 28 6042KV ROERMOND"	"Roermond"	"1"	"Nee"	"2.484,00"	"17.800,00"	"60.490,00"	"200732"	"355345"	"200732"	"355345"	"2009-11-01"	"Vergunning:Beschikkking WM revisievergunning"
"ODNML"	"6042KV5"	"Paarden"	"Nee"	"Straat 5 6042KV ROERMOND"	"Roermond"	"1"	"Nee"	"364,60"	"142,40"	"3.190,00"	"200083"	"355423"	"200083"	"355423"	"2021-12-07"	"Melding:Activiteitenbesluit"
"ODNML"	"6042KW22"	"Paarden"	"Nee"	"Thuserhof 22 6042KW Roermond"	"Roermond"	"1"	"Nee"	"80,00"	"0,00"	"0,00"	"200833"	"355164"	"200926"	"355167"	"2015-08-20"	"Melding:Activiteitenbesluit"
"ODNML"	"6042LA79"	"Paarden"	"Nee"	"Dorpsstraat 79 6042LA Roermond"	"Roermond"	"1"	"Nee"	"60,00"	"0,00"	"0,00"	"201196"	"356309"	"201220"	"356322"	"1992-06-16"	"Melding:"
"ODNML"	"6042LN2"	"Paarden"	"Nee"	"Heide 2 6042LN Roermond"	"Roermond"	"1"	"Nee"	"250,00"	"0,00"	"0,00"	"201964"	"355633"	"201949"	"355665"	"1992-09-08"	"Melding:"
"ODNML"	"6042LN4"	"Paarden"	"Nee"	"Heide 4 6042LN Roermond"	"Roermond"	"1"	"Nee"	"327,10"	"0,00"	"0,00"	"202145"	"355555"	"202155"	"355545"	"2005-10-21"	"Vergunning:Beschikkking WM revisievergunning"
"ODNML"	"6042LN41"	"Vleesvarkens"	"Ja"	"Heide 41 6042LN ROERMOND"	"Roermond"	"1"	"Nee"	"nu"	"nu"	"nu"	"201948"	"355968"	"201948"	"355968"	"2025-07-01"	"Intrekken gehele veebestand OW"
"ODNML"	"6042LR101"	"Paarden"	"Nee"	"Turfbroek 101 6042LR Roermond"	"Roermond"	"1"	"Nee"	"331,00"	"0,00"	"0,00"	"202169"	"356468"	"202238"	"356521"	"2017-09-27"	"Melding:Activiteitenbesluit"
"ODNML"	"6042LW107"	"Schapen"	"Nee"	"Witteweg 107 6042LW ROERMOND"	"Roermond"	"1"	"Nee"	"442,40"	"4.929,60"	"0,00"	"202281"	"357375"	"202281"	"357375"	"2014-06-16"	"Vergunning:Omgevingsvergunning Inrichting"
"ODNML"	"6044XR12bij"	"voormalig bedrijf"	"Ja"	"Heidebaan 12 6044XR Roermond"	"Roermond"	"1"	"Nee"	"nu"	"nu"	"nu"	"198142"	"354763"			"2018-01-01"	"Bewijs bedrijfsbeëindiging"
"ODNML"	"6044XX96"	"Melkrundvee"	"Nee"	"Kloosterweg 96 6044XX Roermond"	"Roermond"	"1"	"Nee"	"2.099,30"	"0,00"	"18.714,00"	"199264"	"354664"	"199304"	"354724"	"2005-06-03"	"Melding:"
"ODNML"	"6045BW91"	"Melkrundvee"	"Nee"	"Petrus Polliusstraat 91 6045BW Roermond"	"Roermond"	"1"	"Nee"	"1.325,40"	"1.088,40"	"11.560,00"	"197403"	"354343"	"197402"	"354324"	"1990-07-03"	"Melding:"
"ODNML"	"6045CZ1"	"voormalig bedrijf"	"Ja"	"Laan van SchÃ¶ndeln 1 6045CZ Roermond"	"Roermond"	"1"	"Nee"	"nu"	"nu"	"nu"	"197660"	"353449"			"2014-10-21"	"Bewijs bedrijfsbeëindiging"
"ODNML"	"6045GB149"	"Vleeskuikens"	"Nee"	"Oude Keulsebaan 149 6045GB ROERMOND"	"Roermond"	"1"	"Nee"	"910,00"	"8.580,00"	"572.000,00"	"198931"	"353979"	"198931"	"353979"	"2014-01-16"	"Vergunning:Omgevingsvergunning Inrichting"
"ODNML"	"6049CK103"	"Vleesvee"	"Ja"	"Broekveeweg 103 6049CK HERTEN"	"Roermond"	"1"	"Nee"	"0,00"	"0,00"	"0,00"	"194535"	"354516"	"194535"	"354516"	"2012-12-28"	"Intrekking:intrekking gehele veebestand"
"ODNML"	"6049CW5"	"Melkrundvee"	"Nee"	"Merumerbroekweg 5 6049CW HERTEN"	"Roermond"	"1"	"Nee"	"164,00"	"0,00"	"3.440,00"	"194810"	"353572"	"194810"	"353572"	"1993-11-22"	"Melding:"
"ODNML"	"6051CM24"	"Vleesvee"	"Ja"	"Maasstraat 24 6051CM Maasbracht"	"Maasgouw"	"1"	""	"nu"	"nu"	"nu"	"189831"	"350550"	"189812"	"350533"	"2023-08-31"	"Bewijs bedrijfsbeëindiging"
"ODNML"	"6051JC16"	"Vleesvee"	"Ja"	"Kloosterstraat 16 6051JC Maasbracht"	"Maasgouw"	"1"	""	"nu"	"nu"	"nu"	"190779"	"351015"	"190798"	"350977"	"2015-05-20"	"Intrekking gehele veebestand"
"ODNML"	"6051JE11"	"Zeugen"	"Ja"	"Tergouwen 11 6051JE Maasbracht"	"Maasgouw"	"1"	""	"nu"	"nu"	"nu"	"190900"	"350694"	"190857"	"350697"	"2021-09-11"	"Bewijs bedrijfsbeëindiging"
"ODNML"	"6051JE5"	"Zeugen"	"Ja"	"Tergouwen 5 6051JE Maasbracht"	"Maasgouw"	"1"	""	"nu"	"nu"	"nu"	"190950"	"350835"	"190944"	"350848"	"2017-10-26"	"Bewijs bedrijfsbeëindiging"
"ODNML"	"6051JS7"	"Melkrundvee"	"Nee"	"Oliestraat 7 6051JS Maasbracht"	"Maasgouw"	"1"	"Nee"	"656,60"	"356,00"	"7.142,00"	"191555"	"351183"	"191518"	"351194"	"2006-12-06"	"Melding:besluit landbouwbedrijven milieubeheer"
"ODNML"	"6051KJ21"	"Vleesvee"	"Nee"	"Heerenweg 21 6051KJ Maasbracht"	"Maasgouw"	"1"	"Nee"	"408,00"	"356,00"	"9.930,00"	"191896"	"350628"	"191894"	"350560"	"2004-08-17"	"Vergunning:oprichtingsvergunning"
"ODNML"	"6051KJ23"	"Vleesvarkens"	"Nee"	"Heerenweg 23 6051KJ MAASBRACHT"	"Maasgouw"	"1"	"Ja"	"1.944,00"	"34.776,00"	"213.840,00"	"191683"	"350303"	"191731"	"350280"	"2012-09-18"	"Omgevingsvergunning-verandering"
"ODNML"	"6061AE34"	"Melkrundvee"	"Nee"	"Winkelweg 34 6061AE Posterholt"	"Roerdalen"	"1"	"Nee"	"615,20"	"1.851,20"	"8.544,00"	"200238"	"347508"	"200263"	"347522"	"2005-03-29"	"Vergunning:Beschikkking WM revisievergunning"
"ODNML"	"6061BA49"	"voormalig bedrijf"	"Ja"	"Vlodropperweg 49 6061BA Posterholt"	"Roerdalen"	"1"	""	"nu"	"nu"	"nu"	"201204"	"348386"	"201190"	"348425"	"2011-06-20"	"Bewijs bedrijfsbeëindiging"
"ODNML"	"6061BB62"	"Paarden"	"Nee"	"Vlodropperweg 62 6061BB Posterholt"	"Roerdalen"	"1"	"Nee"	"150,00"	"0,00"	"0,00"	"201084"	"348154"			"2001-01-01"	"Vergunning:Beschikkking WM revisievergunning"
"ODNML"	"6061CH152"	"Melkrundvee"	"Nee"	"Hoofdstraat 152 6061CH Posterholt"	"Roerdalen"	"2"	"Nee"	"1.328,00"	"0,00"	"14.756,00"	"200441"	"347987"			"2017-07-18"	"Omgevingsvergunning-verandering"
"ODNML"	"6061EG37"	"Vleesvee"	"Nee"	"Nieuw Holsterweg 37 6061EG Posterholt"	"Roerdalen"	"1"	"Nee"	"2.032,20"	"5.308,00"	"194.940,00"	"200614"	"348749"	"200592"	"348793"	"2003-02-19"	"Vergunning:Beschikkking WM revisievergunning"
"ODNML"	"6061EG39"	"Vleesvarkens"	"Nee"	"Nieuw Holsterweg 39 6061EG Posterholt"	"Roerdalen"	"3"	"Nee"	"1.316,70"	"15.878,40"	"99.780,00"	"200728"	"348859"	"200691"	"348907"	"2019-10-22"	"Melding activiteitenbesluit"
"ODNML"	"6061EH60"	"Vleesvarkens"	"Ja"	"Nieuw Holsterweg 60 6061EH Posterholt"	"Roerdalen"	"1"	""	"nu"	"nu"	"nu"	"200908"	"349176"	"200942"	"349155"	"2020-05-09"	"Melding beëindiging veehouderij"
"ODNML"	"6061EJ4"	"voormalig bedrijf"	"Ja"	"Vurensteeg 4 6061EJ Posterholt"	"Roerdalen"	"1"	""	"nu"	"nu"	"nu"	"200053"	"348202"	"200093"	"348168"	"2023-03-30"	"Bewijs bedrijfsbeëindiging"
"ODNML"	"6061EX12"	"Melkrundvee"	"Nee"	"Donckerstraat 12 6061EX Posterholt"	"Roerdalen"	"1"	"Nee"	"1.388,00"	"0,00"	"12.560,00"	"199237"	"348533"			"1994-01-01"	"Melding:besluit landbouwbedrijven milieubeheer"
"ODNML"	"6061EX20"	"Melkrundvee"	"Nee"	"Donckerstraat 20 6061EX Posterholt"	"Roerdalen"	"1"	"Nee"	"1.346,20"	"142,40"	"12.610,00"	"198031"	"347421"	"197990"	"347444"	"2011-11-24"	"Melding activiteitenbesluit"
"ODNML"	"6061EX9"	"voormalig bedrijf"	"Ja"	"Donckerstraat 9 6061EX Posterholt"	"Roerdalen"	"1"	""	"nu"	"nu"	"nu"	"199462"	"348482"	"199456"	"348458"	"2011-09-29"	"Bewijs bedrijfsbeëindiging"
"ODNML"	"6061GC68"	"voormalig bedrijf"	"Ja"	"Roermondseweg 68 6061GC Posterholt"	"Roerdalen"	"1"	""	"nu"	"nu"	"nu"	"199115"	"349499"	"199201"	"349484"	"2023-04-06"	"Bewijs bedrijfsbeëindiging"
"ODNML"	"6061GM7"	"voormalig bedrijf"	"Ja"	"Burgemeester Geradtsstraat 7 6061GM Posterholt"	"Roerdalen"	"1"	""	"nu"	"nu"	"nu"	"199524"	"348755"	"199503"	"348732"	"2011-05-19"	"Bewijs bedrijfsbeëindiging"
"ODNML"	"6061GN51"	"voormalig bedrijf"	"Ja"	"Burgemeester Geradtsstraat 51 6061GN Posterholt"	"Roerdalen"	"1"	""	"nu"	"nu"	"nu"	"199306"	"348879"	"199288"	"348836"	"2023-04-06"	"Bewijs bedrijfsbeëindiging"
"ODNML"	"6061ND126"	"voormalig bedrijf"	"Ja"	"Echterboschbaan 126 6061ND Posterholt"	"Roerdalen"	"1"	""	"nu"	"nu"	"nu"	"199559"	"346821"	"199581"	"346812"	"2019-05-08"	"Bewijs bedrijfsbeëindiging"
"ODNML"	"6061NL1"	"Melkrundvee"	"Ja"	"Voorsterstraatweg 1 6061NL Posterholt"	"Roerdalen"	"1"	""	"nu"	"nu"	"nu"	"200844"	"346239"	"200830"	"346240"	"2015-06-24"	"Melding beëindiging veehouderij"
"ODNML"	"6061NL17"	"Vleesvarkens"	"Ja"	"Voorsterstraatweg 17 6061NL Posterholt"	"Roerdalen"	"1"	""	"nu"	"nu"	"nu"	"200917"	"346042"	"200933"	"346052"	"2014-03-24"	"Melding beëindiging veehouderij"
"ODNML"	"6061NL29"	"Melkrundvee"	"Nee"	"Voorsterstraatweg 29 6061NL Posterholt"	"Roerdalen"	"2"	"Nee"	"1.872,00"	"1.424,00"	"24.202,00"	"200976"	"345968"	"201015"	"345961"	"2015-12-22"	"Melding activiteitenbesluit"
"ODNML"	"6061NL9"	"Zeugen"	"Ja"	"Voorsterstraatweg 9 6061NL Posterholt"	"Roerdalen"	"1"	""	"nu"	"nu"	"nu"	"200880"	"346117"	"200902"	"346117"	"2013-11-01"	"Melding beëindiging veehouderij"
"ODNML"	"6061NS13"	"Vleesvee"	"Nee"	"Holsterweg 13 6061NS Posterholt"	"Roerdalen"	"1"	"Nee"	"1.117,00"	"8.188,00"	"26.108,00"	"200000"	"349624"	"200002"	"349655"	"1995-01-01"	"Vergunning:Beschikkking WM revisievergunning"
"ODNML"	"6061NS15"	"Vleesvee"	"Nee"	"Holsterweg 15 6061NS Posterholt"	"Roerdalen"	"1"	"Nee"	"3.094,00"	"31.470,40"	"29.172,00"	"200426"	"349696"	"200428"	"349751"	"1999-01-01"	"Vergunning:Beschikkking WM revisievergunning"
"ODNML"	"6061NS31"	"voormalig bedrijf"	"Ja"	"Holsterweg 31 6061NS Posterholt"	"Roerdalen"	"1"	""	"nu"	"nu"	"nu"	"200838"	"349737"	"200900"	"349711"	"2020-02-12"	"Bewijs bedrijfsbeëindiging"
"ODNML"	"6061NS39"	"Melkrundvee"	"Nee"	"Holsterweg 39 6061NS Posterholt"	"Roerdalen"	"1"	"Nee"	"1.768,80"	"0,00"	"15.906,00"	"201541"	"349767"			"2006-07-04"	"Melding activiteitenbesluit"
"ODNML"	"6061NT18"	"Melkrundvee"	"Nee"	"Holsterweg 18 6061NT Posterholt"	"Roerdalen"	"1"	"Nee"	"422,00"	"0,00"	"6.680,00"	"201334"	"349747"			"2001-12-18"	"Melding activiteitenbesluit"
"ODNML"	"6061NZ2"	"voormalig bedrijf"	"Ja"	"Zwarteberg 2 6061NZ Posterholt"	"Roerdalen"	"1"	""	"nu"	"nu"	"nu"	"199754"	"350043"	"199769"	"350052"	"2023-04-17"	"Bewijs bedrijfsbeëindiging"
"ODNML"	"6063AD20"	"voormalig bedrijf"	"Ja"	"Markt 20 6063AD Vlodrop"	"Roerdalen"	"1"	""	"nu"	"nu"	"nu"	"203302"	"349389"	"202783"	"348675"	"2023-04-17"	"Bewijs bedrijfsbeëindiging"
"ODNML"	"6063AN3"	"voormalig bedrijf"	"Ja"	"Walstraat 3 6063AN Vlodrop"	"Roerdalen"	"1"	""	"nu"	"nu"	"nu"	"203300"	"349469"	"203429"	"348613"	"2023-04-18"	"Bewijs bedrijfsbeëindiging"
"ODNML"	"6063BA9"	"Vleesvee"	"Nee"	"Schaapweg 9 6063BA Vlodrop"	"Roerdalen"	"1"	"Nee"	"1.113,00"	"7.476,00"	"35.700,00"	"202727"	"349253"	"202722"	"349236"	"1998-01-01"	"Vergunning:ambtshalve wijziging"
"ODNML"	"6063BP65"	"Melkrundvee"	"Nee"	"Bergerweg 65 6063BP Vlodrop"	"Roerdalen"	"6"	"Nee"	"5.277,00"	"0,00"	"77.922,00"	"201361"	"350085"			"2022-01-22"	"Omgevingsvergunning milieuneutraal"
"ODNML"	"6063NH18"	"Leghennen"	"Nee"	"Etsberg 18 6063NH Vlodrop"	"Roerdalen"	"1"	"Nee"	"87,00"	"139,50"	"6.450,00"	"204473"	"350000"			"2024-09-17"	"Intrekking gedeeltelijk veebestand OW"
"ODNML"	"6063NJ1A"	"voormalig bedrijf"	"Ja"	"Rothenbacherweg 1A 6063NJ VLODROP"	"Roerdalen"	"1"	""	"nu"	"nu"	"nu"	"205479"	"350104"	"205479"	"350104"	"2023-04-19"	"Bewijs bedrijfsbeëindiging"
"ODNML"	"6063NL3A"	"Melkrundvee"	"Nee"	"Herkenbosserweg 3A 6063NL VLODROP"	"Roerdalen"	"4"	"Nee"	"2.275,80"	"0,00"	"32.862,00"	"204707"	"351368"			"2015-05-12"	"Melding activiteitenbesluit"
"ODNML"	"6063NN22"	"voormalig bedrijf"	"Ja"	"Boslaan 22 6063NN VLODROP"	"Roerdalen"	"1"	""	"nu"	"nu"	"nu"	"208719"	"351654"	"208719"	"351654"	"2023-04-24"	"Bewijs bedrijfsbeëindiging"
"ODNML"	"6065AC0"	"voormalig bedrijf"	"Ja"	"Gestraatje 0 6065AC MONTFORT"	"Roerdalen"	"1"	""	"nu"	"nu"	"nu"	"194870"	"348197"	"194870"	"348197"	"2023-04-24"	"Bewijs bedrijfsbeëindiging"
"ODNML"	"6065AC42"	"Melkrundvee"	"Nee"	"Gestraatje 42 6065AC Montfort"	"Roerdalen"	"1"	""	"175,00"	"230,00"	"2.710,00"	"194676"	"348172"	"194704"	"348109"	"1994-01-01"	"Melding:besluit landbouwbedrijven milieubeheer"
"ODNML"	"6065AC50"	"Melkrundvee"	"Nee"	"Gestraatje 50 6065AC Montfort"	"Roerdalen"	"1"	"Nee"	"1.359,40"	"3.589,70"	"31.453,00"	"194862"	"348129"	"194770"	"348190"	"1993-01-01"	"Melding:besluit landbouwbedrijven milieubeheer"
"ODNML"	"6065AC58"	"Vleesvarkens"	"Nee"	"Gestraatje 58 6065AC Montfort"	"Roerdalen"	"1"	"Nee"	"6.525,00"	"33.350,00"	"221.850,00"	"195186"	"348004"	"195153"	"347986"	"2005-03-10"	"Vergunning:Beschikkking WM revisievergunning"
"ODNML"	"6065AC62"	"Vleesvarkens"	"Nee"	"Gestraatje 62 6065AC Montfort"	"Roerdalen"	"2"	"Ja"	"3.345,30"	"49.482,20"	"312.057,00"	"195324"	"347917"	"195283"	"347867"	"2010-06-14"	"Omgevingsvergunning-revisie"
"ODNML"	"6065AE61"	"Melkrundvee"	"Ja"	"Zandstraat 61 6065AE Montfort"	"Roerdalen"	"1"	""	"nu"	"nu"	"nu"	"194642"	"347935"	"194650"	"347945"	"2017-04-10"	"Melding beëindiging veehouderij"
"ODNML"	"6065AH68"	"Zeugen"	"Ja"	"Zandstraat 68 6065AH Montfort"	"Roerdalen"	"1"	""	"nu"	"nu"	"nu"	"194676"	"347866"	"194665"	"347837"	"2014-05-01"	"Melding beëindiging veehouderij"
"ODNML"	"6065AN9"	"Melkrundvee"	"Ja"	"Aan het Water 9 6065AN Montfort"	"Roerdalen"	"1"	""	"nu"	"nu"	"nu"	"194032"	"348589"	"194044"	"348610"	"2013-07-29"	"Melding beëindiging veehouderij"
"ODNML"	"6065AS9"	"voormalig bedrijf"	"Ja"	"Aan de Kerk 9 6065AS Montfort"	"Roerdalen"	"1"	""	"nu"	"nu"	"nu"	"194062"	"348724"	"194141"	"348695"	"2016-11-01"	"Bewijs bedrijfsbeëindiging"
"ODNML"	"6065AX10"	"Melkrundvee"	"Nee"	"Huysdijk 10 6065AX Montfort"	"Roerdalen"	"6"	"Nee"	"3.216,00"	"0,00"	"28.920,00"	"193731"	"348401"			"2010-09-30"	"Melding activiteitenbesluit"
"ODNML"	"6065AX12"	"voormalig bedrijf"	"Ja"	"Huysdijk 12 6065AX Montfort"	"Roerdalen"	"1"	""	"nu"	"nu"	"nu"	"193186"	"348249"	"193179"	"348256"	"2023-05-03"	"Bewijs bedrijfsbeëindiging"
"ODNML"	"6065AX8"	"voormalig bedrijf"	"Ja"	"Huysdijk 8 6065AX Montfort"	"Roerdalen"	"1"	""	"nu"	"nu"	"nu"	"193826"	"348404"	"193839"	"348379"	"2013-08-08"	"Intrekking gehele veebestand"
"ODNML"	"6065BC60"	"Vleesvarkens"	"Nee"	"Hoogstraat 60 6065BC Montfort"	"Roerdalen"	"1"	"Nee"	"50,00"	"0,00"	"0,00"	"194926"	"348470"			"2021-07-07"	"Melding activiteitenbesluit"
"ODNML"	"6065BD1"	"Vleesvarkens"	"Nee"	"Genouden 1 6065BD Montfort"	"Roerdalen"	"5"	"Nee"	"2.728,90"	"20.366,90"	"149.363,00"	"196320"	"347751"	"196333"	"347794"	"2018-06-18"	"Melding activiteitenbesluit met OBM"
"ODNML"	"6065BG1"	"voormalig bedrijf"	"Ja"	"Vinkesteeg 1 6065BG Montfort"	"Roerdalen"	"1"	""	"nu"	"nu"	"nu"	"194556"	"348514"	"194998"	"348688"	"2010-01-01"	"Bewijs bedrijfsbeëindiging"
"ODNML"	"6065CD3"	"voormalig bedrijf"	"Ja"	"Rozenhofje 3 6065CD Montfort"	"Roerdalen"	"1"	""	"nu"	"nu"	"nu"	"194228"	"348743"	"194238"	"348720"	"2023-05-11"	"Bewijs bedrijfsbeëindiging"
"ODNML"	"6065CK1"	"voormalig bedrijf"	"Ja"	"Aardonck 1 6065CK Montfort"	"Roerdalen"	"1"	""	"nu"	"nu"	"nu"	"194287"	"347173"	"194298"	"347186"	"2024-02-13"	"Bewijs bedrijfsbeëindiging"
"ODNML"	"6065EM47"	"voormalig bedrijf"	"Ja"	"Linnerweg 47 6065EM Montfort"	"Roerdalen"	"1"	""	"nu"	"nu"	"nu"	"194148"	"349446"	"194132"	"349442"	"2023-05-11"	"Bewijs bedrijfsbeëindiging"
"ODNML"	"6065EM77"	"Vleeskuikens"	"Nee"	"Linnerweg 77 6065EM Montfort"	"Roerdalen"	"3"	"Ja"	"2.792,80"	"26.332,02"	"1.755.468,00"	"194261"	"349838"	"194187"	"349853"	"2012-04-19"	"Omgevingsvergunning-revisie"
"ODNML"	"6065EM87"	"voormalig bedrijf"	"Ja"	"Linnerweg 87 6065EM Montfort"	"Roerdalen"	"1"	""	"nu"	"nu"	"nu"	"194307"	"350112"	"194165"	"349632"	"2018-05-16"	"Bewijs bedrijfsbeëindiging"
"ODNML"	"6065EN34"	"voormalig bedrijf"	"Ja"	"Linnerweg 34 6065EN Montfort"	"Roerdalen"	"1"	""	"nu"	"nu"	"nu"	"194204"	"349542"	"194242"	"349510"	"2017-05-18"	"Bewijs bedrijfsbeëindiging"
"ODNML"	"6065EX20"	"Paarden"	"Nee"	"Waarderweg 20 6065EX Montfort"	"Roerdalen"	"4"	"Nee"	"366,80"	"0,00"	"0,00"	"194738"	"349346"			"2019-03-21"	"Omgevingsvergunning-verandering"
"ODNML"	"6065NA5"	"Paarden"	"Nee"	"Heiberg 5 6065NA Montfort"	"Roerdalen"	"1"	"Nee"	"195,80"	"0,00"	"0,00"	"194811"	"347948"	"194836"	"347943"	"2005-04-25"	"Melding:onbekend"
"ODNML"	"6065NB6"	"Vleesvarkens"	"Nee"	"Diergaarderweg 6 6065NB Montfort"	"Roerdalen"	"9"	"Nee"	"6.650,75"	"47.140,00"	"338.998,00"	"194786"	"347571"	"194996"	"347517"	"2019-06-13"	"Melding activiteitenbesluit met OBM"
"ODNML"	"6065NB8"	"Vleesvee"	"Nee"	"Diergaarderweg 8 6065NB Montfort"	"Roerdalen"	"2"	"Nee"	"198,40"	"996,80"	"4.760,00"	"194790"	"347479"	"194756"	"345975"	"2013-09-03"	"Melding activiteitenbesluit"
"ODNML"	"6065NC11"	"Vleesvarkens"	"Nee"	"Vlootveestraat 11 6065NC Montfort"	"Roerdalen"	"1"	"Nee"	"4.500,00"	"23.000,00"	"153.000,00"	"194399"	"347521"	"194445"	"347518"	"1985-01-01"	"Vergunning:Beschikkking WM revisievergunning"
"ODNML"	"6065NC21"	"Vleesvarkens"	"Nee"	"Vlootveestraat 21 6065NC Montfort"	"Roerdalen"	"4"	"Ja"	"3.187,36"	"73.283,40"	"257.452,00"	"194332"	"347371"	"194395"	"347276"	"2023-03-07"	"Omgevingsvergunning-verandering"
"ODNML"	"6065NC4"	"Melkrundvee"	"Nee"	"Vlootveestraat 4 6065NC Montfort"	"Roerdalen"	"1"	"Nee"	"1.955,10"	"8.818,20"	"55.709,00"	"194454"	"347948"	"194447"	"347952"	"1995-01-01"	"Vergunning:Beschikkking WM revisievergunning"
"ODNML"	"6065NC6"	"Vleesvee"	"Nee"	"Vlootveestraat 6 6065NC Montfort"	"Roerdalen"	"1"	""	"280,90"	"1.886,80"	"9.010,00"	"194446"	"347893"	"194396"	"347895"	"1994-09-26"	"Melding activiteitenbesluit"
"ODNML"	"6065NE1"	"voormalig bedrijf"	"Ja"	"Rozendaal 1 6065NE Montfort"	"Roerdalen"	"1"	""	"nu"	"nu"	"nu"	"193229"	"349711"	"193191"	"349739"	"2023-05-16"	"Bewijs bedrijfsbeëindiging"
"ODNML"	"6065NE7"	"voormalig bedrijf"	"Ja"	"Rozendaal 7 6065NE MONTFORT"	"Roerdalen"	"1"	""	"nu"	"nu"	"nu"	"193309"	"349675"	"193309"	"349675"	"2014-04-30"	"Bewijs bedrijfsbeëindiging"
"ODNML"	"6065NH10"	"Vleesvarkens"	"Ja"	"Bosveldweg 10 6065NH Montfort"	"Roerdalen"	"1"	""	"nu"	"nu"	"nu"	"193954"	"349857"	"194000"	"349879"	"2023-02-28"	"Bewijs bedrijfsbeëindiging"
"ODNML"	"6065NH2"	"Vleesvarkens"	"Ja"	"Bosveldweg 2 6065NH Montfort"	"Roerdalen"	"1"	""	"nu"	"nu"	"nu"	"194090"	"349546"	"194141"	"349539"	"2020-07-22"	"Melding beëindiging veehouderij"
"ODNML"	"6065NH4"	"Zeugen"	"Ja"	"Bosveldweg 4 6065NH Montfort"	"Roerdalen"	"1"	""	"nu"	"nu"	"nu"	"194036"	"349687"	"194055"	"349692"	"2020-10-16"	"Melding beëindiging veehouderij"
"ODNML"	"6065NK0ONG"	"Vleesvarkens"	"Ja"	"Heinsbergerweg 0ONG 6065NK MONTFORT"	"Roerdalen"	"1"	""	"nu"	"nu"	"nu"	"196065"	"347862"	"196065"	"347862"	"2023-07-19"	"Bewijs bedrijfsbeëindiging"
"ODNML"	"6065NK12"	"Melkrundvee"	"Nee"	"Heinsbergerweg 12 6065NK Montfort"	"Roerdalen"	"1"	"Nee"	"1.608,00"	"0,00"	"17.460,00"	"195471"	"348224"			"1997-02-25"	"Melding activiteitenbesluit"
"ODNML"	"6065NK25"	"Zeugen"	"Nee"	"Heinsbergerweg 25 6065NK Montfort"	"Roerdalen"	"1"	"Nee"	"2.116,75"	"20.135,40"	"173.613,00"	"196032"	"347847"			"2017-06-19"	"Omgevingsvergunning-verandering"
"ODNML"	"6065NK3"	"Vleesvee"	"Nee"	"Heinsbergerweg 3 6065NK Montfort"	"Roerdalen"	"1"	"Nee"	"5.799,00"	"32.448,00"	"193.800,00"	"195182"	"348445"	"195118"	"348482"	"1994-01-01"	"Vergunning:Beschikkking WM revisievergunning"
"ODNML"	"6065NK7"	"Biggen"	"Nee"	"Heinsbergerweg 7 6065NK Montfort"	"Roerdalen"	"3"	"Ja"	"1.053,10"	"31.587,70"	"253.109,00"	"195412"	"348322"	"195470"	"348357"	"2022-01-25"	"Omgevingsvergunning-verandering"
"ODNML"	"6065NK8"	"Zeugen"	"Nee"	"Heinsbergerweg 8 6065NK Montfort"	"Roerdalen"	"2"	"Ja"	"3.321,37"	"25.854,90"	"122.100,00"	"195343"	"348328"	"195268"	"348274"	"2022-02-17"	"Omgevingsvergunning-verandering"
"ODNML"	"6067AZ10"	"Melkrundvee"	"Nee"	"Groenstraat 10 6067AZ Linne"	"Maasgouw"	"5"	"Nee"	"517,60"	"2.349,60"	"11.272,00"	"193856"	"352254"	"193870"	"352251"	"2004-01-09"	"Melding:besluit landbouwbedrijven milieubeheer"
"ODNML"	"6067BJ10"	"Melkrundvee"	"Nee"	"Weerd 10 6067BJ Linne"	"Maasgouw"	"1"	""	"872,80"	"2.349,60"	"18.064,00"	"192183"	"352750"	"192176"	"352769"	"2005-12-22"	"Vergunning:Beschikkking WM revisievergunning"
"ODNML"	"6067BJ4"	"Vleesvee"	"Nee"	"Weerd 4 6067BJ Linne"	"Maasgouw"	"1"	""	"1.148,00"	"7.120,00"	"34.660,00"	"192681"	"352337"	"192681"	"352344"	"2005-01-18"	"Vergunning:Beschikkking WM revisievergunning"
"ODNML"	"6067CH13"	"Melkrundvee"	"Ja"	"Breeweg 13 6067CH Linne"	"Maasgouw"	"1"	""	"nu"	"nu"	"nu"	"194013"	"351909"	"193951"	"351994"	"2018-09-18"	"Bewijs bedrijfsbeëindiging"
"ODNML"	"6067CH9"	"Melkrundvee"	"Nee"	"Breeweg 9 6067CH Linne"	"Maasgouw"	"4"	"Nee"	"267,20"	"274,60"	"3.188,00"	"193973"	"352008"	"193967"	"351888"	"2006-12-06"	"Melding:besluit landbouwbedrijven milieubeheer"
"ODNML"	"6067CS82"	"Paarden"	"Nee"	"Maasbrachterweg 82 6067CS Linne"	"Maasgouw"	"1"	""	"546,60"	"925,60"	"8.878,00"	"192723"	"351402"	"192751"	"351376"	"2005-06-15"	"Vergunning:Beschikkking WM revisievergunning"
"ODNML"	"6071AC40"	"Melkrundvee"	"Nee"	"Boven Boukoul 40 6071AC Swalmen"	"Roermond"	"1"	"Nee"	"2.635,80"	"1.780,00"	"23.624,00"	"200788"	"358329"	"200735"	"358320"	"2014-01-20"	"Melding:Activiteitenbesluit"
"ODNML"	"6071AC54"	"Zeugen"	"Ja"	"Boven Boukoul 54 6071AC SWALMEN"	"Roermond"	"1"	"Nee"	"0,00"	"0,00"	"0,00"	"200956"	"358176"	"200956"	"358176"	"2011-10-14"	"Intrekking:intrekking gehele veebestand"
"ODNML"	"6071BS23"	"voormalig bedrijf"	"Ja"	"Asseltsestraat 23 6071BS SWALMEN"	"Roermond"	"1"	"Nee"	"0,00"	"0,00"	"0,00"	"199631"	"359977"	"199631"	"359977"	"2012-04-01"	"Intrekking:intrekking gehele veebestand"
"ODNML"	"6071KV157"	"Paarden"	"Nee"	"Rijksweg Noord 157 6071KV SWALMEN"	"Roermond"	"1"	"Nee"	"208,20"	"210,40"	"17.480,00"	"201347"	"361857"	"201347"	"361857"	"2006-04-07"	"Melding:"
"ODNML"	"6071NC1"	"Melkrundvee"	"Nee"	"Raaystraat 1 6071NC SWALMEN"	"Roermond"	"1"	"Nee"	"207,50"	"0,00"	"3.216,00"	"201075"	"357851"	"201075"	"357851"	"1994-09-30"	"Melding:"
"ODNML"	"6071NC10"	"Paarden"	"Nee"	"Raaystraat 10 6071NC SWALMEN"	"Roermond"	"1"	"Nee"	"125,00"	"0,00"	"0,00"	"200270"	"357856"	"200270"	"357856"	"2007-05-21"	"Vergunning:beschikking WM veranderingsvergunning"
"ODNML"	"6071NC29"	"Paarden"	"Nee"	"Raaystraat 29 6071NC SWALMEN"	"Roermond"	"1"	"Nee"	"10,00"	"0,00"	"0,00"	"199795"	"357916"	"199795"	"357916"	"1997-08-08"	"Melding:"
"ODNML"	"6071NC38"	"Melkrundvee"	"Nee"	"Raaystraat 38 6071NC Swalmen"	"Roermond"	"1"	"Nee"	"1.182,80"	"0,00"	"10.616,00"	"199500"	"358057"	"199517"	"358089"	"2001-01-08"	"Melding:"
"ODNML"	"6071ND8"	"Zeugen"	"Ja"	"Graeterweg 8 6071ND SWALMEN"	"Roermond"	"1"	"Nee"	"nu"	"nu"	"nu"	"200120"	"359110"	"200120"	"359110"	"2025-07-01"	"Intrekking gehele veebestand"
"ODNML"	"6071NP18"	"Paarden"	"Nee"	"Oude Baan 18 6071NP Swalmen"	"Roermond"	"1"	"Nee"	"66,00"	"0,00"	"0,00"	"199386"	"359150"	"199381"	"359153"	"2009-01-09"	"Melding:besluit landbouwbedrijven milieubeheer"
"ODNML"	"6071NS1A"	"Melkrundvee"	"Nee"	"Maalbroekweg 1A 6071NS Swalmen"	"Roermond"	"1"	"Nee"	"75,60"	"0,00"	"1.260,00"	"200915"	"357131"	"200855"	"357184"	"2017-01-26"	"Melding:Activiteitenbesluit"
"ODNML"	"6071NW26"	"Melkrundvee"	"Nee"	"Pastoor Pinckersstraat 26 6071NW SWALMEN"	"Roermond"	"7"	"Nee"	"409,70"	"2.624,80"	"1.858,00"	"198721"	"359629"	"198721"	"359629"	"2026-01-27"	"Omgevingsvergunning-verandering"
"ODNML"	"6071PB9"	"Melkrundvee"	"Nee"	"Schroefstraat 9 6071PB SWALMEN"	"Roermond"	"1"	"Nee"	"1.043,90"	"54,60"	"9.838,00"	"199207"	"360379"	"199207"	"360379"	"2023-03-02"	"Melding activiteitenbesluit"
"ODNML"	"6071PD1"	"Schapen"	"Nee"	"Wieler 1 6071PD Swalmen"	"Roermond"	"1"	"Nee"	"24,50"	"273,00"	"0,00"	"199652"	"360893"	"199630"	"360887"	"2013-03-15"	"Melding:Activiteitenbesluit"
"ODNML"	"6071PD19"	"Paarden"	"Nee"	"Wieler 19 6071PD Swalmen"	"Roermond"	"1"	"Nee"	"57,60"	"0,00"	"0,00"	"199531"	"361174"	"199536"	"361154"	"2006-09-13"	"Melding:"
"ODNML"	"6071PD23"	"Vleesvee"	"Nee"	"Wieler 23 6071PD SWALMEN"	"Roermond"	"1"	"Nee"	"95,60"	"783,20"	"1.236,00"	"199404"	"361289"	"199404"	"361289"	"2021-12-08"	"Melding:Activiteitenbesluit"
"ODNML"	"6071PD28"	"Melkrundvee"	"Nee"	"Wieler 28 6071PD Swalmen"	"Roermond"	"1"	"Nee"	"833,50"	"1.780,00"	"15.484,00"	"199355"	"361433"	"199398"	"361435"	"2013-11-29"	"Melding:Activiteitenbesluit"
"ODNML"	"6071PD30"	"Melkrundvee"	"Nee"	"Wieler 30 6071PD SWALMEN"	"Roermond"	"1"	"Nee"	"217,00"	"0,00"	"2.380,00"	"199438"	"361481"	"199438"	"361481"	"2020-11-09"	"Melding:Activiteitenbesluit"
"ODNML"	"6071PD44"	"Paarden"	"Nee"	"Wieler 44 6071PD SWALMEN"	"Roermond"	"1"	"Nee"	"74,10"	"0,00"	"0,00"	"199640"	"361589"	"199640"	"361589"	"2014-10-06"	"Melding:Activiteitenbesluit"
"ODNML"	"6071PE35"	"Melkrundvee"	"Nee"	"Middelhoven 35 6071PE SWALMEN"	"Roermond"	"1"	"Nee"	"163,80"	"142,40"	"2.554,00"	"199519"	"360734"	"199519"	"360734"	"2016-01-05"	"Melding:Activiteitenbesluit"
"ODNML"	"6071PE5"	"Melkrundvee"	"Nee"	"Middelhoven 5 6071PE SWALMEN"	"Roermond"	"1"	"Nee"	"838,80"	"0,00"	"7.542,00"	"199821"	"360756"	"199821"	"360756"	"2014-09-30"	"Melding:Activiteitenbesluit"
"ODNML"	"6071PN12"	"Vleesvee"	"Nee"	"Rookhuizen 12 6071PN Swalmen"	"Roermond"	"1"	"Nee"	"155,00"	"0,00"	"4.250,00"	"199841"	"362046"	"199856"	"362031"	"2010-02-26"	"Melding:besluit landbouwbedrijven milieubeheer"
"ODNML"	"6071PP3"	"zeer gering van omvang"	"Nee"	"Hawinkel 3 6071PP Swalmen"	"Roermond"	"1"	"Nee"	"7,35"	"50,20"	"840,00"	"200686"	"361536"	"200702"	"361557"	"1999-03-05"	"Melding:"
"ODNML"	"6071PR0"	"Melkrundvee"	"Nee"	"Veestraat 0 6071PR SWALMEN"	"Roermond"	"1"	"Nee"	"61,50"	"0,00"	"1.290,00"	"201527"	"361809"	"201527"	"361809"	"1996-11-05"	"Melding:"
"ODNML"	"6071PR19"	"Vleesvee"	"Nee"	"Veestraat 19 6071PR SWALMEN"	"Roermond"	"1"	"Nee"	"271,00"	"2.214,00"	"6.090,00"	"201759"	"361820"	"201759"	"361820"	"2015-10-01"	"Melding:Activiteitenbesluit"
"ODNML"	"6071PR23"	"Paarden"	"Nee"	"Veestraat 23 6071PR Swalmen"	"Roermond"	"1"	"Nee"	"60,00"	"0,00"	"0,00"	"201874"	"361797"	"201919"	"361819"	"2021-04-16"	"Melding:Activiteitenbesluit"
"ODNML"	"6071PX121"	"Melkrundvee"	"Nee"	"Bosstraat 121 6071PX Swalmen"	"Roermond"	"1"	"Nee"	"595,50"	"498,40"	"9.482,00"	"203273"	"360436"	"203283"	"360472"	"2002-07-05"	"Melding:besluit landbouwbedrijven milieubeheer"
"ODNML"	"6071PZ122"	"Melkrundvee"	"Nee"	"Bosstraat 122 6071PZ Swalmen"	"Roermond"	"1"	"Nee"	"1.085,40"	"213,60"	"9.780,00"	"203343"	"360379"	"203336"	"360335"	"2015-08-19"	"Melding:milieu neutrale wijziging"
"ODNML"	"6074AC15"	"voormalig bedrijf"	"Ja"	"Heinsbergerweg 15 6074AC Melick"	"Roerdalen"	"1"	""	"nu"	"nu"	"nu"	"198410"	"352237"	"198403"	"352232"	"2019-12-11"	"Bewijs bedrijfsbeëindiging"
"ODNML"	"6074AC3"	"Paarden"	"Nee"	"Heinsbergerweg 3 6074AC Melick"	"Roerdalen"	"1"	"Nee"	"333,70"	"0,00"	"0,00"	"198238"	"351968"			"2001-01-01"	"Vergunning:WM uitbreidings-wijzigingsvergunning"
"ODNML"	"6074AD12"	"voormalig bedrijf"	"Ja"	"Heinsbergerweg 12 6074AD Melick"	"Roerdalen"	"1"	""	"nu"	"nu"	"nu"	"198278"	"351770"	"198398"	"351689"	"2021-08-30"	"Bewijs bedrijfsbeëindiging"
"ODNML"	"6074EJ43"	"voormalig bedrijf"	"Ja"	"Groenstraat 43 6074EJ Melick"	"Roerdalen"	"1"	""	"nu"	"nu"	"nu"	"199819"	"352506"	"199813"	"352552"	"2011-11-28"	"Bewijs bedrijfsbeëindiging"
"ODNML"	"6074EK10"	"voormalig bedrijf"	"Ja"	"Groenstraat 10 6074EK Melick"	"Roerdalen"	"1"	""	"nu"	"nu"	"nu"	"199288"	"352251"	"199306"	"352235"	"2014-03-28"	"Bewijs bedrijfsbeëindiging"
"ODNML"	"6074EK12"	"Paarden"	"Nee"	"Groenstraat 12 6074EK Melick"	"Roerdalen"	"1"	"Nee"	"137,40"	"0,00"	"0,00"	"199327"	"352271"			"2023-01-19"	"Melding activiteitenbesluit"
"ODNML"	"6074EN1"	"Paarden"	"Nee"	"Kempkensweg 1 6074EN Melick"	"Roerdalen"	"2"	"Nee"	"465,00"	"0,00"	"0,00"	"200511"	"352556"			"2016-06-08"	"Melding activiteitenbesluit"
"ODNML"	"6074GA27"	"voormalig bedrijf"	"Ja"	"Dorpsstraat 27 6074GA Melick"	"Roerdalen"	"1"	""	"nu"	"nu"	"nu"	"198672"	"352114"	"198650"	"352111"	"2023-02-02"	"Bewijs bedrijfsbeëindiging"
"ODNML"	"6074GD96"	"Melkrundvee"	"Nee"	"Dorpsstraat 96 6074GD Melick"	"Roerdalen"	"7"	"Nee"	"2.408,90"	"1.352,80"	"28.806,00"	"199214"	"352171"			"2000-10-25"	"Omgevingsvergunning-verandering"
"ODNML"	"6075AD82"	"Paarden"	"Nee"	"Steegstraat 82 6075AD Herkenbosch"	"Roerdalen"	"1"	"Nee"	"150,00"	"0,00"	"0,00"	"202784"	"350972"			"2023-10-02"	"Melding activiteitenbesluit"
"ODNML"	"6075AJ9"	"Paarden"	"Nee"	"Hammerstraat 9 6075AJ Herkenbosch"	"Roerdalen"	"1"	"Nee"	"50,00"	"0,00"	"0,00"	"202100"	"351627"	"202107"	"351621"	"2002-01-01"	"Vergunning:oprichtingsvergunning"
"ODNML"	"6075AM33"	"Vleesvarkens"	"Ja"	"Muytertweg 33 6075AM Herkenbosch"	"Roerdalen"	"3"	"Ja"	"nu"	"nu"	"nu"	"201015"	"351622"			"2024-02-01"	"Intrekking gehele veebestand"
"ODNML"	"6075AM40"	"Zeugen"	"Nee"	"Muytertweg 40 6075AM Herkenbosch"	"Roerdalen"	"2"	"Ja"	"810,00"	"22.860,00"	"55.800,00"	"201028"	"351782"	"200968"	"351939"	"2013-02-06"	"Omgevingsvergunning-revisie"
"ODNML"	"6075CD74"	"voormalig bedrijf"	"Ja"	"Stationsweg 74 6075CD Herkenbosch"	"Roerdalen"	"1"	""	"nu"	"nu"	"nu"	"202640"	"352973"	"202676"	"352949"	"2013-06-04"	"Bewijs bedrijfsbeëindiging"
"ODNML"	"6075NA214"	"Paarden"	"Nee"	"Meinweg 214 6075NA Herkenbosch"	"Roerdalen"	"1"	"Nee"	"301,00"	"0,00"	"0,00"	"210164"	"355756"	"210145"	"355770"	"1996-01-01"	"Vergunning:oprichtingsvergunning"
"ODNML"	"6075NA228"	"Paarden"	"Nee"	"Meinweg 228 6075NA Herkenbosch"	"Roerdalen"	"1"	"Nee"	"125,00"	"0,00"	"0,00"	"210329"	"355573"	"210324"	"355572"	"1998-01-01"	"Vergunning:WM uitbreidings-wijzigingsvergunning"
"ODNML"	"6075NE2"	"Paarden"	"Nee"	"Venhof 2 6075NE Herkenbosch"	"Roerdalen"	"1"	""	"425,00"	"0,00"	"0,00"	"203852"	"353222"			"2008-08-11"	"Melding activiteitenbesluit"
"ODNML"	"6077HD1"	"Melkrundvee"	"Nee"	"Postberg 1 6077HD SINT ODILIENBERG"	"Roerdalen"	"5"	"Nee"	"1.879,20"	"0,00"	"18.508,00"	"196935"	"351128"			"2022-11-17"	"Melding activiteitenbesluit"
"ODNML"	"6077NM1"	"Melkrundvee"	"Nee"	"Munnichsbosch 1 6077NM SINT ODILIENBERG"	"Roerdalen"	"1"	"Nee"	"1.149,60"	"1.424,00"	"12.812,00"	"197193"	"348756"	"197179"	"348788"	"1995-01-01"	"Vergunning:Beschikkking WM revisievergunning"
"ODNML"	"6077NR5"	"Leghennen"	"Nee"	"Paarloweg 5 6077NR SINT ODILIENBERG"	"Roerdalen"	"3"	"Nee"	"1.105,90"	"4.368,60"	"780.000,00"	"198983"	"350733"	"199036"	"350723"	"2022-07-13"	"Melding activiteitenbesluit met OBM"
"ODNML"	"6077NR7"	"voormalig bedrijf"	"Ja"	"Paarloweg 7 6077NR SINT ODILIENBERG"	"Roerdalen"	"1"	""	"nu"	"nu"	"nu"	"199183"	"350705"	"199197"	"350714"	"2023-02-09"	"Bewijs bedrijfsbeëindiging"
"ODNML"	"6077NW1"	"Melkrundvee"	"Nee"	"Leropperweg 1 6077NW SINT ODILIENBERG"	"Roerdalen"	"1"	"Nee"	"1.893,37"	"1.316,94"	"17.773,00"	"197428"	"351777"	"197382"	"351793"	"2008-06-11"	"Melding activiteitenbesluit"
"ODNML"	"6077NW13"	"Zeugen"	"Ja"	"Leropperweg 13 6077NW SINT ODILIENBERG"	"Roerdalen"	"1"	""	"nu"	"nu"	"nu"	"197029"	"353343"	"197020"	"353311"	"2020-01-01"	"Bewijs bedrijfsbeëindiging"
"ODNML"	"6077NW19"	"Vleesvee"	"Nee"	"Leropperweg 19 6077NW SINT ODILIENBERG"	"Roerdalen"	"4"	"Nee"	"2.536,00"	"9.612,00"	"62.020,00"	"196845"	"353453"	"196782"	"353475"	"2021-05-19"	"Melding activiteitenbesluit met OBM"
"ODNML"	"6077NW21"	"voormalig bedrijf"	"Ja"	"Leropperweg 21 6077NW SINT ODILIENBERG"	"Roerdalen"	"1"	""	"nu"	"nu"	"nu"	"196804"	"353596"	"196806"	"353596"	"2023-02-09"	"Bewijs bedrijfsbeëindiging"
"ODNML"	"6077NW5"	"Vleesvarkens"	"Ja"	"Leropperweg 5 6077NW SINT ODILIENBERG"	"Roerdalen"	"1"	""	"nu"	"nu"	"nu"	"196674"	"352539"	"196685"	"352544"	"2013-03-06"	"Bewijs bedrijfsbeëindiging"
"ODNML"	"6077NW7"	"voormalig bedrijf"	"Ja"	"Leropperweg 7 6077NW SINT ODILIENBERG"	"Roerdalen"	"1"	""	"nu"	"nu"	"nu"	"197264"	"352303"	"197228"	"352349"	"2017-08-31"	"Bewijs bedrijfsbeëindiging"
"ODNML"	"6077NX32"	"Melkrundvee"	"Nee"	"Leropperweg 32 6077NX SINT ODILIENBERG"	"Roerdalen"	"3"	""	"381,50"	"1.281,60"	"7.392,00"	"196855"	"353956"			"2017-06-13"	"Omgevingsvergunning-verandering"
"ODNML"	"6077NX6"	"Paarden"	"Nee"	"Leropperweg 6 6077NX SINT ODILIENBERG"	"Roerdalen"	"1"	""	"48,90"	"0,00"	"0,00"	"197233"	"353165"			"1999-01-01"	"Vergunning:oprichtingsvergunning"
"ODNML"	"6077PA0"	"Melkrundvee"	"Ja"	"Berkenallee 0 6077PA SINT ODILIENBERG"	"Roerdalen"	"1"	""	"nu"	"nu"	"nu"	"195120"	"352169"	"195120"	"352169"	"2023-07-19"	"Bewijs bedrijfsbeëindiging"
"ODNML"	"6077PA2"	"Melkrundvee"	"Nee"	"Berkenallee 2 6077PA SINT ODILIENBERG"	"Roerdalen"	"2"	"Nee"	"102,90"	"0,00"	"1.634,00"	"195206"	"352082"			"2018-03-05"	"Melding activiteitenbesluit"
"ODNML"	"6077PA4"	"Melkrundvee"	"Nee"	"Berkenallee 4 6077PA SINT ODILIENBERG"	"Roerdalen"	"4"	"Nee"	"1.544,00"	"2.420,80"	"18.781,00"	"195632"	"351965"			"2010-04-22"	"Melding activiteitenbesluit"
"ODNML"	"6077PA5"	"Vleesvarkens"	"Nee"	" 5 6077PA "	"Roerdalen"	"1"	""	"1.080,00"	"15.240,00"	"73.200,00"	"196991"	"353309"	"196991"	"353309"	"2004-01-20"	"Vergunning:beschikking WM veranderingsvergunning"
"ODNML"	"6077PB1"	"voormalig bedrijf"	"Ja"	"Gulikerweg 1 6077PB SINT ODILIENBERG"	"Roerdalen"	"1"	""	"nu"	"nu"	"nu"	"196748"	"350468"	"196744"	"350464"	"2023-03-17"	"Bewijs bedrijfsbeëindiging"
"ODNML"	"6077PC2"	"Zeugen"	"Nee"	"Kleine Bergerweg 2 6077PC SINT ODILIENBERG"	"Roerdalen"	"1"	""	"1.553,28"	"8.560,90"	"67.715,00"	"194424"	"351537"	"194444"	"351507"	"1995-01-01"	"Vergunning:Beschikkking WM revisievergunning"
"ODNML"	"6077PC3"	"voormalig bedrijf"	"Ja"	"Kleine Bergerweg 3 6077PC SINT ODILIENBERG"	"Roerdalen"	"1"	""	"nu"	"nu"	"nu"	"194590"	"351584"	"194595"	"351633"	"2015-06-24"	"Intrekking gehele veebestand"
"ODNML"	"6077PD1"	"voormalig bedrijf"	"Ja"	"Linnerveld 1 6077PD SINT ODILIENBERG"	"Roerdalen"	"1"	""	"nu"	"nu"	"nu"	"197535"	"350836"	"197535"	"350836"	"2023-03-28"	"Bewijs bedrijfsbeëindiging"
"ODNML"	"6077PD5"	"voormalig bedrijf"	"Ja"	"Linnerveld 5 6077PD SINT ODILIENBERG"	"Roerdalen"	"1"	""	"nu"	"nu"	"nu"	"196408"	"351388"	"196408"	"351388"	"2023-03-28"	"Bewijs bedrijfsbeëindiging"
"ODNML"	"6077PD7"	"voormalig bedrijf"	"Ja"	"Linnerveld 7 6077PD SINT ODILIENBERG"	"Roerdalen"	"1"	""	"nu"	"nu"	"nu"	"195318"	"351928"	"195318"	"351928"	"2023-03-28"	"Bewijs bedrijfsbeëindiging"
"ODNML"	"6077PE1"	"voormalig bedrijf"	"Ja"	"Stekveldweg 1 6077PE SINT ODILIENBERG"	"Roerdalen"	"1"	""	"nu"	"nu"	"nu"	"196078"	"353480"	"195984"	"353479"	"2016-06-14"	"Bewijs bedrijfsbeëindiging"
"ODNML"	"6077PG85"	"Melkrundvee"	"Nee"	"Waarderweg 85 6077PG SINT ODILIENBERG"	"Roerdalen"	"4"	"Nee"	"544,50"	"1.246,00"	"11.580,00"	"196579"	"350166"			"2015-11-03"	"Melding activiteitenbesluit"
"ODNML"	"6077PL4"	"Zeugen"	"Ja"	"Kraamweg 4 6077PL "	"Roerdalen"	"1"	""	"nu"	"nu"	"nu"	"195244"	"351379"	"195244"	"351308"	"2023-07-19"	"Bewijs bedrijfsbeëindiging"
"ODNML"	"6081CM25"	"voormalig bedrijf"	"Ja"	"Grote Kampweg 25 6081CM HAELEN"	"Leudal"	"1"	"Nee"	"0,00"	"0,00"	"0,00"	"194180"	"360357"	"194180"	"360357"	"2011-05-11"	"Intrekking:intrekking gehele veebestand"
"ODNML"	"6081NZ12"	"Dekberen"	"Nee"	"Melenborgweg 12 6081NZ Haelen"	"Leudal"	"1"	""	"342,50"	"1.280,00"	"11.295,00"	"195195"	"359420"	"195211"	"359423"	"2017-08-29"	"Melding:Activiteitenbesluit"
"ODNML"	"6081NZ4"	"Melkrundvee"	"Nee"	"Melenborgweg 4 6081NZ Haelen"	"Leudal"	"1"	""	"717,15"	"1.281,00"	"32.456,00"	"195272"	"359148"	"195284"	"359160"	"2003-02-06"	"Vergunning:ambtshalve wijziging"
"ODNML"	"6081PA30"	"Schapen"	"Nee"	"Broekweg 30 6081PA Haelen"	"Leudal"	"1"	""	"288,90"	"2.984,60"	"1.700,00"	"194803"	"359218"	"194811"	"359240"	"2013-12-02"	"Melding:Activiteitenbesluit"
"ODNML"	"6082NC3"	"Melkrundvee"	"Nee"	"Poelakkerweg 3 6082NC Buggenum"	"Leudal"	"1"	""	"2.182,40"	"0,00"	"29.102,00"	"196655"	"360748"	"196708"	"360757"	"2017-05-04"	"Melding:Activiteitenbesluit"
"ODNML"	"6082ND18"	"Dekberen"	"Nee"	"Arixweg 18 6082ND Buggenum"	"Leudal"	"1"	"Nee"	"356,50"	"1.178,10"	"11.340,00"	"196984"	"360982"	"196978"	"361000"	"2015-10-20"	"Vergunning:oprichtingsvergunning"
"ODNML"	"6083AD35"	"Paarden"	"Ja"	"Kerkstraat 35 6083AD Nunhem"	"Leudal"	"1"	""	"nu"	"nu"	"nu"	"195443"	"361651"	"195425"	"361643"	"2025-11-10"	"Melding beëindiging veehouderij"
"ODNML"	"6083AK43"	"Melkrundvee"	"Nee"	"Burgemeester Peetersstr 43 6083AK Nunhem"	"Leudal"	"1"	""	"619,60"	"936,70"	"12.555,00"	"195006"	"361529"	"194993"	"361549"	"1995-04-13"	"Vergunning:Beschikkking WM revisievergunning"
"ODNML"	"6083PA1"	"Melkrundvee"	"Nee"	"Zelsterhof 1 6083PA Nunhem"	"Leudal"	"1"	""	"102,07"	"70,12"	"866,00"	"193570"	"363007"	"193567"	"363011"	"1994-01-01"	"Melding:besluit landbouwbedrijven milieubeheer"
"ODNML"	"6085AD8"	"Melkrundvee"	"Nee"	"Beurik 8 6085AD Horn"	"Leudal"	"1"	""	"160,80"	"0,00"	"1.446,00"	"194176"	"357432"	"194206"	"357438"	"1994-01-01"	"Melding:besluit landbouwbedrijven milieubeheer"
"ODNML"	"6085AG12"	"Melkrundvee"	"Nee"	"Posthuisweg 12 6085AG Horn"	"Leudal"	"1"	""	"1.132,00"	"2.136,00"	"17.430,00"	"193488"	"357856"	"193488"	"357823"	"2002-07-24"	"Melding:besluit landbouwbedrijven milieubeheer"
"ODNML"	"6085AG7"	"Melkrundvee"	"Nee"	"Posthuisweg 7 6085AG Horn"	"Leudal"	"1"	""	"1.595,00"	"0,00"	"17.312,00"	"193773"	"357724"	"193758"	"357747"	"2010-03-10"	"Melding:besluit landbouwbedrijven milieubeheer"
"ODNML"	"6085AG8"	"Melkrundvee"	"Nee"	"Posthuisweg 8 6085AG Horn"	"Leudal"	"1"	""	"3.216,00"	"0,00"	"28.920,00"	"193673"	"357715"	"193674"	"357693"	"2007-04-26"	"Melding:besluit landbouwbedrijven milieubeheer"
"ODNML"	"6085EM17"	"voormalig bedrijf"	"Ja"	"Broekstraat 17 6085EM HORN"	"Leudal"	"1"	""	"0,00"	"0,00"	"0,00"	"194133"	"358603"	"194133"	"358603"	"2014-12-16"	"Melding:intrekking gehele veebestand"
"ODNML"	"6085EM18"	"Melkrundvee"	"Nee"	"Broekstraat 18 6085EM Horn"	"Leudal"	"1"	""	"935,00"	"0,00"	"8.390,00"	"194208"	"358550"	"194202"	"358530"	"2006-06-08"	"Melding:besluit landbouwbedrijven milieubeheer"
"ODNML"	"6085NH28"	"Melkrundvee"	"Nee"	"Heythuyserweg 28 6085NH Horn"	"Leudal"	"1"	""	"445,12"	"282,40"	"49.624,00"	"192431"	"359055"	"192448"	"359061"	"2003-07-08"	"Melding:besluit landbouwbedrijven milieubeheer"
"ODNML"	"6085NP1"	"voormalig bedrijf"	"Ja"	"Stokshof 1 6085NP HORN"	"Leudal"	"1"	""	"0,00"	"0,00"	"0,00"	"191458"	"359777"	"191458"	"359777"	"2003-02-06"	"Intrekking:intrekking gehele veebestand"
"ODNML"	"6086AE4"	"Vleesvee"	"Nee"	"Napoleonsweg 4 6086AE Neer"	"Leudal"	"1"	"Nee"	"84,10"	"676,40"	"1.586,00"	"198362"	"365322"	"198310"	"365354"	"2020-04-01"	"Melding:Activiteitenbesluit"
"ODNML"	"6086AR7"	"Paarden"	"Nee"	"Kruisstraat 7 6086AR Neer"	"Leudal"	"1"	""	"97,40"	"0,00"	"0,00"	"196195"	"363124"	"196183"	"363115"	"1995-01-01"	"Vergunning:oprichtingsvergunning"
"ODNML"	"6086AV35"	"Melkrundvee"	"Nee"	"Dries 35 6086AV Neer"	"Leudal"	"1"	""	"2.259,20"	"1.068,00"	"21.833,00"	"196020"	"364201"	"195974"	"364257"	"2005-06-13"	"Vergunning:Beschikkking WM revisievergunning"
"ODNML"	"6086AW28"	"Vleesvarkens"	"Nee"	"Dries 28 6086AW Neer"	"Leudal"	"1"	""	"1.152,00"	"5.888,00"	"39.168,00"	"196004"	"364431"	"196025"	"364455"	"2004-08-02"	"Vergunning:beschikking WM veranderingsvergunning"
"ODNML"	"6086AX1A"	"voormalig bedrijf"	"Ja"	"Keizerbos 1A 6086AX NEER"	"Leudal"	"1"	""	"0,00"	"0,00"	"0,00"	"196168"	"364149"	"196168"	"364149"	"2010-07-19"	"Intrekking:intrekking gehele veebestand"
"ODNML"	"6086BM34"	"Vleesvarkens"	"Nee"	"Bergerstraat 34 6086BM Neer"	"Leudal"	"1"	""	"900,00"	"4.600,00"	"30.600,00"	"197495"	"363548"	"197502"	"363522"	"2010-07-26"	"Intrekking:gedeeltelijke intrekking"
"ODNML"	"6086NB3"	"Paarden"	"Nee"	"Rohrstraat 3 6086NB NEER"	"Leudal"	"2"	"Nee"	"132,70"	"585,00"	"602,00"	"196761"	"362968"	"196777"	"362965"	"2013-03-15"	"Melding:Omgevingsvergunning beperkte milieutoets"
"ODNML"	"6086NB6"	"Paarden"	"Nee"	"Rohrstraat 6 6086NB Neer"	"Leudal"	"1"	""	"58,00"	"195,00"	"430,00"	"196734"	"362990"	"196734"	"363015"	"2013-03-15"	"Melding:Activiteitenbesluit"
"ODNML"	"6086NC3"	"Melkrundvee"	"Nee"	"Gendijk 3 6086NC Neer"	"Leudal"	"6"	"Nee"	"2.174,80"	"0,00"	"33.096,00"	"196523"	"362684"	"196558"	"362709"	"2025-05-26"	"Omgevingsvergunning-revisie"
"ODNML"	"6086NE1"	"voormalig bedrijf"	"Ja"	"Zwaarveld 1 6086NE NEER"	"Leudal"	"1"	"Nee"	"0,00"	"0,00"	"0,00"	"197961"	"362653"	"197938"	"362487"	"2018-10-17"	"Intrekking:intrekking gehele veebestand"
"ODNML"	"6086NP3"	"Melkrundvee"	"Nee"	"Waije 3 6086NP Neer"	"Leudal"	"1"	""	"436,85"	"247,00"	"8.680,00"	"198269"	"364499"	"198248"	"364504"	"1995-04-28"	"Melding:besluit landbouwbedrijven milieubeheer"
"ODNML"	"6086NP8"	"voormalig bedrijf"	"Ja"	"Waije 8 6086NP Neer"	"Leudal"	"1"	""	"0,00"	"0,00"	"0,00"	"198330"	"364620"	"198332"	"364603"	"2009-01-30"	"Melding:van rechtswege vervallen"
"ODNML"	"6086PA15"	"voormalig bedrijf"	"Ja"	"Kappert 15 6086PA NEER"	"Leudal"	"1"	""	"0,00"	"0,00"	"0,00"	"197237"	"365159"	"197237"	"365159"	"2015-03-10"	"Intrekking:intrekking gehele veebestand"
"ODNML"	"6086PD13"	"voormalig bedrijf"	"Ja"	"Heldenseweg 13 6086PD Neer"	"Leudal"	"1"	""	"0,00"	"0,00"	"0,00"	"196762"	"364191"	"196749"	"364212"	"2006-01-01"	"Intrekking:van rechtswege vervallen"
"ODNML"	"6086PD39"	"Paarden"	"Nee"	"Heldenseweg 39 6086PD Neer"	"Leudal"	"1"	""	"52,60"	"0,00"	"0,00"	"195864"	"366711"	"195815"	"366702"	"2005-08-22"	"Vergunning:Beschikkking WM revisievergunning"
"ODNML"	"6086PG2"	"Melkrundvee"	"Nee"	"Heideweg 2 6086PG Neer"	"Leudal"	"1"	""	"1.158,80"	"0,00"	"10.340,00"	"196130"	"366758"	"196143"	"366733"	"1994-10-04"	"Vergunning:Beschikkking WM revisievergunning"
"ODNML"	"6086PJ2"	"Melkrundvee"	"Nee"	"Boerderijweg 2 6086PJ Neer"	"Leudal"	"1"	""	"2.004,00"	"0,00"	"18.216,00"	"194063"	"367759"	"194096"	"367773"	"2007-10-12"	"Melding:besluit landbouwbedrijven milieubeheer"
"ODNML"	"6086PJ4"	"Melkrundvee"	"Nee"	"Boerderijweg 4 6086PJ Neer"	"Leudal"	"1"	""	"675,50"	"142,40"	"6.404,00"	"193829"	"367861"	"193842"	"367888"	"1995-11-07"	"Vergunning:Beschikkking WM revisievergunning"
"ODNML"	"6086PJ6"	"Vleesvee"	"Nee"	"Boerderijweg 6 6086PJ Neer"	"Leudal"	"4"	""	"3.853,00"	"0,00"	"78.298,00"	"193144"	"368153"	"193195"	"368203"	"2019-02-18"	"Vergunning:Beschikkking WM revisievergunning"
"ODNML"	"6086PJ7"	"Paarden"	"Nee"	"Boerderijweg 7 6086PJ Neer"	"Leudal"	"1"	""	"16,20"	"0,00"	"0,00"	"193261"	"368058"	"193232"	"368060"	"2001-01-10"	"Melding:besluit landbouwbedrijven milieubeheer"
"ODNML"	"6086PJ8"	"Paarden"	"Nee"	"Boerderijweg 8 6086PJ Neer"	"Leudal"	"1"	""	"644,40"	"0,00"	"4.544,00"	"192778"	"368308"	"192781"	"368338"	"2006-01-09"	"Vergunning:Beschikkking WM revisievergunning"
"ODNML"	"6086PK1"	"Melkrundvee"	"Nee"	"Doorbrand 1 6086PK Neer"	"Leudal"	"1"	""	"2.153,80"	"0,00"	"19.294,00"	"193649"	"368195"	"193617"	"368209"	"2010-03-14"	"Melding:besluit landbouwbedrijven milieubeheer"
"ODNML"	"6086PL1"	"Vleesvee"	"Nee"	"Pasveld 1 6086PL Neer"	"Leudal"	"1"	""	"155,00"	"0,00"	"4.250,00"	"196753"	"364012"	"196754"	"363995"	"1995-01-01"	"Melding:besluit landbouwbedrijven milieubeheer"
"ODNML"	"6086PL3"	"Paarden"	"Nee"	"Pasveld 3 6086PL Neer"	"Leudal"	"1"	""	"45,00"	"0,00"	"0,00"	"196652"	"363898"	"196654"	"363906"	"1994-01-01"	"Vergunning:oprichtingsvergunning"
"ODNML"	"6086PN2"	"Melkrundvee"	"Nee"	"Sloes 2 6086PN Neer"	"Leudal"	"1"	""	"1.024,60"	"1.424,00"	"15.598,00"	"196168"	"364027"	"196157"	"364002"	"2005-08-15"	"Vergunning:Beschikkking WM revisievergunning"
"ODNML"	"6086PP1"	"Leghennen"	"Nee"	"Hoven 1 6086PP NEER"	"Leudal"	"2"	"Ja"	"2.746,00"	"17.010,00"	"3.237.000,00"	"196385"	"364607"	"196348"	"364601"	"2024-01-09"	"Intrekking gedeeltelijk veebestand"
"ODNML"	"6086PR10"	"voormalig bedrijf"	"Ja"	"Vlaas 10 6086PR Neer"	"Leudal"	"1"	""	"0,00"	"0,00"	"0,00"	"195818"	"365427"	"195823"	"365433"	"2020-06-06"	"Melding:Activiteitenbesluit"
"ODNML"	"6086PR7"	"Melkrundvee"	"Nee"	"Vlaas 7 6086PR Neer"	"Leudal"	"1"	"Nee"	"1.030,00"	"0,00"	"9.262,00"	"195642"	"364757"	"195667"	"364740"	"1999-01-01"	"Melding:besluit landbouwbedrijven milieubeheer"
"ODNML"	"6086PR8"	"Melkrundvee"	"Nee"	"Vlaas 8 6086PR Neer"	"Leudal"	"1"	""	"1.600,20"	"343,20"	"14.098,00"	"195802"	"364918"	"195803"	"364931"	"2006-03-27"	"Vergunning:ambtshalve wijziging"
"ODNML"	"6086PT6"	"Melkrundvee"	"Nee"	"Rieterweg 6 6086PT Neer"	"Leudal"	"1"	""	"1.900,00"	"0,00"	"25.324,00"	"195059"	"365083"	"195028"	"365094"	"2017-08-14"	"Melding:Activiteitenbesluit"
"ODNML"	"6086PZ1"	"Nerts Vos"	"Nee"	"Roggelsedijk 1 6086PZ NEER"	"Leudal"	"1"	"Nee"	"1.312,50"	"0,00"	"42.000,00"	"194958"	"367598"	"194958"	"367598"	"2015-01-06"	"Vergunning:Beschikkking WM revisievergunning"
"ODNML"	"6086RA5"	"Ov.Pluimvee"	"Nee"	"Graven 5 6086RA Neer"	"Leudal"	"7"	"Ja"	"7.574,00"	"70.323,00"	"4.688.200,00"	"194624"	"365419"	"194530"	"365459"	"2025-03-03"	"Intrekking gedeeltelijk veebestand OW"
"ODNML"	"6086RC1"	"Melkrundvee"	"Nee"	"Sterrebosweg 1 6086RC Neer"	"Leudal"	"1"	""	"585,00"	"0,00"	"5.310,00"	"195957"	"363553"	"195984"	"363548"	"1995-01-01"	"Melding:besluit landbouwbedrijven milieubeheer"
"ODNML"	"6086RD18"	"Zeugen"	"Nee"	"Sterrebosweg 18 6086RD Neer"	"Leudal"	"6"	"Ja"	"3.288,37"	"35.171,22"	"286.518,40"	"194811"	"364221"	"194770"	"364306"	"2011-08-01"	"Vergunning:beschikking WM veranderingsvergunning"
"ODNML"	"6086RD24"	"voormalig bedrijf"	"Ja"	"Sterrebosweg 24 6086RD Neer"	"Leudal"	"1"	""	"0,00"	"0,00"	"0,00"	"194515"	"364361"	"194545"	"364353"	"2020-04-28"	"Intrekking:Activiteitenbesluit"
"ODNML"	"6086RE10"	"Vleesvarkens"	"Nee"	"Langhaag 10 6086RE NEER"	"Leudal"	"1"	"Ja"	"2.641,80"	"60.596,20"	"411.678,00"	"195095"	"364345"	"195095"	"364345"	"2006-03-13"	"Vergunning:Beschikkking WM revisievergunning"
"ODNML"	"6088AC1"	"Melkrundvee"	"Nee"	"Ophoven 1 6088AC Roggel"	"Leudal"	"1"	""	"3.710,00"	"0,00"	"33.404,00"	"193200"	"364198"	"193199"	"364235"	"2023-06-21"	"Ambtshalve wijziging"
"ODNML"	"6088AC12A"	"Vleesvarkens"	"Nee"	"Ophoven 12A 6088AC ROGGEL"	"Leudal"	"1"	""	"744,00"	"5.474,00"	"36.414,00"	"193533"	"363791"	"193533"	"363791"	"2015-06-23"	"Intrekking:"
"ODNML"	"6088AC2A"	"Paarden"	"Nee"	"Ophoven 2A 6088AC ROGGEL"	"Leudal"	"1"	"Nee"	"110,50"	"0,00"	"0,00"	"193278"	"364115"	"193278"	"364115"	"2012-12-27"	"Melding:besluit landbouwbedrijven milieubeheer"
"ODNML"	"6088AD25"	"Paarden"	"Nee"	"Ophoven 25 6088AD Roggel"	"Leudal"	"1"	""	"101,00"	"0,00"	"0,00"	"193805"	"364260"	"193782"	"364312"	"2004-05-03"	"Vergunning:oprichtingsvergunning"
"ODNML"	"6088AE30"	"Konijnen"	"Nee"	"Ophoven 30 6088AE Roggel"	"Leudal"	"1"	""	"519,00"	"0,00"	"0,00"	"193928"	"364262"	"193937"	"364247"	"1997-01-01"	"Vergunning:oprichtingsvergunning"
"ODNML"	"6088AE35"	"Paarden"	"Nee"	"Ophoven 35 6088AE Roggel"	"Leudal"	"1"	""	"67,40"	"0,00"	"0,00"	"194106"	"364336"	"194175"	"364300"	"2005-08-01"	"Vergunning:Beschikkking WM revisievergunning"
"ODNML"	"6088AE36"	"Melkrundvee"	"Nee"	"Ophoven 36 6088AE Roggel"	"Leudal"	"1"	""	"496,00"	"0,00"	"4.444,00"	"193934"	"364717"	"193943"	"364735"	"1995-01-01"	"Melding:besluit landbouwbedrijven milieubeheer"
"ODNML"	"6088AE39B"	"Melkrundvee"	"Nee"	"Ophoven 39B 6088AE ROGGEL"	"Leudal"	"1"	"Nee"	"1.710,00"	"3.560,00"	"27.160,00"	"194145"	"364688"	"194145"	"364688"	"1994-08-26"	"Melding:beschikking WM melding art 8.19"
"ODNML"	"6088AG45"	"Vleesvee"	"Nee"	"Ophoven 45 6088AG Roggel"	"Leudal"	"1"	"Nee"	"266,40"	"1.043,60"	"6.478,00"	"194281"	"364249"	"194282"	"364218"	"2018-08-30"	"Melding:Activiteitenbesluit"
"ODNML"	"6088AG50"	"Melkrundvee"	"Nee"	"Ophoven 50 6088AG Roggel"	"Leudal"	"1"	""	"476,90"	"534,00"	"6.016,00"	"194464"	"364129"	"194437"	"364112"	"1997-01-01"	"Melding:besluit landbouwbedrijven milieubeheer"
"ODNML"	"6088CN1"	"Vleeskuikens"	"Nee"	"Tamboerenstraat 1 6088CN Roggel"	"Leudal"	"1"	""	"4.228,20"	"9.039,60"	"417.960,00"	"191998"	"363411"	"191956"	"363379"	"2015-01-27"	"Melding:Activiteitenbesluit"
"ODNML"	"6088CV24"	"voormalig bedrijf"	"Ja"	"Kleine Laak 24 6088CV ROGGEL"	"Leudal"	"1"	""	"0,00"	"0,00"	"0,00"	"191780"	"363991"	"191780"	"363991"	"2009-03-23"	"Intrekking:intrekking gehele veebestand"
"ODNML"	"6088NJ13"	"Paarden"	"Nee"	"Grote Laak 13 6088NJ Roggel"	"Leudal"	"1"	""	"101,20"	"0,00"	"1.164,00"	"191439"	"364181"	"191436"	"364187"	"1993-04-15"	"Vergunning:oprichtingsvergunning"
"ODNML"	"6088NJ13A"	"voormalig bedrijf"	"Ja"	"Grote Laak 13A 6088NJ ROGGEL"	"Leudal"	"1"	""	"0,00"	"0,00"	"0,00"	"191299"	"364250"	"191299"	"364250"	"2011-03-10"	"Intrekking:intrekking gehele veebestand"
"ODNML"	"6088NK14A"	"Paarden"	"Nee"	"Grote Laak 14A 6088NK ROGGEL"	"Leudal"	"1"	"Nee"	"100,00"	"0,00"	"0,00"	"191248"	"364360"	"191200"	"364382"	"1993-01-01"	"Vergunning:Beschikkking WM revisievergunning"
"ODNML"	"6088NK8A"	"Paarden"	"Nee"	"Grote Laak 8A 6088NK ROGGEL"	"Leudal"	"1"	"Nee"	"96,80"	"0,00"	"0,00"	"191657"	"363826"	"191657"	"363826"	"2005-11-30"	"Vergunning:oprichtingsvergunning"
"ODNML"	"6088NN11"	"Paarden"	"Nee"	"Strubben 11 6088NN Roggel"	"Leudal"	"1"	""	"137,30"	"0,00"	"0,00"	"191123"	"364647"	"191158"	"364629"	"2022-12-05"	"Melding activiteitenbesluit"
"ODNML"	"6088NN9"	"Paarden"	"Nee"	"Strubben 9 6088NN Roggel"	"Leudal"	"1"	""	"103,60"	"0,00"	"0,00"	"191127"	"365142"	"191118"	"365137"	"2005-08-01"	"Vergunning:Beschikkking WM revisievergunning"
"ODNML"	"6088NP1"	"Paarden"	"Nee"	"Nijken 1 6088NP Roggel"	"Leudal"	"1"	""	"60,00"	"0,00"	"0,00"	"191788"	"364968"	"191767"	"364962"	"1993-01-01"	"Vergunning:Beschikkking WM revisievergunning"
"ODNML"	"6088NR27"	"Melkrundvee"	"Nee"	"Nijken 27 6088NR Roggel"	"Leudal"	"1"	""	"2.121,50"	"5.175,00"	"44.375,00"	"191561"	"365862"	"191612"	"365862"	"1989-01-01"	"Vergunning:Beschikkking WM revisievergunning"
"ODNML"	"6088NT10"	"Paarden"	"Ja"	"Heldensedijk 10 6088NT Roggel"	"Leudal"	"1"	""	"nu"	"nu"	"nu"	"193576"	"365722"	"193551"	"365740"	"2024-01-01"	"Bewijs bedrijfsbeëindiging"
"ODNML"	"6088NT12"	"Paarden"	"Nee"	"Heldensedijk 12 6088NT Roggel"	"Leudal"	"1"	""	"256,20"	"0,00"	"0,00"	"193671"	"365755"	"193708"	"365753"	"2006-05-22"	"Vergunning:Beschikkking WM revisievergunning"
"ODNML"	"6088NT13"	"Paarden"	"Ja"	"Heldensedijk 13 6088NT Roggel"	"Leudal"	"1"	""	"nu"	"nu"	"nu"	"193791"	"365962"	"193792"	"366054"	"2024-01-01"	"Bewijs bedrijfsbeëindiging"
"ODNML"	"6088NW2"	"Paarden"	"Ja"	"Leistertweg 2 6088NW Roggel"	"Leudal"	"1"	""	"nu"	"nu"	"nu"	"193085"	"365492"	"193129"	"365519"	"2024-01-01"	"Bewijs bedrijfsbeëindiging"
"ODNML"	"6088NX15"	"Paarden"	"Nee"	"Schansdijk 15 6088NX Roggel"	"Leudal"	"1"	""	"35,50"	"0,00"	"0,00"	"192165"	"366193"	"192136"	"366292"	"2004-06-01"	"Vergunning:beschikking WM veranderingsvergunning"
"ODNML"	"6088NX7"	"Paarden"	"Nee"	"Schansdijk 7 6088NX Roggel"	"Leudal"	"1"	""	"129,30"	"780,00"	"0,00"	"192170"	"365135"	"192169"	"365141"	"1993-01-01"	"Vergunning:oprichtingsvergunning"
"ODNML"	"6088PC1"	"Vleesvee"	"Nee"	"Heide 1 6088PC Roggel"	"Leudal"	"1"	"Nee"	"207,20"	"783,20"	"5.960,00"	"192800"	"366159"	"192787"	"366175"	"2012-11-05"	"Melding:besluit landbouwbedrijven milieubeheer"
"ODNML"	"6088PC13"	"voormalig bedrijf"	"Ja"	"Heide 13 6088PC ROGGEL"	"Leudal"	"1"	""	"0,00"	"0,00"	"0,00"	"192038"	"366489"	"192038"	"366489"	"2010-09-17"	"Intrekking:intrekking gehele veebestand"
"ODNML"	"6088PC15"	"Leghennen"	"Nee"	"Heide 15 6088PC Roggel"	"Leudal"	"1"	"Nee"	"4.600,89"	"12.784,34"	"2.518.165,00"	"191775"	"366670"	"191813"	"366725"	"2012-09-12"	"Vergunning:WM uitbreidings-wijzigingsvergunning"
"ODNML"	"6088PC1A"	"Paarden"	"Nee"	"Heide 1A 6088PC ROGGEL"	"Leudal"	"1"	"Nee"	"79,40"	"0,00"	"0,00"	"192884"	"366167"	"192884"	"366167"	"2012-11-05"	"Melding:besluit landbouwbedrijven milieubeheer"
"ODNML"	"6088PC3A"	"Vleeskuikens"	"Nee"	"Heide 3A 6088PC ROGGEL"	"Leudal"	"4"	"Nee"	"5.869,20"	"21.762,00"	"693.600,00"	"192558"	"366297"	"192551"	"366294"	"2023-02-09"	"Melding activiteitenbesluit met OBM"
"ODNML"	"6088PC7"	"Melkrundvee"	"Nee"	"Heide 7 6088PC Roggel"	"Leudal"	"10"	""	"7.042,20"	"11.050,00"	"2.173.030,00"	"192317"	"366497"	"192272"	"366458"	"2023-08-22"	"Omgevingsvergunning milieuneutraal"
"ODNML"	"6088PD12"	"voormalig bedrijf"	"Ja"	"Heide 12 6088PD Roggel"	"Leudal"	"2"	"Nee"	"0,00"	"0,00"	"0,00"	"191979"	"366935"	"191948"	"366933"	"2021-04-09"	"Intrekking:Omgevingsvergunning intrekking"
"ODNML"	"6088PD14B"	"Leghennen"	"Ja"	"Heide 14B 6088PD ROGGEL"	"Leudal"	"1"	"Ja"	"nu"	"nu"	"nu"	"191658"	"366356"	"191658"	"366356"	"2023-03-30"	"Intrekking gehele veebestand"
"ODNML"	"6088PD4A"	"Paarden"	"Nee"	"Heide 4A 6088PD ROGGEL"	"Leudal"	"1"	""	"150,00"	"0,00"	"0,00"	"192736"	"366617"	"192736"	"366617"	"2001-05-01"	"Vergunning:beschikking WM veranderingsvergunning"
"ODNML"	"6088PE1"	"Zeugen"	"Nee"	"Asbroek 1 6088PE Roggel"	"Leudal"	"5"	"Ja"	"3.075,26"	"57.441,40"	"211.174,00"	"191513"	"366065"	"191602"	"366065"	"2022-07-29"	"Omgevingsvergunning-verandering"
"ODNML"	"6089NA10"	"Paarden"	"Nee"	"Asbroek 10 6089NA Heibloem"	"Leudal"	"1"	"Nee"	"141,00"	"0,00"	"0,00"	"190752"	"366146"	"190748"	"366174"	"2017-04-10"	"Melding:Activiteitenbesluit"
"ODNML"	"6089NA6"	"Vleesvarkens"	"Nee"	"Asbroek 6 6089NA Heibloem"	"Leudal"	"3"	"Ja"	"3.189,60"	"39.854,00"	"297.188,00"	"191185"	"366316"	"191093"	"366301"	"2014-01-14"	"Vergunning:beschikking WM veranderingsvergunning"
"ODNML"	"6089NC10"	"Zeugen"	"Nee"	"Karreveld 10 6089NC Heibloem"	"Leudal"	"7"	"Ja"	"9.297,76"	"121.545,20"	"648.350,00"	"190190"	"366712"	"190327"	"366667"	"2010-11-22"	"Vergunning:beschikking WM veranderingsvergunning"
"ODNML"	"6089NC4"	"Melkrundvee"	"Ja"	"Karreveld 4 6089NC Heibloem"	"Leudal"	"1"	""	"nu"	"nu"	"nu"	"190889"	"366495"	"190865"	"366439"	"2026-01-30"	"Intrekken gehele veebestand OW"
"ODNML"	"6089ND18A"	"voormalig bedrijf"	"Ja"	"Meijelseweg 18A 6089ND HEIBLOEM"	"Leudal"	"4"	"Ja"	"0,00"	"0,00"	"0,00"	"190245"	"368419"	"190282"	"368455"	"2021-04-09"	"Intrekking:Omgevingsvergunning intrekking"
"ODNML"	"6089NV1"	"Melkrundvee"	"Nee"	"Staldijk 1 6089NV Heibloem"	"Leudal"	"1"	""	"722,00"	"0,00"	"6.350,00"	"192114"	"368956"	"192128"	"368910"	"2004-09-06"	"Vergunning:Beschikkking WM revisievergunning"
"ODNML"	"6089NV2"	"Zeugen"	"Nee"	"Staldijk 2 6089NV Heibloem"	"Leudal"	"5"	"Ja"	"2.076,54"	"47.966,30"	"395.548,00"	"191887"	"368866"	"191838"	"368941"	"2020-06-19"	"Vergunning:Omgevingsvergunning revisie"
"ODNML"	"6089NW10"	"Melkrundvee"	"Nee"	"Boerderijweg 10 6089NW Heibloem"	"Leudal"	"1"	""	"1.407,00"	"0,00"	"12.684,00"	"192512"	"368425"	"192501"	"368475"	"2010-06-24"	"Melding:besluit landbouwbedrijven milieubeheer"
"ODNML"	"6089NW11"	"Zeugen"	"Nee"	"Boerderijweg 11 6089NW Heibloem"	"Leudal"	"13"	"Ja"	"4.651,16"	"55.484,79"	"921.437,25"	"192071"	"368634"	"192014"	"368613"	"2025-12-09"	"Omgevingsvergunning-revisie"
"ODNML"	"6091NA19"	"Biggen"	"Nee"	"Houtsberg 19 6091NA Leveroy"	"Nederweert"	"4"	"Ja"	"6.146,70"	"100.973,80"	"731.994,00"	"184434"	"362399"	"184444"	"362520"	"2024-07-26"	"Ambtshalve wijziging"
"ODNML"	"6091NA23"	"Melkrundvee"	"Nee"	"Houtsberg 23 6091NA Leveroy"	"Nederweert"	"5"	"Nee"	"1.993,00"	"1.146,00"	"24.376,00"	"184582"	"362266"	"184611"	"362276"	"2017-06-20"	"Melding:Activiteitenbesluit"
"ODNML"	"6091NA23A"	"Leghennen"	"Nee"	"Houtsberg 23A 6091NA LEVEROY"	"Nederweert"	"4"	"Ja"	"7.863,54"	"30.879,48"	"6.057.748,00"	"184789"	"362285"	"184820"	"362307"	"2020-04-09"	"Melding:Activiteitenbesluit"
"ODNML"	"6091NB1"	"Melkrundvee"	"Nee"	"Kolenhofweg 1 6091NB Leveroy"	"Nederweert"	"2"	"Nee"	"318,25"	"0,00"	"2.964,00"	"184740"	"361611"	"184781"	"361575"	"2016-11-01"	"Melding:Activiteitenbesluit"
"ODNML"	"6091NB3"	"Leghennen"	"Nee"	"Kolenhofweg 3 6091NB Leveroy"	"Nederweert"	"2"	"Ja"	"4.583,44"	"16.411,80"	"1.415.807,50"	"184559"	"361562"	"184500"	"361520"	"2024-02-07"	"Ambtshalve wijziging"
"ODNML"	"6091NG11"	"Vleesvarkens"	"Nee"	"Deckersstraat 11 6091NG Leveroy"	"Nederweert"	"6"	"Nee"	"4.387,50"	"22.425,00"	"149.175,00"	"185361"	"361886"	"185364"	"361759"	"2007-11-12"	"Omgevingsvergunning-revisie"
"ODNML"	"6091NH3"	"Melkrundvee"	"Nee"	"Velterstraat 3 6091NH Leveroy"	"Nederweert"	"2"	"Nee"	"1.806,60"	"0,00"	"16.918,00"	"185590"	"361682"	"185645"	"361678"	"2019-10-28"	"Melding:Activiteitenbesluit"
"ODNML"	"6091NM2A"	"Leghennen"	"Nee"	"Molenstraat 2A 6091NM Leveroy"	"Nederweert"	"2"	"Ja"	"3.714,82"	"15.036,16"	"2.299.648,00"	"186206"	"361666"	"186132"	"361657"	"2020-01-23"	"Vergunning:Omgevingsvergunning oprichting"
"ODNML"	"6091NV4"	"Melkrundvee"	"Nee"	"Leveroysedijk 4 6091NV Leveroy"	"Nederweert"	"3"	"Nee"	"375,20"	"0,00"	"5.728,00"	"185653"	"363467"	"185596"	"363470"	"2012-01-31"	"Melding:besluit landbouwbedrijven milieubeheer"
"ODNML"	"6091NW6"	"Melkrundvee"	"Nee"	"Swelstraat 6 6091NW Leveroy"	"Nederweert"	"4"	"Nee"	"513,90"	"0,00"	"7.656,00"	"186163"	"362056"	"186188"	"362042"	"2007-03-01"	"Melding:Activiteitenbesluit"
"ODNML"	"6091NW7"	"Vleesvee"	"Nee"	"Swelstraat 7 6091NW Leveroy"	"Nederweert"	"1"	"Nee"	"105,00"	"1.068,00"	"990,00"	"185839"	"362537"	"185794"	"362525"	"2016-03-10"	"Melding:Activiteitenbesluit"
"ODNML"	"6091NW8"	"Schapen"	"Nee"	"Swelstraat 8 6091NW Leveroy"	"Nederweert"	"1"	"Nee"	"28,00"	"312,00"	"0,00"	"186115"	"362222"	"186107"	"362245"	"2021-04-08"	"Melding:Activiteitenbesluit"
"ODNML"	"6091NW9"	"Vleesvarkens"	"Nee"	"Swelstraat 9 6091NW Leveroy"	"Nederweert"	"4"	"Nee"	"2.450,30"	"30.000,20"	"190.962,00"	"185705"	"362748"	"185648"	"362674"	"2015-12-03"	"Vergunning:Omgevingsvergunning Inrichting"
"ODNML"	"6091NX4"	"Vleeskuikens"	"Nee"	"Klompenstraat 4 6091NX Leveroy"	"Nederweert"	"4"	"Ja"	"1.452,96"	"13.699,29"	"913.286,00"	"186428"	"362602"	"186482"	"362664"	"2024-02-07"	"Ambtshalve wijziging"
"ODNML"	"6091NZ21"	"Leghennen"	"Nee"	"Reulisweg 21 6091NZ Leveroy"	"Nederweert"	"3"	"Ja"	"6.183,00"	"49.980,00"	"9.555.000,00"	"186439"	"364475"	"186345"	"364408"	"2025-05-02"	"Omgevingsvergunning milieuneutraal"
"ODNML"	"6091PC27"	"Melkrundvee"	"Nee"	"Sillenhoek 27 6091PC Leveroy"	"Nederweert"	"2"	"Nee"	"1.204,00"	"0,00"	"10.822,00"	"186378"	"363100"	"186336"	"363057"	"1900-01-01"	"Vergunning:onbekend"
"ODNML"	"6091PC33"	"Melkrundvee"	"Nee"	"Sillenhoek 33 6091PC Leveroy"	"Nederweert"	"1"	"Nee"	"361,80"	"15,60"	"3.492,00"	"186791"	"363422"	"186752"	"363419"	"2023-01-26"	"Melding activiteitenbesluit"
"ODNML"	"6091PG1"	"voormalig bedrijf"	"Ja"	"Bergdijk 1 6091PG LEVEROY"	"Nederweert"	"2"	"Nee"	"0,00"	"0,00"	"0,00"	"185752"	"363953"	"185752"	"363953"	"2011-12-01"	"Intrekking:intrekking gehele veebestand"
"ODNML"	"6091PG3"	"Melkrundvee"	"Nee"	"Bergdijk 3 6091PG Leveroy"	"Nederweert"	"1"	"Nee"	"486,50"	"0,00"	"7.490,00"	"185929"	"364066"	"185887"	"364054"	"2018-07-03"	"Melding:Activiteitenbesluit"
"ODNML"	"6091PJ2"	"Melkrundvee"	"Nee"	"Ingstraat 2 6091PJ Leveroy"	"Nederweert"	"1"	"Nee"	"61,60"	"0,00"	"532,00"	"185604"	"361990"	"185608"	"361998"	"1900-01-01"	"Vergunning:onbekend"
"ODNML"	"6091PJ5"	"Melkrundvee"	"Nee"	"Ingstraat 5 6091PJ Leveroy"	"Nederweert"	"4"	"Nee"	"3.060,60"	"0,00"	"32.982,00"	"185051"	"362959"	"185010"	"362899"	"2013-04-11"	"Melding:Activiteitenbesluit"
"ODNML"	"6091PM10"	"Melkrundvee"	"Nee"	"Vlakwater 10 6091PM Leveroy"	"Nederweert"	"3"	"Nee"	"2.603,00"	"0,00"	"23.388,00"	"184928"	"363483"	"184990"	"363389"	"1900-01-01"	"Vergunning:onbekend"
"ODNML"	"6092NJ1"	"Melkrundvee"	"Nee"	"Bergenweg 1 6092NJ Leveroy"	"Nederweert"	"3"	"Nee"	"2.008,30"	"106,80"	"21.982,00"	"187651"	"362667"	"187624"	"362671"	"2009-07-17"	"Melding activiteitenbesluit"
"ODNML"	"6092NJ3C"	"Geiten"	"Nee"	"Bergenweg 3C 6092NJ Leveroy"	"Nederweert"	"2"	"Nee"	"4.484,00"	"44.368,00"	"44.840,00"	"187596"	"362846"	"187575"	"362784"	"2020-11-27"	"Vergunning:Omgevingsvergunning revisie"
"ODNML"	"6093AA5"	"Vleeskuikens"	"Nee"	"Busschopsweg 5 6093AA Heythuysen"	"Leudal"	"3"	"Ja"	"3.545,26"	"33.426,69"	"2.228.446,00"	"191246"	"361999"	"191295"	"362068"	"2012-09-19"	"Vergunning:beschikking WM veranderingsvergunning"
"ODNML"	"6093GT10"	"Paarden"	"Nee"	"Walk 10 6093GT Heythuysen"	"Leudal"	"1"	"Nee"	"6,20"	"0,00"	"0,00"	"191292"	"362470"	"191357"	"362415"	"2007-08-29"	"Intrekking:gedeeltelijke intrekking"
"ODNML"	"6093NB4"	"voormalig bedrijf"	"Ja"	"Aan de Watermolen 4 6093NB Heythuysen"	"Leudal"	"1"	""	"0,00"	"0,00"	"0,00"	"191236"	"361720"	"191249"	"361745"	"2020-12-22"	"Vergunning:Omgevingsvergunning intrekking"
"ODNML"	"6093ND19"	"Melkrundvee"	"Nee"	"Arenbos 19 6093ND Heythuysen"	"Leudal"	"1"	"Nee"	"159,00"	"0,00"	"3.120,00"	"188673"	"361644"	"188623"	"361616"	"1992-01-29"	"Melding:besluit landbouwbedrijven milieubeheer"
"ODNML"	"6093NE10"	"Vleeskuikens"	"Nee"	"Leveroyseweg 10 6093NE Heythuysen"	"Leudal"	"5"	"Ja"	"4.060,91"	"23.966,04"	"1.592.536,00"	"188853"	"362417"	"188794"	"362496"	"2025-02-27"	"Omgevingsvergunning-verandering"
"ODNML"	"6093NE19"	"Paarden"	"Nee"	"Leveroyseweg 19 6093NE Heythuysen"	"Leudal"	"1"	""	"85,00"	"0,00"	"0,00"	"188252"	"362289"	"188264"	"362262"	"2020-05-14"	"Melding:Activiteitenbesluit"
"ODNML"	"6093NE21"	"Ov.Pluimvee"	"Nee"	"Leveroyseweg 21 6093NE Heythuysen"	"Leudal"	"1"	""	"2.380,00"	"5.425,00"	"301.000,00"	"188188"	"362277"	"188201"	"362237"	"1997-01-01"	"Vergunning:Beschikkking WM revisievergunning"
"ODNML"	"6093NG1"	"Vleeskuikens"	"Nee"	"Roorstraat 1 6093NG Heythuysen"	"Leudal"	"3"	"Ja"	"1.898,75"	"17.902,50"	"596.750,00"	"189257"	"362521"	"189327"	"362555"	"2024-10-22"	"Omgevingsvergunning milieuneutraal"
"ODNML"	"6093NG5"	"voormalig bedrijf"	"Ja"	"Roorstraat 5 6093NG Heythuysen"	"Leudal"	"1"	""	"0,00"	"0,00"	"0,00"	"189199"	"362508"	"189140"	"362499"	"2019-12-06"	"Intrekking:Activiteitenbesluit"
"ODNML"	"6093NH20"	"Paarden"	"Nee"	"Bosscherkampweg 20 6093NH Heythuysen"	"Leudal"	"1"	"Nee"	"173,90"	"1.560,00"	"0,00"	"188293"	"362613"	"188290"	"362644"	"2009-11-09"	"Vergunning:Beschikkking WM revisievergunning"
"ODNML"	"6093NH21"	"Melkrundvee"	"Nee"	"Bosscherkampweg 21 6093NH Heythuysen"	"Leudal"	"1"	""	"1.421,00"	"0,00"	"12.782,00"	"188416"	"362485"	"188396"	"362484"	"2011-05-04"	"Melding:besluit landbouwbedrijven milieubeheer"
"ODNML"	"6093NH23"	"voormalig bedrijf"	"Ja"	"Bosscherkampweg 23 6093NH Heythuysen"	"Leudal"	"1"	""	"0,00"	"0,00"	"0,00"	"188351"	"362560"	"188398"	"362581"	"2020-01-18"	"Intrekking:Activiteitenbesluit"
"ODNML"	"6093NL5A"	"Vleesvarkens"	"Nee"	"Achter het Klooster 5A 6093NL HEYTHUYSEN"	"Leudal"	"3"	"Ja"	"1.641,20"	"33.917,80"	"211.118,00"	"188932"	"363060"	"188924"	"363044"	"2014-01-14"	"Vergunning:beschikking WM veranderingsvergunning"
"ODNML"	"6093NM12"	"Melkrundvee"	"Nee"	"Achter het Klooster 12 6093NM Heythuysen"	"Leudal"	"1"	""	"195,00"	"0,00"	"1.770,00"	"189119"	"363253"	"189163"	"363256"	"2015-01-07"	"Melding:gedeeltelijke intrekking"
"ODNML"	"6093NM4"	"Paarden"	"Ja"	"Achter het Klooster 4 6093NM Heythuysen"	"Leudal"	"1"	""	"nu"	"nu"	"nu"	"189215"	"362954"	"189206"	"362957"	"2025-08-26"	"Melding beëindiging veehouderij"
"ODNML"	"6093NN4"	"voormalig bedrijf"	"Ja"	"Aan de Nees 4 6093NN Heythuysen"	"Leudal"	"1"	"Nee"	"0,00"	"0,00"	"0,00"	"189186"	"363431"	"189182"	"363438"	"2012-03-29"	"Correctie:Vervallen melding"
"ODNML"	"6093NP3"	"Paarden"	"Nee"	"Op Engels 3 6093NP Heythuysen"	"Leudal"	"1"	""	"60,50"	"0,00"	"0,00"	"189590"	"363570"	"189560"	"363557"	"2005-10-27"	"Vergunning:oprichtingsvergunning"
"ODNML"	"6093NR2"	"Paarden"	"Ja"	"Geusert 2 6093NR Heythuysen"	"Leudal"	"1"	""	"nu"	"nu"	"nu"	"190070"	"363359"	"190071"	"363360"	"2025-11-10"	"Melding beëindiging veehouderij"
"ODNML"	"6093NS19"	"Zeugen"	"Nee"	"Roligt 19 6093NS Heythuysen"	"Leudal"	"7"	"Ja"	"2.208,74"	"34.413,20"	"289.505,00"	"190348"	"363996"	"190261"	"363989"	"2023-04-21"	"Omgevingsvergunning-revisie"
"ODNML"	"6093NS21"	"voormalig bedrijf"	"Ja"	"Roligt 21 6093NS HEYTHUYSEN"	"Leudal"	"1"	""	"0,00"	"0,00"	"0,00"	"190216"	"364191"	"190216"	"364191"	"2013-02-28"	"Intrekking:intrekking gehele veebestand"
"ODNML"	"6093NV5"	"Melkrundvee"	"Nee"	"Aan het Broek 5 6093NV Heythuysen"	"Leudal"	"1"	""	"473,20"	"854,40"	"8.176,00"	"189404"	"363837"	"189355"	"363820"	"2023-12-20"	"Melding activiteitenbesluit"
"ODNML"	"6093NV6"	"Vleesvee"	"Nee"	"Aan het Broek 6 6093NV HEYTHUYSEN"	"Leudal"	"1"	"Nee"	"818,40"	"0,00"	"22.440,00"	"189630"	"364227"	"189630"	"364227"	"2010-08-23"	"Intrekking:gedeeltelijke intrekking"
"ODNML"	"6093NW23"	"Leghennen"	"Nee"	"Aan de Bergen 23 6093NW Heythuysen"	"Leudal"	"5"	"Ja"	"4.952,23"	"36.410,79"	"4.230.213,00"	"189195"	"364424"	"189101"	"364430"	"2020-02-21"	"Vergunning:Omgevingsvergunning verandering"
"ODNML"	"6093NW7"	"Leghennen"	"Nee"	"Aan de Bergen 7 6093NW Heythuysen"	"Leudal"	"4"	"Ja"	"3.163,00"	"19.150,00"	"2.486.940,00"	"188704"	"364186"	"188641"	"364220"	"2022-03-08"	"Vergunning:Omgevingsvergunning revisie"
"ODNML"	"6093NX12A"	"voormalig bedrijf"	"Ja"	"Aan de Bergen 12A 6093NX HEYTHUYSEN"	"Leudal"	"1"	""	"0,00"	"0,00"	"0,00"	"188477"	"363865"	"188477"	"363865"	"2010-11-01"	"Intrekking:intrekking gehele veebestand"
"ODNML"	"6093NX24"	"Melkrundvee"	"Nee"	"Aan de Bergen 24 6093NX Heythuysen"	"Leudal"	"1"	""	"447,05"	"1.988,60"	"16.967,00"	"189124"	"364542"	"189082"	"364525"	"1999-12-17"	"Vergunning:beschikking WM veranderingsvergunning"
"ODNML"	"6093NX4"	"Leghennen"	"Nee"	"Aan de Bergen 4 6093NX Heythuysen"	"Leudal"	"1"	"Nee"	"5.342,50"	"11.105,00"	"1.729.251,00"	"188888"	"364179"	"188633"	"364187"	"2015-10-13"	"Melding:Activiteitenbesluit"
"ODNML"	"6093NX6"	"Vleeskuikens"	"Nee"	"Aan de Bergen 6 6093NX Heythuysen"	"Leudal"	"1"	"Nee"	"2.722,10"	"13.223,40"	"880.000,00"	"188713"	"364056"	"188779"	"364065"	"2011-03-21"	"Intrekking:gedeeltelijke intrekking"
"ODNML"	"6093NX8"	"Geiten"	"Nee"	"Aan de Bergen 8 6093NX Heythuysen"	"Leudal"	"1"	""	"2.056,00"	"29.041,00"	"25.700,00"	"188619"	"364010"	"188680"	"363983"	"2010-11-15"	"Vergunning:beschikking WM veranderingsvergunning"
"ODNML"	"6093PA13"	"Leghennen"	"Nee"	"Heide 13 6093PA Heythuysen"	"Leudal"	"1"	""	"3.190,60"	"9.486,00"	"2.063.568,00"	"188674"	"365354"	"188669"	"365368"	"2010-09-13"	"Vergunning:Beschikkking WM revisievergunning"
"ODNML"	"6093PA17"	"Melkrundvee"	"Nee"	"Heide 17 6093PA Heythuysen"	"Leudal"	"1"	""	"505,80"	"1.922,40"	"4.518,00"	"188911"	"365612"	"188935"	"365602"	"2014-07-09"	"Melding:Activiteitenbesluit"
"ODNML"	"6093PA19"	"Vleesvarkens"	"Nee"	"Heide 19 6093PA Heythuysen"	"Leudal"	"3"	"Ja"	"4.428,00"	"71.431,00"	"533.373,00"	"189126"	"365920"	"189067"	"365998"	"2013-04-02"	"Vergunning:Beschikkking WM revisievergunning"
"ODNML"	"6093PA21"	"Melkrundvee"	"Nee"	"Heide 21 6093PA Heythuysen"	"Leudal"	"1"	""	"513,00"	"2.136,00"	"11.970,00"	"189325"	"365750"	"189290"	"365749"	"1993-11-04"	"Melding:besluit landbouwbedrijven milieubeheer"
"ODNML"	"6093PA23"	"Vleesvarkens"	"Nee"	"Heide 23 6093PA Heythuysen"	"Leudal"	"1"	""	"1.012,50"	"5.175,00"	"34.425,00"	"189361"	"365518"	"189370"	"365556"	"2014-04-14"	"Melding:Activiteitenbesluit"
"ODNML"	"6093PA3"	"Melkrundvee"	"Nee"	"Heide 3 6093PA Heythuysen"	"Leudal"	"1"	"Nee"	"184,80"	"0,00"	"1.596,00"	"189032"	"365451"	"189037"	"365461"	"1989-01-01"	"Vergunning:oprichtingsvergunning"
"ODNML"	"6093PA35"	"voormalig bedrijf"	"Ja"	"Heide 35 6093PA HEYTHUYSEN"	"Leudal"	"1"	""	"0,00"	"0,00"	"0,00"	"187706"	"364947"	"187706"	"364947"	"2007-01-01"	"Intrekking:intrekking gehele veebestand"
"ODNML"	"6093PB12A"	"Melkrundvee"	"Nee"	"Heide 12A 6093PB HEYTHUYSEN"	"Leudal"	"1"	""	"1.633,50"	"0,00"	"17.194,00"	"188557"	"365249"	"188557"	"365249"	"2022-12-18"	"Melding activiteitenbesluit"
"ODNML"	"6093PB16"	"Melkrundvee"	"Ja"	"Heide 16 6093PB HEYTHUYSEN"	"Leudal"	"1"	""	"nu"	"nu"	"nu"	"188812"	"365538"	"188812"	"365538"	"2023-10-23"	"Melding beëindiging veehouderij"
"ODNML"	"6093PB18"	"Melkrundvee"	"Nee"	"Heide 18 6093PB Heythuysen"	"Leudal"	"1"	""	"1.885,70"	"534,00"	"18.229,00"	"188913"	"365685"	"188919"	"365745"	"2013-05-02"	"Melding:Activiteitenbesluit"
"ODNML"	"6093PB24"	"Melkrundvee"	"Ja"	"Heide 24 6093PB Heythuysen"	"Leudal"	"1"	"Nee"	"nu"	"nu"	"nu"	"189682"	"366227"	"189666"	"366209"	"2023-11-15"	"Bewijs bedrijfsbeëindiging"
"ODNML"	"6093PB2A"	"Paarden"	"Nee"	"Heide 2A 6093PB HEYTHUYSEN"	"Leudal"	"3"	"Nee"	"160,00"	"0,00"	"0,00"	"188923"	"364965"	"188982"	"364974"	"2019-02-14"	"Melding:Activiteitenbesluit"
"ODNML"	"6093PB36"	"Melkrundvee"	"Nee"	"Heide 36 6093PB Heythuysen"	"Leudal"	"1"	""	"1.573,00"	"1.281,60"	"17.900,00"	"187059"	"364849"	"187033"	"364857"	"2003-12-10"	"Melding:besluit landbouwbedrijven milieubeheer"
"ODNML"	"6093PB6"	"Melkrundvee"	"Nee"	"Heide 6 6093PB Heythuysen"	"Leudal"	"1"	""	"1.021,20"	"498,40"	"10.295,00"	"188484"	"364862"	"188463"	"364844"	"1993-12-13"	"Melding:besluit landbouwbedrijven milieubeheer"
"ODNML"	"6093PC1"	"Ov.Pluimvee"	"Nee"	"Hollander 1 6093PC Heythuysen"	"Leudal"	"1"	""	"8.994,00"	"20.150,00"	"1.119.330,00"	"188117"	"365857"	"188143"	"365873"	"2008-06-23"	"Vergunning:Beschikkking WM revisievergunning"
"ODNML"	"6093PC10"	"Melkrundvee"	"Nee"	"Hollander 10 6093PC Heythuysen"	"Leudal"	"1"	""	"938,80"	"5.197,60"	"23.265,00"	"187168"	"365794"	"187182"	"365776"	"2004-01-28"	"Melding:beschikking WM melding art 8.19"
"ODNML"	"6093PC11"	"Melkrundvee"	"Nee"	"Hollander 11 6093PC Heythuysen"	"Leudal"	"1"	""	"1.533,20"	"0,00"	"13.814,00"	"186823"	"365561"	"186857"	"365546"	"1995-02-14"	"Melding:besluit landbouwbedrijven milieubeheer"
"ODNML"	"6093PC12"	"Vleesvarkens"	"Nee"	"Hollander 12 6093PC Heythuysen"	"Leudal"	"1"	"Nee"	"2.220,00"	"17.020,00"	"113.220,00"	"187825"	"366474"	"187783"	"366488"	"2016-04-12"	"Melding:Activiteitenbesluit"
"ODNML"	"6093PC13"	"Melkrundvee"	"Nee"	"Hollander 13 6093PC Heythuysen"	"Leudal"	"1"	""	"1.601,40"	"5.055,20"	"14.224,00"	"187906"	"366827"	"187933"	"366799"	"1989-08-07"	"Melding:beschikking WM melding art 8.19"
"ODNML"	"6093PC17"	"Melkrundvee"	"Nee"	"Hollander 17 6093PC Heythuysen"	"Leudal"	"7"	""	"4.975,50"	"3.148,20"	"52.356,00"	"187200"	"366783"	"187180"	"366721"	"2022-09-09"	"Omgevingsvergunning-verandering"
"ODNML"	"6093PC1A"	"Leghennen"	"Nee"	"Hollander 1A 6093PC HEYTHUYSEN"	"Leudal"	"10"	"Ja"	"12.548,58"	"149.833,00"	"12.127.828,00"	"188066"	"365750"	"188030"	"365718"	"2021-08-19"	"Vergunning:milieu neutrale wijziging"
"ODNML"	"6093PC2A"	"Melkrundvee"	"Nee"	"Hollander 2A 6093PC HEYTHUYSEN"	"Leudal"	"1"	""	"947,40"	"0,00"	"8.520,00"	"187941"	"366254"	"187941"	"366254"	"2000-03-31"	"Melding:AMvB melkveehouderij"
"ODNML"	"6093PC2B"	"Vleesvarkens"	"Nee"	"Hollander 2B 6093PC HEYTHUYSEN"	"Leudal"	"4"	"Ja"	"3.631,27"	"50.329,40"	"351.240,00"	"187817"	"366217"	"187790"	"366204"	"2021-06-30"	"Vergunning:Omgevingsvergunning verandering"
"ODNML"	"6093PC4"	"Vleesvee"	"Nee"	"Hollander 4 6093PC Heythuysen"	"Leudal"	"1"	""	"3.605,00"	"36.668,00"	"33.990,00"	"187451"	"366259"	"187435"	"366286"	"2009-03-16"	"Vergunning:Beschikkking WM revisievergunning"
"ODNML"	"6093PC5"	"Geiten"	"Nee"	"Hollander 5 6093PC Heythuysen"	"Leudal"	"1"	""	"9.445,55"	"64.979,32"	"2.722.430,00"	"187433"	"366081"	"187466"	"365994"	"2009-11-23"	"Vergunning:Beschikkking WM revisievergunning"
"ODNML"	"6093PC6A"	"Paarden"	"Nee"	"Hollander 6A 6093PC HEYTHUYSEN"	"Leudal"	"1"	""	"45,20"	"0,00"	"0,00"	"187050"	"366021"	"187050"	"366021"	"2021-03-12"	"Melding:Activiteitenbesluit"
"ODNML"	"6093PC7"	"Paarden"	"Nee"	"Hollander 7 6093PC Heythuysen"	"Leudal"	"4"	"Nee"	"140,00"	"0,00"	"0,00"	"186909"	"366211"	"186867"	"366197"	"2024-07-29"	"Melding Besluit Activiteit Leefomgeving"
"ODNML"	"6093PC8"	"voormalig bedrijf"	"Ja"	"Hollander 8 6093PC HEYTHUYSEN"	"Leudal"	"1"	""	"0,00"	"0,00"	"0,00"	"187006"	"365956"	"187006"	"365956"	"2016-01-01"	"Intrekking:intrekking gehele veebestand"
"ODNML"	"6093PE1"	"voormalig bedrijf"	"Ja"	"Aan de Heibloem 1 6093PE Heythuysen"	"Leudal"	"1"	""	"0,00"	"0,00"	"0,00"	"189707"	"367918"	"189654"	"367837"	"2021-04-15"	"Intrekking:Omgevingsvergunning intrekking"
"ODNML"	"6093PE10"	"Vleesvarkens"	"Nee"	"Aan de Heibloem 10 6093PE Heythuysen"	"Leudal"	"1"	"Nee"	"855,50"	"4.347,00"	"28.917,00"	"189411"	"368234"	"189370"	"368222"	"1994-05-16"	"Vergunning:oprichtingsvergunning"
"ODNML"	"6093PE14"	"Paarden"	"Nee"	"Aan de Heibloem 14 6093PE Heythuysen"	"Leudal"	"1"	""	"44,60"	"351,00"	"0,00"	"189345"	"368891"	"189323"	"368920"	"1995-07-17"	"Vergunning:Beschikkking WM revisievergunning"
"ODNML"	"6093PE15"	"Paarden"	"Nee"	"Aan de Heibloem 15 6093PE Heythuysen"	"Leudal"	"1"	"Nee"	"93,20"	"429,00"	"0,00"	"190230"	"366959"	"190213"	"366980"	"2002-12-20"	"Vergunning:Beschikkking WM revisievergunning"
"ODNML"	"6093PE17"	"Zeugen"	"Nee"	"Aan de Heibloem 17 6093PE Heythuysen"	"Leudal"	"2"	"Nee"	"234,00"	"933,20"	"7.520,00"	"189946"	"366821"	"189858"	"366950"	"2018-12-04"	"Melding:Activiteitenbesluit"
"ODNML"	"6093PE17A"	"Leghennen"	"Nee"	"Aan de Heibloem 17A 6093PE HEYTHUYSEN"	"Leudal"	"5"	"Ja"	"10.252,23"	"100.165,36"	"11.872.541,20"	"189623"	"367381"	"189560"	"367416"	"2020-04-28"	"Vergunning:Omgevingsvergunning revisie"
"ODNML"	"6093PG11"	"Melkrundvee"	"Nee"	"Caluna 11 6093PG Heythuysen"	"Leudal"	"1"	""	"1.325,50"	"0,00"	"13.609,00"	"188130"	"367865"	"188134"	"367842"	"2013-09-25"	"Melding:Activiteitenbesluit"
"ODNML"	"6093PG2"	"voormalig bedrijf"	"Ja"	"Caluna 2 6093PG HEYTHUYSEN"	"Leudal"	"1"	"Nee"	"0,00"	"0,00"	"0,00"	"188769"	"367826"	"188767"	"367880"	"2008-09-22"	"Intrekking:intrekking gehele veebestand"
"ODNML"	"6093PG4"	"Melkrundvee"	"Nee"	"Caluna 4 6093PG Heythuysen"	"Leudal"	"1"	""	"103,20"	"62,40"	"1.450,00"	"188663"	"367967"	"188704"	"367950"	"2002-12-17"	"Melding:AMvB melkveehouderij"
"ODNML"	"6093PG9"	"Melkrundvee"	"Nee"	"Caluna 9 6093PG Heythuysen"	"Leudal"	"1"	""	"119,60"	"0,00"	"1.640,00"	"188008"	"367667"	"187985"	"367686"	"2006-04-18"	"Melding:AMvB melkveehouderij"
"ODNML"	"6093PJ5"	"Vleesvee"	"Nee"	"Maxeterdijk 5 6093PJ Heythuysen"	"Leudal"	"1"	"Nee"	"53,00"	"356,00"	"1.700,00"	"188212"	"362581"	"188179"	"362585"	"2014-08-19"	"Melding:Activiteitenbesluit"
"ODNML"	"6093PK1"	"Melkrundvee"	"Nee"	"Beylshof 1 6093PK Heythuysen"	"Leudal"	"1"	""	"2.247,75"	"3,40"	"20.630,00"	"190723"	"361180"	"190720"	"361178"	"2013-05-13"	"Melding:Activiteitenbesluit"
"ODNML"	"6093PP18"	"Melkrundvee"	"Nee"	"Reulisweg 18 6093PP Heythuysen"	"Leudal"	"1"	""	"2.756,40"	"0,00"	"24.882,00"	"187160"	"363494"	"187160"	"363528"	"2008-09-09"	"Vergunning:Beschikkking WM revisievergunning"
"ODNML"	"6093PP20"	"Melkrundvee"	"Nee"	"Reulisweg 20 6093PP Heythuysen"	"Leudal"	"1"	"Nee"	"711,00"	"1.418,40"	"11.981,00"	"186922"	"363443"	"186938"	"363448"	"2000-03-28"	"Melding:AMvB melkveehouderij"
"ODNML"	"6093PP22"	"Melkrundvee"	"Nee"	"Reulisweg 22 6093PP Heythuysen"	"Leudal"	"1"	""	"438,80"	"0,00"	"3.950,00"	"186527"	"364380"	"186584"	"364399"	"2000-11-28"	"Melding:AMvB melkveehouderij"
"ODNML"	"6093PR14"	"Paarden"	"Nee"	"Scheyvenhofweg 14 6093PR Heythuysen"	"Leudal"	"1"	"Nee"	"80,00"	"0,00"	"0,00"	"187730"	"362429"	"187724"	"362453"	"2012-01-03"	"Melding:"
"ODNML"	"6093PR8"	"Paarden"	"Nee"	"Scheyvenhofweg 8 6093PR Heythuysen"	"Leudal"	"1"	""	"245,25"	"110,70"	"18.794,00"	"188004"	"362472"	"188022"	"362482"	"2012-01-26"	"Intrekking:gedeeltelijke intrekking"
"ODNML"	"6095AD4"	"voormalig bedrijf"	"Ja"	"Lozerweg 4 6095AD Baexem"	"Leudal"	"5"	"Ja"	"0,00"	"0,00"	"0,00"	"189906"	"359482"	"189916"	"359434"	"2021-08-12"	"Intrekking:Omgevingsvergunning intrekking"
"ODNML"	"6095BH46"	"Paarden"	"Ja"	"Hubert Cuyperslaan 46 6095BH Baexem"	"Leudal"	"1"	""	"nu"	"nu"	"nu"	"189041"	"359602"	"189027"	"359601"	"2025-11-18"	"Melding beëindiging veehouderij"
"ODNML"	"6095BJ15"	"voormalig bedrijf"	"Ja"	"Rhydtstraat 15 6095BJ BAEXEM"	"Leudal"	"1"	""	"0,00"	"0,00"	"0,00"	"189243"	"360007"	"189243"	"360007"	"2007-04-13"	"Melding:intrekking gehele veebestand"
"ODNML"	"6095BS32"	"Vleeskuikens"	"Nee"	"Stationstraat 32 6095BS Baexem"	"Leudal"	"5"	"Ja"	"19.188,50"	"51.801,00"	"2.395.100,00"	"189722"	"360730"	"189832"	"360800"	"2013-09-17"	"Vergunning:beschikking WM veranderingsvergunning"
"ODNML"	"6095BS34"	"voormalig bedrijf"	"Ja"	"Stationstraat 34 6095BS BAEXEM"	"Leudal"	"1"	""	"0,00"	"0,00"	"0,00"	"189859"	"360998"	"189859"	"360998"	"2011-12-13"	"Intrekking:intrekking gehele veebestand"
"ODNML"	"6095BV10"	"voormalig bedrijf"	"Ja"	"Nieuwstraat 10 6095BV Baexem"	"Leudal"	"1"	""	"0,00"	"0,00"	"0,00"	"189299"	"360232"	"189305"	"360262"	"2019-12-05"	"Intrekking:Activiteitenbesluit"
"ODNML"	"6095NC32"	"voormalig bedrijf"	"Ja"	"Rijksweg 32 6095NC BAEXEM"	"Leudal"	"1"	""	"0,00"	"0,00"	"0,00"	"188661"	"359576"	"188661"	"359576"	"2013-03-06"	"Melding:intrekking gehele veebestand"
"ODNML"	"6095NC38"	"voormalig bedrijf"	"Ja"	"Rijksweg 38 6095NC BAEXEM"	"Leudal"	"1"	""	"0,00"	"0,00"	"0,00"	"187726"	"359883"	"187726"	"359883"	"2018-10-03"	"Melding:intrekking gehele veebestand"
"ODNML"	"6095ND3"	"Vleesvee"	"Nee"	"Kasteelweg 3 6095ND Baexem"	"Leudal"	"1"	""	"292,70"	"1.851,20"	"9.083,00"	"189722"	"358951"	"189764"	"358921"	"2010-05-25"	"Intrekking:gedeeltelijke intrekking"
"ODNML"	"6095ND8"	"Paarden"	"Nee"	"Kasteelweg 8 6095ND Baexem"	"Leudal"	"1"	"Nee"	"250,00"	"0,00"	"0,00"	"189479"	"358787"	"189438"	"358824"	"2019-07-09"	"Melding:Activiteitenbesluit"
"ODNML"	"6095NE3"	"Paarden"	"Nee"	"Abenhofweg 3 6095NE Baexem"	"Leudal"	"1"	"Nee"	"151,00"	"0,00"	"0,00"	"188644"	"358769"	"188668"	"358755"	"2005-05-24"	"Melding:beschikking WM melding art 8.19"
"ODNML"	"6095NH1"	"Paarden"	"Nee"	"Paalweg 1 6095NH Baexem"	"Leudal"	"1"	"Nee"	"75,00"	"0,00"	"0,00"	"188091"	"359490"	"188077"	"359470"	"2010-09-22"	"Melding:besluit landbouwbedrijven milieubeheer"
"ODNML"	"6095NH6"	"Vleesvarkens"	"Nee"	"Paalweg 6 6095NH Baexem"	"Leudal"	"3"	""	"2.465,30"	"37.974,40"	"263.362,00"	"187811"	"359427"	"187782"	"359486"	"2019-10-16"	"Melding:Activiteitenbesluit"
"ODNML"	"6095NK3BY"	"Paarden"	"Nee"	"Molenweg 2a 6095NK BAEXEM"	"Leudal"	"1"	"Nee"	"102,50"	"0,00"	"0,00"	"189136"	"360257"	"189136"	"360257"	"2000-04-03"	"Vergunning:beschikking WM veranderingsvergunning"
"ODNML"	"6095NL13A"	"Vleesvarkens"	"Nee"	"Parallelweg 13A 6095NL BAEXEM"	"Leudal"	"10"	"Ja"	"5.308,86"	"90.639,30"	"640.218,00"	"189166"	"360424"	"189135"	"360410"	"2018-05-23"	"Vergunning:beschikking WM veranderingsvergunning"
"ODNML"	"6095NM1"	"voormalig bedrijf"	"Ja"	"Horckerstraat 1 6095NM BAEXEM"	"Leudal"	"1"	""	"0,00"	"0,00"	"0,00"	"188762"	"360555"	"188762"	"360555"	"2007-03-15"	"Intrekking:intrekking gehele veebestand"
"ODNML"	"6095NM6"	"Geiten"	"Nee"	"Horckerstraat 6 6095NM Baexem"	"Leudal"	"1"	""	"2.148,00"	"22.533,00"	"22.700,00"	"188559"	"360343"	"188505"	"360316"	"2017-09-13"	"Melding:Activiteitenbesluit"
"ODNML"	"6095NM7"	"voormalig bedrijf"	"Ja"	"Horckerstraat 7 6095NM BAEXEM"	"Leudal"	"1"	""	"0,00"	"0,00"	"0,00"	"188685"	"360433"	"188685"	"360433"	"2010-05-17"	"Intrekking:intrekking gehele veebestand"
"ODNML"	"6095NN1A"	"Vleeskuikens"	"Nee"	"Op de Stap 1A 6095NN BAEXEM"	"Leudal"	"3"	"Ja"	"6.090,00"	"57.420,00"	"3.330.360,00"	"188334"	"360537"	"188286"	"360494"	"2024-08-18"	"Omgevingsvergunning-verandering"
"ODNML"	"6095NN3"	"Paarden"	"Nee"	"Op de Stap 3 6095NN Baexem"	"Leudal"	"1"	"Nee"	"100,00"	"0,00"	"0,00"	"188419"	"360674"	"188405"	"360665"	"2013-12-04"	"Melding:Activiteitenbesluit"
"ODNML"	"6095NR2"	"voormalig bedrijf"	"Ja"	"Oudenhofweg 2 6095NR BAEXEM"	"Leudal"	"1"	""	"0,00"	"0,00"	"0,00"	"186647"	"361231"	"186647"	"361231"	"2012-03-27"	"Intrekking:intrekking gehele veebestand"
"ODNML"	"6095NR5"	"voormalig bedrijf"	"Ja"	"Oudenhofweg 5 6095NR BAEXEM"	"Leudal"	"1"	""	"0,00"	"0,00"	"0,00"	"186545"	"360998"	"186545"	"360998"	"2014-11-18"	"Intrekking:intrekking gehele veebestand"
"ODNML"	"6095NR6A"	"Vleesvarkens"	"Nee"	"Oudenhofweg 6A 6095NR BAEXEM"	"Leudal"	"5"	"Ja"	"2.689,50"	"67.342,80"	"140.949,00"	"186605"	"361621"	"186666"	"361638"	"2021-05-11"	"Omgevingsvergunning-verandering"
"ODNML"	"6095NS2"	"Vleesvee"	"Nee"	"Beemderhoekweg 2 6095NS Baexem"	"Leudal"	"1"	"Nee"	"775,20"	"4.272,00"	"21.648,00"	"187297"	"361302"	"187326"	"361328"	"2010-05-31"	"Vergunning:gedeeltelijke intrekking"
"ODNML"	"6095NS6"	"voormalig bedrijf"	"Ja"	"Beemderhoekweg 6 6095NS BAEXEM"	"Leudal"	"1"	""	"0,00"	"0,00"	"0,00"	"187086"	"361607"	"187086"	"361607"	"2014-02-20"	"Intrekking:intrekking gehele veebestand"
"ODNML"	"6095NT3"	"Melkrundvee"	"Nee"	"Vestjenshoek 3 6095NT Baexem"	"Leudal"	"1"	""	"340,50"	"616,40"	"52.560,00"	"188034"	"360877"	"188012"	"360890"	"2005-09-23"	"Melding:besluit landbouwbedrijven milieubeheer"
"ODNML"	"6095NT4"	"Vleesvarkens"	"Ja"	"Vestjenshoek 4 6095NT Baexem"	"Leudal"	"1"	""	"nu"	"nu"	"nu"	"187978"	"361113"	"188015"	"361176"	"2024-03-15"	"Intrekking gehele veebestand"
"ODNML"	"6095NT6"	"voormalig bedrijf"	"Ja"	"Vestjenshoek 6 6095NT BAEXEM"	"Leudal"	"1"	""	"0,00"	"0,00"	"0,00"	"187736"	"361180"	"187736"	"361180"	"2019-01-30"	"Melding:intrekking gehele veebestand"
"ODNML"	"6095NV4"	"Leghennen"	"Nee"	"Stapperstraat 4 6095NV Baexem"	"Leudal"	"8"	"Ja"	"11.716,85"	"60.955,20"	"8.624.692,70"	"188401"	"360881"	"188443"	"360972"	"2020-07-28"	"Omgevingsvergunning-revisie"
"ODNML"	"6095NV5"	"voormalig bedrijf"	"Ja"	"Stapperstraat 5 6095NV BAEXEM"	"Leudal"	"1"	"Nee"	"0,00"	"0,00"	"0,00"	"188324"	"360798"	"188324"	"360798"	"2011-04-07"	"Intrekking:intrekking gehele veebestand"
"ODNML"	"6095NW18"	"Vleesvarkens"	"Nee"	"Schoorstraat 18 6095NW Baexem"	"Leudal"	"3"	"Ja"	"3.541,50"	"47.097,80"	"364.599,00"	"189489"	"361178"	"189524"	"361074"	"2023-05-09"	"Omgevingsvergunning-revisie"
"ODNML"	"6095NW6"	"Leghennen"	"Nee"	"Schoorstraat 6 6095NW Baexem"	"Leudal"	"5"	"Ja"	"6.617,50"	"11.295,00"	"1.693.500,00"	"188915"	"361021"	"188970"	"360994"	"2013-04-03"	"Vergunning:Beschikkking WM revisievergunning"
"ODNML"	"6095NW9"	"Paarden"	"Nee"	"Schoorstraat 9 6095NW Baexem"	"Leudal"	"1"	""	"40,00"	"0,00"	"0,00"	"189207"	"361202"	"189208"	"361219"	"2013-02-26"	"Intrekking:gedeeltelijke intrekking"
"ODNML"	"6095NX3A"	"Melkrundvee"	"Ja"	"Leukerweg 3A 6095NX BAEXEM"	"Leudal"	"1"	""	"nu"	"nu"	"nu"	"189172"	"361538"	"189172"	"361538"	"2024-11-06"	"Melding beëindiging veehouderij BAL"
"ODNML"	"6095NZ8"	"Melkrundvee"	"Nee"	"Bosstraat 8 6095NZ Baexem"	"Leudal"	"1"	""	"1.226,80"	"0,00"	"10.996,00"	"188037"	"360380"	"188013"	"360415"	"1990-08-14"	"Vergunning:Beschikkking WM revisievergunning"
"ODNML"	"6095PE2"	"Zeugen"	"Nee"	"Beekkant 2 6095PE Baexem"	"Leudal"	"1"	""	"7.221,00"	"5.457,00"	"661.535,00"	"191965"	"359962"	"191934"	"360038"	"2006-06-22"	"Vergunning:"
"ODNML"	"6095PE9"	"Vleesvee"	"Nee"	"Beekkant 9 6095PE Baexem"	"Leudal"	"1"	"Nee"	"217,90"	"1.328,40"	"5.980,00"	"191460"	"359809"	"191462"	"359778"	"2007-10-29"	"Melding:besluit landbouwbedrijven milieubeheer"
"ODNML"	"6095PJ3"	"Leghennen"	"Nee"	"Schoorweg 3 6095PJ Baexem"	"Leudal"	"4"	"Ja"	"2.117,26"	"28.794,60"	"5.504.850,00"	"190609"	"360780"	"190690"	"360724"	"2014-07-01"	"Vergunning:beschikking WM veranderingsvergunning"
"ODNML"	"6095PK18"	"Schapen"	"Nee"	"Stekstraat 18 6095PK Baexem"	"Leudal"	"3"	"Nee"	"993,65"	"5.791,50"	"13.999,00"	"190338"	"359439"	"190269"	"359434"	"2021-11-05"	"Vergunning:Omgevingsvergunning beperkte milieutoets"
"ODNML"	"6096AP27"	"voormalig bedrijf"	"Ja"	"Baexemerweg 27 6096AP GRATHEM"	"Leudal"	"1"	""	"0,00"	"0,00"	"0,00"	"189010"	"357743"	"189010"	"357743"	"2015-04-01"	"Melding:intrekking gehele veebestand"
"ODNML"	"6096AP29"	"Melkrundvee"	"Nee"	"Baexemerweg 29 6096AP Grathem"	"Leudal"	"1"	"Nee"	"889,20"	"0,00"	"8.046,00"	"189140"	"357976"	"189151"	"357983"	"1991-11-29"	"Melding:AMvB melkveehouderij"
"ODNML"	"6096AR40"	"Paarden"	"Nee"	"Baexemerweg 40 6096AR Grathem"	"Leudal"	"1"	""	"190,00"	"0,00"	"0,00"	"188125"	"357439"	"188161"	"357536"	"1998-01-01"	"Vergunning:Beschikkking WM revisievergunning"
"ODNML"	"6096AR42"	"voormalig bedrijf"	"Ja"	"Baexemerweg 42 6096AR GRATHEM"	"Leudal"	"1"	"Nee"	"0,00"	"0,00"	"0,00"	"188577"	"357320"	"188577"	"357320"	"2019-02-14"	"Melding:intrekking gehele veebestand"
"ODNML"	"6096AR44"	"voormalig bedrijf"	"Ja"	"Baexemerweg 44 6096AR GRATHEM"	"Leudal"	"1"	"Nee"	"0,00"	"0,00"	"0,00"	"188577"	"357320"	"188577"	"357320"	"2019-02-14"	"Melding:intrekking gehele veebestand"
"ODNML"	"6096BJ2A"	"voormalig bedrijf"	"Ja"	"Veldstraat 2A 6096BJ GRATHEM"	"Leudal"	"1"	""	"0,00"	"0,00"	"0,00"	"187987"	"356569"	"187987"	"356569"	"2018-10-02"	"Melding:intrekking gehele veebestand"
"ODNML"	"6096BJ4"	"Paarden"	"Nee"	"Veldstraat 4 6096BJ Grathem"	"Leudal"	"1"	""	"15,00"	"0,00"	"0,00"	"187775"	"357468"	"187762"	"357478"	"2019-04-08"	"Melding:Activiteitenbesluit"
"ODNML"	"6096BJ9"	"Leghennen"	"Nee"	"Veldstraat 9 6096BJ Grathem"	"Leudal"	"2"	"Ja"	"1.225,01"	"10.948,86"	"709.251,00"	"187446"	"358015"	"187521"	"358003"	"2025-03-27"	"Intrekking gedeeltelijk veebestand"
"ODNML"	"6096BN1"	"Melkrundvee"	"Nee"	"Kuiperweg 1 6096BN Grathem"	"Leudal"	"1"	"Nee"	"466,60"	"0,00"	"4.150,00"	"187682"	"357271"	"187661"	"357281"	"1993-03-03"	"Melding:AMvB melkveehouderij"
"ODNML"	"6096BN1B"	"Paarden"	"Nee"	"Kuiperweg 1B 6096BN GRATHEM"	"Leudal"	"1"	""	"75,10"	"0,00"	"0,00"	"187750"	"356673"	"187750"	"356673"	"2021-01-13"	"Melding:Activiteitenbesluit"
"ODNML"	"6096BN2"	"Leghennen"	"Nee"	"Kuiperweg 2 6096BN Grathem"	"Leudal"	"1"	""	"2.125,00"	"2.250,00"	"375.000,00"	"187599"	"356611"	"187615"	"356627"	"2007-05-23"	"Vergunning:Beschikkking WM revisievergunning"
"ODNML"	"6096BN4"	"Melkrundvee"	"Nee"	"Kuiperweg 4 6096BN Grathem"	"Leudal"	"1"	""	"557,50"	"35,60"	"5.128,00"	"187600"	"357071"	"187586"	"357062"	"1993-01-01"	"Vergunning:Beschikkking WM revisievergunning"
"ODNML"	"6096NC4"	"Schapen"	"Nee"	"Napoleonsweg Noord 4 6096NC Grathem"	"Leudal"	"1"	"Nee"	"91,00"	"1.014,00"	"0,00"	"188777"	"355921"	"188777"	"355922"	"2004-10-07"	"Vergunning:Beschikkking WM revisievergunning"
"ODNML"	"6096NC8"	"Vleesvarkens"	"Ja"	"Napoleonsweg Noord 8 6096NC Grathem"	"Leudal"	"3"	"Ja"	"nu"	"nu"	"nu"	"188890"	"355869"	"188913"	"355866"	"2025-10-22"	"Intrekken gehele veebestand OW"
"ODNML"	"6096NE5"	"Melkrundvee"	"Nee"	"Loorderstraat 5 6096NE Grathem"	"Leudal"	"1"	"Nee"	"999,00"	"0,00"	"9.000,00"	"187276"	"355537"	"187264"	"355557"	"2010-05-04"	"Intrekking:gedeeltelijke intrekking"
"ODNML"	"6096NG1A"	"Melkrundvee"	"Nee"	"Nachtegaal 1A 6096NG GRATHEM"	"Leudal"	"1"	"Nee"	"3.216,00"	"0,00"	"28.920,00"	"187252"	"356190"	"187252"	"356190"	"2008-10-09"	"Melding:besluit landbouwbedrijven milieubeheer"
"ODNML"	"6096NH9"	"Paarden"	"Nee"	"Geneijgen 9 6096NH Grathem"	"Leudal"	"4"	""	"498,10"	"3.822,00"	"36.260,00"	"186944"	"356837"	"186941"	"356890"	"2019-12-05"	"Melding:Activiteitenbesluit"
"ODNML"	"6096NJ1"	"Melkrundvee"	"Nee"	"Gemeentebos 1 6096NJ Grathem"	"Leudal"	"1"	"Nee"	"2.294,80"	"427,20"	"22.180,00"	"187215"	"357233"	"187249"	"357220"	"2008-02-21"	"Melding:besluit landbouwbedrijven milieubeheer"
"ODNML"	"6096NK2A"	"Vleeskuikens"	"Nee"	"Hunselerdijk 2A 6096NK GRATHEM"	"Leudal"	"7"	"Ja"	"6.314,40"	"59.400,00"	"3.960.000,00"	"186961"	"357239"	"186975"	"357257"	"2024-06-10"	"Omgevingsvergunning-verandering"
"ODNML"	"6096NL2"	"Melkrundvee"	"Nee"	"Heiakker 2 6096NL Grathem"	"Leudal"	"1"	"Nee"	"914,00"	"0,00"	"8.180,00"	"188282"	"358127"	"188288"	"358151"	"1992-01-01"	"Melding:besluit landbouwbedrijven milieubeheer"
"ODNML"	"6096NL4"	"Schapen"	"Nee"	"Heiakker 4 6096NL Grathem"	"Leudal"	"1"	"Nee"	"91,00"	"1.014,00"	"0,00"	"188516"	"358190"	"188553"	"358189"	"2004-10-07"	"Vergunning:Beschikkking WM revisievergunning"
"ODNML"	"6096PA4"	"Paarden"	"Nee"	"Reijvenhofweg 4 6096PA Grathem"	"Leudal"	"1"	""	"148,60"	"0,00"	"0,00"	"186512"	"356205"	"186526"	"356181"	"1994-01-01"	"Vergunning:oprichtingsvergunning"
"ODNML"	"6097AK2"	"Paarden"	"Ja"	"Rector Driessenstraat 2 6097AK HEEL"	"Maasgouw"	"1"	""	"nu"	"nu"	"nu"	"189790"	"354382"	"189790"	"354382"	"2015-10-08"	"Bewijs bedrijfsbeëindiging"
"ODNML"	"6097AK3"	"Paarden"	"Ja"	"Rector Driessenstraat 3 6097AK HEEL"	"Maasgouw"	"1"	""	"nu"	"nu"	"nu"	"190548"	"354509"	"190548"	"354509"	"2015-10-10"	"Bewijs bedrijfsbeëindiging"
"ODNML"	"6097AL1"	"Paarden"	"Ja"	"Dorpsstraat 1 6097AL Heel"	"Maasgouw"	"1"	""	"nu"	"nu"	"nu"	"191211"	"354777"	"191211"	"354759"	"2023-03-27"	"Intrekking gehele veebestand"
"ODNML"	"6097AL29"	"Melkrundvee"	"Nee"	"Dorpsstraat 29 6097AL Heel"	"Maasgouw"	"1"	""	"650,00"	"0,00"	"5.900,00"	"190808"	"354568"	"190804"	"354540"	"2006-12-06"	"Melding:besluit landbouwbedrijven milieubeheer"
"ODNML"	"6097AR94"	"Melkrundvee"	"Ja"	"Dorpsstraat 94 6097AR Heel"	"Maasgouw"	"1"	""	"nu"	"nu"	"nu"	"190504"	"354367"	"190492"	"354384"	"2020-08-30"	"Bewijs bedrijfsbeëindiging"
"ODNML"	"6097EK33A"	"Vleesvarkens"	"Nee"	"Daalzicht 33A 6097EK HEEL"	"Maasgouw"	"3"	"Nee"	"857,70"	"13.717,20"	"85.560,00"	"189608"	"356076"	"189608"	"356076"	"2005-04-12"	"Omgevingsvergunning-revisie"
"ODNML"	"6097NK1"	"Paarden"	"Nee"	"Rijksweg 1 6097NK Heel"	"Maasgouw"	"1"	"Nee"	"150,20"	"0,00"	"0,00"	"187857"	"355011"			"2006-12-06"	"Melding:besluit landbouwbedrijven milieubeheer"
"ODNML"	"6097NK16A"	"Leghennen"	"Ja"	"Rijksweg 16A 6097NK HEEL"	"Maasgouw"	"1"	""	"nu"	"nu"	"nu"	"190175"	"356810"	"190175"	"356810"	"2014-01-01"	"Bewijs bedrijfsbeëindiging"
"ODNML"	"6097NK20"	"Paarden"	"Nee"	"Rijksweg 20 6097NK Heel"	"Maasgouw"	"1"	"Nee"	"35,00"	"0,00"	"0,00"	"190864"	"357297"			"2014-09-03"	"Melding activiteitenbesluit"
"ODNML"	"6097NL10"	"Zeugen"	"Nee"	"De Peel 10 6097NL Heel"	"Maasgouw"	"8"	"Ja"	"1.260,35"	"13.601,50"	"143.124,00"	"188878"	"356604"	"188852"	"356629"	"2012-10-03"	"Omgevingsvergunning-revisie"
"ODNML"	"6097NL11"	"Melkrundvee"	"Ja"	"De Peel 11 6097NL Heel"	"Maasgouw"	"1"	""	"nu"	"nu"	"nu"	"189030"	"356944"	"189008"	"356962"	"2019-11-07"	"Bewijs bedrijfsbeëindiging"
"ODNML"	"6097NL11A"	"Paarden"	"Nee"	"De Peel 11A 6097NL HEEL"	"Maasgouw"	"1"	""	"144,70"	"0,00"	"0,00"	"189267"	"356682"	"189267"	"356682"	"2006-12-06"	"Melding:besluit landbouwbedrijven milieubeheer"
"ODNML"	"6097NL7"	"Paarden"	"Nee"	"De Peel 7 6097NL Heel"	"Maasgouw"	"1"	"Nee"	"75,00"	"0,00"	"0,00"	"189074"	"356194"	"189106"	"356193"	"2005-11-04"	"Vergunning:beschikking WM veranderingsvergunning"
"ODNML"	"6097NL8"	"Melkrundvee"	"Ja"	"De Peel 8 6097NL Heel"	"Maasgouw"	"1"	""	"nu"	"nu"	"nu"	"188879"	"356097"	"188877"	"356069"	"2018-07-10"	"Bewijs bedrijfsbeëindiging"
"ODNML"	"6097NM21"	"Melkrundvee"	"Nee"	"Apenbroek 21 6097NM Heel"	"Maasgouw"	"4"	"Nee"	"3.216,00"	"0,00"	"28.920,00"	"189590"	"357946"	"189570"	"357924"	"2006-12-06"	"Melding:besluit landbouwbedrijven milieubeheer"
"ODNML"	"6097NM22"	"Paarden"	"Ja"	"Apenbroek 22 6097NM Heel"	"Maasgouw"	"1"	""	"nu"	"nu"	"nu"	"189772"	"358264"	"189797"	"358238"	"2018-10-30"	"Bewijs bedrijfsbeëindiging"
"ODNML"	"6099BR4"	"Melkrundvee"	"Nee"	"Eerdweg 4 6099BR Beegden"	"Maasgouw"	"2"	"Nee"	"1.691,40"	"0,00"	"15.186,00"	"192641"	"355710"			"2014-09-24"	"Melding activiteitenbesluit"
"ODNML"	"6101PA2"	"voormalig bedrijf"	"Ja"	"Oude Molenbeekweg 2 6101PA Echt"	"Echt-Susteren"	"1"	""	"nu"	"nu"	"nu"	"187322"	"345585"	"187320"	"345586"	"2021-09-09"	"Bewijs bedrijfsbeëindiging"
"ODNML"	"6101PC77"	"voormalig bedrijf"	"Ja"	"Aasterbergerweg 77 6101PC Echt"	"Echt-Susteren"	"1"	""	"nu"	"nu"	"nu"	"186842"	"345987"	"186848"	"345980"	"2023-02-27"	"Bewijs bedrijfsbeëindiging"
"ODNML"	"6101PC86"	"Melkrundvee"	"Nee"	"Aasterbergerweg 86 6101PC Echt"	"Echt-Susteren"	"1"	"Nee"	"193,00"	"1.068,00"	"1.750,00"	"186756"	"345860"	"186750"	"345861"	"1997-01-01"	"Melding:besluit landbouwbedrijven milieubeheer"
"ODNML"	"6101PD4"	"Vleesvee"	"Nee"	"Pietjesveld 4 6101PD ECHT"	"Echt-Susteren"	"6"	"Nee"	"4.059,70"	"20.042,80"	"95.016,00"	"189322"	"349300"	"189305"	"349306"	"2019-04-06"	"Omgevingsvergunning-verandering"
"ODNML"	"6101RA1"	"Paarden"	"Nee"	"Ophoven 1 6101RA Echt"	"Echt-Susteren"	"1"	"Nee"	"75,00"	"0,00"	"0,00"	"187447"	"345311"			"2019-07-23"	"Melding activiteitenbesluit"
"ODNML"	"6101RA3"	"voormalig bedrijf"	"Ja"	"Ophoven 3 6101RA Echt"	"Echt-Susteren"	"1"	""	"nu"	"nu"	"nu"	"187268"	"345339"	"187259"	"345315"	"2002-01-01"	"Bewijs bedrijfsbeëindiging"
"ODNML"	"6101RA5"	"voormalig bedrijf"	"Ja"	"Ophoven 5 6101RA Echt"	"Echt-Susteren"	"1"	""	"nu"	"nu"	"nu"	"187210"	"345375"	"187204"	"345400"	"2018-08-23"	"Bewijs bedrijfsbeëindiging"
"ODNML"	"6101RA8"	"Vleesvarkens"	"Nee"	"Ophoven 8 6101RA Echt"	"Echt-Susteren"	"4"	"Nee"	"2.101,74"	"30.056,80"	"241.080,00"	"187109"	"345289"	"187124"	"345236"	"2021-03-08"	"Melding activiteitenbesluit met OBM"
"ODNML"	"6101VV34"	"voormalig bedrijf"	"Ja"	"Gebroekerdijk 34 6101VV Echt"	"Echt-Susteren"	"1"	""	"nu"	"nu"	"nu"	"188929"	"345097"	"188932"	"345098"	"2013-01-01"	"Bewijs bedrijfsbeëindiging"
"ODNML"	"6101XN15"	"voormalig bedrijf"	"Ja"	"Swaantjesweg 15 6101XN Echt"	"Echt-Susteren"	"1"	""	"nu"	"nu"	"nu"	"188561"	"348341"	"188592"	"348392"	"2016-06-23"	"Bewijs bedrijfsbeëindiging"
"ODNML"	"6101XN16"	"voormalig bedrijf"	"Ja"	"Swaantjesweg 16 6101XN Echt"	"Echt-Susteren"	"1"	"Nee"	"nu"	"nu"	"nu"	"188659"	"348605"			"2021-02-22"	"Intrekking gehele veebestand"
"ODNML"	"6101XS1"	"Vleesvee"	"Nee"	"Heiweg 1 6101XS Echt"	"Echt-Susteren"	"3"	"Nee"	"1.864,00"	"7.120,00"	"42.730,00"	"188952"	"348278"	"188974"	"348386"	"2007-04-10"	"Melding activiteitenbesluit met OBM"
"ODNML"	"6101XT4"	"voormalig bedrijf"	"Ja"	"Klein Berkelaar 4 6101XT Echt"	"Echt-Susteren"	"1"	""	"nu"	"nu"	"nu"	"188917"	"347726"	"188910"	"347714"	"1996-12-11"	"Intrekking gehele veebestand"
"ODNML"	"6101XT7"	"voormalig bedrijf"	"Ja"	"Klein Berkelaar 7 6101XT Echt"	"Echt-Susteren"	"1"	""	"nu"	"nu"	"nu"	"188924"	"347663"	"188904"	"347651"	"2017-12-11"	"Bewijs bedrijfsbeëindiging"
"ODNML"	"6101XV97"	"Paarden"	"Nee"	"Maasbrachterweg 97 6101XV Echt"	"Echt-Susteren"	"1"	"Nee"	"307,00"	"0,00"	"0,00"	"188922"	"348970"			"2006-06-15"	"Melding activiteitenbesluit met OBM"
"ODNML"	"6101XW10"	"Schapen"	"Nee"	"Oude Stevensweerterweg 10 6101XW Echt"	"Echt-Susteren"	"1"	"Nee"	"245,00"	"2.730,00"	"0,00"	"188694"	"347974"	"188642"	"347965"	"1997-06-24"	"Melding activiteitenbesluit met OBM"
"ODNML"	"6101XX34"	"voormalig bedrijf"	"Ja"	"Maasbrachterweg 34 6101XX Echt"	"Echt-Susteren"	"1"	""	"nu"	"nu"	"nu"	"189079"	"347630"	"189098"	"347620"	"2006-10-13"	"Bewijs bedrijfsbeëindiging"
"ODNML"	"6101XX40"	"Melkrundvee"	"Nee"	"Maasbrachterweg 40 6101XX Echt"	"Echt-Susteren"	"1"	"Nee"	"633,20"	"35,60"	"5.566,00"	"189024"	"347823"	"189072"	"347844"	"2012-09-28"	"Melding activiteitenbesluit"
"ODNML"	"6101XX52"	"voormalig bedrijf"	"Ja"	"Maasbrachterweg 52 6101XX Echt"	"Echt-Susteren"	"1"	""	"nu"	"nu"	"nu"	"189002"	"347927"	"188999"	"347928"	"2023-02-28"	"Bewijs bedrijfsbeëindiging"
"ODNML"	"6101XX58"	"Schapen"	"Nee"	"Maasbrachterweg 58 6101XX Echt"	"Echt-Susteren"	"1"	"Nee"	"126,00"	"1.404,00"	"0,00"	"188995"	"348040"	"189061"	"348059"	"1996-07-02"	"Melding activiteitenbesluit met OBM"
"ODNML"	"6101xz80"	"Melkrundvee"	"Nee"	"Maasbrachterweg 80 6101xz Echt"	"Echt-Susteren"	"1"	"Nee"	"359,00"	"0,00"	"5.630,00"	"188990"	"348657"			"2020-09-22"	"Melding activiteitenbesluit"
"ODNML"	"6102EP21"	"Melkrundvee"	"Ja"	"In de Planten 21 6102EP Echt"	"Echt-Susteren"	"1"	"Nee"	"nu"	"nu"	"nu"	"190602"	"346065"	"190596"	"346077"	"2025-06-12"	"Bewijs bedrijfsbeëindiging"
"ODNML"	"6102ET48"	"voormalig bedrijf"	"Ja"	"Echterstraat 48 6102ET Echt"	"Echt-Susteren"	"1"	""	"nu"	"nu"	"nu"	"190453"	"346156"	"190449"	"346120"	"2012-08-14"	"Intrekking gehele veebestand"
"ODNML"	"6102GB10"	"voormalig bedrijf"	"Ja"	"Sint Joosterweg 10 6102GB Echt"	"Echt-Susteren"	"1"	""	"nu"	"nu"	"nu"	"190649"	"346301"	"190652"	"346298"	"2003-05-02"	"Bewijs bedrijfsbeëindiging"
"ODNML"	"6102RB20"	"voormalig bedrijf"	"Ja"	"Wolfsberg 20 6102RB ECHT"	"Echt-Susteren"	"1"	""	"nu"	"nu"	"nu"	"191204"	"345341"	"191204"	"345341"	"2013-01-01"	"Bewijs bedrijfsbeëindiging"
"ODNML"	"6102RG2"	"voormalig bedrijf"	"Ja"	"Heuvel 2 6102RG ECHT"	"Echt-Susteren"	"1"	""	"nu"	"nu"	"nu"	"193200"	"344175"	"193200"	"344175"	"2013-01-01"	"Bewijs bedrijfsbeëindiging"
"ODNML"	"6102RH15"	"voormalig bedrijf"	"Ja"	"Pepinusbrug 15 6102RH Echt"	"Echt-Susteren"	"1"	""	"nu"	"nu"	"nu"	"192820"	"344281"	"192829"	"344306"	"2002-03-18"	"Bewijs bedrijfsbeëindiging"
"ODNML"	"6102RJ20A"	"Melkrundvee"	"Nee"	"Pepinusbrug 20A 6102RJ Echt"	"Echt-Susteren"	"1"	""	"2.080,00"	"0,00"	"18.880,00"	"192599"	"344313"			"2003-07-31"	"Vergunning:gedeeltelijke intrekking"
"ODNML"	"6102RJ6"	"Vleesvarkens"	"Nee"	"Pepinusbrug 6 6102RJ Echt"	"Echt-Susteren"	"7"	"Nee"	"934,63"	"7.392,50"	"54.649,00"	"191968"	"343952"	"191930"	"343800"	"2018-07-09"	"Omgevingsvergunning-revisie"
"ODNML"	"6102RL1"	"Melkrundvee"	"Nee"	"Patersweg 1 6102RL Echt"	"Echt-Susteren"	"1"	""	"1.643,00"	"11.036,00"	"52.700,00"	"190832"	"343578"	"190859"	"343600"	"2012-02-16"	"Melding activiteitenbesluit met OBM"
"ODNML"	"6102RL4"	"Melkrundvee"	"Nee"	"Patersweg 4 6102RL Echt"	"Echt-Susteren"	"1"	""	"3.252,10"	"12.026,77"	"65.007,00"	"191510"	"343680"	"191515"	"343710"	"1995-01-01"	"Vergunning:Beschikkking WM revisievergunning"
"ODNML"	"6102RM1"	"Vleesvarkens"	"Nee"	"Derde Bolvennerweg 1 6102RM Echt"	"Echt-Susteren"	"1"	""	"1.657,00"	"12.452,00"	"79.492,00"	"191132"	"343368"	"191105"	"343369"	"1997-01-01"	"Vergunning:Beschikkking WM revisievergunning"
"ODNML"	"6102RN7"	"Vleeskuikens"	"Nee"	"Eerste Bolvennerweg 7 6102RN Echt"	"Echt-Susteren"	"5"	""	"2.110,00"	"13.330,00"	"787.180,00"	"190530"	"343449"	"190558"	"343392"	"2021-04-08"	"Melding activiteitenbesluit met OBM"
"ODNML"	"6102RP8"	"Melkrundvee"	"Nee"	"Haeselaarsweg 8 6102RP Echt"	"Echt-Susteren"	"1"	"Nee"	"1.098,60"	"1.725,90"	"15.762,00"	"190520"	"342989"	"190511"	"342963"	"2009-09-16"	"Melding activiteitenbesluit"
"ODNML"	"6102RR3"	"Zeugen"	"Nee"	"Hekbergerweg 3 6102RR Echt"	"Echt-Susteren"	"6"	"Ja"	"4.242,19"	"30.585,10"	"173.399,00"	"191346"	"342915"	"191271"	"342918"	"2014-09-01"	"Omgevingsvergunning-revisie"
"ODNML"	"6102RR7"	"Vleesvarkens"	"Nee"	"Hekbergerweg 7 6102RR ECHT"	"Echt-Susteren"	"5"	"Ja"	"15.650,85"	"153.653,30"	"1.245.869,00"	"191700"	"343268"	"191688"	"343268"	"2022-01-25"	"Omgevingsvergunning-revisie"
"ODNML"	"6102RS10"	"Paarden"	"Nee"	"Zandweg 10 6102RS ECHT"	"Echt-Susteren"	"1"	""	"129,50"	"0,00"	"0,00"	"193607"	"344648"	"193607"	"344648"	"2004-06-10"	"Vergunning:WM uitbreidings-wijzigingsvergunning"
"ODNML"	"6102RS9"	"Melkrundvee"	"Nee"	"Zandweg 9 6102RS ECHT"	"Echt-Susteren"	"1"	""	"1.961,50"	"2.670,00"	"26.830,00"	"193617"	"344785"	"193617"	"344785"	"1990-01-01"	"Vergunning:WM uitbreidings-wijzigingsvergunning"
"ODNML"	"6102RT10"	"Melkrundvee"	"Nee"	"Susterderweg 10 6102RT Echt"	"Echt-Susteren"	"1"	""	"250,50"	"0,00"	"4.440,00"	"189914"	"343313"			"2020-09-18"	"Melding activiteitenbesluit"
"ODNML"	"6102rv3"	"Paarden"	"Nee"	"Leenderdwarsstraat 3 6102rv Echt"	"Echt-Susteren"	"3"	"Nee"	"492,60"	"0,00"	"0,00"	"191234"	"345344"			"2016-05-23"	"Melding activiteitenbesluit met OBM"
"ODNML"	"6102TD45"	"Vleesvarkens"	"Nee"	"Daalweg 45 6102TD Echt"	"Echt-Susteren"	"1"	"Nee"	"2.550,30"	"14.745,60"	"84.660,00"	"190893"	"344345"	"190914"	"344372"	"2006-03-09"	"Vergunning:Beschikkking WM revisievergunning"
"ODNML"	"6102TX88"	"Melkrundvee"	"Nee"	"Dorpstraat 88 6102TX Echt"	"Echt-Susteren"	"1"	""	"688,00"	"712,00"	"8.644,00"	"190548"	"344994"	"190538"	"344979"	"1993-01-01"	"Vergunning:Beschikkking WM revisievergunning"
"ODNML"	"6102VH1"	"voormalig bedrijf"	"Ja"	"Slekkerstraat 1 6102VH Echt"	"Echt-Susteren"	"1"	""	"nu"	"nu"	"nu"	"189822"	"344888"	"189836"	"344883"	"2016-09-22"	"Bewijs bedrijfsbeëindiging"
"ODNML"	"6102VJ39"	"voormalig bedrijf"	"Ja"	"Slekkerstraat 39 6102VJ Echt"	"Echt-Susteren"	"1"	""	"nu"	"nu"	"nu"	"190035"	"344359"	"190070"	"344378"	"2016-08-31"	"Bewijs bedrijfsbeëindiging"
"ODNML"	"6102VJ41"	"Melkrundvee"	"Nee"	"Slekkerstraat 41 6102VJ Echt"	"Echt-Susteren"	"1"	""	"401,70"	"1.530,80"	"6.595,00"	"190062"	"344290"	"190070"	"344294"	"1989-01-01"	"Vergunning:WM uitbreidings-wijzigingsvergunning"
"ODNML"	"6102XS61"	"Schapen"	"Nee"	"Hoogstraat 61 6102XS Echt"	"Echt-Susteren"	"1"	""	"219,60"	"2.390,14"	"336,00"	"189979"	"343702"	"190013"	"343730"	"1980-01-01"	"Vergunning:oprichtingsvergunning"
"ODNML"	"6102XT16"	"voormalig bedrijf"	"Ja"	"Hoogstraat 16 6102XT Echt"	"Echt-Susteren"	"1"	""	"nu"	"nu"	"nu"	"189605"	"344212"	"189588"	"344185"	"2013-01-01"	"Bewijs bedrijfsbeëindiging"
"ODNML"	"6102XW88"	"voormalig bedrijf"	"Ja"	"Hoogstraat 88 6102XW Echt"	"Echt-Susteren"	"1"	""	"nu"	"nu"	"nu"	"189953"	"343684"	"189944"	"343677"	"2013-01-03"	"Bewijs bedrijfsbeëindiging"
"ODNML"	"6104AA5"	"Melkrundvee"	"Nee"	"Kerkstraat 5 6104AA Koningsbosch"	"Echt-Susteren"	"3"	"Nee"	"2.238,00"	"0,00"	"20.130,00"	"194052"	"342413"	"194060"	"342467"	"2007-02-26"	"Melding activiteitenbesluit"
"ODNML"	"6104AC10"	"Zeugen"	"Nee"	"Kerkstraat 10 6104AC Koningsbosch"	"Echt-Susteren"	"5"	"Ja"	"5.255,33"	"109.044,50"	"347.912,00"	"194187"	"341934"	"194080"	"342088"	"2011-03-31"	"Omgevingsvergunning-revisie"
"ODNML"	"6104AD94"	"Melkrundvee"	"Nee"	"Kerkstraat 94 6104AD Koningsbosch"	"Echt-Susteren"	"1"	""	"753,90"	"106,80"	"7.170,00"	"194721"	"340724"	"194699"	"340717"	"1993-01-01"	"Vergunning:Beschikkking WM revisievergunning"
"ODNML"	"6104AH36"	"voormalig bedrijf"	"Ja"	"Molenweg 36 6104AH Koningsbosch"	"Echt-Susteren"	"1"	""	"nu"	"nu"	"nu"	"194127"	"340992"	"194133"	"341040"	"2010-01-01"	"Bewijs bedrijfsbeëindiging"
"ODNML"	"6104AJ3"	"Melkrundvee"	"Nee"	"Koestraat 3 6104AJ Koningsbosch"	"Echt-Susteren"	"3"	"Nee"	"3.471,50"	"1.958,00"	"41.530,00"	"194332"	"339771"	"194276"	"339731"	"2009-10-12"	"Melding activiteitenbesluit met OBM"
"ODNML"	"6104AJ31"	"voormalig bedrijf"	"Ja"	"Koestraat 31 6104AJ Koningsbosch"	"Echt-Susteren"	"1"	""	"nu"	"nu"	"nu"	"194043"	"340302"	"194020"	"340285"	"2012-09-03"	"Intrekking gehele veebestand"
"ODNML"	"6104BC111"	"voormalig bedrijf"	"Ja"	"Prinsenbaan 111 6104BC Koningsbosch"	"Echt-Susteren"	"1"	""	"nu"	"nu"	"nu"	"195172"	"340545"	"195218"	"340554"	"2016-10-18"	"Bewijs bedrijfsbeëindiging"
"ODNML"	"6104BC121"	"voormalig bedrijf"	"Ja"	"Prinsenbaan 121 6104BC Koningsbosch"	"Echt-Susteren"	"1"	""	"nu"	"nu"	"nu"	"195109"	"340459"	"195116"	"340446"	"2008-07-04"	"Bewijs bedrijfsbeëindiging"
"ODNML"	"6104BC93"	"voormalig bedrijf"	"Ja"	"Prinsenbaan 93 6104BC Koningsbosch"	"Echt-Susteren"	"1"	""	"nu"	"nu"	"nu"	"195234"	"340705"	"195233"	"340705"	"2020-09-01"	"Bewijs bedrijfsbeëindiging"
"ODNML"	"6104BH110"	"Ov.Pluimvee"	"Nee"	"Prinsenbaan 110 6104BH Koningsbosch"	"Echt-Susteren"	"1"	"Nee"	"18,00"	"7,20"	"920,00"	"195241"	"340786"	"195194"	"340817"	"2021-12-05"	"Melding activiteitenbesluit met OBM"
"ODNML"	"6104BH90"	"Melkrundvee"	"Nee"	"Prinsenbaan 90 6104BH Koningsbosch"	"Echt-Susteren"	"4"	"Nee"	"1.323,40"	"3.488,80"	"25.390,00"	"195426"	"341144"	"195395"	"341157"	"1997-06-10"	"Melding activiteitenbesluit met OBM"
"ODNML"	"6104BL17"	"Melkrundvee"	"Nee"	"Kapelaan Verdonschotstraat 17 6104BL Koningsbosch"	"Echt-Susteren"	"3"	"Nee"	"1.659,00"	"0,00"	"17.436,00"	"195374"	"340190"			"2014-03-31"	"Melding activiteitenbesluit"
"ODNML"	"6104BL27"	"voormalig bedrijf"	"Ja"	"Kapelaan Verdonschotstraat 27 6104BL Koningsbosch"	"Echt-Susteren"	"1"	""	"nu"	"nu"	"nu"	"195454"	"340151"	"195464"	"340161"	"2016-06-07"	"Bewijs bedrijfsbeëindiging"
"ODNML"	"6104BM28"	"voormalig bedrijf"	"Ja"	"Kapelaan Verdonschotstraat 28 6104BM Koningsbosch"	"Echt-Susteren"	"1"	""	"nu"	"nu"	"nu"	"195234"	"340234"	"195240"	"340221"	"2013-05-29"	"Bewijs bedrijfsbeëindiging"
"ODNML"	"6104BM42"	"Melkrundvee"	"Nee"	"Kapelaan Verdonschotstraat 42 6104BM Koningsbosch"	"Echt-Susteren"	"3"	""	"628,50"	"5.669,00"	"38.040,00"	"195537"	"340074"	"195491"	"339965"	"2021-01-08"	"Melding activiteitenbesluit met OBM"
"ODNML"	"6104BM56"	"Paarden"	"Nee"	"Kapelaan Verdonschotstraat 56 6104BM Koningsbosch"	"Echt-Susteren"	"4"	"Nee"	"115,60"	"0,00"	"0,00"	"195718"	"339982"			"2007-03-21"	"Melding activiteitenbesluit"
"ODNML"	"6104BS1"	"Melkrundvee"	"Nee"	"Frenkensweg 1 6104BS Koningsbosch"	"Echt-Susteren"	"1"	"Nee"	"692,00"	"0,00"	"6.194,00"	"193780"	"342897"			"2023-12-11"	"Melding activiteitenbesluit"
"ODNML"	"6104RA40"	"Ov.Pluimvee"	"Nee"	"Saeffelderstraat 40 6104RA Koningsbosch"	"Echt-Susteren"	"7"	"Ja"	"4.470,50"	"38.690,00"	"6.201.300,00"	"193859"	"341178"	"193802"	"341187"	"2010-10-18"	"Omgevingsvergunning-revisie"
"ODNML"	"6104RB2"	"Zeugen"	"Nee"	"Bos en Broek 2 6104RB Koningsbosch"	"Echt-Susteren"	"3"	"Nee"	"1.550,82"	"10.262,90"	"92.872,00"	"192600"	"342115"	"192563"	"342106"	"1999-03-02"	"Melding activiteitenbesluit met OBM"
"ODNML"	"6104RD1"	"voormalig bedrijf"	"Ja"	"Bosserheideweg 1 6104RD Koningsbosch"	"Echt-Susteren"	"1"	""	"nu"	"nu"	"nu"	"192743"	"341529"	"192778"	"341509"	"2019-04-30"	"Bewijs bedrijfsbeëindiging"
"ODNML"	"6104RG108"	"voormalig bedrijf"	"Ja"	"Molenweg 108 6104RG Koningsbosch"	"Echt-Susteren"	"1"	""	"nu"	"nu"	"nu"	"193043"	"340210"	"193040"	"340218"	"2010-01-01"	"Bewijs bedrijfsbeëindiging"
"ODNML"	"6104RG80"	"Vleeskuikens"	"Nee"	"Molenweg 80 6104RG Koningsbosch"	"Echt-Susteren"	"5"	"Ja"	"4.730,80"	"35.640,00"	"2.393.346,00"	"193197"	"340331"	"193187"	"340465"	"2021-07-26"	"Omgevingsvergunning-revisie"
"ODNML"	"6104RH73"	"Vleesvee"	"Ja"	"Molenweg 73 6104RH Koningsbosch"	"Echt-Susteren"	"1"	"Nee"	"nu"	"nu"	"nu"	"193326"	"340386"	"193362"	"340351"	"2025-06-13"	"Bewijs bedrijfsbeëindiging"
"ODNML"	"6104RH91"	"voormalig bedrijf"	"Ja"	"Molenweg 91 6104RH Koningsbosch"	"Echt-Susteren"	"1"	""	"nu"	"nu"	"nu"	"193097"	"340209"	"193114"	"340188"	"2002-01-01"	"Bewijs bedrijfsbeëindiging"
"ODNML"	"6104RH95"	"voormalig bedrijf"	"Ja"	"Molenweg 95 6104RH Koningsbosch"	"Echt-Susteren"	"1"	""	"nu"	"nu"	"nu"	"193034"	"340169"	"193057"	"340160"	"2010-01-01"	"Bewijs bedrijfsbeëindiging"
"ODNML"	"6104RK19"	"voormalig bedrijf"	"Ja"	"Bosserheiweg 19 6104RK Koningsbosch"	"Echt-Susteren"	"1"	""	"nu"	"nu"	"nu"	"194122"	"341309"	"194168"	"341306"	"2002-01-01"	"Bewijs bedrijfsbeëindiging"
"ODNML"	"6104RL8"	"voormalig bedrijf"	"Ja"	"Heugenderweg 8 6104RL Koningsbosch"	"Echt-Susteren"	"1"	""	"nu"	"nu"	"nu"	"193071"	"339798"	"193090"	"339761"	"2020-08-26"	"Bewijs bedrijfsbeëindiging"
"ODNML"	"6104RM2"	"voormalig bedrijf"	"Ja"	"Krimweg 2 6104RM Koningsbosch"	"Echt-Susteren"	"1"	""	"nu"	"nu"	"nu"	"194198"	"341887"	"194157"	"341902"	"2019-10-22"	"Bewijs bedrijfsbeëindiging"
"ODNML"	"6104RP10"	"voormalig bedrijf"	"Ja"	"Dokter Felsweg 10 6104RP Koningsbosch"	"Echt-Susteren"	"1"	""	"nu"	"nu"	"nu"	"194808"	"338929"	"194790"	"338915"	"2007-11-13"	"Bewijs bedrijfsbeëindiging"
"ODNML"	"6104RP24"	"voormalig bedrijf"	"Ja"	"Dokter Felsweg 24 6104RP Koningsbosch"	"Echt-Susteren"	"1"	""	"nu"	"nu"	"nu"	"194947"	"338687"	"194941"	"338686"	"2009-01-29"	"Bewijs bedrijfsbeëindiging"
"ODNML"	"6104RR1"	"voormalig bedrijf"	"Ja"	"Spaanshuisken 1 6104RR KONINGSBOSCH"	"Echt-Susteren"	"1"	""	"nu"	"nu"	"nu"	"195030"	"338638"	"195030"	"338638"	"2000-01-01"	"Bewijs bedrijfsbeëindiging"
"ODNML"	"6104RR11"	"Melkrundvee"	"Nee"	"Spaanshuisken 11 6104RR Koningsbosch"	"Echt-Susteren"	"1"	""	"961,00"	"783,20"	"9.630,00"	"194946"	"338629"	"194950"	"338595"	"2002-01-01"	"Vergunning:Beschikkking WM revisievergunning"
"ODNML"	"6104RR16"	"voormalig bedrijf"	"Ja"	"Spaanshuisken 16 6104RR Koningsbosch"	"Echt-Susteren"	"1"	""	"nu"	"nu"	"nu"	"194871"	"338647"	"194866"	"338651"	"2010-12-13"	"Bewijs bedrijfsbeëindiging"
"ODNML"	"61053A"	"Vleesvarkens"	"Nee"	"Middenheideveldweg 3 6105 Maria Hoop"	"Echt-Susteren"	"5"	"Nee"	"947,46"	"9.914,20"	"78.865,00"	"198828"	"345073"	"198768"	"345122"	"2020-12-14"	"Melding activiteitenbesluit met OBM"
"ODNML"	"6105AA3"	"Paarden"	"Nee"	"Hofweg 3 6105AA Maria Hoop"	"Echt-Susteren"	"10"	"Nee"	"1.053,60"	"0,00"	"0,00"	"194196"	"346634"			"2011-02-03"	"Omgevingsvergunning-revisie"
"ODNML"	"6105AB1"	"Vleesvarkens"	"Nee"	"Veestraat 1 6105AB MARIA HOOP"	"Echt-Susteren"	"7"	"Ja"	"3.425,83"	"362.324,20"	"2.393.410,00"	"195727"	"346870"	"195741"	"346801"	"2018-03-14"	"Omgevingsvergunning-revisie"
"ODNML"	"6105AB15"	"Vleesvarkens"	"Ja"	"Veestraat 15 6105AB Maria Hoop"	"Echt-Susteren"	"1"	""	"nu"	"nu"	"nu"	"194597"	"347167"	"194585"	"347165"	"2018-06-19"	"Melding beëindiging veehouderij"
"ODNML"	"6105AB2"	"voormalig bedrijf"	"Ja"	"Veestraat 2 6105AB Maria Hoop"	"Echt-Susteren"	"1"	""	"nu"	"nu"	"nu"	"195177"	"347001"	"195177"	"347012"	"2016-09-30"	"Bewijs bedrijfsbeëindiging"
"ODNML"	"6105AB20"	"Melkrundvee"	"Ja"	"Veestraat 20 6105AB MARIA HOOP"	"Echt-Susteren"	"1"	""	"nu"	"nu"	"nu"	"194645"	"347254"	"194645"	"347254"	"2014-09-22"	"Melding beëindiging veehouderij"
"ODNML"	"6105AB2A"	"Vleesvarkens"	"Nee"	"Veestraat 2 6105AB Maria Hoop"	"Echt-Susteren"	"2"	"Ja"	"4.608,00"	"54.988,80"	"470.016,00"	"196298"	"347491"	"196242"	"347535"	"2009-10-01"	"Omgevingsvergunning-oprichting"
"ODNML"	"6105AB6"	"voormalig bedrijf"	"Ja"	"Veestraat 6 6105AB Maria Hoop"	"Echt-Susteren"	"1"	""	"nu"	"nu"	"nu"	"195071"	"346982"	"195074"	"346991"	"2015-12-17"	"Bewijs bedrijfsbeëindiging"
"ODNML"	"6105AB9A"	"Zeugen"	"Nee"	"Veestraat 9A 6105AB Maria Hoop"	"Echt-Susteren"	"5"	"Nee"	"1.545,80"	"19.054,90"	"177.390,00"	"194757"	"347082"	"194707"	"347032"	"2011-07-05"	"Melding activiteitenbesluit met OBM"
"ODNML"	"6105AC0A"	"voormalig bedrijf"	"Ja"	"Montforterstraat 0A 6105AC MARIA HOOP"	"Echt-Susteren"	"1"	""	"nu"	"nu"	"nu"	"195614"	"347275"	"195614"	"347275"	"2023-04-06"	"Bewijs bedrijfsbeëindiging"
"ODNML"	"6105AC1"	"voormalig bedrijf"	"Ja"	"Montforterstraat 1 6105AC Maria Hoop"	"Echt-Susteren"	"1"	""	"nu"	"nu"	"nu"	"195262"	"347661"	"195311"	"347691"	"2016-02-26"	"Bewijs bedrijfsbeëindiging"
"ODNML"	"6105AC14"	"voormalig bedrijf"	"Ja"	"Montforterstraat 14 6105AC Maria Hoop"	"Echt-Susteren"	"1"	""	"nu"	"nu"	"nu"	"195305"	"347562"	"195283"	"347562"	"2018-03-14"	"Bewijs bedrijfsbeëindiging"
"ODNML"	"6105AC17"	"Zeugen"	"Nee"	"Montforterstraat 17 6105AC Maria Hoop"	"Echt-Susteren"	"1"	"Nee"	"3.650,80"	"17.691,70"	"123.045,00"	"195452"	"347500"	"195459"	"347545"	"1993-01-01"	"Vergunning:Beschikkking WM revisievergunning"
"ODNML"	"6105AD11"	"Vleesvarkens"	"Ja"	"Boekhorstweg 11 6105AD Maria Hoop"	"Echt-Susteren"	"1"	""	"nu"	"nu"	"nu"	"194868"	"347230"	"194820"	"347207"	"2017-11-29"	"Melding beëindiging veehouderij"
"ODNML"	"6105AD2"	"Paarden"	"Nee"	"Boekhorstweg 2 6105AD MARIA HOOP"	"Echt-Susteren"	"1"	"Nee"	"812,00"	"0,00"	"5.772,00"	"195353"	"344831"			"2004-03-23"	"Vergunning:WM uitbreidings-wijzigingsvergunning"
"ODNML"	"6105AD20"	"Paarden"	"Nee"	"Boekhorstweg 20 6105AD Maria Hoop"	"Echt-Susteren"	"1"	"Nee"	"367,30"	"0,00"	"0,00"	"195121"	"346039"			"1999-01-01"	"Vergunning:oprichtingsvergunning"
"ODNML"	"6105AD30"	"Melkrundvee"	"Nee"	"Boekhorstweg 30 6105AD Maria Hoop"	"Echt-Susteren"	"1"	"Nee"	"1.270,10"	"260,00"	"11.403,00"	"195098"	"346674"	"195134"	"346672"	"1997-01-01"	"Melding:besluit landbouwbedrijven milieubeheer"
"ODNML"	"6105AD6"	"Melkrundvee"	"Nee"	"Boekhorstweg 6 6105AD Maria Hoop"	"Echt-Susteren"	"2"	"Nee"	"545,00"	"0,00"	"0,00"	"195277"	"345077"	"195336"	"345091"	"1996-01-01"	"Vergunning:Beschikkking WM revisievergunning"
"ODNML"	"6105AE14"	"Vleesvee"	"Nee"	"Torenweg 14 6105AE Maria Hoop"	"Echt-Susteren"	"2"	"Nee"	"1.229,40"	"0,00"	"15.858,00"	"194620"	"345578"			"2014-09-11"	"Melding activiteitenbesluit met OBM"
"ODNML"	"6105AE2"	"voormalig bedrijf"	"Ja"	"Torenweg 2 6105AE Maria Hoop"	"Echt-Susteren"	"1"	""	"nu"	"nu"	"nu"	"195844"	"345739"	"195853"	"345727"	"2013-01-01"	"Bewijs bedrijfsbeëindiging"
"ODNML"	"6105AJ2"	"Melkrundvee"	"Nee"	"Spikweg 2 6105AJ Maria Hoop"	"Echt-Susteren"	"1"	"Nee"	"1.224,00"	"0,00"	"14.160,00"	"196051"	"345856"			"2010-01-04"	"Melding activiteitenbesluit"
"ODNML"	"6105AK1"	"voormalig bedrijf"	"Ja"	"Putbroekerbosweg 1 6105AK Maria Hoop"	"Echt-Susteren"	"1"	""	"nu"	"nu"	"nu"	"196627"	"346351"	"196626"	"346358"	"2013-01-01"	"Bewijs bedrijfsbeëindiging"
"ODNML"	"6105AK13"	"Melkrundvee"	"Nee"	"Putbroekerbosweg 13 6105AK Maria Hoop"	"Echt-Susteren"	"3"	"Nee"	"604,00"	"1.780,00"	"9.450,00"	"196790"	"346506"	"196784"	"346536"	"2015-05-23"	"Melding activiteitenbesluit met OBM"
"ODNML"	"6105AK9"	"voormalig bedrijf"	"Ja"	"Putbroekerbosweg 9 6105AK Maria Hoop"	"Echt-Susteren"	"1"	""	"nu"	"nu"	"nu"	"196761"	"346466"	"196762"	"346463"	"2016-01-19"	"Bewijs bedrijfsbeëindiging"
"ODNML"	"6105AM14"	"Paarden"	"Nee"	"Bergweg 14 6105AM Maria Hoop"	"Echt-Susteren"	"1"	"Nee"	"200,00"	"0,00"	"0,00"	"197128"	"345971"			"2012-03-07"	"Melding activiteitenbesluit"
"ODNML"	"6105AN20"	"Melkrundvee"	"Nee"	"Vuchterstraat 20 6105AN Maria Hoop"	"Echt-Susteren"	"1"	"Nee"	"2.863,40"	"0,00"	"25.766,00"	"198027"	"346213"			"2016-06-07"	"Melding activiteitenbesluit"
"ODNML"	"6105AN28"	"Melkrundvee"	"Nee"	"Vuchterstraat 28 6105AN Maria Hoop"	"Echt-Susteren"	"1"	"Nee"	"4.844,80"	"0,00"	"43.720,00"	"198003"	"346540"			"2015-09-24"	"Melding activiteitenbesluit"
"ODNML"	"6105AN33"	"voormalig bedrijf"	"Ja"	"Vuchterstraat 33 6105AN Maria Hoop"	"Echt-Susteren"	"1"	""	"nu"	"nu"	"nu"	"197930"	"346379"	"197912"	"346325"	"2013-01-01"	"Bewijs bedrijfsbeëindiging"
"ODNML"	"6105AR23"	"Paarden"	"Nee"	"Annendaalderweg 23 6105AR Maria Hoop"	"Echt-Susteren"	"1"	"Nee"	"161,30"	"534,00"	"2.550,00"	"195539"	"344802"	"195543"	"344835"	"2011-12-19"	"Melding activiteitenbesluit"
"ODNML"	"6105AR51"	"Melkrundvee"	"Ja"	"Annendaalderweg 51 6105AR Maria Hoop"	"Echt-Susteren"	"1"	""	"nu"	"nu"	"nu"	"196541"	"345264"	"196537"	"345278"	"2015-10-01"	"Melding beëindiging veehouderij"
"ODNML"	"6105AS111"	"voormalig bedrijf"	"Ja"	"Annendaalderweg 111 6105AS Maria Hoop"	"Echt-Susteren"	"1"	""	"nu"	"nu"	"nu"	"197390"	"345422"	"197373"	"345451"	"2013-01-01"	"Bewijs bedrijfsbeëindiging"
"ODNML"	"6105AS97A"	"voormalig bedrijf"	"Ja"	"Annendaalderweg 97A 6105AS Maria Hoop"	"Echt-Susteren"	"1"	""	"nu"	"nu"	"nu"	"197174"	"345382"	"197170"	"345403"	"2013-01-01"	"Bewijs bedrijfsbeëindiging"
"ODNML"	"6105AX40"	"Vleesvarkens"	"Ja"	"Grensweg 40 6105AX Maria Hoop"	"Echt-Susteren"	"1"	""	"nu"	"nu"	"nu"	"199023"	"344978"	"199027"	"344986"	"2015-07-01"	"Melding beëindiging veehouderij"
"ODNML"	"6105BA3"	"voormalig bedrijf"	"Ja"	"Middenheideveldweg 3 6105BA Maria Hoop"	"Echt-Susteren"	"1"	""	"nu"	"nu"	"nu"	"198745"	"344977"	"198722"	"345016"	"2020-01-01"	"Bewijs bedrijfsbeëindiging"
"ODNML"	"6105BC1"	"Vleesvee"	"Nee"	"Klinkheiweg 1 6105BC Maria Hoop"	"Echt-Susteren"	"1"	"Nee"	"382,65"	"2.254,80"	"11.621,00"	"193807"	"346712"	"193819"	"346705"	"1997-01-01"	"Vergunning:Beschikkking WM revisievergunning"
"ODNML"	"6105BD10"	"Melkrundvee"	"Nee"	"Dominicusweg 10 6105BD Maria Hoop"	"Echt-Susteren"	"1"	"Nee"	"6.172,00"	"0,00"	"55.354,00"	"193156"	"345373"			"2016-05-26"	"Melding activiteitenbesluit"
"ODNML"	"6105BD11"	"Paarden"	"Nee"	"Dominicusweg 11 6105BD Maria Hoop"	"Echt-Susteren"	"2"	"Nee"	"105,50"	"0,00"	"0,00"	"193155"	"345474"			"2023-05-17"	"Melding activiteitenbesluit"
"ODNML"	"6105BD15"	"Melkrundvee"	"Nee"	"Dominicusweg 15 6105BD Maria Hoop"	"Echt-Susteren"	"3"	""	"4.968,70"	"11.929,40"	"135.167,00"	"193318"	"345678"	"193277"	"345723"	"2014-06-19"	"Melding activiteitenbesluit"
"ODNML"	"6105BD21"	"Melkrundvee"	"Nee"	"Dominicusweg 21 6105BD Maria Hoop"	"Echt-Susteren"	"1"	"Nee"	"874,00"	"1.068,00"	"11.386,00"	"193520"	"345885"	"193522"	"345918"	"1993-01-01"	"Melding:besluit landbouwbedrijven milieubeheer"
"ODNML"	"6105BD3"	"Melkrundvee"	"Ja"	"Dominicusweg 3 6105BD Maria Hoop"	"Echt-Susteren"	"1"	""	"nu"	"nu"	"nu"	"192773"	"344934"			"2020-07-09"	"Melding beëindiging veehouderij"
"ODNML"	"6105BE30"	"Vleesvarkens"	"Nee"	"Donckerstraat 30 6105BE Maria Hoop"	"Echt-Susteren"	"3"	"Ja"	"4.370,10"	"70.756,70"	"246.141,00"	"198518"	"347599"	"198494"	"347457"	"2012-04-19"	"Omgevingsvergunning-revisie"
"ODNML"	"6105BK3"	"Vleesvarkens"	"Nee"	"Waldfeuchterbaan 3 6105BK Maria Hoop"	"Echt-Susteren"	"8"	"Ja"	"4.388,15"	"60.867,50"	"458.255,00"	"193874"	"343827"	"193839"	"343919"	"2014-06-24"	"Omgevingsvergunning-revisie"
"ODNML"	"6105BM34"	"Vleesvee"	"Ja"	"Waldfeuchterbaan 34 6105BM MARIA HOOP"	"Echt-Susteren"	"1"	""	"nu"	"nu"	"nu"	"195098"	"342803"	"195098"	"342803"	"2014-09-05"	"Melding beëindiging veehouderij"
"ODNML"	"6105BM4"	"Melkrundvee"	"Nee"	"Waldfeuchterbaan 4 6105BM Maria Hoop"	"Echt-Susteren"	"1"	""	"367,00"	"1.427,80"	"7.680,00"	"193620"	"343848"	"193596"	"343829"	"2015-03-11"	"Melding activiteitenbesluit"
"ODNML"	"6105BN60"	"Zeugen"	"Nee"	"Waldfeuchterbaan 60 6105BN Maria Hoop"	"Echt-Susteren"	"3"	"Nee"	"1.386,95"	"12.272,20"	"102.869,00"	"195760"	"343080"	"195748"	"343043"	"2011-11-29"	"Melding activiteitenbesluit"
"ODNML"	"6105BP140"	"voormalig bedrijf"	"Ja"	"Waldfeuchterbaan 140 6105BP Maria Hoop"	"Echt-Susteren"	"1"	"Nee"	"nu"	"nu"	"nu"	"196510"	"342590"	"196502"	"342581"	"2017-04-25"	"Bewijs bedrijfsbeëindiging"
"ODNML"	"6105BP170"	"voormalig bedrijf"	"Ja"	"Waldfeuchterbaan 170 6105BP Maria Hoop"	"Echt-Susteren"	"1"	""	"nu"	"nu"	"nu"	"196657"	"342394"	"196647"	"342383"	"2014-10-14"	"Intrekking gehele veebestand"
"ODNML"	"6105BS27"	"voormalig bedrijf"	"Ja"	"Breukelderveestraat 27 6105BS Maria Hoop"	"Echt-Susteren"	"1"	""	"nu"	"nu"	"nu"	"197355"	"343665"	"197352"	"343700"	"2016-03-20"	"Bewijs bedrijfsbeëindiging"
"ODNML"	"6105BZ125"	"Melkrundvee"	"Nee"	"Echterboschbaan 125 6105BZ Maria Hoop"	"Echt-Susteren"	"1"	""	"2.350,30"	"35,60"	"21.310,00"	"199355"	"346790"	"199309"	"346766"	"1997-01-01"	"Melding:mel"
"ODNML"	"6105CB28"	"voormalig bedrijf"	"Ja"	"Diergaarderstraat Zuid 28 6105CB Maria Hoop"	"Echt-Susteren"	"1"	""	"nu"	"nu"	"nu"	"195561"	"343835"	"195573"	"343829"	"2013-01-03"	"Bewijs bedrijfsbeëindiging"
"ODNML"	"6105CJ7"	"voormalig bedrijf"	"Ja"	"Diergaarderstraat West 7 6105CJ Maria Hoop"	"Echt-Susteren"	"1"	""	"nu"	"nu"	"nu"	"195422"	"343980"	"195411"	"343975"	"2018-06-15"	"Bewijs bedrijfsbeëindiging"
"ODNML"	"6105CP90"	"Paarden"	"Nee"	"Vlaskuilseweg 90 6105CP Maria Hoop"	"Echt-Susteren"	"1"	"Nee"	"149,00"	"0,00"	"662,00"	"195905"	"343932"			"1997-01-01"	"Melding:mel"
"ODNML"	"6107AB2"	"Melkrundvee"	"Nee"	"Molenveld 2 6107AB Stevensweert"	"Maasgouw"	"1"	"Nee"	"1.124,00"	"0,00"	"14.120,00"	"186703"	"348518"			"2016-05-11"	"Melding activiteitenbesluit"
"ODNML"	"6107BK5"	"Melkrundvee"	"Ja"	"Singelstraat Oost 5 6107BK STEVENSWEERT"	"Maasgouw"	"1"	""	"nu"	"nu"	"nu"	"187222"	"349302"	"187222"	"349302"	"2011-12-08"	"Bewijs bedrijfsbeëindiging"
"ODNML"	"6107BM19"	"Vleesvarkens"	"Nee"	"Bilt 19 6107BM Stevensweert"	"Maasgouw"	"2"	"Nee"	"1.895,00"	"10.792,00"	"63.104,00"	"187704"	"348879"			"2017-12-27"	"Melding activiteitenbesluit"
"ODNML"	"6107BM20"	"Vleesvee"	"Nee"	"Bilt 20 6107BM Stevensweert"	"Maasgouw"	"1"	""	"2.374,40"	"15.948,80"	"76.160,00"	"187719"	"348934"	"187694"	"348918"	"1995-09-07"	"Vergunning:Beschikkking WM revisievergunning"
"ODNML"	"6107BM7"	"Paarden"	"Ja"	"Bilt 7 6107BM Stevensweert"	"Maasgouw"	"1"	""	"nu"	"nu"	"nu"	"187610"	"348668"	"187590"	"348650"	"2018-11-05"	"Bewijs bedrijfsbeëindiging"
"ODNML"	"6107BM9"	"Melkrundvee"	"Nee"	"Bilt 9 6107BM Stevensweert"	"Maasgouw"	"5"	"Nee"	"805,90"	"2.100,40"	"15.807,00"	"187667"	"348700"	"187637"	"348702"	"2013-01-25"	"Melding activiteitenbesluit"
"ODNML"	"6107CL1"	"Vleesvarkens"	"Nee"	"Kanaalstraat 1 6107CL Stevensweert"	"Maasgouw"	"1"	""	"5.908,50"	"30.199,00"	"200.889,00"	"188514"	"349148"	"188520"	"349163"	"1993-05-19"	"Vergunning:Beschikkking WM revisievergunning"
"ODNML"	"6107RA3"	"Paarden"	"Nee"	"Sint Annadijk 3 6107RA Stevensweert"	"Maasgouw"	"1"	"Nee"	"169,30"	"0,00"	"0,00"	"185915"	"348254"			"2006-12-06"	"Melding:besluit landbouwbedrijven milieubeheer"
"ODNML"	"6109AD71"	"Paarden"	"Ja"	"Dorpsstraat 71 6109AD OHE EN LAAK"	"Maasgouw"	"1"	""	"nu"	"nu"	"nu"	"187019"	"346848"	"187009"	"346857"	"2023-08-15"	"Melding beëindiging veehouderij"
"ODNML"	"6109RA11"	"voormalig bedrijf"	"Ja"	"Bosstraat 11 6109RA OHE EN LAAK"	"Maasgouw"	"1"	""	"nu"	"nu"	"nu"	"185907"	"346896"	"185865"	"346837"	"2018-11-05"	"Bewijs bedrijfsbeëindiging"
"ODNML"	"6109RH2"	"Melkrundvee"	"Nee"	"Sint Annastraat 2 6109RH OHE EN LAAK"	"Maasgouw"	"1"	""	"646,60"	"0,00"	"7.840,00"	"185893"	"348084"			"2006-12-10"	"Melding:besluit landbouwbedrijven milieubeheer"
"ODNML"	"6111AA1"	"Paarden"	"Nee"	"Leenderveldweg 1 6111AA Sint Joost"	"Echt-Susteren"	"4"	""	"426,00"	"0,00"	"0,00"	"191468"	"346307"			"2018-04-20"	"Melding activiteitenbesluit met OBM"
"ODNML"	"6111AG108"	"Melkrundvee"	"Nee"	"Heerdstraat 108 6111AG Sint Joost"	"Echt-Susteren"	"1"	"Nee"	"393,30"	"890,00"	"6.594,00"	"191106"	"347068"	"191095"	"347042"	"1990-01-01"	"Vergunning:WM uitbreidings-wijzigingsvergunning"
"ODNML"	"6111AW15"	"voormalig bedrijf"	"Ja"	"Kleine Heiweg 15 6111AW SINT JOOST"	"Echt-Susteren"	"1"	""	"nu"	"nu"	"nu"	"190320"	"348432"	"190320"	"348432"	"2009-01-29"	"Intrekking gehele veebestand"
"ODNML"	"6111RA73"	"Melkrundvee"	"Nee"	"Heerdstraat 73 6111RA Sint Joost"	"Echt-Susteren"	"1"	"Nee"	"307,40"	"213,60"	"3.614,00"	"193465"	"347151"	"193460"	"347173"	"2007-09-18"	"Melding activiteitenbesluit"
"ODNML"	"6112AE17"	"voormalig bedrijf"	"Ja"	"Hombergstraat 17 6112AE Sint Joost"	"Echt-Susteren"	"1"	""	"nu"	"nu"	"nu"	"191326"	"347852"	"191248"	"347877"	"2013-01-01"	"Bewijs bedrijfsbeëindiging"
"ODNML"	"6112AL12"	"voormalig bedrijf"	"Ja"	"Caulitenstraat 12 6112AL Sint Joost"	"Echt-Susteren"	"1"	""	"nu"	"nu"	"nu"	"190937"	"347874"	"190960"	"347861"	"2013-01-01"	"Bewijs bedrijfsbeëindiging"
"ODNML"	"6112AW19"	"voormalig bedrijf"	"Ja"	"Brachterzijde 19 6112AW Sint Joost"	"Echt-Susteren"	"1"	""	"nu"	"nu"	"nu"	"190986"	"348283"	"190983"	"348294"	"2017-05-15"	"Bewijs bedrijfsbeëindiging"
"ODNML"	"6112CA1"	"Zeugen"	"Nee"	"Sint Joosterveldweg 1 6112CA Sint Joost"	"Echt-Susteren"	"2"	"Nee"	"316,70"	"356,00"	"4.650,00"	"191021"	"348838"	"191047"	"348832"	"2010-01-04"	"Melding activiteitenbesluit"
"ODNML"	"6112CB7"	"voormalig bedrijf"	"Ja"	"Vonderen 7 6112CB Sint Joost"	"Echt-Susteren"	"1"	""	"nu"	"nu"	"nu"	"190865"	"349080"	"190890"	"349077"	"2021-01-01"	"Bewijs bedrijfsbeëindiging"
"ODNML"	"6112CC2"	"voormalig bedrijf"	"Ja"	"Heidestraat 2 6112CC SINT JOOST"	"Echt-Susteren"	"1"	""	"nu"	"nu"	"nu"	"190599"	"348624"	"190599"	"348624"	"2002-01-01"	"Bewijs bedrijfsbeëindiging"
"ODNML"	"6112CD4"	"voormalig bedrijf"	"Ja"	"Oude Sint Joosterweg 4 6112CD Sint Joost"	"Echt-Susteren"	"1"	""	"nu"	"nu"	"nu"	"190715"	"349278"	"190693"	"349272"	"2020-10-16"	"Intrekking gehele veebestand"
"ODNML"	"6112CD6"	"Melkrundvee"	"Nee"	"Oude Sint Joosterweg 6 6112CD Sint Joost"	"Echt-Susteren"	"7"	"Nee"	"4.033,90"	"9.275,00"	"75.979,00"	"190696"	"349161"	"190661"	"349159"	"2014-02-19"	"Melding activiteitenbesluit met OBM"
"ODNML"	"6114AN31"	"Paarden"	"Nee"	"Aardenweg 31 6114AN Susteren"	"Echt-Susteren"	"1"	"Nee"	"168,00"	"0,00"	"0,00"	"189199"	"341558"	"189198"	"341559"	"2005-02-10"	"Vergunning:Beschikkking WM revisievergunning"
"ODNML"	"6114AT2"	"voormalig bedrijf"	"Ja"	"Buschstraat 2 6114AT Susteren"	"Echt-Susteren"	"1"	""	"nu"	"nu"	"nu"	"188693"	"341632"	"188694"	"341634"	"2018-06-14"	"Bewijs bedrijfsbeëindiging"
"ODNML"	"6114AX1"	"Melkrundvee"	"Nee"	"Beekveldweg 1 6114AX Susteren"	"Echt-Susteren"	"3"	"Nee"	"1.595,00"	"0,00"	"14.342,00"	"189237"	"342766"	"189238"	"342766"	"2002-06-19"	"Melding:amvb"
"ODNML"	"6114JR10"	"voormalig bedrijf"	"Ja"	"Bij de Molen 10 6114JR Susteren"	"Echt-Susteren"	"1"	"Nee"	"2.445,00"	"1.170,00"	"26.640,00"	"186585"	"342650"	"186824"	"342675"	"2006-07-20"	"Melding:amvb"
"ODNML"	"6114KC1"	"Melkrundvee"	"Nee"	"Echterstraat 1 6114KC Susteren"	"Echt-Susteren"	"1"	"Nee"	"770,80"	"0,00"	"8.086,00"	"187156"	"343325"	"187158"	"343322"	"2016-09-10"	"Melding activiteitenbesluit"
"ODNML"	"6114KE7"	"Paarden"	"Nee"	"Zilstraat 7 6114KE Susteren"	"Echt-Susteren"	"1"	"Nee"	"139,70"	"0,00"	"0,00"	"187195"	"343245"	"187193"	"343244"	"2006-07-20"	"Vergunning:oprichtingsvergunning"
"ODNML"	"6114KW2"	"Paarden"	"Nee"	"Bosweg 2 6114KW Susteren"	"Echt-Susteren"	"2"	"Nee"	"121,00"	"0,00"	"0,00"	"187592"	"342917"	"187659"	"342958"	"2007-10-23"	"Omgevingsvergunning-verandering"
"ODNML"	"6114KZ1"	"Vleesvee"	"Nee"	"Beuningerstraat 1 6114KZ Susteren"	"Echt-Susteren"	"3"	"Nee"	"805,50"	"178,00"	"17.190,00"	"186466"	"343363"	"186415"	"343385"	"2010-09-26"	"Melding activiteitenbesluit"
"ODNML"	"6114KZ11"	"voormalig bedrijf"	"Ja"	"Beuningerstraat 11 6114KZ SUSTEREN"	"Echt-Susteren"	"1"	""	"nu"	"nu"	"nu"	"186985"	"344927"	"186985"	"344927"	"2013-01-01"	"Bewijs bedrijfsbeëindiging"
"ODNML"	"6114KZ2"	"Vleesvarkens"	"Nee"	"Beuningerstraat 2 6114KZ Susteren"	"Echt-Susteren"	"4"	"Nee"	"3.783,30"	"31.584,60"	"143.526,00"	"186931"	"344548"	"186984"	"344582"	"2012-04-19"	"Melding activiteitenbesluit met OBM"
"ODNML"	"6114KZ7"	"Melkrundvee"	"Nee"	"Beuningerstraat 7 6114KZ Susteren"	"Echt-Susteren"	"2"	""	"1.970,00"	"0,00"	"21.500,00"	"186822"	"344395"			"2009-03-23"	"Melding activiteitenbesluit"
"ODNML"	"6114KZ9"	"Vleesvarkens"	"Nee"	"Beuningerstraat 9 6114KZ SUSTEREN"	"Echt-Susteren"	"3"	"Ja"	"5.415,00"	"63.940,00"	"413.190,00"	"186946"	"344714"	"186886"	"344734"	"2016-09-06"	"Omgevingsvergunning milieuneutraal"
"ODNML"	"6114LA4"	"Vleesvee"	"Nee"	"Breedenweg 4 6114LA Susteren"	"Echt-Susteren"	"3"	"Nee"	"2.744,60"	"7.404,80"	"52.362,00"	"187155"	"343602"	"187152"	"343601"	"2006-07-20"	"Vergunning:Beschikkking WM revisievergunning"
"ODNML"	"6114LB1"	"Paarden"	"Nee"	"Lange Akkersweg 1 6114LB Susteren"	"Echt-Susteren"	"2"	"Nee"	"495,00"	"0,00"	"0,00"	"187697"	"343997"			"2015-07-27"	"Melding activiteitenbesluit met OBM"
"ODNML"	"6114LB3"	"Paarden"	"Nee"	"Lange Akkersweg 3 6114LB Susteren"	"Echt-Susteren"	"2"	"Nee"	"726,80"	"0,00"	"0,00"	"187719"	"344014"			"2015-07-27"	"Melding activiteitenbesluit met OBM"
"ODNML"	"6114RD56"	"Melkrundvee"	"Nee"	"Oude Rijksweg Zuid 56 6114RD Susteren"	"Echt-Susteren"	"1"	"Nee"	"826,30"	"676,40"	"11.140,00"	"187142"	"340918"	"187122"	"340928"	"1988-11-01"	"Vergunning:oprichtingsvergunning"
"ODNML"	"6114RE1"	"Paarden"	"Nee"	"Holtummerweg 1 6114RE Susteren"	"Echt-Susteren"	"2"	"Nee"	"92,30"	"0,00"	"0,00"	"187041"	"340491"	"187046"	"340492"	"2002-11-30"	"Vergunning:Beschikkking WM revisievergunning"
"ODNML"	"6114RE2"	"Paarden"	"Nee"	"Holtummerweg 2 6114RE Susteren"	"Echt-Susteren"	"2"	""	"92,40"	"0,00"	"0,00"	"186675"	"340202"			"2007-12-18"	"Melding activiteitenbesluit"
"ODNML"	"6114RE3"	"voormalig bedrijf"	"Ja"	"Holtummerweg 3 6114RE Susteren"	"Echt-Susteren"	"1"	""	"nu"	"nu"	"nu"	"186702"	"340160"	"186700"	"340159"	"2002-01-01"	"Bewijs bedrijfsbeëindiging"
"ODNML"	"6114RG6"	"Paarden"	"Nee"	"Baakhoverweg 6 6114RG Susteren"	"Echt-Susteren"	"1"	""	"125,00"	"0,00"	"0,00"	"186549"	"341755"	"186552"	"341758"	"1997-04-11"	"Vergunning:oprichtingsvergunning"
"ODNML"	"6114RR13"	"Vleesvarkens"	"Nee"	"Hommelweg 13 6114RR Susteren"	"Echt-Susteren"	"1"	"Nee"	"1.699,40"	"12.903,00"	"86.177,00"	"190751"	"341972"	"190818"	"342004"	"2015-07-02"	"Melding activiteitenbesluit met OBM"
"ODNML"	"6114RR17"	"voormalig bedrijf"	"Ja"	"Hommelweg 17 6114RR Susteren"	"Echt-Susteren"	"1"	""	"nu"	"nu"	"nu"	"191006"	"341783"	"191003"	"341781"	"2007-12-13"	"Intrekking gehele veebestand"
"ODNML"	"6114RT10"	"Melkrundvee"	"Nee"	"Hommelweg 10 6114RT Susteren"	"Echt-Susteren"	"1"	"Nee"	"2.446,00"	"0,00"	"23.860,00"	"190936"	"341785"			"1982-10-22"	"Vergunning:oprichtingsvergunning"
"ODNML"	"6114RT14"	"Vleeskuikens"	"Nee"	"Hommelweg 14 6114RT Susteren"	"Echt-Susteren"	"4"	"Nee"	"1.399,98"	"13.199,67"	"879.978,00"	"190981"	"341759"	"191000"	"341696"	"2019-10-07"	"Melding activiteitenbesluit"
"ODNML"	"6114RT4"	"Melkrundvee"	"Nee"	"Hommelweg 4 6114RT Susteren"	"Echt-Susteren"	"1"	"Nee"	"194,00"	"0,00"	"2.840,00"	"190307"	"342067"			"1994-10-11"	"Melding:amvb"
"ODNML"	"6114RT6"	"Leghennen"	"Nee"	"Hommelweg 6 6114RT Susteren"	"Echt-Susteren"	"1"	"Nee"	"280,00"	"584,00"	"67.200,00"	"190510"	"341999"	"190517"	"341973"	"2015-06-28"	"Melding activiteitenbesluit met OBM"
"ODNML"	"6116AB15"	"Vleesvarkens"	"Nee"	"Oud Roosteren 15 6116AB Roosteren"	"Echt-Susteren"	"8"	"Nee"	"1.165,21"	"9.065,70"	"65.446,00"	"186033"	"343474"	"186004"	"343472"	"2017-07-06"	"Melding activiteitenbesluit met OBM"
"ODNML"	"6116AC34"	"voormalig bedrijf"	"Ja"	"Oud Roosteren 34 6116AC Roosteren"	"Echt-Susteren"	"1"	""	"nu"	"nu"	"nu"	"186110"	"343530"	"186109"	"343530"	"2002-01-01"	"Bewijs bedrijfsbeëindiging"
"ODNML"	"6116AD16"	"Melkrundvee"	"Nee"	"Kanaalstraat 16 6116AD Roosteren"	"Echt-Susteren"	"3"	"Nee"	"1.090,20"	"6,80"	"13.522,00"	"186016"	"343560"	"186014"	"343559"	"2004-04-12"	"Vergunning:Beschikkking WM revisievergunning"
"ODNML"	"6116AH33"	"Melkrundvee"	"Nee"	"Lanterdijk 33 6116AH Roosteren"	"Echt-Susteren"	"3"	"Nee"	"1.480,00"	"0,00"	"16.078,00"	"185207"	"343270"			"1994-03-04"	"Melding activiteitenbesluit met OBM"
"ODNML"	"6116AJ61"	"Melkrundvee"	"Nee"	"Ruitersbaan 61 6116AJ Roosteren"	"Echt-Susteren"	"3"	"Nee"	"1.834,00"	"0,00"	"16.492,00"	"184586"	"342378"			"2009-08-17"	"Melding activiteitenbesluit met OBM"
"ODNML"	"6116AK83"	"Paarden"	"Nee"	"Illikhoven 83 6116AK Roosteren"	"Echt-Susteren"	"1"	"Nee"	"85,00"	"0,00"	"0,00"	"184292"	"341391"	"184289"	"341391"	"1988-08-30"	"Vergunning:oprichtingsvergunning"
"ODNML"	"6116AL8"	"voormalig bedrijf"	"Ja"	"Illikhoven 8 6116AL Roosteren"	"Echt-Susteren"	"1"	""	"nu"	"nu"	"nu"	"184280"	"341313"	"184281"	"341314"	"2015-10-22"	"Bewijs bedrijfsbeëindiging"
"ODNML"	"6116AM51"	"Melkrundvee"	"Nee"	"Visserweert 51 6116AM ROOSTEREN"	"Echt-Susteren"	"2"	"Nee"	"1.208,00"	"0,00"	"16.112,00"	"184024"	"342234"	"184021"	"342225"	"2016-04-22"	"Melding activiteitenbesluit"
"ODNML"	"6116AM58"	"voormalig bedrijf"	"Ja"	"Visserweert 58 6116AM Roosteren"	"Echt-Susteren"	"1"	""	"nu"	"nu"	"nu"	"183951"	"342209"	"183949"	"342209"	"2014-11-24"	"Bewijs bedrijfsbeëindiging"
"ODNML"	"6116AS5"	"voormalig bedrijf"	"Ja"	"Schansberg 5 6116AS Roosteren"	"Echt-Susteren"	"1"	""	"nu"	"nu"	"nu"	"183884"	"344778"	"183887"	"344780"	"2015-01-06"	"Bewijs bedrijfsbeëindiging"
"ODNML"	"6116BB80"	"Melkrundvee"	"Nee"	"Oevereind 80 6116BB Roosteren"	"Echt-Susteren"	"1"	"Nee"	"1.938,80"	"0,00"	"20.952,00"	"185580"	"344342"			"2003-12-19"	"Vergunning:Beschikkking WM revisievergunning"
"ODNML"	"6116BS47"	"voormalig bedrijf"	"Ja"	"Maasheuvel 47 6116BS Roosteren"	"Echt-Susteren"	"1"	""	"nu"	"nu"	"nu"	"184893"	"343724"	"184893"	"343723"	"2016-10-18"	"Bewijs bedrijfsbeëindiging"
"ODNML"	"6116CC57A"	"Paarden"	"Nee"	"Molenstraat 57A 6116CC Roosteren"	"Echt-Susteren"	"1"	"Nee"	"60,00"	"0,00"	"0,00"	"185573"	"343631"			"2014-11-13"	"Melding activiteitenbesluit"
"ODNML"	"6118CP33"	"Schapen"	"Nee"	"Susterderweg 33 6118CP Nieuwstadt"	"Echt-Susteren"	"1"	"Nee"	"29,00"	"235,46"	"2.140,00"	"188390"	"339822"	"188372"	"339836"	"2009-02-11"	"Melding activiteitenbesluit"
"ODNML"	"6118EV1"	"Melkrundvee"	"Nee"	"Sittarderweg 1 6118EV Nieuwstadt"	"Echt-Susteren"	"1"	"Nee"	"874,60"	"178,00"	"9.576,00"	"188238"	"338149"	"188207"	"338136"	"2009-08-04"	"Melding activiteitenbesluit"
"Sittard-Geleen"	"6121RJ19"	"Melkrundvee"	"Nee"	"Ruitersdijk 19 6121RJ BORN"	"Sittard-Geleen"	"1"	""	"3.401,80"	"4.200,80"	"45.046,00"	"183499"	"340524"	"183499"	"340524"	"1993-05-17"	"Vergunning:Beschikkking WM revisievergunning"
"Sittard-Geleen"	"6121RR49"	"Zeugen"	"Nee"	"Brugstraat 49 6121RR Born"	"Sittard-Geleen"	"1"	""	"2.712,80"	"16.879,00"	"149.745,00"	"182999"	"337019"	"183072"	"337030"	"1996-03-18"	"Vergunning:beschikking WM veranderingsvergunning"
"Sittard-Geleen"	"6121RT10"	"Melkrundvee"	"Nee"	"Obbichterweg 10 6121RT Born"	"Sittard-Geleen"	"1"	""	"2.242,80"	"624,00"	"19.768,00"	"183451"	"337958"	"183425"	"337976"	"2008-04-18"	"Melding:besluit landbouwbedrijven milieubeheer"
"Sittard-Geleen"	"6121XK38"	"zeer gering van omvang"	"Nee"	"Kasteelpark 38 6121XK BORN"	"Sittard-Geleen"	"1"	""	"39,46"	"47,19"	"15.498,00"	"184698"	"337881"	"184698"	"337881"	"2009-04-20"	"Vergunning:beschikking WM veranderingsvergunning"
"Sittard-Geleen"	"6123AM13A"	"Vleesvee"	"Nee"	"Kloosterstraat 13A 6123AM Holtum"	"Sittard-Geleen"	"1"	""	"43,40"	"0,00"	"1.190,00"	"185662"	"339969"	"185680"	"339987"	"2003-12-22"	"Melding:besluit landbouwbedrijven milieubeheer"
"Sittard-Geleen"	"6123BX27"	"Zeugen"	"Nee"	"Grote Dries 27 6123BX Holtum"	"Sittard-Geleen"	"1"	"Nee"	"759,18"	"3.785,60"	"45.788,00"	"185658"	"340535"	"185640"	"340172"	"1991-02-18"	"Vergunning:Beschikkking WM revisievergunning"
"Sittard-Geleen"	"6123DA10"	"Schapen"	"Nee"	"Scheidstraat 10 6123DA HOLTUM"	"Sittard-Geleen"	"1"	""	"35,10"	"368,50"	"50,00"	"186234"	"340284"	"186234"	"340284"	"1998-08-25"	"Vergunning:beschikking WM melding art 8.19"
"Sittard-Geleen"	"6124BB26"	"Paarden"	"Nee"	"Op de Coul 26 6124BB Papenhoven"	"Sittard-Geleen"	"1"	""	"50,00"	"0,00"	"0,00"	"182463"	"339542"	"182481"	"339536"	"2010-11-24"	"Melding:besluit landbouwbedrijven milieubeheer"
"Sittard-Geleen"	"6124BC20"	"Melkrundvee"	"Nee"	"Merker-Eyckstraat 20 6124BC Papenhoven"	"Sittard-Geleen"	"1"	""	"457,50"	"890,00"	"7.200,00"	"182344"	"339309"	"182371"	"339310"	"1994-11-18"	"Melding:AMvB melkveehouderij"
"Sittard-Geleen"	"6125RG25"	"Melkrundvee"	"Nee"	"Kasteelweg 25 6125RG Obbicht"	"Sittard-Geleen"	"1"	""	"1.802,00"	"0,00"	"16.250,00"	"182475"	"336890"	"182522"	"336910"	"1990-08-20"	"Vergunning:beschikking WM veranderingsvergunning"
"Sittard-Geleen"	"6127CE8"	"Melkrundvee"	"Nee"	"Heuvelsweg 8 6127CE Grevenbicht"	"Sittard-Geleen"	"1"	""	"1.360,60"	"0,00"	"12.226,00"	"181638"	"338412"	"181615"	"338448"	"2008-03-28"	"Melding:besluit landbouwbedrijven milieubeheer"
"Sittard-Geleen"	"6127PA20"	"Melkrundvee"	"Nee"	"Mik 20 6127PA Grevenbicht"	"Sittard-Geleen"	"1"	""	"792,90"	"356,00"	"9.162,00"	"182377"	"339811"	"182359"	"339815"	"2000-03-13"	"Melding:besluit landbouwbedrijven milieubeheer"
"Stein"	"6129CA37"	"Melkrundvee"	"Nee"	"Raadhuisstraat 37 6129CA Urmond"	"Stein"	"1"	""	"720,00"	"712,00"	"6.560,00"	"181812"	"333999"	"181795"	"334004"	"1992-11-10"	"Vergunning:Beschikkking WM revisievergunning"
"Stein"	"6129LD42"	"Melkrundvee"	"Nee"	"Bergerstraat 42 6129LD Urmond"	"Stein"	"1"	""	"948,40"	"0,00"	"8.448,00"	"182310"	"336095"	"182322"	"336073"	"1993-06-22"	"Vergunning:Beschikkking WM revisievergunning"
"Stein"	"6129LD48"	"Melkrundvee"	"Nee"	"Bergerstraat 48 6129LD Urmond"	"Stein"	"1"	""	"143,50"	"0,00"	"3.010,00"	"182329"	"336142"	"182355"	"336142"	"1998-03-16"	"Melding:besluit landbouwbedrijven milieubeheer"
"Stein"	"6129PG10"	"Vleesvarkens"	"Nee"	"Bergerweg 10 6129PG URMOND"	"Stein"	"1"	"Ja"	"3.691,40"	"65.856,90"	"159.826,00"	"182539"	"334814"	"182539"	"334814"	"2009-04-15"	"Vergunning:Beschikkking WM revisievergunning"
"Stein"	"6129PH2A"	"Melkrundvee"	"Nee"	"Molenweg Zuid 2A 6129PH URMOND"	"Stein"	"1"	""	"2.070,00"	"0,00"	"27.504,00"	"182094"	"334478"	"182094"	"334478"	"2014-10-20"	"Melding:Activiteitenbesluit"
"Stein"	"6129PJ0"	"Vleesvee"	"Nee"	"Louisegroeveweg 0 6129PJ URMOND"	"Stein"	"1"	""	"130,20"	"0,00"	"3.570,00"	"182617"	"334400"	"182617"	"334400"	"1993-08-26"	"Melding:besluit landbouwbedrijven milieubeheer"
"Sittard-Geleen"	"6133XM57"	"Paarden"	"Nee"	"Molenweg 57 6133XM SITTARD"	"Sittard-Geleen"	"1"	""	"177,33"	"471,70"	"19.481,00"	"188334"	"333206"	"188334"	"333206"	"1995-06-13"	"Vergunning:beschikking WM veranderingsvergunning"
"Sittard-Geleen"	"6136KT145"	"Vleesvee"	"Nee"	"Nusterweg 145 6136KT Sittard"	"Sittard-Geleen"	"1"	"Nee"	"292,60"	"2.207,20"	"7.800,00"	"188398"	"337557"	"188423"	"337549"	"1983-10-26"	"Vergunning:oprichtingsvergunning"
"Sittard-Geleen"	"6137LG93"	"Melkrundvee"	"Nee"	"Lahrstraat 93 6137LG Sittard"	"Sittard-Geleen"	"1"	"Nee"	"256,20"	"854,40"	"5.052,00"	"190620"	"333642"	"190615"	"333616"	"1994-12-08"	"Melding:besluit landbouwbedrijven milieubeheer"
"Sittard-Geleen"	"6141AW75"	"Paarden"	"Nee"	"Michiels v Kessenichstr 75 6141AW LIMBRICHT"	"Sittard-Geleen"	"1"	""	"312,00"	"0,00"	"0,00"	"186226"	"336565"	"186226"	"336565"	"1993-11-23"	"Vergunning:beschikking WM veranderingsvergunning"
"Sittard-Geleen"	"6141BJ29"	"Melkrundvee"	"Nee"	"Bornerweg 29 6141BJ Limbricht"	"Sittard-Geleen"	"1"	""	"581,60"	"0,00"	"5.252,00"	"185974"	"336789"	"185974"	"336737"	"1994-08-24"	"Vergunning:AMvB melkveehouderij"
"Sittard-Geleen"	"6142AA39"	"Melkrundvee"	"Nee"	"Bergerweg 39 6142AA Einighausen"	"Sittard-Geleen"	"1"	""	"1.370,60"	"0,00"	"12.278,00"	"184865"	"334062"	"184867"	"334022"	"2009-11-27"	"Melding:besluit landbouwbedrijven milieubeheer"
"Sittard-Geleen"	"6142AC50"	"Melkrundvee"	"Nee"	"Bergerweg 50 6142AC Einighausen"	"Sittard-Geleen"	"1"	""	"882,00"	"1.661,40"	"13.784,00"	"185424"	"333966"	"185438"	"333975"	"1997-11-04"	"Vergunning:oprichtingsvergunning"
"Sittard-Geleen"	"6142AJ40"	"Paarden"	"Nee"	" 40 6142AJ "	"Sittard-Geleen"	"1"	""	"75,00"	"0,00"	"0,00"	"185802"	"334552"	"185802"	"334552"	"1991-05-28"	"Vergunning:oprichtingsvergunning"
"Sittard-Geleen"	"6142AL2"	"Melkrundvee"	"Nee"	"Heistraat 2 6142AL Einighausen"	"Sittard-Geleen"	"1"	"Nee"	"1.636,80"	"0,00"	"14.766,00"	"185811"	"334868"	"185792"	"334855"	"2007-11-14"	"Melding:besluit landbouwbedrijven milieubeheer"
"Sittard-Geleen"	"6142BT6"	"Melkrundvee"	"Nee"	"Fischerpad 6 6142BT Einighausen"	"Sittard-Geleen"	"1"	""	"1.102,40"	"0,00"	"15.332,00"	"186363"	"334532"	"186333"	"334507"	"1992-02-07"	"Melding:besluit landbouwbedrijven milieubeheer"
"Sittard-Geleen"	"6142BT9"	"voormalig bedrijf"	"Ja"	"Fischerpad 9 6142BT EINIGHAUSEN"	"Sittard-Geleen"	"1"	""	"0,00"	"0,00"	"0,00"	"186464"	"334604"	"186464"	"334604"	"2015-05-07"	"Intrekking:intrekking gehele veebestand"
"Sittard-Geleen"	"6143AR100"	"Paarden"	"Nee"	"Rijstraat 100 6143AR Guttecoven"	"Sittard-Geleen"	"1"	""	"140,00"	"0,00"	"0,00"	"185001"	"336909"	"184990"	"336933"	"2001-05-17"	"Vergunning:beschikking WM veranderingsvergunning"
"Sittard-Geleen"	"6143AR12"	"Zeugen"	"Nee"	"Rijstraat 12 6143AR Guttecoven"	"Sittard-Geleen"	"1"	""	"3.329,27"	"22.660,60"	"202.256,00"	"185016"	"336580"	"185021"	"336649"	"2000-01-04"	"Vergunning:beschikking WM veranderingsvergunning"
"Sittard-Geleen"	"6143AW55"	"Melkrundvee"	"Nee"	"Dorpsstraat 55 6143AW Guttecoven"	"Sittard-Geleen"	"1"	""	"1.586,00"	"0,00"	"14.270,00"	"184721"	"334714"	"184749"	"334733"	"2011-03-04"	"Melding:besluit landbouwbedrijven milieubeheer"
"Sittard-Geleen"	"6143AX24"	"Melkrundvee"	"Nee"	"Dorpsstraat 24 6143AX Guttecoven"	"Sittard-Geleen"	"1"	""	"123,00"	"0,00"	"2.580,00"	"185140"	"336042"	"185125"	"336040"	"2009-03-06"	"Melding:besluit landbouwbedrijven milieubeheer"
"Sittard-Geleen"	"6143AZ54"	"Vleesvarkens"	"Nee"	"Dorpsstraat 54 6143AZ Guttecoven"	"Sittard-Geleen"	"1"	""	"2.475,00"	"12.650,00"	"84.150,00"	"185064"	"335826"	"185038"	"335838"	"2002-11-29"	"Vergunning:beschikking WM veranderingsvergunning"
"Sittard-Geleen"	"6153AB28A"	"Paarden"	"Nee"	"Windraak 28A 6153AB Windraak"	"Sittard-Geleen"	"1"	""	"209,40"	"0,00"	"0,00"	"190268"	"331510"	"190273"	"331490"	"2007-08-29"	"Melding:besluit landbouwbedrijven milieubeheer"
"Sittard-Geleen"	"6153AB28B"	"Melkrundvee"	"Nee"	"Windraak 28B 6153AB Windraak"	"Sittard-Geleen"	"1"	""	"1.524,20"	"4.600,00"	"35.988,00"	"190331"	"331461"	"190305"	"331433"	"1993-11-30"	"Vergunning:beschikking WM veranderingsvergunning"
"Sittard-Geleen"	"6153AB4"	"Vleesvee"	"Nee"	"Windraak 4 6153AB Windraak"	"Sittard-Geleen"	"1"	""	"186,00"	"0,00"	"5.100,00"	"189825"	"331571"	"189814"	"331529"	"1995-04-25"	"Vergunning:Beschikkking WM revisievergunning"
"Sittard-Geleen"	"6153AC38"	"Melkrundvee"	"Nee"	"Windraak 38 6153AC Windraak"	"Sittard-Geleen"	"1"	""	"114,40"	"0,00"	"988,00"	"190080"	"331628"	"190110"	"331650"	"1995-05-02"	"Vergunning:Beschikkking WM revisievergunning"
"Beekdaelen"	"6155KH24"	"Vleesvarkens"	"Nee"	"Steenstraat 24 6155KH Puth"	"Beekdaelen"	"1"	""	"805,80"	"7.973,60"	"30.518,00"	"189843"	"329538"	"189837"	"329568"	"2013-02-21"	"Melding:Activiteitenbesluit"
"Beekdaelen"	"6155KH4"	"voormalig bedrijf"	"Ja"	"Steenstraat 4 6155KH Puth"	"Beekdaelen"	"1"	""	"0,00"	"0,00"	"0,00"	"189548"	"329215"	"189552"	"329204"	"2017-11-10"	"Melding:Activiteitenbesluit"
"Beekdaelen"	"6155KK79"	"Melkrundvee"	"Nee"	"Kerkweg 79 6155KK Puth"	"Beekdaelen"	"1"	""	"1.300,00"	"0,00"	"11.800,00"	"189125"	"329178"	"189125"	"329178"	"2004-06-29"	"Melding:besluit landbouwbedrijven milieubeheer"
"Beekdaelen"	"6155LR95"	"Melkrundvee"	"Nee"	"Onderste Puth 95 6155LR Puth"	"Beekdaelen"	"1"	""	"652,00"	"0,00"	"5.860,00"	"189441"	"329316"	"189460"	"329331"	"2003-04-22"	"Vergunning:Beschikkking WM revisievergunning"
"Beekdaelen"	"6155LV4"	"Schapen"	"Nee"	"Sittarderweg 4 6155LV PUTH"	"Beekdaelen"	"1"	"Nee"	"175,00"	"1.950,00"	"0,00"	"189093"	"330063"	"189093"	"330063"	"2003-03-11"	"Vergunning:oprichtingsvergunning"
"Beekdaelen"	"6155NL22"	"Melkrundvee"	"Nee"	"Kempkensweg 22 6155NL Puth"	"Beekdaelen"	"1"	""	"212,50"	"0,00"	"3.100,00"	"188117"	"329921"	"188108"	"329947"	"1979-09-27"	"Vergunning:beschikking WM veranderingsvergunning"
"Beekdaelen"	"6155NM4"	"Paarden"	"Nee"	"Keldenaar 4 6155NM Puth"	"Beekdaelen"	"1"	""	"200,00"	"0,00"	"0,00"	"187894"	"330718"	"187892"	"330668"	"2000-02-22"	"Vergunning:Beschikkking WM revisievergunning"
"Sittard-Geleen"	"6163SB24"	"Melkrundvee"	"Nee"	"Mijnweg 24 6163SB Geleen"	"Sittard-Geleen"	"1"	""	"184,40"	"0,00"	"1.956,00"	"185195"	"331911"	"185208"	"331884"	"2006-12-06"	"Melding:herbepaalde rechten"
"Sittard-Geleen"	"6164JL1"	"Paarden"	"Nee"	"Ten Eysden 1 6164JL Geleen"	"Sittard-Geleen"	"1"	""	"600,00"	"0,00"	"0,00"	"186850"	"330161"	"186887"	"330196"	"2001-05-17"	"Vergunning:Beschikkking WM revisievergunning"
"Sittard-Geleen"	"6166BE30"	"Melkrundvee"	"Nee"	"Daniken 30 6166BE Geleen"	"Sittard-Geleen"	"1"	""	"557,88"	"8,50"	"6.820,00"	"187199"	"330670"	"187235"	"330707"	"2009-09-02"	"Melding:besluit landbouwbedrijven milieubeheer"
"Sittard-Geleen"	"6167RL70"	"Melkrundvee"	"Nee"	"Dorpsstraat 70 6167RL Geleen"	"Sittard-Geleen"	"1"	""	"1.304,00"	"0,00"	"11.720,00"	"184662"	"334690"	"184641"	"334718"	"2007-07-31"	"Melding:besluit landbouwbedrijven milieubeheer"
"Stein"	"6171GV2"	"Paarden"	"Nee"	"Scharbergweg 2 6171GV Stein"	"Stein"	"1"	""	"277,30"	"1.073,20"	"4.254,00"	"180980"	"330287"	"180997"	"330277"	"1998-07-21"	"Melding:besluit landbouwbedrijven milieubeheer"
"Stein"	"6171PS1"	"Melkrundvee"	"Nee"	"Meerser Eindstraat 1 6171PS Stein"	"Stein"	"1"	""	"518,50"	"1.780,00"	"12.460,00"	"180313"	"330708"	"180294"	"330732"	"2011-11-23"	"Melding:Activiteitenbesluit"
"Stein"	"6171RR0"	"Melkrundvee"	"Nee"	"Veldschuurdijk 0 6171RR STEIN LB"	"Stein"	"1"	""	"2.083,50"	"9.775,00"	"67.455,00"	"179850"	"330990"	"179850"	"330990"	"1996-03-15"	"Vergunning:Beschikkking WM revisievergunning"
"Stein"	"6171RR26"	"Melkrundvee"	"Nee"	"Veldschuurdijk 26 6171RR Stein"	"Stein"	"1"	""	"113,60"	"13,60"	"4.212,00"	"179715"	"331094"	"179917"	"330848"	"2003-05-06"	"Melding:Activiteitenbesluit"
"Stein"	"6171RS13"	"Melkrundvee"	"Nee"	"Maasbanderkerkweg 13 6171RS Stein"	"Stein"	"1"	""	"2.244,97"	"6.677,30"	"68.432,00"	"179677"	"331805"	"179699"	"331776"	"1994-08-30"	"Vergunning:Beschikkking WM revisievergunning"
"Stein"	"6171RW21"	"Melkrundvee"	"Nee"	"Leutherhoekweg 21 6171RW Stein"	"Stein"	"1"	""	"1.702,80"	"0,00"	"15.936,00"	"179686"	"331932"	"179710"	"331927"	"2008-11-06"	"Melding:besluit landbouwbedrijven milieubeheer"
"Stein"	"6171RZ1"	"Melkrundvee"	"Nee"	"Urmonder Parallelweg 1 6171RZ Stein"	"Stein"	"1"	"Nee"	"780,00"	"0,00"	"8.880,00"	"181386"	"333082"	"180583"	"331428"	"1979-05-23"	"Vergunning:Oprichtingsvergunning"
"Stein"	"6171XA1"	"Paarden"	"Nee"	"Platijkweg 1 6171XA Stein"	"Stein"	"1"	""	"520,00"	"0,00"	"0,00"	"182526"	"330703"	"182538"	"330725"	"2007-04-24"	"Vergunning:Beschikkking WM revisievergunning"
"Stein"	"6171XJ79"	"Vleesvee"	"Nee"	"Steinderweg 79 6171XJ Stein"	"Stein"	"1"	""	"123,60"	"462,80"	"2.227,00"	"182199"	"329707"	"182179"	"329677"	"1987-07-02"	"Vergunning:oprichtingsvergunning"
"Beekdaelen"	"6174RN45"	"Melkrundvee"	"Nee"	"Bergstraat 45 6174RN Sweikhuizen"	"Beekdaelen"	"1"	"Nee"	"1.371,60"	"2.911,30"	"22.436,00"	"187572"	"329290"	"187567"	"329274"	"1998-02-17"	"Vergunning:beschikking WM veranderingsvergunning"
"Beekdaelen"	"6174RS2"	"Melkrundvee"	"Nee"	"Bergstraat 2 6174RS Sweikhuizen"	"Beekdaelen"	"1"	""	"148,20"	"185,80"	"1.345,00"	"187905"	"329234"	"187918"	"329252"	"1997-10-30"	"Melding:besluit landbouwbedrijven milieubeheer"
"Beek"	"6176AB69"	"Melkrundvee"	"Nee"	"Dorpstraat 69 6176AB Spaubeek"	"Beek"	"1"	""	"1.729,00"	"0,00"	"18.176,00"	"186794"	"326791"	"186781"	"326811"	"2007-04-02"	"Vergunning:Omgevingsvergunning revisie"
"Beek"	"6176AE140"	"voormalig bedrijf"	"Ja"	"Dorpstraat 140 6176AE Spaubeek"	"Beek"	"1"	""	"0,00"	"0,00"	"0,00"	"186676"	"326415"	"186694"	"326402"	"1995-08-25"	"Vergunning:Omgevingsvergunning revisie"
"Beek"	"6176BG39"	"Melkrundvee"	"Nee"	"Hoeve 39 6176BG Spaubeek"	"Beek"	"1"	""	"84,40"	"48,30"	"2.140,00"	"187004"	"327950"	"187014"	"327932"	"2001-06-16"	"Vergunning:Omgevingsvergunning revisie"
"Beek"	"6176BZ26"	"Vleesvee"	"Nee"	"Schoolstraat 26 6176BZ Spaubeek"	"Beek"	"1"	""	"740,00"	"5.696,00"	"18.980,00"	"186559"	"327385"	"186562"	"327356"	"2011-03-15"	"Vergunning:Omgevingsvergunning revisie"
"Beek"	"6176CJ170"	"Melkrundvee"	"Nee"	"Hobbelrade 170 6176CJ Spaubeek"	"Beek"	"1"	""	"2.667,60"	"0,00"	"24.012,00"	"185800"	"327689"	"185826"	"327699"	"2010-01-29"	"Melding:Activiteitenbesluit"
"Beek"	"6176RB2"	"Melkrundvee"	"Nee"	"Heggerweg 2 6176RB Spaubeek"	"Beek"	"1"	""	"351,60"	"71,20"	"3.301,00"	"187351"	"327688"	"187359"	"327710"	"1998-06-26"	"Vergunning:Beschikkking WM revisievergunning"
"Stein"	"6181JH1"	"Paarden"	"Nee"	"Armsterveld 1 6181JH Elsloo"	"Stein"	"1"	""	"85,00"	"0,00"	"0,00"	"181212"	"327529"	"181206"	"327592"	"2014-07-10"	"Melding:Activiteitenbesluit"
"Stein"	"6181JL4"	"Melkrundvee"	"Nee"	"Op de Dries 4 6181JL Elsloo"	"Stein"	"1"	""	"1.218,00"	"0,00"	"10.920,00"	"181705"	"327840"	"181709"	"327848"	"1993-07-13"	"Vergunning:Beschikkking WM revisievergunning"
"Stein"	"6181JP23"	"Melkrundvee"	"Nee"	"Daalstraat 23 6181JP Elsloo"	"Stein"	"1"	"Nee"	"239,00"	"0,00"	"2.600,00"	"181797"	"327900"	"181792"	"327903"	"2005-06-23"	"Melding:Activiteitenbesluit"
"Stein"	"6181JP45"	"Melkrundvee"	"Nee"	"Daalstraat 45 6181JP Elsloo"	"Stein"	"1"	""	"514,10"	"486,60"	"7.800,00"	"181889"	"328000"	"181877"	"328025"	"2004-08-11"	"Vergunning:Beschikkking WM revisievergunning"
"Stein"	"6181JT44"	"Vleesvarkens"	"Nee"	"Het Einde 44 6181JT Elsloo"	"Stein"	"1"	""	"2.925,00"	"18.400,00"	"122.400,00"	"181551"	"327359"	"181528"	"327365"	"1995-06-30"	"Vergunning:veranderingsvergunning"
"Stein"	"6181JX1A"	"Melkrundvee"	"Nee"	"Horsterweg 1A 6181JX ELSLOO LB"	"Stein"	"1"	"Nee"	"1.392,00"	"0,00"	"12.480,00"	"182147"	"326772"	"182147"	"326772"	"1982-12-20"	"Vergunning:oprichtingsvergunning"
"Stein"	"6181JX2"	"Melkrundvee"	"Nee"	"Horsterweg 2 6181JX Elsloo"	"Stein"	"1"	"Nee"	"1.582,80"	"0,00"	"27.966,00"	"181768"	"327481"	"181730"	"327435"	"2018-05-11"	"Melding:Activiteitenbesluit"
"Stein"	"6181NV1"	"Melkrundvee"	"Nee"	" 1 6181NV "	"Stein"	"1"	"Nee"	"1.752,50"	"3.120,00"	"14.320,00"	"179292"	"330346"	"179292"	"330346"	"2016-10-26"	"Melding:Activiteitenbesluit"
"Beek"	"6191ET1"	"Paarden"	"Nee"	"Laurentiusstraat 1 6191ET Beek"	"Beek"	"4"	"Nee"	"32,40"	"0,00"	"0,00"	"184891"	"329025"	"184904"	"329008"	"2015-07-29"	"Melding:Activiteitenbesluit"
"Beek"	"6191HK47"	"Vleesvee"	"Nee"	"Neerbeekerstraat 47 6191HK Beek"	"Beek"	"1"	"Nee"	"57,20"	"418,40"	"2.516,00"	"185515"	"328982"	"185537"	"328960"	"1995-09-15"	"Vergunning:Omgevingsvergunning revisie"
"Beek"	"6191HR21"	"Schapen"	"Nee"	"Keulsteeg 21 6191HR Beek"	"Beek"	"1"	""	"7,00"	"78,00"	"0,00"	"185057"	"328637"	"185063"	"328619"	"1995-06-16"	"Vergunning:Beschikkking WM revisievergunning"
"Beek"	"6191JB55"	"Paarden"	"Nee"	"Burgemeester Janssenstraat 55 6191JB Beek"	"Beek"	"1"	""	"42,70"	"0,00"	"0,00"	"184014"	"327896"	"184002"	"327885"	"2006-12-12"	"Vergunning:gedeeltelijke intrekking"
"Beek"	"6191NP1"	"Melkrundvee"	"Nee"	"Grootgenhouterstraat 1 6191NP Beek"	"Beek"	"1"	""	"139,60"	"0,00"	"1.714,00"	"186250"	"325870"	"186269"	"325868"	"1998-10-16"	"Vergunning:Beschikkking WM revisievergunning"
"Beek"	"6191NW1"	"Melkrundvee"	"Nee"	"Valkenbergsweg 1 6191NW Beek"	"Beek"	"1"	""	"2.695,92"	"10,00"	"32.102,00"	"185972"	"325876"	"185956"	"325812"	"2008-02-06"	"Melding:besluit landbouwbedrijven milieubeheer"
"Beek"	"6191PJ15"	"Paarden"	"Nee"	"Manegeweg 15 6191PJ Beek"	"Beek"	"1"	""	"245,00"	"0,00"	"0,00"	"185180"	"326893"	"185184"	"326869"	"2008-07-03"	"Vergunning:Beschikkking WM revisievergunning"
"Beek"	"6191PJ17"	"Paarden"	"Nee"	"Manegeweg 17 6191PJ BEEK LB"	"Beek"	"1"	"Nee"	"68,40"	"0,00"	"0,00"	"185231"	"326928"	"185231"	"326928"	"2008-11-20"	"Melding:Activiteitenbesluit"
"Beek"	"6191PJ8"	"Melkrundvee"	"Nee"	"Manegeweg 8 6191PJ Beek"	"Beek"	"1"	""	"936,00"	"0,00"	"8.496,00"	"185195"	"327002"	"185165"	"327006"	"1994-10-06"	"Melding:besluit landbouwbedrijven milieubeheer"
"Beek"	"6191PP10"	"Melkrundvee"	"Nee"	"Kleingenhouterstraat 10 6191PP Beek"	"Beek"	"1"	""	"395,00"	"0,00"	"5.000,00"	"184620"	"326413"	"184622"	"326435"	"1997-12-19"	"Vergunning:Beschikkking WM revisievergunning"
"Beek"	"6191PP6"	"Vleesvee"	"Nee"	"Kleingenhouterstraat 6 6191PP Beek"	"Beek"	"1"	""	"285,40"	"0,00"	"7.140,00"	"184565"	"326410"	"184573"	"326433"	"2007-02-13"	"Melding:besluit landbouwbedrijven milieubeheer"
"Beek"	"6191PR3"	"Melkrundvee"	"Nee"	"Printhagen 3 6191PR Beek"	"Beek"	"1"	"Nee"	"2.125,20"	"0,00"	"21.896,00"	"185409"	"325831"	"185633"	"326153"	"2009-08-12"	"Melding:Activiteitenbesluit"
"Beek"	"6191PS12"	"Melkrundvee"	"Nee"	"Printhagenstraat 12 6191PS Beek"	"Beek"	"1"	""	"1.577,50"	"178,00"	"14.325,00"	"184916"	"326426"	"184918"	"326442"	"1991-06-17"	"Vergunning:Beschikkking WM revisievergunning"
"Beek"	"6191RB14"	"Melkrundvee"	"Nee"	"Kelmonderhofweg 14 6191RB Beek"	"Beek"	"1"	""	"497,90"	"1.342,80"	"5.328,00"	"184180"	"326087"	"184187"	"326106"	"1999-06-11"	"Vergunning:Beschikkking WM revisievergunning"
"Beek"	"6191RE12"	"Vleesvee"	"Nee"	"Kelmonderstraat 12 6191RE Beek"	"Beek"	"1"	""	"258,00"	"0,00"	"6.800,00"	"183999"	"326171"	"184001"	"326158"	"1998-12-11"	"Vergunning:Beschikkking WM revisievergunning"
"Beek"	"6191RE64"	"Melkrundvee"	"Nee"	"Kelmonderstraat 64 6191RE Beek"	"Beek"	"3"	""	"2.781,40"	"0,00"	"37.810,00"	"183561"	"325802"	"183604"	"325796"	"2015-11-20"	"Melding:Activiteitenbesluit"
"Beek"	"6191RK2"	"Melkrundvee"	"Nee"	"Daalstraat 2 6191RK Beek"	"Beek"	"1"	""	"1.359,60"	"356,00"	"12.038,00"	"183090"	"326772"	"183105"	"326770"	"2004-06-02"	"Vergunning:Beschikkking WM revisievergunning"
"Beek"	"6191RM39"	"Vleesvee"	"Nee"	"Geverikerstraat 39 6191RM Beek"	"Beek"	"1"	"Nee"	"31,80"	"71,20"	"746,00"	"183098"	"326927"	"183095"	"326927"	"1991-08-19"	"Vergunning:oprichtingsvergunning"
"Beek"	"6191RZ34"	"Melkrundvee"	"Nee"	"Schuttersstraat 34 6191RZ Beek"	"Beek"	"1"	""	"169,90"	"106,80"	"1.840,00"	"182774"	"328496"	"182778"	"328469"	"1992-01-20"	"Vergunning:Beschikkking WM revisievergunning"
"Beek"	"6191SK25"	"Melkrundvee"	"Nee"	"Bosserveldlaan 25 6191SK Beek"	"Beek"	"1"	""	"36,90"	"0,00"	"774,00"	"184430"	"327519"	"184460"	"327495"	"1979-10-03"	"Vergunning:oprichtingsvergunning"
"Beek"	"6191TR3"	"Melkrundvee"	"Nee"	"Stegen 3 6191TR Beek"	"Beek"	"1"	""	"28,70"	"0,00"	"602,00"	"184147"	"327860"	"184136"	"327875"	"1979-11-21"	"Vergunning:oprichtingsvergunning"
"Maastricht"	"6215SK200"	"Paarden"	"Nee"	"Romeinsebaan 200 6215SK MAASTRICHT"	"Maastricht"	"1"	""	"91,17"	"321,95"	"7.133,00"	"173434"	"316781"	"173434"	"316781"	"2006-12-06"	"Melding:besluit landbouwbedrijven milieubeheer"
"Maastricht"	"6218HP84"	"Melkrundvee"	"Nee"	"van Akenweg 84 6218HP Maastricht"	"Maastricht"	"1"	""	"581,20"	"0,00"	"5.260,00"	"174541"	"319741"	"174554"	"319755"	"2006-12-06"	"Melding:besluit landbouwbedrijven milieubeheer"
"Maastricht"	"6218NA671"	"Melkrundvee"	"Nee"	"Brusselseweg 671 6218NA Maastricht"	"Maastricht"	"5"	"Nee"	"433,30"	"0,00"	"6.454,00"	"175087"	"320685"	"175058"	"320693"	"2017-03-01"	"Melding:Activiteitenbesluit"
"Maastricht"	"6219NA4"	"Melkrundvee"	"Nee"	"Oude Smeermaeserweg 4 6219NA Maastricht"	"Maastricht"	"1"	""	"94,40"	"0,00"	"2.060,00"	"175905"	"320189"	"175886"	"320214"	"2006-12-06"	"Melding:besluit landbouwbedrijven milieubeheer"
"Maastricht"	"6219NP474"	"Melkrundvee"	"Nee"	"Brusselseweg 474 6219NP Maastricht"	"Maastricht"	"1"	""	"165,60"	"0,00"	"2.442,00"	"175077"	"319350"	"175109"	"319355"	"2008-06-18"	"Melding:besluit landbouwbedrijven milieubeheer"
"Maastricht"	"6222AM33A"	"Paarden"	"Nee"	"Mariâ”œÂ½nwaard 33A 6222AM Maastricht"	"Maastricht"	"1"	""	"32,40"	"0,00"	"0,00"	"178686"	"320350"	"178697"	"320377"	"2007-06-27"	"Melding:besluit landbouwbedrijven milieubeheer"
"Maastricht"	"6222BW110A"	"Paarden"	"Nee"	"Judeaweg 110A 6222BW MAASTRICHT"	"Maastricht"	"1"	""	"70,41"	"274,57"	"2.874,00"	"177691"	"319874"	"177691"	"319874"	"2006-12-06"	"Melding:besluit landbouwbedrijven milieubeheer"
"Maastricht"	"6222PC15"	"Melkrundvee"	"Nee"	"Klipperweg 15 6222PC MAASTRICHT"	"Maastricht"	"1"	""	"42,50"	"0,00"	"620,00"	"178341"	"321967"	"178341"	"321967"	"2006-12-06"	"Melding:besluit landbouwbedrijven milieubeheer"
"Maastricht"	"6222PE5"	"Leghennen"	"Nee"	"Boekenderweg 5 6222PE MAASTRICHT"	"Maastricht"	"1"	""	"252,00"	"2.100,00"	"30.000,00"	"178953"	"321407"	"178953"	"321407"	"2008-06-13"	"Melding:besluit landbouwbedrijven milieubeheer"
"Maastricht"	"6223EG1"	"Melkrundvee"	"Nee"	"Wiegershof 1 6223EG Maastricht"	"Maastricht"	"1"	""	"732,20"	"1.780,00"	"13.982,00"	"176818"	"321618"	"176815"	"321642"	"2006-12-06"	"Melding:besluit landbouwbedrijven milieubeheer"
"Maastricht"	"6223GT23"	"Melkrundvee"	"Nee"	"Geneinde 23 6223GT Maastricht"	"Maastricht"	"1"	""	"238,90"	"462,80"	"4.690,00"	"177303"	"323098"	"177310"	"323114"	"2006-12-06"	"Melding:besluit landbouwbedrijven milieubeheer"
"Maastricht"	"6223GW53"	"Paarden"	"Nee"	"Op de Meer 53 6223GW Maastricht"	"Maastricht"	"1"	""	"27,30"	"0,00"	"0,00"	"176890"	"323372"	"176896"	"323359"	"2011-01-28"	"Vergunning:oprichtingsvergunning"
"Maastricht"	"6223HA71"	"Paarden"	"Nee"	"Pasestraat 71 6223HA Maastricht"	"Maastricht"	"1"	""	"20,00"	"0,00"	"0,00"	"176779"	"323005"	"176790"	"322999"	"2007-09-04"	"Melding:besluit landbouwbedrijven milieubeheer"
"Maastricht"	"6225AW171"	"Paarden"	"Nee"	"Westrand 171 6225AW Maastricht"	"Maastricht"	"1"	""	"50,00"	"0,00"	"0,00"	"179294"	"320045"	"179278"	"320055"	"2006-12-06"	"Melding:besluit landbouwbedrijven milieubeheer"
"Maastricht"	"6225NB1A"	"Melkrundvee"	"Nee"	"Molenweg 1A 6225NB Maastricht"	"Maastricht"	"1"	""	"420,36"	"61,20"	"18.240,00"	"179660"	"318239"	"179631"	"318234"	"2006-12-06"	"Melding:besluit landbouwbedrijven milieubeheer"
"Maastricht"	"6225NC8"	"Paarden"	"Nee"	"Molenweg 8 6225NC Maastricht"	"Maastricht"	"1"	""	"536,00"	"0,00"	"0,00"	"179897"	"320084"	"179922"	"320064"	"2003-05-21"	"Vergunning:oprichtingsvergunning"
"Maastricht"	"6226NE244"	"Melkrundvee"	"Nee"	"Bemelerweg 244 6226NE Maastricht"	"Maastricht"	"1"	""	"156,00"	"0,00"	"1.416,00"	"180813"	"317538"	"180810"	"317526"	"2008-06-13"	"Melding:besluit landbouwbedrijven milieubeheer"
"Maastricht"	"6226NE4"	"Melkrundvee"	"Nee"	"Schandert 4 6226NE Maastricht"	"Maastricht"	"1"	""	"1.504,80"	"0,00"	"13.920,00"	"180527"	"318060"	"180572"	"318054"	"2009-10-01"	"Melding:besluit landbouwbedrijven milieubeheer"
"Maastricht"	"6227AE246"	"Paarden"	"Nee"	"Akersteenweg 246 6227AE Maastricht"	"Maastricht"	"1"	""	"36,20"	"142,40"	"680,00"	"180250"	"316918"	"180248"	"316907"	"2006-12-06"	"Melding:besluit landbouwbedrijven milieubeheer"
"Maastricht"	"6227RM47"	"Paarden"	"Nee"	"Haspengouw 47 6227RM Maastricht"	"Maastricht"	"1"	""	"37,20"	"0,00"	"0,00"	"178566"	"316198"	"178576"	"316194"	"2006-12-06"	"Melding:besluit landbouwbedrijven milieubeheer"
"Maastricht"	"6227XZ2"	"Melkrundvee"	"Nee"	"Oude Steegstraat 2 6227XZ Maastricht"	"Maastricht"	"1"	""	"776,42"	"2,72"	"7.804,00"	"179861"	"316922"	"179935"	"316949"	"2006-12-06"	"Melding:besluit landbouwbedrijven milieubeheer"
"Maastricht"	"6228XT0"	"Schapen"	"Nee"	"Maastrichterweg 0 6228XT MAASTRICHT"	"Maastricht"	"1"	""	"14,00"	"156,00"	"0,00"	"178715"	"314149"	"178715"	"314149"	"2006-12-06"	"Melding:besluit landbouwbedrijven milieubeheer"
"Maastricht"	"6228XT2B"	"Paarden"	"Nee"	"Maastrichterweg 2B 6228XT MAASTRICHT"	"Maastricht"	"1"	""	"46,70"	"235,20"	"1.832,00"	"178770"	"314379"	"178770"	"314379"	"1996-12-12"	"Melding:besluit landbouwbedrijven milieubeheer"
"Maastricht"	"6228XV520"	"Paarden"	"Nee"	"Bronckweg 520 6228XV Maastricht"	"Maastricht"	"1"	""	"351,60"	"0,00"	"0,00"	"179448"	"315139"	"179475"	"315194"	"2010-08-10"	"Vergunning:Beschikkking WM revisievergunning"
"Maastricht"	"6229VM7"	"Melkrundvee"	"Nee"	"Vogelzang 7 6229VM Maastricht"	"Maastricht"	"1"	""	"852,50"	"1.246,00"	"10.175,00"	"178150"	"315108"	"178156"	"315087"	"2006-12-06"	"Melding:besluit landbouwbedrijven milieubeheer"
"Meerssen"	"6231CC82"	"Melkrundvee"	"Nee"	"Tussen de Bruggen 82 6231CC Meerssen"	"Meerssen"	"1"	""	"1.849,00"	"1.068,00"	"20.440,00"	"180074"	"321116"	"180086"	"321133"	"1989-01-31"	"Vergunning:oprichtingsvergunning"
"Meerssen"	"6231HZ3"	"Paarden"	"Nee"	"Cazenderstraat 3 6231HZ Meerssen"	"Meerssen"	"1"	""	"150,00"	"0,00"	"0,00"	"180670"	"322442"	"180671"	"322449"	"1999-10-04"	"Vergunning:Beschikkking WM revisievergunning"
"Meerssen"	"6231RM68"	"Paarden"	"Nee"	"Vogelzang 68 6231RM Meerssen"	"Meerssen"	"1"	""	"192,40"	"0,00"	"648,00"	"181490"	"322284"	"181489"	"322254"	"2000-12-05"	"Vergunning:beschikking WM veranderingsvergunning"
"Meerssen"	"6231RP23"	"Melkrundvee"	"Nee"	"Raar 23 6231RP Meerssen"	"Meerssen"	"1"	""	"713,80"	"358,60"	"11.725,00"	"182401"	"321902"	"182403"	"321927"	"1900-01-01"	"Melding:onbekend"
"Meerssen"	"6231RP31"	"Vleesvee"	"Nee"	"Raar 31 6231RP Meerssen"	"Meerssen"	"1"	""	"392,80"	"2.278,40"	"10.776,00"	"182539"	"321926"	"182528"	"321960"	"2003-09-23"	"Vergunning:oprichtingsvergunning"
"Meerssen"	"6231RP41"	"Melkrundvee"	"Nee"	"Raar 41 6231RP Meerssen"	"Meerssen"	"1"	""	"153,00"	"0,00"	"2.232,00"	"182666"	"321992"	"182682"	"321969"	"1995-01-02"	"Vergunning:Beschikkking WM revisievergunning"
"Meerssen"	"6231RP55"	"Melkrundvee"	"Nee"	"Raar 55 6231RP Meerssen"	"Meerssen"	"1"	""	"1.852,40"	"0,00"	"19.928,00"	"183527"	"322220"	"183157"	"322101"	"2005-07-12"	"Vergunning:oprichtingsvergunning"
"Meerssen"	"6231RR10"	"Paarden"	"Nee"	"Raar 10 6231RR Meerssen"	"Meerssen"	"1"	""	"100,00"	"0,00"	"0,00"	"182082"	"321854"	"182086"	"321835"	"2008-10-30"	"Melding:besluit landbouwbedrijven milieubeheer"
"Meerssen"	"6231RR50"	"Paarden"	"Nee"	"Raar 50 6231RR Meerssen"	"Meerssen"	"1"	""	"203,46"	"327,16"	"4.205,00"	"182801"	"321941"	"182812"	"321923"	"2002-01-11"	"Vergunning:Beschikkking WM revisievergunning"
"Meerssen"	"6231RT1"	"Paarden"	"Nee"	"Vroenhofweg 1 6231RT Meerssen"	"Meerssen"	"1"	""	"15,00"	"0,00"	"0,00"	"181995"	"321154"	"182002"	"321166"	"1995-06-06"	"Vergunning:oprichtingsvergunning"
"Meerssen"	"6235AA1"	"Paarden"	"Nee"	"Genzon 1 6235AA Ulestraten"	"Meerssen"	"1"	""	"250,00"	"0,00"	"0,00"	"183242"	"323868"	"183255"	"323875"	"2004-09-07"	"Vergunning:oprichtingsvergunning"
"Meerssen"	"6235AE51"	"Melkrundvee"	"Nee"	"Klein Berghemmerweg 51 6235AE Ulestraten"	"Meerssen"	"1"	""	"132,00"	"0,00"	"1.140,00"	"182798"	"323749"	"182827"	"323725"	"1999-03-23"	"Melding:besluit landbouwbedrijven milieubeheer"
"Meerssen"	"6235CD100"	"Vleesvee"	"Nee"	"Beekerweg 100 6235CD Ulestraten"	"Meerssen"	"1"	""	"507,80"	"3.061,60"	"15.092,00"	"182487"	"324543"	"182539"	"324548"	"2007-02-15"	"Melding:besluit landbouwbedrijven milieubeheer"
"Meerssen"	"6235ED98"	"Vleesvarkens"	"Nee"	"Burgemeester Visschersstraat 98 6235ED Ulestraten"	"Meerssen"	"1"	""	"150,00"	"1.150,00"	"7.650,00"	"182527"	"324409"	"182507"	"324397"	"1987-01-13"	"Vergunning:oprichtingsvergunning"
"Meerssen"	"6235NC11"	"Melkrundvee"	"Nee"	"Waterval 11 6235NC Ulestraten"	"Meerssen"	"1"	""	"417,00"	"1.246,00"	"9.720,00"	"182460"	"322604"	"182451"	"322601"	"1996-11-28"	"Vergunning:Beschikkking WM revisievergunning"
"Meerssen"	"6235NC14"	"Melkrundvee"	"Nee"	"Waterval 14 6235NC Ulestraten"	"Meerssen"	"1"	""	"130,00"	"320,40"	"2.443,00"	"182440"	"322532"	"182415"	"322511"	"1997-04-11"	"Melding:besluit landbouwbedrijven milieubeheer"
"Meerssen"	"6235NC1C"	"Paarden"	"Nee"	"Waterval 1C 6235NC ULESTRATEN"	"Meerssen"	"1"	""	"175,00"	"0,00"	"0,00"	"182522"	"322808"	"182522"	"322808"	"2008-10-30"	"Melding:besluit landbouwbedrijven milieubeheer"
"Meerssen"	"6235NC7A"	"Vleesvee"	"Nee"	"Waterval 7A 6235NC ULESTRATEN"	"Meerssen"	"1"	""	"212,00"	"1.424,00"	"6.800,00"	"182403"	"322805"	"182403"	"322805"	"1986-01-21"	"Vergunning:oprichtingsvergunning"
"Meerssen"	"6235ND1"	"Zeugen"	"Nee"	"Wijngaardsberg 1 6235ND Ulestraten"	"Meerssen"	"1"	""	"5.714,50"	"20.206,90"	"123.500,00"	"182226"	"322911"	"182245"	"322887"	"2006-05-16"	"Vergunning:Beschikkking WM revisievergunning"
"Meerssen"	"6235ND2"	"Melkrundvee"	"Nee"	"Wijngaardsberg 2 6235ND Ulestraten"	"Meerssen"	"1"	""	"883,50"	"0,00"	"12.555,00"	"182278"	"322947"	"182310"	"322956"	"1995-05-01"	"Melding:besluit landbouwbedrijven milieubeheer"
"Meerssen"	"6235NE0"	"Schapen"	"Nee"	"Humcoven 0 6235NE ULESTRATEN"	"Meerssen"	"1"	""	"24,50"	"273,00"	"0,00"	"181631"	"322941"	"181631"	"322941"	"1994-01-13"	"Vergunning:oprichtingsvergunning"
"Meerssen"	"6235NE12"	"Melkrundvee"	"Nee"	"Humcoven 12 6235NE Ulestraten"	"Meerssen"	"1"	""	"1.550,90"	"6.907,10"	"62.616,00"	"181350"	"322574"	"181329"	"322599"	"1991-07-23"	"Vergunning:Beschikkking WM revisievergunning"
"Meerssen"	"6235NE6"	"Paarden"	"Nee"	"Humcoven 6 6235NE Ulestraten"	"Meerssen"	"1"	""	"60,00"	"0,00"	"0,00"	"181559"	"322737"	"181586"	"322735"	"1980-11-17"	"Vergunning:oprichtingsvergunning"
"Meerssen"	"6235NE7"	"Melkrundvee"	"Nee"	"Humcoven 7 6235NE Ulestraten"	"Meerssen"	"1"	""	"166,30"	"35,60"	"1.612,00"	"181431"	"322636"	"181420"	"322661"	"1989-02-28"	"Vergunning:oprichtingsvergunning"
"Meerssen"	"6235NH1"	"Paarden"	"Nee"	"Zonkampweg 1 6235NH Ulestraten"	"Meerssen"	"1"	""	"84,70"	"0,00"	"0,00"	"183578"	"323874"	"183585"	"323883"	"2007-02-01"	"Vergunning:oprichtingsvergunning"
"Meerssen"	"6235NR34"	"Vleesvee"	"Nee"	"Vliek 34 6235NR Ulestraten"	"Meerssen"	"1"	""	"1.081,40"	"12.708,60"	"17.172,00"	"181878"	"323996"	"181883"	"324038"	"2017-02-07"	"Vergunning:Omgevingsvergunning Inrichting"
"Meerssen"	"6235NV20"	"Vleesvarkens"	"Nee"	"Langs de Gewannen 20 6235NV Ulestraten"	"Meerssen"	"1"	""	"7.590,00"	"41.400,00"	"275.400,00"	"183061"	"324583"	"183072"	"324583"	"2001-11-28"	"Vergunning:Beschikkking WM revisievergunning"
"Meerssen"	"6235NV77"	"Paarden"	"Nee"	"Langs de Gewannen 77 6235NV Ulestraten"	"Meerssen"	"1"	""	"81,80"	"0,00"	"0,00"	"184024"	"324853"	"184001"	"324854"	"1985-05-07"	"Vergunning:oprichtingsvergunning"
"Meerssen"	"6235NW51"	"Melkrundvee"	"Nee"	"Vliegveldweg 51 6235NW ULESTRATEN"	"Meerssen"	"1"	""	"809,20"	"0,00"	"7.420,00"	"180891"	"323456"	"180891"	"323456"	"1994-03-28"	"Melding:besluit landbouwbedrijven milieubeheer"
"Meerssen"	"6237NB37"	"Ov.Pluimvee"	"Nee"	"Heerenstraat 37 6237NB Moorveld"	"Meerssen"	"1"	""	"10.098,00"	"23.017,50"	"1.277.100,00"	"181455"	"325419"	"181535"	"325385"	"1997-12-15"	"Vergunning:beschikking WM veranderingsvergunning"
"Meerssen"	"6241GS93"	"Vleesvee"	"Nee"	"Weert 93 6241GS Bunde"	"Meerssen"	"1"	""	"10,50"	"327,00"	"220,00"	"179507"	"322161"	"179476"	"322180"	"1993-10-04"	"Vergunning:Beschikkking WM revisievergunning"
"Meerssen"	"6241NH1"	"Melkrundvee"	"Nee"	"Popelboomsweg 1 6241NH Bunde"	"Meerssen"	"1"	""	"1.050,30"	"6,90"	"9.490,00"	"179157"	"324583"	"179169"	"324629"	"1998-07-14"	"Melding:besluit landbouwbedrijven milieubeheer"
"Meerssen"	"6241NK25"	"Paarden"	"Nee"	"Bonaertsweg 25 6241NK Bunde"	"Meerssen"	"1"	""	"125,00"	"0,00"	"0,00"	"179188"	"324099"	"179177"	"324122"	"2001-10-08"	"Vergunning:beschikking WM veranderingsvergunning"
"Meerssen"	"6241NK53"	"Paarden"	"Nee"	"Bonaertsweg 53 6241NK Bunde"	"Meerssen"	"1"	""	"185,40"	"0,00"	"0,00"	"179327"	"324580"	"179292"	"324642"	"2002-03-18"	"Vergunning:oprichtingsvergunning"
"Meerssen"	"6241NS52"	"Paarden"	"Nee"	"Op de Locht 52 6241NS Bunde"	"Meerssen"	"1"	""	"328,62"	"5,10"	"3.174,00"	"180257"	"324093"	"180236"	"324124"	"1990-06-06"	"Vergunning:Beschikkking WM revisievergunning"
"Meerssen"	"6241NW1A"	"Vleesvee"	"Nee"	"Groeneweg 1A 6241NW BUNDE"	"Meerssen"	"1"	""	"1.260,00"	"12.816,00"	"11.880,00"	"180890"	"324027"	"180890"	"324027"	"1993-07-09"	"Vergunning:beschikking WM veranderingsvergunning"
"Meerssen"	"6243AA4"	"Melkrundvee"	"Nee"	"Eijkskensweg 4 6243AA Geulle"	"Meerssen"	"1"	""	"2.897,00"	"14.017,50"	"110.341,00"	"181024"	"326774"	"181029"	"326827"	"2000-04-28"	"Vergunning:Beschikkking WM revisievergunning"
"Meerssen"	"6243AG9"	"Paarden"	"Nee"	"Hussenbergstraat 9 6243AG Geulle"	"Meerssen"	"1"	""	"50,00"	"0,00"	"0,00"	"180940"	"326684"	"180940"	"326695"	"1988-12-06"	"Vergunning:oprichtingsvergunning"
"Meerssen"	"6243BB23"	"voormalig bedrijf"	"Ja"	"Processieweg 23 6243BB Geulle"	"Meerssen"	"1"	""	"0,00"	"0,00"	"0,00"	"180512"	"326320"	"180485"	"326323"	"2007-11-02"	"Melding:Vervallen melding"
"Meerssen"	"6243CE13"	"Schapen"	"Nee"	"Westbroek 13 6243CE Geulle"	"Meerssen"	"1"	""	"11,20"	"124,80"	"0,00"	"179695"	"325205"	"179695"	"325204"	"1994-03-16"	"Melding:besluit landbouwbedrijven milieubeheer"
"Meerssen"	"6243CE7"	"Melkrundvee"	"Nee"	"Westbroek 7 6243CE Geulle"	"Meerssen"	"1"	"Nee"	"428,00"	"0,00"	"5.720,00"	"179594"	"325025"	"170091"	"398306"	"2010-10-06"	"Melding:AMVB-melkrundvee"
"Meerssen"	"6243EA4"	"Melkrundvee"	"Nee"	"Heerenstraat 4 6243EA Geulle"	"Meerssen"	"1"	""	"478,00"	"0,00"	"4.300,00"	"181184"	"325124"	"181178"	"325115"	"1997-06-04"	"Melding:besluit landbouwbedrijven milieubeheer"
"Meerssen"	"6243NA6"	"Melkrundvee"	"Nee"	"Aan de Maas 6 6243NA Geulle"	"Meerssen"	"1"	""	"121,25"	"17,00"	"5.870,00"	"179607"	"326622"	"179605"	"326634"	"1996-02-02"	"Melding:besluit landbouwbedrijven milieubeheer"
"Meerssen"	"6243ND7"	"Paarden"	"Nee"	"Kommelderweg 7 6243ND Geulle"	"Meerssen"	"1"	""	"30,00"	"0,00"	"0,00"	"179997"	"326622"	"179998"	"326641"	"1992-01-17"	"Melding:besluit landbouwbedrijven milieubeheer"
"Meerssen"	"6243NT53"	"Melkrundvee"	"Nee"	"Vliegveldweg 53 6243NT Geulle"	"Meerssen"	"1"	""	"672,20"	"427,20"	"6.660,00"	"182058"	"325744"	"180272"	"322538"	"1991-12-18"	"Melding:besluit landbouwbedrijven milieubeheer"
"Eijsden"	"6245AA4"	"Paarden"	"Nee"	"Voerstraat 4 6245AA Eijsden"	"Eijsden"	"1"	""	"196,50"	"0,00"	"0,00"	"177845"	"308676"	"177857"	"308657"	"1900-01-01"	"Melding:onbekend"
"Eijsden"	"6245AH0ONG."	"Melkrundvee"	"Nee"	" 0ONG. 6245AH "	"Eijsden"	"1"	""	"2.478,00"	"0,00"	"22.260,00"	"177442"	"308462"	"177442"	"308462"	"1900-01-01"	"Melding:onbekend"
"Eijsden"	"6245AK70"	"Melkrundvee"	"Nee"	"Kapelkesstraat 70 6245AK Eijsden"	"Eijsden"	"1"	""	"1.119,00"	"356,00"	"11.250,00"	"177437"	"308685"	"177429"	"308692"	"1900-01-01"	"Melding:onbekend"
"Eijsden"	"6245AN1"	"Melkrundvee"	"Nee"	"Molenstraat 1 6245AN Eijsden"	"Eijsden"	"1"	""	"1.170,00"	"0,00"	"10.620,00"	"177117"	"308967"	"177171"	"309065"	"1900-01-01"	"Melding:onbekend"
"Eijsden"	"6245AR20"	"Melkrundvee"	"Nee"	"de la Margellelaan 20 6245AR Eijsden"	"Eijsden"	"1"	""	"1.260,00"	"0,00"	"11.340,00"	"176885"	"308729"	"176971"	"308867"	"1900-01-01"	"Melding:onbekend"
"Eijsden"	"6245JG46"	"Paarden"	"Nee"	"Boomkensstraat 46 6245JG Eijsden"	"Eijsden"	"1"	""	"9,30"	"0,00"	"0,00"	"178146"	"309582"	"178142"	"309567"	"1900-01-01"	"Melding:onbekend"
"Eijsden"	"6245KC1"	"Melkrundvee"	"Nee"	"Kommelsweg 1 6245KC Eijsden"	"Eijsden"	"1"	""	"2.235,50"	"1.388,40"	"24.770,00"	"178809"	"308662"	"178846"	"308704"	"1900-01-01"	"Melding:onbekend"
"Eijsden"	"6245KM4"	"Melkrundvee"	"Nee"	"Op den Dries 4 6245KM Eijsden"	"Eijsden"	"1"	""	"516,00"	"1.424,00"	"9.020,00"	"179577"	"308376"	"179592"	"308356"	"1900-01-01"	"Melding:onbekend"
"Eijsden"	"6245LB16"	"Melkrundvee"	"Nee"	"Catharinastraat 16 6245LB Eijsden"	"Eijsden"	"1"	""	"3.679,50"	"3.239,60"	"50.680,00"	"177659"	"311939"	"177728"	"311933"	"1900-01-01"	"Melding:onbekend"
"Eijsden"	"6245LE10"	"Melkrundvee"	"Nee"	"Putstraat 10 6245LE Eijsden"	"Eijsden"	"1"	""	"718,00"	"0,00"	"6.430,00"	"177764"	"311561"	"177798"	"311535"	"1900-01-01"	"Melding:onbekend"
"Eijsden"	"6245LG11"	"Melkrundvee"	"Nee"	"Dorpsstraat 11 6245LG Eijsden"	"Eijsden"	"1"	""	"638,80"	"142,40"	"6.220,00"	"177795"	"311804"	"177792"	"311854"	"1900-01-01"	"Melding:onbekend"
"Eijsden"	"6245LH10"	"Melkrundvee"	"Nee"	"Dorpsstraat 10 6245LH Eijsden"	"Eijsden"	"1"	""	"851,80"	"0,00"	"7.660,00"	"177797"	"311776"	"177803"	"311771"	"1900-01-01"	"Melding:onbekend"
"Eijsden"	"6245LJ3"	"Melkrundvee"	"Nee"	"Parrestraat 3 6245LJ Eijsden"	"Eijsden"	"1"	""	"1.044,00"	"2.848,00"	"21.990,00"	"177902"	"311882"	"177902"	"311900"	"1900-01-01"	"Melding:onbekend"
"Eijsden"	"6245LP62"	"Melkrundvee"	"Nee"	"Sint Jozefstraat 62 6245LP Eijsden"	"Eijsden"	"1"	""	"466,00"	"0,00"	"3.520,00"	"178512"	"311397"	"178480"	"311365"	"1900-01-01"	"Melding:onbekend"
"Eijsden"	"6245LZ229-231"	"Melkrundvee"	"Nee"	"Rijksweg 229-231 6245LZ EIJSDEN"	"Eijsden"	"1"	""	"3.687,60"	"0,00"	"33.222,00"	"179157"	"311174"	"179157"	"311174"	"1900-01-01"	"Melding:onbekend"
"Eijsden"	"6245SG5"	"Melkrundvee"	"Nee"	"Heiweg 5 6245SG Eijsden"	"Eijsden"	"1"	""	"1.284,00"	"312,00"	"12.260,00"	"179699"	"309014"	"179685"	"309046"	"1900-01-01"	"Melding:onbekend"
"Eijsden"	"6245SM2"	"Melkrundvee"	"Nee"	"Schansweg 2 6245SM Eijsden"	"Eijsden"	"1"	""	"1.467,50"	"256,00"	"13.750,00"	"176558"	"307764"	"176559"	"307766"	"1900-01-01"	"Melding:onbekend"
"Eijsden"	"6247AE172"	"Melkrundvee"	"Nee"	" 172 6247AE "	"Eijsden"	"1"	""	"195,80"	"0,00"	"1.754,00"	"179385"	"312814"	"179385"	"312814"	"1900-01-01"	"Melding:onbekend"
"Eijsden"	"6247EE2"	"Melkrundvee"	"Nee"	"Romboutsweg 2 6247EE Gronsveld"	"Eijsden"	"1"	""	"1.744,80"	"0,00"	"15.756,00"	"179456"	"312141"	"179489"	"312130"	"1900-01-01"	"Melding:onbekend"
"Margraten"	"6251NC101"	"Melkrundvee"	"Nee"	"Dorpsstraat 101 6251NC Eckelrade"	"Margraten"	"1"	""	"956,00"	"0,00"	"8.600,00"	"182290"	"313133"	"182285"	"313162"	"1900-01-01"	"Vergunning:beschikking WM melding art 8.19"
"Margraten"	"6251ND122"	"Melkrundvee"	"Nee"	"Dorpsstraat 122 6251ND Eckelrade"	"Margraten"	"1"	""	"473,80"	"497,60"	"11.698,00"	"182163"	"313111"	"182154"	"313088"	"1900-01-01"	"Vergunning:beschikking WM melding art 8.19"
"Margraten"	"6251ND142"	"Melkrundvee"	"Nee"	"Dorpsstraat 142 6251ND Eckelrade"	"Margraten"	"1"	""	"445,00"	"1.424,00"	"10.330,00"	"182345"	"313116"	"182355"	"313090"	"1900-01-01"	"Vergunning:beschikking WM melding art 8.19"
"Margraten"	"6251ND150"	"Melkrundvee"	"Nee"	"Dorpsstraat 150 6251ND Eckelrade"	"Margraten"	"1"	""	"562,10"	"178,00"	"5.636,00"	"182415"	"313140"	"182431"	"313140"	"1900-01-01"	"Vergunning:beschikking WM melding art 8.19"
"Margraten"	"6251ND154"	"Melkrundvee"	"Nee"	"Dorpsstraat 154 6251ND Eckelrade"	"Margraten"	"1"	""	"956,00"	"0,00"	"8.600,00"	"182466"	"313168"	"182489"	"313139"	"1900-01-01"	"Vergunning:beschikking WM melding art 8.19"
"Margraten"	"6251NE19"	"Melkrundvee"	"Nee"	"Klompenstraat 19 6251NE Eckelrade"	"Margraten"	"1"	""	"1.762,00"	"0,00"	"15.790,00"	"181745"	"313072"	"181765"	"313093"	"1900-01-01"	"Vergunning:beschikking WM melding art 8.19"
"Margraten"	"6251NE3"	"Melkrundvee"	"Nee"	"Klompenstraat 3 6251NE Eckelrade"	"Margraten"	"1"	""	"454,00"	"712,00"	"6.520,00"	"181721"	"313220"	"181747"	"313210"	"1900-01-01"	"Vergunning:beschikking WM melding art 8.19"
"Margraten"	"6251NG26"	"Melkrundvee"	"Nee"	"Linderweg 26 6251NG Eckelrade"	"Margraten"	"1"	""	"1.781,70"	"0,00"	"18.960,00"	"181308"	"313233"	"181280"	"313256"	"2012-09-18"	"Melding:besluit landbouwbedrijven milieubeheer"
"Margraten"	"6251NG4"	"Melkrundvee"	"Nee"	"Linderweg 4 6251NG Eckelrade"	"Margraten"	"1"	""	"110,20"	"0,00"	"1.660,00"	"181661"	"313226"	"181657"	"313246"	"1900-01-01"	"Vergunning:beschikking WM melding art 8.19"
"Margraten"	"6251NJ3"	"Leghennen"	"Nee"	"Keerestraat 3 6251NJ Eckelrade"	"Margraten"	"1"	""	"1.350,60"	"6.120,00"	"1.514.004,00"	"181584"	"313782"	"181556"	"313832"	"1900-01-01"	"Vergunning:beschikking WM melding art 8.19"
"Margraten"	"6251NJ7"	"Melkrundvee"	"Nee"	"Keerestraat 7 6251NJ Eckelrade"	"Margraten"	"1"	""	"4.258,00"	"0,00"	"46.420,00"	"181517"	"313982"	"181539"	"314002"	"1900-01-01"	"Vergunning:beschikking WM melding art 8.19"
"Margraten"	"6251NM14"	"Melkrundvee"	"Nee"	"Schampeljoensteeg 14 6251NM Eckelrade"	"Margraten"	"1"	""	"756,20"	"0,00"	"6.800,00"	"182710"	"312969"	"182722"	"312941"	"1900-01-01"	"Vergunning:beschikking WM melding art 8.19"
"Margraten"	"6252NC6"	"Melkrundvee"	"Nee"	"Molenweg 6 6252NC Eckelrade"	"Margraten"	"1"	""	"352,60"	"1.032,40"	"5.301,00"	"181371"	"312606"	"181346"	"312613"	"1900-01-01"	"Vergunning:beschikking WM melding art 8.19"
"Margraten"	"6252ND32"	"Paarden"	"Nee"	"Dorpsstraat 32 6252ND Eckelrade"	"Margraten"	"1"	""	"75,00"	"0,00"	"0,00"	"181489"	"312921"	"181496"	"312928"	"1900-01-01"	"Vergunning:beschikking WM melding art 8.19"
"Margraten"	"6255AG7A"	"Melkrundvee"	"Nee"	"Pley 7A 6255AG Noorbeek"	"Margraten"	"1"	""	"323,60"	"0,00"	"4.616,00"	"184796"	"308805"	"184815"	"308775"	"1900-01-01"	"Vergunning:beschikking WM melding art 8.19"
"Margraten"	"6255AJ0"	"Melkrundvee"	"Nee"	"Klein Heugdeweg 0 6255AJ NOORBEEK"	"Margraten"	"1"	""	"1.060,10"	"0,00"	"15.884,00"	"185022"	"308438"	"185022"	"308438"	"1900-01-01"	"Vergunning:beschikking WM melding art 8.19"
"Margraten"	"6255NA1"	"Melkrundvee"	"Nee"	"Ulvend 1 6255NA Noorbeek"	"Margraten"	"1"	""	"164,00"	"0,00"	"3.440,00"	"186256"	"307727"	"186250"	"307761"	"1900-01-01"	"Vergunning:beschikking WM melding art 8.19"
"Margraten"	"6255NC27"	"Melkrundvee"	"Nee"	"Vroelen 27 6255NC Noorbeek"	"Margraten"	"1"	""	"1.639,00"	"2.492,00"	"32.665,00"	"185532"	"308449"	"185507"	"308453"	"1900-01-01"	"Vergunning:beschikking WM melding art 8.19"
"Margraten"	"6255NC30A"	"Melkrundvee"	"Nee"	"Vroelen 30A 6255NC Noorbeek"	"Margraten"	"1"	""	"1.277,78"	"8,50"	"14.250,00"	"185776"	"308384"	"185803"	"308381"	"1900-01-01"	"Vergunning:beschikking WM melding art 8.19"
"Margraten"	"6255NC32"	"Melkrundvee"	"Nee"	"Vroelen 32 6255NC Noorbeek"	"Margraten"	"1"	""	"308,30"	"0,00"	"4.838,00"	"185463"	"308401"	"185436"	"308351"	"1900-01-01"	"Vergunning:beschikking WM melding art 8.19"
"Margraten"	"6255NJ17"	"Paarden"	"Nee"	"Bergenhuizen 17 6255NJ Noorbeek"	"Margraten"	"1"	""	"178,10"	"0,00"	"0,00"	"184887"	"309495"	"184849"	"309469"	"1900-01-01"	"Vergunning:beschikking WM melding art 8.19"
"Margraten"	"6255NJ21"	"Melkrundvee"	"Nee"	"Bergenhuizen 21 6255NJ Noorbeek"	"Margraten"	"1"	""	"1.186,20"	"0,00"	"10.674,00"	"185001"	"309504"	"184992"	"309562"	"1900-01-01"	"Vergunning:beschikking WM melding art 8.19"
"Margraten"	"6255NJ25"	"Vleesvee"	"Nee"	"Bergenhuizen 25 6255NJ Noorbeek"	"Margraten"	"1"	""	"2.298,70"	"14.535,20"	"57.204,00"	"185076"	"309534"	"185056"	"309586"	"1900-01-01"	"Vergunning:beschikking WM melding art 8.19"
"Margraten"	"6255NJ27B"	"Paarden"	"Nee"	"Bergenhuizen 27B 6255NJ Noorbeek"	"Margraten"	"1"	""	"150,00"	"0,00"	"0,00"	"185204"	"309597"	"185128"	"309572"	"1900-01-01"	"Vergunning:beschikking WM melding art 8.19"
"Margraten"	"6255NK14A"	"Melkrundvee"	"Nee"	"Bergenhuizen 14A 6255NK Noorbeek"	"Margraten"	"1"	""	"196,50"	"356,00"	"4.710,00"	"185111"	"309530"	"185117"	"309510"	"1900-01-01"	"Vergunning:beschikking WM melding art 8.19"
"Margraten"	"6255NK18"	"Melkrundvee"	"Nee"	"Bergenhuizen 18 6255NK Noorbeek"	"Margraten"	"1"	""	"134,00"	"0,00"	"1.794,00"	"185149"	"309545"	"185156"	"309522"	"1900-01-01"	"Vergunning:beschikking WM melding art 8.19"
"Margraten"	"6255NK22"	"Melkrundvee"	"Nee"	"Bergenhuizen 22 6255NK Noorbeek"	"Margraten"	"1"	""	"1.338,40"	"0,00"	"12.040,00"	"185209"	"309569"	"185220"	"309551"	"1900-01-01"	"Vergunning:beschikking WM melding art 8.19"
"Margraten"	"6255NL11"	"Paarden"	"Nee"	"Schey 11 6255NL Noorbeek"	"Margraten"	"1"	""	"206,20"	"0,00"	"0,00"	"185928"	"309226"	"185932"	"309250"	"1900-01-01"	"Vergunning:beschikking WM melding art 8.19"
"Margraten"	"6255NL12"	"Melkrundvee"	"Nee"	"Schey 12 6255NL Noorbeek"	"Margraten"	"1"	""	"912,00"	"0,00"	"8.220,00"	"186422"	"308794"	"186441"	"308767"	"2012-03-23"	"Melding:besluit landbouwbedrijven milieubeheer"
"Margraten"	"6255NN2"	"Melkrundvee"	"Nee"	"Terlinden 2 6255NN Noorbeek"	"Margraten"	"1"	""	"1.435,00"	"0,00"	"12.880,00"	"186171"	"310891"	"186139"	"310879"	"1900-01-01"	"Vergunning:beschikking WM melding art 8.19"
"Margraten"	"6255NN5"	"Vleesvee"	"Nee"	"Terlinden 5 6255NN NOORBEEK"	"Margraten"	"1"	""	"93,00"	"0,00"	"2.550,00"	"186283"	"310819"	"186283"	"310819"	"1900-01-01"	"Vergunning:beschikking WM melding art 8.19"
"Margraten"	"6255NP38"	"Melkrundvee"	"Nee"	"Terlinden 38 6255NP Noorbeek"	"Margraten"	"1"	""	"1.037,00"	"0,00"	"9.248,00"	"186521"	"310413"	"186499"	"310377"	"1900-01-01"	"Vergunning:beschikking WM melding art 8.19"
"Margraten"	"6255NR38"	"Melkrundvee"	"Nee"	"Schilberg 38 6255NR Noorbeek"	"Margraten"	"1"	""	"1.243,50"	"1.103,60"	"15.900,00"	"187251"	"308468"	"187238"	"308473"	"1900-01-01"	"Vergunning:beschikking WM melding art 8.19"
"Margraten"	"6255NS10"	"Melkrundvee"	"Nee"	"Hoogcruts 10 6255NS Noorbeek"	"Margraten"	"1"	""	"680,00"	"0,00"	"6.030,00"	"187007"	"309549"	"186981"	"309549"	"1900-01-01"	"Vergunning:beschikking WM melding art 8.19"
"Margraten"	"6255NS9"	"Melkrundvee"	"Nee"	"Hoogcruts 9 6255NS NOORBEEK"	"Margraten"	"1"	""	"562,60"	"0,00"	"7.592,00"	"187099"	"309523"	"187099"	"309523"	"1900-01-01"	"Vergunning:beschikking WM melding art 8.19"
"Margraten"	"6255NV36"	"Melkrundvee"	"Nee"	"Provincialeweg 36 6255NV Noorbeek"	"Margraten"	"1"	""	"804,00"	"0,00"	"7.230,00"	"186598"	"310229"	"186582"	"310205"	"1900-01-01"	"Vergunning:beschikking WM melding art 8.19"
"Margraten"	"6261ND34"	"Melkrundvee"	"Nee"	"Stallestraat 34 6261ND MHEER"	"Margraten"	"1"	""	"1.952,30"	"39,00"	"17.472,00"	"183728"	"309487"	"183728"	"309487"	"1900-01-01"	"Vergunning:beschikking WM melding art 8.19"
"Margraten"	"6261NE31"	"Melkrundvee"	"Nee"	"Papenweg 31 6261NE Mheer"	"Margraten"	"1"	""	"1.599,20"	"0,00"	"14.384,00"	"184037"	"309788"	"184082"	"309784"	"1900-01-01"	"Vergunning:beschikking WM melding art 8.19"
"Margraten"	"6261NJ26"	"Melkrundvee"	"Nee"	"Dorpsstraat 26 6261NJ Mheer"	"Margraten"	"1"	""	"438,50"	"263,00"	"21.148,00"	"183590"	"309890"	"183577"	"309879"	"1900-01-01"	"Vergunning:beschikking WM melding art 8.19"
"Margraten"	"6261NK15"	"Melkrundvee"	"Nee"	"Steegstraat 15 6261NK Mheer"	"Margraten"	"1"	""	"612,80"	"0,00"	"5.510,00"	"183454"	"309794"	"183486"	"309770"	"1900-01-01"	"Vergunning:beschikking WM melding art 8.19"
"Margraten"	"6261NT12"	"Melkrundvee"	"Nee"	"Duivenstraat 12 6261NT Mheer"	"Margraten"	"1"	""	"605,10"	"0,00"	"5.244,00"	"183473"	"310571"	"183491"	"310571"	"1900-01-01"	"Vergunning:beschikking WM melding art 8.19"
"Margraten"	"6262NA13"	"Melkrundvee"	"Nee"	"Terhorst 13 6262NA Banholt"	"Margraten"	"1"	""	"342,30"	"178,00"	"4.068,00"	"185270"	"310899"	"185270"	"310899"	"1900-01-01"	"Vergunning:beschikking WM melding art 8.19"
"Margraten"	"6262NB2"	"Vleesvee"	"Nee"	"Terhorst 2 6262NB Banholt"	"Margraten"	"1"	""	"143,40"	"0,00"	"3.096,00"	"185326"	"311038"	"185312"	"311048"	"1900-01-01"	"Vergunning:beschikking WM melding art 8.19"
"Margraten"	"6262NC6"	"Melkrundvee"	"Nee"	"Mheerderweg 6 6262NC Banholt"	"Margraten"	"1"	""	"239,00"	"0,00"	"2.150,00"	"184731"	"311128"	"184717"	"311148"	"1900-01-01"	"Vergunning:beschikking WM melding art 8.19"
"Margraten"	"6262NE65"	"Melkrundvee"	"Nee"	"Mheerderweg 65 6262NE Banholt"	"Margraten"	"1"	""	"396,80"	"0,00"	"4.496,00"	"184373"	"310873"	"184388"	"310884"	"1900-01-01"	"Vergunning:beschikking WM melding art 8.19"
"Margraten"	"6262NM18"	"Paarden"	"Nee"	"Dalestraat 18 6262NM Banholt"	"Margraten"	"1"	""	"47,40"	"92,00"	"612,00"	"184761"	"311300"	"184768"	"311316"	"1900-01-01"	"Vergunning:beschikking WM melding art 8.19"
"Margraten"	"6262NN54"	"Melkrundvee"	"Nee"	"Dalestraat 54 6262NN Banholt"	"Margraten"	"1"	""	"1.267,05"	"466,20"	"13.800,00"	"184571"	"311461"	"184611"	"311491"	"1900-01-01"	"Vergunning:beschikking WM melding art 8.19"
"Margraten"	"6262NP59"	"Paarden"	"Nee"	"Dalestraat 59 6262NP Banholt"	"Margraten"	"1"	""	"33,10"	"23,40"	"0,00"	"184438"	"311451"	"184450"	"311446"	"1900-01-01"	"Vergunning:beschikking WM melding art 8.19"
"Margraten"	"6262NR14"	"Melkrundvee"	"Nee"	"Molenweg 14 6262NR Banholt"	"Margraten"	"1"	""	"168,50"	"588,50"	"25.830,00"	"184273"	"311601"	"184227"	"311591"	"1900-01-01"	"Vergunning:beschikking WM melding art 8.19"
"Margraten"	"6262NS3"	"Melkrundvee"	"Nee"	"Thelen Haagweg 3 6262NS Banholt"	"Margraten"	"1"	""	"844,50"	"0,00"	"8.310,00"	"184587"	"311859"	"184595"	"311893"	"1900-01-01"	"Vergunning:beschikking WM melding art 8.19"
"Margraten"	"6262NX1"	"Vleesvarkens"	"Nee"	"Bredeweg 1 6262NX BANHOLT"	"Margraten"	"1"	""	"5.256,00"	"26.864,00"	"178.704,00"	"184848"	"311249"	"184848"	"311249"	"1900-01-01"	"Vergunning:beschikking WM melding art 8.19"
"Margraten"	"6262NX26"	"Melkrundvee"	"Nee"	"Bredeweg 26 6262NX Banholt"	"Margraten"	"1"	""	"1.690,60"	"0,00"	"15.202,00"	"185281"	"311673"	"185323"	"311647"	"1900-01-01"	"Vergunning:beschikking WM melding art 8.19"
"Margraten"	"6262NZ5"	"Melkrundvee"	"Nee"	"Grotestraat 5 6262NZ Banholt"	"Margraten"	"1"	""	"1.103,20"	"0,00"	"8.144,00"	"185327"	"311202"	"185335"	"311230"	"1900-01-01"	"Vergunning:beschikking WM melding art 8.19"
"Margraten"	"6265AD32"	"Melkrundvee"	"Nee"	"Eindstraat 32 6265AD Sint Geertruid"	"Margraten"	"1"	""	"799,60"	"0,00"	"7.192,00"	"181503"	"311675"	"181451"	"311691"	"1900-01-01"	"Vergunning:beschikking WM melding art 8.19"
"Margraten"	"6265AD35"	"Paarden"	"Nee"	"Eindstraat 35 6265AD Sint Geertruid"	"Margraten"	"1"	""	"112,60"	"0,00"	"0,00"	"181429"	"311557"	"181470"	"311529"	"1900-01-01"	"Vergunning:beschikking WM melding art 8.19"
"Margraten"	"6265AD39"	"Melkrundvee"	"Nee"	"Eindstraat 39 6265AD Sint Geertruid"	"Margraten"	"1"	""	"297,00"	"68,00"	"18.924,00"	"181408"	"311539"	"181424"	"311521"	"1900-01-01"	"Vergunning:beschikking WM melding art 8.19"
"Margraten"	"6265NA2"	"Melkrundvee"	"Nee"	"Langsteeg 2 6265NA Sint Geertruid"	"Margraten"	"1"	""	"576,20"	"213,60"	"6.680,00"	"182566"	"311817"	"182586"	"311841"	"1900-01-01"	"Vergunning:beschikking WM melding art 8.19"
"Margraten"	"6265NB1"	"Melkrundvee"	"Nee"	"Heerkuil 1 6265NB Sint Geertruid"	"Margraten"	"1"	""	"885,20"	"1.279,00"	"8.102,00"	"182434"	"311780"	"182453"	"311783"	"1900-01-01"	"Vergunning:beschikking WM melding art 8.19"
"Margraten"	"6265NC11"	"Melkrundvee"	"Nee"	"Moerslag 11 6265NC Sint Geertruid"	"Margraten"	"1"	""	"188,92"	"0,34"	"4.040,00"	"181180"	"310777"	"181208"	"310777"	"1900-01-01"	"Vergunning:beschikking WM melding art 8.19"
"Margraten"	"6265NC30"	"Paarden"	"Nee"	"Moerslag 30 6265NC Sint Geertruid"	"Margraten"	"1"	""	"70,00"	"0,00"	"0,00"	"181140"	"310775"	"181132"	"310759"	"1900-01-01"	"Vergunning:beschikking WM melding art 8.19"
"Margraten"	"6265NE1"	"Melkrundvee"	"Nee"	"Libeek 1 6265NE Sint Geertruid"	"Margraten"	"1"	""	"435,00"	"0,00"	"3.900,00"	"181590"	"310629"	"181608"	"310651"	"1900-01-01"	"Vergunning:beschikking WM melding art 8.19"
"Margraten"	"6265NE10"	"Paarden"	"Nee"	"Libeek 10 6265NE Sint Geertruid"	"Margraten"	"1"	""	"94,70"	"0,00"	"1.462,00"	"181917"	"310675"	"181921"	"310641"	"1900-01-01"	"Vergunning:beschikking WM melding art 8.19"
"Margraten"	"6265NE15"	"Melkrundvee"	"Nee"	"Libeek 15 6265NE Sint Geertruid"	"Margraten"	"1"	""	"348,00"	"0,00"	"3.120,00"	"182018"	"310875"	"181994"	"310865"	"1900-01-01"	"Vergunning:beschikking WM melding art 8.19"
"Margraten"	"6265NE17"	"Melkrundvee"	"Nee"	"Libeek 17 6265NE Sint Geertruid"	"Margraten"	"1"	""	"241,50"	"534,00"	"3.645,00"	"182084"	"310931"	"182087"	"310970"	"1900-01-01"	"Vergunning:beschikking WM melding art 8.19"
"Margraten"	"6265NE2"	"Melkrundvee"	"Nee"	"Libeek 2 6265NE Sint Geertruid"	"Margraten"	"1"	""	"4.129,60"	"0,00"	"44.668,00"	"181409"	"310546"	"181429"	"310516"	"1900-01-01"	"Vergunning:beschikking WM melding art 8.19"
"Margraten"	"6265NE27"	"Vleesvarkens"	"Nee"	"Libeek 27 6265NE SINT GEERTRUID"	"Margraten"	"1"	""	"1.140,00"	"8.740,00"	"58.140,00"	"182382"	"310784"	"182382"	"310784"	"1900-01-01"	"Vergunning:beschikking WM melding art 8.19"
"Margraten"	"6265NK3"	"Melkrundvee"	"Nee"	"Bruisterbosch 3 6265NK Sint Geertruid"	"Margraten"	"1"	""	"1.535,00"	"0,00"	"13.778,00"	"184374"	"313111"	"184409"	"313098"	"1900-01-01"	"Vergunning:beschikking WM melding art 8.19"
"Margraten"	"6265NK31"	"Paarden"	"Nee"	"Bruisterbosch 31 6265NK Sint Geertruid"	"Margraten"	"1"	""	"51,50"	"178,00"	"850,00"	"184324"	"312791"	"184346"	"312771"	"1900-01-01"	"Vergunning:beschikking WM melding art 8.19"
"Margraten"	"6265NK9"	"Melkrundvee"	"Nee"	"Bruisterbosch 9 6265NK Sint Geertruid"	"Margraten"	"1"	""	"219,40"	"0,00"	"3.068,00"	"184363"	"312999"	"184393"	"312997"	"1900-01-01"	"Vergunning:beschikking WM melding art 8.19"
"Margraten"	"6265NL7"	"Paarden"	"Nee"	"Heiweg 7 6265NL Sint Geertruid"	"Margraten"	"1"	""	"179,32"	"1.068,34"	"5.184,00"	"180628"	"309500"	"180635"	"309512"	"1900-01-01"	"Vergunning:beschikking WM melding art 8.19"
"Margraten"	"6265NL9"	"Melkrundvee"	"Nee"	"Heiweg 9 6265NL Sint Geertruid"	"Margraten"	"1"	""	"3.709,00"	"7.238,40"	"77.764,00"	"180864"	"309780"	"180814"	"309774"	"1900-01-01"	"Vergunning:beschikking WM melding art 8.19"
"Margraten"	"6267AA55"	"Paarden"	"Nee"	"Dorpsstraat 55 6267AA Cadier en Keer"	"Margraten"	"1"	""	"260,00"	"0,00"	"0,00"	"180923"	"315423"	"180914"	"315396"	"1900-01-01"	"Vergunning:beschikking WM melding art 8.19"
"Margraten"	"6267AA61"	"Melkrundvee"	"Nee"	"Dorpsstraat 61 6267AA Cadier en Keer"	"Margraten"	"1"	""	"861,50"	"1.103,60"	"8.762,00"	"180851"	"315454"	"180972"	"315503"	"1900-01-01"	"Vergunning:beschikking WM melding art 8.19"
"Margraten"	"6267AB48"	"Melkrundvee"	"Nee"	"Dorpsstraat 48 6267AB Cadier en Keer"	"Margraten"	"1"	""	"127,50"	"0,00"	"1.860,00"	"180987"	"315448"	"180990"	"315470"	"1900-01-01"	"Vergunning:beschikking WM melding art 8.19"
"Margraten"	"6267AH100"	"Paarden"	"Nee"	"Rijksweg 100 6267AH Cadier en Keer"	"Margraten"	"1"	""	"148,40"	"0,00"	"0,00"	"182444"	"315042"	"182410"	"315047"	"1900-01-01"	"Vergunning:beschikking WM melding art 8.19"
"Margraten"	"6267AH86"	"Schapen"	"Nee"	"Rijksweg 86 6267AH Cadier en Keer"	"Margraten"	"1"	""	"62,50"	"585,00"	"0,00"	"182270"	"315103"	"182270"	"315071"	"1900-01-01"	"Vergunning:beschikking WM melding art 8.19"
"Margraten"	"6267CT3"	"Paarden"	"Nee"	"Fommestraat 3 6267CT Cadier en Keer"	"Margraten"	"1"	""	"30,00"	"0,00"	"0,00"	"182337"	"315240"	"182326"	"315249"	"1900-01-01"	"Vergunning:beschikking WM melding art 8.19"
"Margraten"	"6267NN3"	"Melkrundvee"	"Nee"	"Blankenberg 3 6267NN Cadier en Keer"	"Margraten"	"1"	""	"1.569,00"	"0,00"	"14.080,00"	"183068"	"314607"	"183182"	"314639"	"1900-01-01"	"Vergunning:beschikking WM melding art 8.19"
"Margraten"	"6267NS11"	"Schapen"	"Nee"	"Einderweg 11 6267NS Cadier en Keer"	"Margraten"	"1"	""	"76,48"	"709,50"	"3.780,00"	"182653"	"314941"	"182670"	"314956"	"1900-01-01"	"Vergunning:beschikking WM melding art 8.19"
"Margraten"	"6268NC51"	"Paarden"	"Nee"	"Oude Akerstraat 51 6268NC Bemelen"	"Margraten"	"1"	""	"68,90"	"0,00"	"0,00"	"181471"	"317604"	"181475"	"317619"	"2016-09-23"	"Melding:Activiteitenbesluit"
"Margraten"	"6268NN1"	"Melkrundvee"	"Nee"	"Gasthuis 1 6268NN Bemelen"	"Margraten"	"6"	""	"1.716,40"	"2.705,60"	"22.421,00"	"182657"	"317271"	"182653"	"317303"	"2012-08-29"	"Vergunning:WM uitbreidings-wijzigingsvergunning"
"Margraten"	"6268NN51"	"Melkrundvee"	"Nee"	"Gasthuis 51 6268NN Bemelen"	"Margraten"	"1"	""	"2.285,40"	"1.922,40"	"25.658,00"	"183088"	"317221"	"183081"	"317234"	"1900-01-01"	"Vergunning:beschikking WM melding art 8.19"
"Margraten"	"6268NP10"	"Melkrundvee"	"Nee"	"Sint Antoniusbank 10 6268NP Bemelen"	"Margraten"	"1"	""	"842,30"	"391,60"	"8.185,00"	"181748"	"317014"	"181647"	"317023"	"1900-01-01"	"Vergunning:beschikking WM melding art 8.19"
"Margraten"	"6268NR27"	"Melkrundvee"	"Nee"	"Sint Antoniusbank 27 6268NR Bemelen"	"Margraten"	"1"	""	"845,30"	"1.174,80"	"12.404,00"	"181513"	"317290"	"181514"	"317294"	"1900-01-01"	"Vergunning:beschikking WM melding art 8.19"
"Margraten"	"6268NS4"	"Paarden"	"Nee"	"Reutjesstraat 4 6268NS Bemelen"	"Margraten"	"1"	""	"72,35"	"359,40"	"2.540,00"	"183904"	"317122"	"183922"	"317125"	"1900-01-01"	"Vergunning:beschikking WM melding art 8.19"
"Margraten"	"6268NS5"	"Melkrundvee"	"Nee"	"Reutjesstraat 5 6268NS Bemelen"	"Margraten"	"1"	""	"1.203,60"	"0,00"	"10.830,00"	"183894"	"317195"	"183884"	"317243"	"1900-01-01"	"Vergunning:beschikking WM melding art 8.19"
"Margraten"	"6269AD110"	"Melkrundvee"	"Nee"	"Rijksweg 110 6269AD Margraten"	"Margraten"	"1"	""	"370,00"	"1.246,00"	"9.820,00"	"186892"	"314101"	"186899"	"314091"	"1900-01-01"	"Vergunning:beschikking WM melding art 8.19"
"Margraten"	"6269AG65"	"Melkrundvee"	"Nee"	"Termaar 65 6269AG MARGRATEN"	"Margraten"	"1"	""	"1.849,60"	"0,00"	"16.684,00"	"186308"	"313885"	"186308"	"313885"	"1900-01-01"	"Vergunning:beschikking WM melding art 8.19"
"Margraten"	"6269ET35"	"Vleesvee"	"Nee"	"Groot Welsden 35 6269ET Margraten"	"Margraten"	"1"	""	"18,60"	"0,00"	"510,00"	"184884"	"315894"	"184894"	"315864"	"1900-01-01"	"Vergunning:beschikking WM melding art 8.19"
"Margraten"	"6269EV46"	"Vleesvee"	"Nee"	"Groot Welsden 46 6269EV Margraten"	"Margraten"	"1"	""	"62,00"	"0,00"	"1.700,00"	"185251"	"315704"	"185261"	"315692"	"1900-01-01"	"Vergunning:beschikking WM melding art 8.19"
"Margraten"	"6269GG110"	"Melkrundvee"	"Nee"	"Eijkerweg 110 6269GG Margraten"	"Margraten"	"1"	""	"102,50"	"0,00"	"2.150,00"	"185688"	"315399"	"185770"	"315375"	"1900-01-01"	"Vergunning:beschikking WM melding art 8.19"
"Margraten"	"6269NG5"	"Paarden"	"Nee"	"Ingberweg 5 6269NG Margraten"	"Margraten"	"1"	""	"230,00"	"0,00"	"0,00"	"186846"	"314191"	"186830"	"314241"	"2012-05-16"	"Melding:besluit landbouwbedrijven milieubeheer"
"Margraten"	"6269NG7"	"Melkrundvee"	"Nee"	"Ingberweg 7 6269NG Margraten"	"Margraten"	"1"	""	"1.565,00"	"1.780,00"	"20.300,00"	"186960"	"314179"	"186906"	"314216"	"1900-01-01"	"Vergunning:beschikking WM melding art 8.19"
"Margraten"	"6269NP17"	"Melkrundvee"	"Nee"	"Honthem 17 6269NP Margraten"	"Margraten"	"1"	""	"169,10"	"0,00"	"2.624,00"	"183987"	"313796"	"183977"	"313778"	"1900-01-01"	"Vergunning:beschikking WM melding art 8.19"
"Margraten"	"6269NP3"	"Zeugen"	"Nee"	"Honthem 3 6269NP Margraten"	"Margraten"	"1"	""	"207,10"	"916,30"	"8.580,00"	"184065"	"313684"	"184057"	"313670"	"1900-01-01"	"Vergunning:beschikking WM melding art 8.19"
"Margraten"	"6269NP39"	"Melkrundvee"	"Nee"	"Honthem 39 6269NP Margraten"	"Margraten"	"1"	""	"2.848,60"	"0,00"	"25.480,00"	"183824"	"314010"	"183808"	"313997"	"1900-01-01"	"Vergunning:beschikking WM melding art 8.19"
"Margraten"	"6269NP53"	"Paarden"	"Nee"	"Honthem 53 6269NP Margraten"	"Margraten"	"1"	""	"32,40"	"0,00"	"0,00"	"184067"	"313951"	"184067"	"313951"	"1900-01-01"	"Vergunning:beschikking WM melding art 8.19"
"Margraten"	"6269NP6"	"Melkrundvee"	"Nee"	" 6 6269NP "	"Margraten"	"1"	""	"3.357,20"	"0,00"	"36.854,00"	"184000"	"313689"	"184000"	"313689"	"1900-01-01"	"Vergunning:beschikking WM melding art 8.19"
"Margraten"	"6269NP63"	"Melkrundvee"	"Nee"	"Honthem 63 6269NP Margraten"	"Margraten"	"1"	""	"140,50"	"390,00"	"1.670,00"	"184173"	"313903"	"184214"	"313900"	"1900-01-01"	"Vergunning:beschikking WM melding art 8.19"
"Margraten"	"6269NP7"	"Melkrundvee"	"Nee"	"Honthem 7 6269NP Margraten"	"Margraten"	"1"	""	"610,10"	"1.246,00"	"9.413,00"	"184047"	"313708"	"184033"	"313700"	"1900-01-01"	"Vergunning:beschikking WM melding art 8.19"
"Margraten"	"6269NR52"	"Melkrundvee"	"Nee"	"Honthem 52 6269NR Margraten"	"Margraten"	"1"	""	"1.503,00"	"0,00"	"13.536,00"	"183956"	"314065"	"183929"	"314075"	"1900-01-01"	"Vergunning:beschikking WM melding art 8.19"
"Margraten"	"6269NS31"	"Melkrundvee"	"Nee"	"Klein Welsden 31 6269NS Margraten"	"Margraten"	"1"	""	"4.824,00"	"0,00"	"43.380,00"	"183598"	"315925"	"183575"	"315884"	"1900-01-01"	"Vergunning:beschikking WM melding art 8.19"
"Margraten"	"6269NV16"	"Paarden"	"Nee"	"'t Rooth 16 6269NV Margraten"	"Margraten"	"1"	""	"77,60"	"0,00"	"0,00"	"183337"	"316517"	"183343"	"316550"	"1900-01-01"	"Vergunning:beschikking WM melding art 8.19"
"Gulpen-Wittem"	"6271BN4"	"Melkrundvee"	"Nee"	"Kiewegracht 4 6271BN Gulpen"	"Gulpen-Wittem"	"1"	""	"1.494,15"	"0,00"	"13.868,00"	"190525"	"314704"	"190492"	"314703"	"2019-06-13"	"Melding:Activiteitenbesluit"
"Gulpen-Wittem"	"6271NC139"	"Melkrundvee"	"Nee"	"Oude Akerweg 139 6271NC Gulpen"	"Gulpen-Wittem"	"1"	""	"205,60"	"249,20"	"3.910,00"	"191578"	"313624"	"191595"	"313629"	"2007-07-23"	"Melding:besluit landbouwbedrijven milieubeheer"
"Gulpen-Wittem"	"6271NJ1"	"Melkrundvee"	"Nee"	"Hommerig 1 6271NJ Gulpen"	"Gulpen-Wittem"	"1"	""	"735,00"	"2.136,00"	"13.150,00"	"191949"	"312990"	"191947"	"312972"	"2010-07-19"	"Melding:besluit landbouwbedrijven milieubeheer"
"Gulpen-Wittem"	"6271NP9"	"Melkrundvee"	"Nee"	"Berghem 9 6271NP Gulpen"	"Gulpen-Wittem"	"1"	"Nee"	"650,00"	"0,00"	"7.520,00"	"190633"	"312984"	"190670"	"312995"	"2011-06-06"	"Melding:besluit landbouwbedrijven milieubeheer"
"Gulpen-Wittem"	"6271NS1"	"Paarden"	"Nee"	"Verloren Kost 1 6271NS Gulpen"	"Gulpen-Wittem"	"1"	"Nee"	"350,90"	"0,00"	"3.024,00"	"191136"	"312859"	"191121"	"312833"	"2015-07-28"	"Melding:Activiteitenbesluit"
"Gulpen-Wittem"	"6271NW1"	"Melkrundvee"	"Nee"	"Crapoel 1 6271NW Gulpen"	"Gulpen-Wittem"	"1"	""	"1.772,90"	"1.566,40"	"23.130,00"	"190348"	"312233"	"190359"	"312251"	"2015-02-12"	"Melding:Activiteitenbesluit"
"Gulpen-Wittem"	"6271NW2A"	"Melkrundvee"	"Nee"	"Crapoel 2A 6271NW Gulpen"	"Gulpen-Wittem"	"1"	""	"1.347,00"	"0,00"	"12.120,00"	"189827"	"311819"	"189834"	"311844"	"2015-05-19"	"Melding:Activiteitenbesluit"
"Gulpen-Wittem"	"6271NW3"	"Melkrundvee"	"Nee"	"Crapoel 3 6271NW Gulpen"	"Gulpen-Wittem"	"1"	""	"1.442,80"	"0,00"	"12.976,00"	"189784"	"311768"	"189809"	"311757"	"2012-03-26"	"Melding:besluit landbouwbedrijven milieubeheer"
"Gulpen-Wittem"	"6271NW5"	"Vleesvee"	"Nee"	"Crapoel 5 6271NW Gulpen"	"Gulpen-Wittem"	"1"	""	"192,20"	"0,00"	"5.270,00"	"189745"	"311651"	"189762"	"311650"	"1980-02-21"	"Vergunning:oprichtingsvergunning"
"Gulpen-Wittem"	"6271NZ1"	"Melkrundvee"	"Nee"	"Landsrade 1 6271NZ Gulpen"	"Gulpen-Wittem"	"1"	""	"1.368,80"	"0,00"	"12.188,00"	"190131"	"310855"	"190148"	"310882"	"2009-08-10"	"Melding:besluit landbouwbedrijven milieubeheer"
"Gulpen-Wittem"	"6271PA13"	"Melkrundvee"	"Nee"	"Pesaken 13 6271PA Gulpen"	"Gulpen-Wittem"	"1"	""	"850,00"	"0,00"	"12.400,00"	"189070"	"312274"	"189066"	"312242"	"2007-06-14"	"Melding:besluit landbouwbedrijven milieubeheer"
"Gulpen-Wittem"	"6271PA19"	"Paarden"	"Nee"	"Pesaken 19 6271PA Gulpen"	"Gulpen-Wittem"	"1"	""	"64,20"	"0,00"	"0,00"	"188918"	"312088"	"188879"	"312074"	"2007-07-23"	"Vergunning:ambtshalve wijziging"
"Gulpen-Wittem"	"6271PA21"	"Melkrundvee"	"Nee"	"Pesaken 21 6271PA Gulpen"	"Gulpen-Wittem"	"1"	""	"808,40"	"0,00"	"7.268,00"	"188650"	"311893"	"188638"	"311871"	"1991-03-26"	"Vergunning:Beschikkking WM revisievergunning"
"Gulpen-Wittem"	"6271PB2"	"Vleesvee"	"Nee"	"Pesaken 2 6271PB Gulpen"	"Gulpen-Wittem"	"1"	""	"253,40"	"569,60"	"5.816,00"	"189334"	"312592"	"189335"	"312591"	"1988-05-24"	"Vergunning:oprichtingsvergunning"
"Gulpen-Wittem"	"6271PB4A"	"Melkrundvee"	"Nee"	"Pesaken 4A 6271PB Gulpen"	"Gulpen-Wittem"	"1"	""	"719,00"	"0,00"	"6.410,00"	"189295"	"312562"	"189284"	"312574"	"2008-03-31"	"Melding:besluit landbouwbedrijven milieubeheer"
"Gulpen-Wittem"	"6271PE1"	"Melkrundvee"	"Nee"	"Slenakerweg 1 6271PE Gulpen"	"Gulpen-Wittem"	"1"	""	"738,00"	"0,00"	"10.632,00"	"188716"	"312265"	"188730"	"312260"	"2015-01-12"	"Melding:Activiteitenbesluit"
"Gulpen-Wittem"	"6271PE13"	"Melkrundvee"	"Nee"	"Slenakerweg 13 6271PE Gulpen"	"Gulpen-Wittem"	"1"	""	"849,20"	"0,00"	"7.754,00"	"188314"	"311469"	"188345"	"311474"	"2007-08-03"	"Melding:besluit landbouwbedrijven milieubeheer"
"Gulpen-Wittem"	"6271PE14"	"Melkrundvee"	"Nee"	"Slenakerweg 14 6271PE GULPEN"	"Gulpen-Wittem"	"1"	""	"1.309,20"	"0,00"	"12.214,00"	"188093"	"310895"	"188093"	"310895"	"2019-08-09"	"Melding:Activiteitenbesluit"
"Gulpen-Wittem"	"6271PE2"	"Melkrundvee"	"Nee"	"Slenakerweg 2 6271PE Gulpen"	"Gulpen-Wittem"	"1"	""	"69,00"	"312,00"	"860,00"	"188363"	"311745"	"188329"	"311763"	"1995-10-31"	"Melding:besluit landbouwbedrijven milieubeheer"
"Gulpen-Wittem"	"6271PE23"	"Melkrundvee"	"Nee"	"Slenakerweg 23 6271PE Gulpen"	"Gulpen-Wittem"	"1"	""	"1.639,20"	"0,00"	"21.902,00"	"188369"	"311115"	"188416"	"311102"	"2014-05-01"	"Melding:Activiteitenbesluit"
"Gulpen-Wittem"	"6271PE3"	"Melkrundvee"	"Nee"	"Slenakerweg 3 6271PE Gulpen"	"Gulpen-Wittem"	"1"	""	"87,60"	"156,00"	"1.258,00"	"188679"	"312287"	"188674"	"312284"	"2012-10-01"	"Melding:besluit landbouwbedrijven milieubeheer"
"Gulpen-Wittem"	"6273NA12A"	"Melkrundvee"	"Nee"	"De Hut 12A 6273NA Ingber"	"Gulpen-Wittem"	"1"	""	"1.585,80"	"0,00"	"14.274,00"	"188026"	"313844"	"188001"	"313822"	"2006-03-14"	"Vergunning:Beschikkking WM revisievergunning"
"Gulpen-Wittem"	"6273NB49"	"Paarden"	"Nee"	"Lemmensstraat 49 6273NB Ingber"	"Gulpen-Wittem"	"1"	""	"73,60"	"427,20"	"2.040,00"	"188195"	"314247"	"188206"	"314252"	"2015-06-30"	"Melding:Activiteitenbesluit"
"Gulpen-Wittem"	"6273NE29"	"Melkrundvee"	"Nee"	"Ingberdorpsstraat 29 6273NE Ingber"	"Gulpen-Wittem"	"1"	""	"667,90"	"1.993,60"	"12.107,00"	"188433"	"314449"	"188427"	"314427"	"2007-12-11"	"Melding:besluit landbouwbedrijven milieubeheer"
"Gulpen-Wittem"	"6273NG24-28"	"Leghennen"	"Nee"	"Ingberdorpsstraat 24-28 6273NG INGBER"	"Gulpen-Wittem"	"1"	""	"1.602,75"	"5.655,90"	"1.082.187,00"	"188452"	"314374"	"188452"	"314374"	"2017-06-23"	"Melding:Activiteitenbesluit"
"Gulpen-Wittem"	"6273NG38"	"Paarden"	"Nee"	"Ingberdorpsstraat 38 6273NG Ingber"	"Gulpen-Wittem"	"1"	""	"120,00"	"0,00"	"0,00"	"188659"	"314504"	"188653"	"314475"	"2007-08-01"	"Melding:besluit landbouwbedrijven milieubeheer"
"Gulpen-Wittem"	"6273NG48"	"Melkrundvee"	"Nee"	"Ingberdorpsstraat 48 6273NG Ingber"	"Gulpen-Wittem"	"1"	""	"2.049,05"	"0,00"	"21.886,00"	"189209"	"314368"	"189203"	"314339"	"2018-11-27"	"Melding:Activiteitenbesluit"
"Gulpen-Wittem"	"6273NG54"	"Melkrundvee"	"Nee"	"Ingberdorpsstraat 54 6273NG Ingber"	"Gulpen-Wittem"	"1"	""	"1.859,20"	"0,00"	"16.744,00"	"189370"	"314345"	"189374"	"314323"	"2011-08-02"	"Melding:besluit landbouwbedrijven milieubeheer"
"Gulpen-Wittem"	"6273NH15"	"Melkrundvee"	"Nee"	"Ingberweg 15 6273NH Ingber"	"Gulpen-Wittem"	"1"	""	"1.496,15"	"0,00"	"13.976,00"	"187975"	"314423"	"187960"	"314432"	"2015-10-01"	"Melding:Activiteitenbesluit"
"Gulpen-Wittem"	"6274ND12"	"Melkrundvee"	"Nee"	"Provincialeweg 12 6274ND Reijmerstok"	"Gulpen-Wittem"	"1"	""	"432,20"	"0,00"	"4.600,00"	"186391"	"311849"	"186368"	"311755"	"2005-06-30"	"Melding:AMvB melkveehouderij"
"Gulpen-Wittem"	"6274ND22"	"Melkrundvee"	"Nee"	"Provincialeweg 22 6274ND Reijmerstok"	"Gulpen-Wittem"	"1"	""	"510,00"	"0,00"	"5.900,00"	"186372"	"311244"	"186352"	"311243"	"2004-09-09"	"Melding:AMvB melkveehouderij"
"Gulpen-Wittem"	"6274NE1"	"Melkrundvee"	"Nee"	"Groenestraat 1 6274NE Reijmerstok"	"Gulpen-Wittem"	"1"	""	"1.559,10"	"0,00"	"18.771,00"	"185707"	"311871"	"185720"	"311906"	"2014-01-28"	"Melding:Activiteitenbesluit"
"Gulpen-Wittem"	"6274NJ123"	"Leghennen"	"Nee"	"Reijmerstokkerdorpsstraat 123 6274NJ Reijmerstok"	"Gulpen-Wittem"	"1"	"Ja"	"2.236,00"	"13.260,00"	"2.078.000,00"	"186746"	"312147"	"186813"	"312160"	"2015-07-15"	"Vergunning:Omgevingsvergunning Inrichting"
"Gulpen-Wittem"	"6274NK143"	"voormalig bedrijf"	"Ja"	"Reijmerstokkerdorpsstraat 143 6274NK Reijmerstok"	"Gulpen-Wittem"	"1"	""	"0,00"	"0,00"	"0,00"	"186667"	"311966"	"186660"	"311948"	"2013-07-30"	"Melding:Vervallen melding"
"Gulpen-Wittem"	"6274NK145"	"Melkrundvee"	"Nee"	"Reijmerstokkerdorpsstraat 145 6274NK Reijmerstok"	"Gulpen-Wittem"	"1"	""	"2.076,60"	"0,00"	"18.696,00"	"186642"	"311963"	"186632"	"311942"	"2014-01-28"	"Melding:Activiteitenbesluit"
"Gulpen-Wittem"	"6274NM60"	"Melkrundvee"	"Nee"	"Reijmerstokkerdorpsstraat 60 6274NM Reijmerstok"	"Gulpen-Wittem"	"1"	""	"1.985,80"	"0,00"	"17.866,00"	"187110"	"312621"	"187093"	"312648"	"2010-05-10"	"Melding:besluit landbouwbedrijven milieubeheer"
"Gulpen-Wittem"	"6274NM74"	"Melkrundvee"	"Nee"	"Reijmerstokkerdorpsstraat 74 6274NM Reijmerstok"	"Gulpen-Wittem"	"1"	""	"1.110,80"	"0,00"	"10.376,00"	"187031"	"312579"	"187005"	"312606"	"2010-08-02"	"Melding:besluit landbouwbedrijven milieubeheer"
"Gulpen-Wittem"	"6274NN86"	"voormalig bedrijf"	"Ja"	"Reijmerstokkerdorpsstr 86 6274NN REIJMERSTOK"	"Gulpen-Wittem"	"1"	""	"0,00"	"0,00"	"0,00"	"186827"	"312451"	"186827"	"312451"	"2009-01-19"	"Intrekking:intrekking gehele veebestand"
"Gulpen-Wittem"	"6274NS10"	"Paarden"	"Nee"	"Groenendalsbergweg 10 6274NS Reijmerstok"	"Gulpen-Wittem"	"1"	""	"171,50"	"0,00"	"0,00"	"188055"	"312553"	"187849"	"312693"	"2011-11-09"	"Melding:besluit landbouwbedrijven milieubeheer"
"Gulpen-Wittem"	"6274NT41"	"Melkrundvee"	"Nee"	"Haagstraat 41 6274NT Reijmerstok"	"Gulpen-Wittem"	"1"	""	"82,50"	"6,80"	"2.844,00"	"187024"	"311969"	"187041"	"311978"	"2007-03-01"	"Vergunning:Beschikkking WM revisievergunning"
"Gulpen-Wittem"	"6274NV34"	"Paarden"	"Nee"	"Haagstraat 34 6274NV Reijmerstok"	"Gulpen-Wittem"	"1"	""	"25,00"	"0,00"	"0,00"	"186983"	"311952"	"186973"	"311922"	"2011-11-23"	"Melding:besluit landbouwbedrijven milieubeheer"
"Gulpen-Wittem"	"6276PB4"	"Melkrundvee"	"Nee"	"Givelderweg 4 6276PB Heijenrath"	"Gulpen-Wittem"	"1"	""	"183,40"	"284,80"	"3.706,00"	"189878"	"308952"	"189853"	"308939"	"2020-02-20"	"Melding:Activiteitenbesluit"
"Gulpen-Wittem"	"6276PD23"	"Paarden"	"Nee"	"Heijenratherweg 23 6276PD Heijenrath"	"Gulpen-Wittem"	"1"	""	"151,50"	"178,00"	"850,00"	"189566"	"309600"	"189586"	"309599"	"2012-10-12"	"Melding:besluit landbouwbedrijven milieubeheer"
"Gulpen-Wittem"	"6276PK10"	"Paarden"	"Nee"	"Grote Bosweg 10 6276PK Heijenrath"	"Gulpen-Wittem"	"1"	""	"230,00"	"0,00"	"0,00"	"189266"	"309760"	"189294"	"309761"	"2000-02-14"	"Melding:besluit landbouwbedrijven milieubeheer"
"Gulpen-Wittem"	"6276PK3"	"Melkrundvee"	"Nee"	"Grote Bosweg 3 6276PK Heijenrath"	"Gulpen-Wittem"	"1"	""	"3.216,00"	"0,00"	"28.920,00"	"188826"	"309981"	"189212"	"309741"	"2014-01-28"	"Melding:Activiteitenbesluit"
"Gulpen-Wittem"	"6277NA18"	"Melkrundvee"	"Nee"	"Grensweg 18 6277NA Slenaken"	"Gulpen-Wittem"	"1"	""	"355,70"	"1.032,40"	"6.289,00"	"188631"	"308383"	"188557"	"308552"	"2007-03-01"	"Vergunning:Beschikkking WM revisievergunning"
"Gulpen-Wittem"	"6277NC57"	"Paarden"	"Nee"	"Dorpsstraat 57 6277NC Slenaken"	"Gulpen-Wittem"	"1"	""	"45,00"	"0,00"	"0,00"	"188019"	"309437"	"187987"	"309434"	"2010-06-16"	"Melding:besluit landbouwbedrijven milieubeheer"
"Gulpen-Wittem"	"6277NP25"	"Melkrundvee"	"Nee"	"Hoogcruts 25 6277NP Slenaken"	"Gulpen-Wittem"	"1"	""	"420,50"	"764,00"	"5.093,00"	"187343"	"309539"	"187331"	"309539"	"1983-12-06"	"Vergunning:oprichtingsvergunning"
"Gulpen-Wittem"	"6277NP27"	"Melkrundvee"	"Nee"	"Hoogcruts 27 6277NP Slenaken"	"Gulpen-Wittem"	"1"	""	"502,30"	"6,80"	"6.124,00"	"187353"	"309542"	"187141"	"309483"	"1993-01-08"	"Melding:besluit landbouwbedrijven milieubeheer"
"Gulpen-Wittem"	"6277NZ21"	"Melkrundvee"	"Nee"	"De Planckweg 21 6277NZ Slenaken"	"Gulpen-Wittem"	"1"	""	"1.844,40"	"0,00"	"16.536,00"	"187354"	"308278"	"187387"	"308291"	"1991-07-30"	"Vergunning:Beschikkking WM revisievergunning"
"Gulpen-Wittem"	"6281AH114"	"Melkrundvee"	"Nee"	"Hilleshagerweg 114 6281AH Mechelen"	"Gulpen-Wittem"	"1"	""	"253,20"	"0,00"	"4.008,00"	"194771"	"312131"	"194764"	"312111"	"2010-07-19"	"Melding:besluit landbouwbedrijven milieubeheer"
"Gulpen-Wittem"	"6281AH126"	"Paarden"	"Nee"	"Hilleshagerweg 126 6281AH Mechelen"	"Gulpen-Wittem"	"1"	""	"31,80"	"0,00"	"0,00"	"195011"	"312002"	"195000"	"311993"	"2007-07-23"	"Melding:besluit landbouwbedrijven milieubeheer"
"Gulpen-Wittem"	"6281AH96"	"Vleesvee"	"Nee"	"Hilleshagerweg 96 6281AH Mechelen"	"Gulpen-Wittem"	"1"	""	"158,80"	"37,60"	"4.288,00"	"194186"	"312230"	"194171"	"312230"	"1997-01-05"	"Melding:besluit landbouwbedrijven milieubeheer"
"Gulpen-Wittem"	"6281AH98"	"Melkrundvee"	"Nee"	"Hilleshagerweg 98 6281AH Mechelen"	"Gulpen-Wittem"	"1"	""	"948,00"	"0,00"	"8.508,00"	"194188"	"312256"	"194192"	"312237"	"2012-07-20"	"Melding:besluit landbouwbedrijven milieubeheer"
"Gulpen-Wittem"	"6281BD22"	"Melkrundvee"	"Nee"	"Hoofdstraat 22 6281BD Mechelen"	"Gulpen-Wittem"	"1"	""	"1.608,00"	"0,00"	"14.460,00"	"192764"	"311830"	"192747"	"311862"	"2012-06-26"	"Melding:besluit landbouwbedrijven milieubeheer"
"Gulpen-Wittem"	"6281BG13"	"Melkrundvee"	"Nee"	"Overgeul 13 6281BG Mechelen"	"Gulpen-Wittem"	"1"	""	"356,50"	"0,00"	"4.966,00"	"192308"	"311886"	"192305"	"311870"	"2011-12-13"	"Melding:besluit landbouwbedrijven milieubeheer"
"Gulpen-Wittem"	"6281BT12"	"Melkrundvee"	"Nee"	"Bommerigerweg 12 6281BT MECHELEN"	"Gulpen-Wittem"	"1"	""	"904,80"	"0,00"	"8.112,00"	"193143"	"311155"	"193143"	"311155"	"2011-05-02"	"Melding:besluit landbouwbedrijven milieubeheer"
"Gulpen-Wittem"	"6281BT36"	"Paarden"	"Nee"	"Bommerigerweg 36 6281BT Mechelen"	"Gulpen-Wittem"	"1"	""	"36,00"	"234,00"	"0,00"	"193056"	"310157"	"193036"	"310158"	"2007-08-14"	"Melding:besluit landbouwbedrijven milieubeheer"
"Gulpen-Wittem"	"6281BT38"	"Paarden"	"Nee"	"Bommerigerweg 38 6281BT Mechelen"	"Gulpen-Wittem"	"1"	""	"46,20"	"0,00"	"0,00"	"193067"	"310156"	"193057"	"310144"	"2008-11-21"	"Melding:besluit landbouwbedrijven milieubeheer"
"Gulpen-Wittem"	"6281NC15"	"Schapen"	"Nee"	"Dal Bissenweg 15 6281NC Mechelen"	"Gulpen-Wittem"	"1"	""	"24,05"	"164,50"	"2.100,00"	"191329"	"311036"	"191333"	"311019"	"2007-07-23"	"Melding:besluit landbouwbedrijven milieubeheer"
"Gulpen-Wittem"	"6281NE31"	"Melkrundvee"	"Nee"	"Schweibergerweg 31 6281NE Mechelen"	"Gulpen-Wittem"	"1"	""	"257,90"	"0,00"	"3.998,00"	"191792"	"310779"	"191770"	"310764"	"2007-07-18"	"Melding:besluit landbouwbedrijven milieubeheer"
"Gulpen-Wittem"	"6281NE47"	"Vleesvee"	"Nee"	"Schweibergerweg 47 6281NE Mechelen"	"Gulpen-Wittem"	"1"	""	"64,40"	"213,60"	"1.388,00"	"191154"	"310325"	"191168"	"310310"	"2007-09-05"	"Melding:besluit landbouwbedrijven milieubeheer"
"Gulpen-Wittem"	"6281NE47A"	"Melkrundvee"	"Nee"	"Schweibergerweg 47A 6281NE Mechelen"	"Gulpen-Wittem"	"1"	""	"1.161,20"	"0,00"	"9.802,00"	"190909"	"310189"	"190946"	"310181"	"1998-07-31"	"Melding:besluit landbouwbedrijven milieubeheer"
"Gulpen-Wittem"	"6281NE53"	"Paarden"	"Nee"	"Schweibergerweg 53 6281NE MECHELEN"	"Gulpen-Wittem"	"1"	""	"55,00"	"0,00"	"0,00"	"190597"	"309834"	"190597"	"309834"	"2007-01-17"	"Vergunning:Beschikkking WM revisievergunning"
"Gulpen-Wittem"	"6281NG6"	"Melkrundvee"	"Nee"	"Schweibergerweg 6 6281NG Mechelen"	"Gulpen-Wittem"	"1"	""	"1.391,00"	"0,00"	"12.500,00"	"192056"	"310995"	"192060"	"311013"	"2006-11-23"	"Vergunning:Beschikkking WM revisievergunning"
"Gulpen-Wittem"	"6281NJ78"	"Melkrundvee"	"Nee"	"Schweibergerweg 78 6281NJ Mechelen"	"Gulpen-Wittem"	"1"	""	"132,80"	"0,00"	"2.174,00"	"191136"	"310342"	"191121"	"310348"	"2007-07-23"	"Melding:besluit landbouwbedrijven milieubeheer"
"Gulpen-Wittem"	"6281NL3"	"Melkrundvee"	"Nee"	"Hurpescherweg 3 6281NL Mechelen"	"Gulpen-Wittem"	"1"	""	"1.269,35"	"3,40"	"12.104,00"	"192745"	"310761"	"192748"	"310786"	"2005-04-21"	"Vergunning:Beschikkking WM revisievergunning"
"Gulpen-Wittem"	"6281NM7"	"Melkrundvee"	"Nee"	"Kleebergerweg 7 6281NM MECHELEN"	"Gulpen-Wittem"	"1"	""	"609,00"	"0,00"	"5.460,00"	"193795"	"310992"	"193795"	"310992"	"1993-07-01"	"Melding:besluit landbouwbedrijven milieubeheer"
"Gulpen-Wittem"	"6281NN1A"	"Melkrundvee"	"Nee"	"Elzeterweg 1A 6281NN Mechelen"	"Gulpen-Wittem"	"1"	""	"1.300,00"	"0,00"	"11.800,00"	"193924"	"311312"	"193955"	"311303"	"2002-07-05"	"Vergunning:Beschikkking WM revisievergunning"
"Gulpen-Wittem"	"6281NN2"	"Melkrundvee"	"Nee"	"Elzeterweg 2 6281NN Mechelen"	"Gulpen-Wittem"	"1"	""	"511,00"	"0,00"	"6.510,00"	"193910"	"311299"	"193894"	"311310"	"1992-01-20"	"Melding:AMvB melkveehouderij"
"Gulpen-Wittem"	"6285AA16"	"Melkrundvee"	"Nee"	"Roodweg 16 6285AA Epen"	"Gulpen-Wittem"	"1"	""	"330,90"	"534,00"	"4.923,00"	"192063"	"309839"	"192052"	"309856"	"2012-01-25"	"Melding:besluit landbouwbedrijven milieubeheer"
"Gulpen-Wittem"	"6285AB5"	"Melkrundvee"	"Nee"	"Kapelaan Houbenstraat 5 6285AB Epen"	"Gulpen-Wittem"	"1"	""	"49,50"	"106,80"	"453,00"	"191815"	"309798"	"191980"	"309787"	"1983-07-05"	"Vergunning:oprichtingsvergunning"
"Gulpen-Wittem"	"6285AD2"	"Melkrundvee"	"Nee"	"Oosterberg 2 6285AD Epen"	"Gulpen-Wittem"	"1"	""	"1.834,00"	"0,00"	"16.492,00"	"190883"	"309209"	"191068"	"309318"	"2008-01-31"	"Melding:besluit landbouwbedrijven milieubeheer"
"Gulpen-Wittem"	"6285AH27"	"Melkrundvee"	"Nee"	"Julianastraat 27 6285AH Epen"	"Gulpen-Wittem"	"1"	""	"212,60"	"0,00"	"1.922,00"	"190827"	"309307"	"190828"	"309282"	"2012-07-12"	"Melding:besluit landbouwbedrijven milieubeheer"
"Gulpen-Wittem"	"6285AH41B"	"Schapen"	"Nee"	"Julianastraat 41B 6285AH Epen"	"Gulpen-Wittem"	"1"	""	"700,00"	"7.800,00"	"0,00"	"190548"	"309266"	"190541"	"309215"	"2007-10-11"	"Vergunning:beschikking WM veranderingsvergunning"
"Gulpen-Wittem"	"6285ND11"	"voormalig bedrijf"	"Ja"	"Terzieterweg 11 6285ND EPEN"	"Gulpen-Wittem"	"1"	""	"0,00"	"0,00"	"0,00"	"192010"	"307825"	"192010"	"307825"	"2006-11-27"	"Intrekking:Vervallen melding"
"Gulpen-Wittem"	"6285ND15"	"Melkrundvee"	"Nee"	"Terzieterweg 15 6285ND Epen"	"Gulpen-Wittem"	"1"	"Nee"	"4.090,60"	"6.900,00"	"70.442,00"	"191993"	"307537"	"192004"	"307584"	"2008-08-04"	"Vergunning:Beschikkking WM revisievergunning"
"Gulpen-Wittem"	"6285NE16"	"Paarden"	"Nee"	"Terzieterweg 16 6285NE Epen"	"Gulpen-Wittem"	"1"	""	"200,70"	"676,40"	"3.230,00"	"192156"	"308330"	"192126"	"308323"	"2007-09-03"	"Vergunning:Beschikkking WM revisievergunning"
"Gulpen-Wittem"	"6285NE26"	"Paarden"	"Nee"	"Terzieterweg 26 6285NE Epen"	"Gulpen-Wittem"	"1"	""	"75,64"	"85,16"	"1.988,00"	"192022"	"308116"	"191996"	"308130"	"2007-11-13"	"Vergunning:oprichtingsvergunning"
"Gulpen-Wittem"	"6285NK8"	"Melkrundvee"	"Nee"	"Plaatweg 8 6285NK Epen"	"Gulpen-Wittem"	"1"	""	"1.568,50"	"178,00"	"14.740,00"	"193020"	"308195"	"192973"	"308199"	"1993-06-08"	"Vergunning:beschikking WM veranderingsvergunning"
"Gulpen-Wittem"	"6285NL2"	"Melkrundvee"	"Nee"	"Kuttingerweg 2 6285NL Epen"	"Gulpen-Wittem"	"1"	""	"3.409,88"	"8,50"	"36.120,00"	"192294"	"308420"	"192304"	"308385"	"2011-08-22"	"Melding:besluit landbouwbedrijven milieubeheer"
"Gulpen-Wittem"	"6285NL4"	"Melkrundvee"	"Nee"	"Kuttingerweg 4 6285NL Epen"	"Gulpen-Wittem"	"1"	""	"478,00"	"0,00"	"4.300,00"	"192317"	"307923"	"192626"	"307765"	"1992-10-08"	"Melding:besluit landbouwbedrijven milieubeheer"
"Gulpen-Wittem"	"6285NL47"	"Melkrundvee"	"Nee"	"Kuttingerweg 47 6285NL EPEN"	"Gulpen-Wittem"	"1"	""	"215,60"	"0,00"	"1.862,00"	"194702"	"312194"	"194702"	"312194"	"2007-01-17"	"Vergunning:Beschikkking WM revisievergunning"
"Gulpen-Wittem"	"6285NL5"	"Melkrundvee"	"Nee"	"Kuttingerweg 5 6285NL Epen"	"Gulpen-Wittem"	"1"	""	"297,60"	"284,80"	"2.684,00"	"192665"	"307762"	"192666"	"307767"	"1992-11-27"	"Melding:besluit landbouwbedrijven milieubeheer"
"Gulpen-Wittem"	"6285NM2"	"Vleesvee"	"Nee"	"'t Veld 2 6285NM Epen"	"Gulpen-Wittem"	"1"	""	"106,00"	"712,00"	"3.400,00"	"192429"	"306922"	"192415"	"306924"	"1992-04-09"	"Melding:besluit landbouwbedrijven milieubeheer"
"Gulpen-Wittem"	"6285NN4"	"Melkrundvee"	"Nee"	"Dorphof 4 6285NN Epen"	"Gulpen-Wittem"	"1"	"Nee"	"1.690,00"	"0,00"	"15.340,00"	"192184"	"309075"	"192183"	"308961"	"2012-09-24"	"Melding:besluit landbouwbedrijven milieubeheer"
"Gulpen-Wittem"	"6285NR3"	"Melkrundvee"	"Nee"	"Morgensweg 3 6285NR Epen"	"Gulpen-Wittem"	"1"	""	"1.277,10"	"249,20"	"12.300,00"	"191530"	"308235"	"191514"	"308249"	"2007-07-18"	"Melding:besluit landbouwbedrijven milieubeheer"
"Gulpen-Wittem"	"6285NS4"	"Melkrundvee"	"Nee"	"Helberg 4 6285NS Epen"	"Gulpen-Wittem"	"1"	""	"1.524,40"	"0,00"	"13.738,00"	"191546"	"307817"	"191543"	"307834"	"2008-05-21"	"Melding:besluit landbouwbedrijven milieubeheer"
"Gulpen-Wittem"	"6286AA1"	"Melkrundvee"	"Nee"	"Wittemer Allee 1 6286AA WITTEM"	"Gulpen-Wittem"	"1"	""	"654,00"	"759,00"	"10.370,00"	"191860"	"313916"	"191860"	"313916"	"1992-11-17"	"Vergunning:oprichtingsvergunning"
"Gulpen-Wittem"	"6286AG2"	"Melkrundvee"	"Nee"	"Rijksweg 2 6286AG Wittem"	"Gulpen-Wittem"	"1"	""	"603,70"	"0,00"	"9.514,00"	"191819"	"313771"	"191811"	"313740"	"2007-06-14"	"Melding:besluit landbouwbedrijven milieubeheer"
"Gulpen-Wittem"	"6286BA7"	"Melkrundvee"	"Nee"	"Capucijnenweg 7 6286BA Wittem"	"Gulpen-Wittem"	"1"	""	"163,30"	"0,00"	"2.068,00"	"193718"	"313227"	"193712"	"313206"	"1992-03-23"	"Melding:besluit landbouwbedrijven milieubeheer"
"Gulpen-Wittem"	"6286BA9A"	"Melkrundvee"	"Nee"	"Capucijnenweg 9A 6286BA Wittem"	"Gulpen-Wittem"	"1"	""	"177,30"	"0,00"	"2.796,00"	"193440"	"312879"	"193467"	"312871"	"2006-11-20"	"Melding:besluit landbouwbedrijven milieubeheer"
"Gulpen-Wittem"	"6286BM30"	"Melkrundvee"	"Nee"	"Schulsbergweg 30 6286BM Wittem"	"Gulpen-Wittem"	"1"	""	"173,00"	"330,80"	"1.822,00"	"194878"	"313471"	"194952"	"313358"	"1980-06-11"	"Melding:AMvB melkveehouderij"
"Gulpen-Wittem"	"6286BW23"	"Melkrundvee"	"Nee"	"Vossenstraat 23 6286BW Wittem"	"Gulpen-Wittem"	"1"	""	"624,00"	"0,00"	"11.460,00"	"195329"	"313603"	"195353"	"313664"	"2007-06-14"	"Melding:besluit landbouwbedrijven milieubeheer"
"Gulpen-Wittem"	"6286BX28"	"Melkrundvee"	"Nee"	"Vossenstraat 28 6286BX Wittem"	"Gulpen-Wittem"	"1"	""	"369,60"	"0,00"	"3.318,00"	"195263"	"313463"	"195289"	"313459"	"1999-10-12"	"Melding:besluit landbouwbedrijven milieubeheer"
"Gulpen-Wittem"	"6286CE20"	"Melkrundvee"	"Nee"	"Kolmonderstraat 20 6286CE Wittem"	"Gulpen-Wittem"	"1"	""	"457,00"	"0,00"	"4.090,00"	"195411"	"313087"	"195412"	"313088"	"1992-05-18"	"Melding:besluit landbouwbedrijven milieubeheer"
"Gulpen-Wittem"	"6286CJ2"	"Paarden"	"Nee"	"Op der Welsch 2 6286CJ Wittem"	"Gulpen-Wittem"	"1"	""	"142,80"	"31,20"	"0,00"	"195315"	"313335"	"195346"	"313361"	"2010-05-10"	"Melding:besluit landbouwbedrijven milieubeheer"
"Gulpen-Wittem"	"6286DA5"	"Melkrundvee"	"Nee"	"Botterweck 5 6286DA Wittem"	"Gulpen-Wittem"	"1"	""	"541,00"	"534,00"	"10.330,00"	"193982"	"313873"	"193950"	"313894"	"2008-11-10"	"Melding:besluit landbouwbedrijven milieubeheer"
"Gulpen-Wittem"	"6286NA4"	"voormalig bedrijf"	"Ja"	"Cartils 4 6286NA WITTEM"	"Gulpen-Wittem"	"1"	""	"0,00"	"0,00"	"0,00"	"191659"	"314666"	"191659"	"314666"	"2012-10-24"	"Intrekking:intrekking gehele veebestand"
"Gulpen-Wittem"	"6287AA7"	"Melkrundvee"	"Nee"	"Wittemerweg 7 6287AA EYS"	"Gulpen-Wittem"	"1"	""	"296,00"	"0,00"	"4.580,00"	"193173"	"315104"	"193173"	"315104"	"2011-09-28"	"Melding:besluit landbouwbedrijven milieubeheer"
"Gulpen-Wittem"	"6287AE33"	"Melkrundvee"	"Nee"	"Grachtstraat 33 6287AE Eys"	"Gulpen-Wittem"	"1"	""	"904,40"	"0,00"	"8.120,00"	"193570"	"315495"	"193559"	"315545"	"2006-11-08"	"Vergunning:Beschikkking WM revisievergunning"
"Gulpen-Wittem"	"6287AM30A"	"Melkrundvee"	"Nee"	"Wezelderweg 30A 6287AM Eys"	"Gulpen-Wittem"	"1"	""	"851,80"	"0,00"	"7.660,00"	"193723"	"315032"	"193712"	"315009"	"2006-06-20"	"Melding:besluit landbouwbedrijven milieubeheer"
"Gulpen-Wittem"	"6287BV19"	"Paarden"	"Nee"	"Kromhagerweg 19 6287BV Eys"	"Gulpen-Wittem"	"1"	""	"80,00"	"0,00"	"0,00"	"194405"	"315449"	"194384"	"315442"	"2011-05-17"	"Melding:besluit landbouwbedrijven milieubeheer"
"Gulpen-Wittem"	"6287BV7"	"Vleesvarkens"	"Nee"	"Kromhagerweg 7 6287BV Eys"	"Gulpen-Wittem"	"1"	""	"4.500,00"	"23.000,00"	"153.000,00"	"194433"	"315213"	"194413"	"315221"	"2007-07-03"	"Vergunning:Beschikkking WM revisievergunning"
"Gulpen-Wittem"	"6287CB61"	"Melkrundvee"	"Nee"	"Mr dr Froweinweg 61 6287CB Eys"	"Gulpen-Wittem"	"1"	""	"539,00"	"320,40"	"7.339,00"	"194815"	"315161"	"194796"	"315183"	"2007-06-29"	"Vergunning:Beschikkking WM revisievergunning"
"Gulpen-Wittem"	"6287CD58"	"Melkrundvee"	"Nee"	"Mr dr Froweinweg 58 6287CD Eys"	"Gulpen-Wittem"	"1"	""	"656,40"	"0,00"	"5.898,00"	"194806"	"315045"	"194787"	"315038"	"1994-03-22"	"Vergunning:oprichtingsvergunning"
"Gulpen-Wittem"	"6287NC2"	"Melkrundvee"	"Nee"	"Eyserheide 2 6287NC Eys"	"Gulpen-Wittem"	"1"	""	"215,50"	"0,00"	"2.620,00"	"193360"	"316736"	"193347"	"316747"	"2007-02-02"	"Melding:besluit landbouwbedrijven milieubeheer"
"Gulpen-Wittem"	"6287ND23"	"Paarden"	"Nee"	"Eyserweg 23 6287ND Eys"	"Gulpen-Wittem"	"1"	""	"171,98"	"32,90"	"2.032,00"	"194437"	"317259"	"194421"	"317254"	"2006-10-10"	"Vergunning:Beschikkking WM revisievergunning"
"Gulpen-Wittem"	"6287ND9"	"Melkrundvee"	"Nee"	"Eyserweg 9 6287ND EYS"	"Gulpen-Wittem"	"1"	""	"1.782,00"	"0,00"	"16.020,00"	"194471"	"316880"	"194471"	"316880"	"2010-07-26"	"Melding:besluit landbouwbedrijven milieubeheer"
"Gulpen-Wittem"	"6287NG9"	"voormalig bedrijf"	"Ja"	"Hamerstraat 9 6287NG EYS"	"Gulpen-Wittem"	"1"	""	"0,00"	"0,00"	"0,00"	"194675"	"316955"	"194675"	"316955"	"2006-06-02"	"Intrekking:intrekking gehele veebestand"
"Gulpen-Wittem"	"6289NA3"	"Melkrundvee"	"Nee"	"Elkenrade 3 6289NA Elkenrade"	"Gulpen-Wittem"	"1"	""	"3.741,00"	"0,00"	"40.776,00"	"192413"	"316897"	"192457"	"316836"	"2007-10-17"	"Vergunning:Beschikkking WM revisievergunning"
"Gulpen-Wittem"	"6289NA8"	"Paarden"	"Nee"	"Elkenrade 8 6289NA Elkenrade"	"Gulpen-Wittem"	"1"	""	"132,60"	"0,00"	"0,00"	"192515"	"316869"	"192504"	"316866"	"2007-09-25"	"Vergunning:Beschikkking WM revisievergunning"
"Gulpen-Wittem"	"6289NB12"	"Melkrundvee"	"Nee"	"Elkenrade 12 6289NB ELKENRADE"	"Gulpen-Wittem"	"1"	""	"1.044,00"	"0,00"	"9.360,00"	"192457"	"316947"	"192457"	"316947"	"1993-10-07"	"Melding:besluit landbouwbedrijven milieubeheer"
"Gulpen-Wittem"	"6289NB28"	"Paarden"	"Nee"	"Elkenrade 28 6289NB Elkenrade"	"Gulpen-Wittem"	"1"	""	"144,45"	"10,20"	"2.520,00"	"192599"	"317052"	"192622"	"317076"	"2009-03-24"	"Melding:besluit landbouwbedrijven milieubeheer"
"Vaals"	"6291NA63"	"Melkrundvee"	"Nee"	"Wolfhaag 63 6291NA Vaals"	"Vaals"	"1"	""	"676,00"	"0,00"	"6.136,00"	"197949"	"308279"	"197965"	"308282"	"1990-07-17"	"Vergunning:beschikking WM veranderingsvergunning"
"Vaals"	"6291NA65"	"Melkrundvee"	"Nee"	"Wolfhaag 65 6291NA Vaals"	"Vaals"	"1"	""	"1.688,50"	"890,00"	"15.299,00"	"197920"	"308238"	"197923"	"308303"	"1993-08-09"	"Vergunning:Beschikkking WM revisievergunning"
"Vaals"	"6291NC51"	"Melkrundvee"	"Nee"	"Rarenderstraat 51 6291NC Vaals"	"Vaals"	"1"	""	"1.290,00"	"6.900,00"	"49.440,00"	"197358"	"308318"	"197378"	"308345"	"1987-05-26"	"Vergunning:beschikking WM veranderingsvergunning"
"Vaals"	"6291ND56"	"Melkrundvee"	"Nee"	"Rarenderstraat 56 6291ND Vaals"	"Vaals"	"1"	""	"269,80"	"0,00"	"2.416,00"	"197349"	"308245"	"197366"	"308238"	"1992-11-23"	"Vergunning:oprichtingsvergunning"
"Vaals"	"6291NG3"	"Melkrundvee"	"Nee"	"Schuttebergsweg 3 6291NG Vaals"	"Vaals"	"1"	""	"532,40"	"427,20"	"6.212,00"	"198408"	"308085"	"198442"	"308094"	"1982-12-22"	"Vergunning:oprichtingsvergunning"
"Vaals"	"6291NG5A"	"Paarden"	"Nee"	"Schuttebergsweg 5A 6291NG VAALS"	"Vaals"	"1"	""	"300,00"	"0,00"	"0,00"	"198276"	"308383"	"198276"	"308383"	"2006-01-20"	"Vergunning:beschikking WM veranderingsvergunning"
"Vaals"	"6291NH12"	"Melkrundvee"	"Nee"	"Vaalsbroek 12 6291NH Vaals"	"Vaals"	"1"	""	"521,00"	"0,00"	"4.700,00"	"197833"	"309036"	"197814"	"308823"	"1991-06-18"	"Vergunning:beschikking WM veranderingsvergunning"
"Vaals"	"6291NK11"	"Melkrundvee"	"Nee"	"Eschberg 11 6291NK Vaals"	"Vaals"	"1"	""	"783,00"	"340,00"	"88.248,00"	"198404"	"309009"	"198398"	"309024"	"1980-09-03"	"Vergunning:oprichtingsvergunning"
"Vaals"	"6291NK9"	"Melkrundvee"	"Nee"	"Eschberg 9 6291NK Vaals"	"Vaals"	"1"	""	"767,00"	"0,00"	"6.962,00"	"198437"	"309003"	"198428"	"309028"	"1978-03-08"	"Vergunning:oprichtingsvergunning"
"Vaals"	"6291NL1"	"Melkrundvee"	"Nee"	"Weijerweg 1 6291NL Vaals"	"Vaals"	"1"	""	"608,00"	"0,00"	"5.480,00"	"198046"	"309277"	"198060"	"309279"	"1974-07-10"	"Vergunning:oprichtingsvergunning"
"Vaals"	"6291NL2"	"Melkrundvee"	"Nee"	"Weijerweg 2 6291NL Vaals"	"Vaals"	"1"	""	"2.600,00"	"0,00"	"23.600,00"	"198034"	"309295"	"198070"	"309300"	"2002-11-27"	"Melding:besluit landbouwbedrijven milieubeheer"
"Vaals"	"6291NL4"	"Melkrundvee"	"Nee"	"Weijerweg 4 6291NL VAALS"	"Vaals"	"1"	""	"2.600,00"	"0,00"	"23.600,00"	"198099"	"309346"	"198099"	"309346"	"1994-06-06"	"Melding:besluit landbouwbedrijven milieubeheer"
"Vaals"	"6291NM7"	"Melkrundvee"	"Nee"	"Lemierserberg 7 6291NM Vaals"	"Vaals"	"1"	""	"814,30"	"170,00"	"47.890,00"	"198684"	"309996"	"198688"	"310019"	"1997-03-24"	"Vergunning:Beschikkking WM revisievergunning"
"Vaals"	"6294AP26"	"Melkrundvee"	"Nee"	"Hilleshagerweg 26 6294AP Vijlen"	"Vaals"	"1"	""	"277,48"	"8,50"	"4.520,00"	"195120"	"311908"	"195082"	"311882"	"2002-12-16"	"Vergunning:Beschikkking WM revisievergunning"
"Vaals"	"6294AP6"	"Melkrundvee"	"Nee"	"Hilleshagerweg 6 6294AP Vijlen"	"Vaals"	"1"	""	"109,00"	"0,00"	"970,00"	"195509"	"311487"	"195495"	"311474"	"1992-10-12"	"Vergunning:oprichtingsvergunning"
"Vaals"	"6294BA21"	"Melkrundvee"	"Nee"	"Vijlenstraat 21 6294BA Vijlen"	"Vaals"	"1"	""	"1.306,80"	"0,00"	"11.664,00"	"195379"	"310587"	"195395"	"310620"	"1997-01-13"	"Melding:besluit landbouwbedrijven milieubeheer"
"Vaals"	"6294BA51"	"Melkrundvee"	"Nee"	"Vijlenstraat 51 6294BA Vijlen"	"Vaals"	"1"	""	"1.435,00"	"1.780,00"	"19.120,00"	"195338"	"310867"	"195323"	"310888"	"1988-03-15"	"Vergunning:beschikking WM veranderingsvergunning"
"Vaals"	"6294NA4"	"Melkrundvee"	"Nee"	"Camerig 4 6294NA Vijlen"	"Vaals"	"1"	""	"804,00"	"0,00"	"7.230,00"	"193425"	"308689"	"193380"	"308705"	"1998-07-14"	"Melding:besluit landbouwbedrijven milieubeheer"
"Vaals"	"6294NB22"	"Melkrundvee"	"Nee"	"Camerig 22 6294NB Vijlen"	"Vaals"	"1"	""	"130,00"	"0,00"	"1.180,00"	"192756"	"309328"	"192784"	"309340"	"1900-01-01"	"Melding:besluit landbouwbedrijven milieubeheer"
"Vaals"	"6294NE10"	"Paarden"	"Nee"	"Cottessen 10 6294NE Vijlen"	"Vaals"	"1"	""	"113,00"	"0,00"	"760,00"	"193837"	"308228"	"193824"	"308236"	"2002-12-09"	"Vergunning:Beschikkking WM revisievergunning"
"Vaals"	"6294NE13"	"Melkrundvee"	"Nee"	"Cottessen 13 6294NE Vijlen"	"Vaals"	"1"	""	"494,00"	"0,00"	"4.484,00"	"194122"	"308542"	"194140"	"308543"	"1981-11-04"	"Vergunning:oprichtingsvergunning"
"Vaals"	"6294NG11"	"Melkrundvee"	"Nee"	"Harles 11 6294NG Vijlen"	"Vaals"	"1"	""	"1.477,60"	"0,00"	"13.288,00"	"196654"	"310345"	"196694"	"310338"	"2001-10-30"	"Vergunning:Beschikkking WM revisievergunning"
"Vaals"	"6294NG19"	"Paarden"	"Nee"	"Harles 19 6294NG Vijlen"	"Vaals"	"1"	""	"307,22"	"707,40"	"1.944,00"	"196473"	"310409"	"196493"	"310433"	"2008-01-02"	"Vergunning:Beschikkking WM revisievergunning"
"Vaals"	"6294NG22"	"Leghennen"	"Nee"	"Harles 22 6294NG Vijlen"	"Vaals"	"1"	""	"3.148,00"	"13.746,00"	"142.200,00"	"196228"	"310355"	"196175"	"310394"	"2000-08-15"	"Vergunning:ambtshalve wijziging"
"Vaals"	"6294NG3"	"Melkrundvee"	"Nee"	"Harles 3 6294NG Vijlen"	"Vaals"	"1"	""	"2.600,00"	"0,00"	"23.600,00"	"196618"	"309799"	"196655"	"309781"	"2002-10-17"	"Melding:besluit landbouwbedrijven milieubeheer"
"Vaals"	"6294NG7"	"Melkrundvee"	"Nee"	"Harles 7 6294NG Vijlen"	"Vaals"	"1"	""	"471,50"	"1.602,00"	"11.180,00"	"196816"	"310519"	"196833"	"310532"	"2008-12-09"	"Vergunning:beschikking WM veranderingsvergunning"
"Vaals"	"6294NJ75"	"Melkrundvee"	"Nee"	"Melleschet 75 6294NJ Vijlen"	"Vaals"	"1"	""	"195,00"	"0,00"	"1.770,00"	"195140"	"311416"	"195137"	"311408"	"1980-07-09"	"Vergunning:oprichtingsvergunning"
"Vaals"	"6294NK38"	"Melkrundvee"	"Nee"	"Melleschet 38 6294NK Vijlen"	"Vaals"	"1"	""	"1.479,40"	"0,00"	"13.120,00"	"195007"	"311227"	"195007"	"311268"	"2003-01-16"	"Vergunning:Beschikkking WM revisievergunning"
"Vaals"	"6295AM113"	"Melkrundvee"	"Nee"	"Lemiers-Rijksweg 113 6295AM Lemiers"	"Vaals"	"1"	""	"312,00"	"0,00"	"2.832,00"	"197609"	"311227"	"197625"	"311245"	"1981-06-24"	"Vergunning:oprichtingsvergunning"
"Vaals"	"6295AM119"	"Melkrundvee"	"Nee"	"Lemiers-Rijksweg 119 6295AM Lemiers"	"Vaals"	"1"	""	"1.105,00"	"0,00"	"10.030,00"	"197249"	"311301"	"197239"	"311340"	"1975-09-25"	"Vergunning:oprichtingsvergunning"
"Vaals"	"6295AT28"	"Vleesvee"	"Nee"	"Oud Lemiers 28 6295AT Lemiers"	"Vaals"	"1"	""	"212,00"	"0,00"	"4.160,00"	"198075"	"310844"	"198098"	"310813"	"1986-08-12"	"Vergunning:oprichtingsvergunning"
"Vaals"	"6295NB12"	"Melkrundvee"	"Nee"	"Mamelis 12 6295NB Lemiers"	"Vaals"	"1"	""	"949,00"	"0,00"	"10.140,00"	"196663"	"311722"	"196635"	"311684"	"1996-03-06"	"Melding:besluit landbouwbedrijven milieubeheer"
"Vaals"	"6295NB21"	"Melkrundvee"	"Nee"	" 21 6295NB "	"Vaals"	"1"	""	"1.308,00"	"2.848,00"	"21.624,00"	"196400"	"312095"	"196400"	"312095"	"1989-04-04"	"Vergunning:beschikking WM veranderingsvergunning"
"Vaals"	"6295NC1"	"Melkrundvee"	"Nee"	"Holset 1 6295NC Lemiers"	"Vaals"	"1"	""	"2.385,20"	"142,40"	"21.630,00"	"197430"	"310008"	"197408"	"310017"	"2000-01-21"	"Melding:besluit landbouwbedrijven milieubeheer"
"Valkenburg aan de Geul"	"6301AJ1"	"Melkrundvee"	"Nee"	"Torenweg 1 6301AJ Valkenburg"	"Valkenburg aan de Geul"	"1"	""	"3.380,00"	"0,00"	"30.680,00"	"185949"	"317686"	"185960"	"317694"	"1990-12-06"	"Vergunning:beschikking WM melding art 8.19"
"Valkenburg aan de Geul"	"6301AN1"	"Melkrundvee"	"Nee"	"Klein Linde 1 6301AN Valkenburg"	"Valkenburg aan de Geul"	"1"	""	"1.044,80"	"2.385,20"	"9.441,00"	"186522"	"317266"	"186087"	"317193"	"1995-03-15"	"Vergunning:beschikking WM melding art 8.19"
"Valkenburg aan de Geul"	"6301AV101"	"Schapen"	"Nee"	"Sibberkerkstraat 101 6301AV Valkenburg"	"Valkenburg aan de Geul"	"1"	""	"21,00"	"234,00"	"0,00"	"185596"	"317269"	"185596"	"317250"	"2002-07-03"	"Vergunning:beschikking WM melding art 8.19"
"Valkenburg aan de Geul"	"6301AV91"	"Paarden"	"Nee"	"Sibberkerkstraat 91 6301AV Valkenburg"	"Valkenburg aan de Geul"	"1"	""	"25,00"	"0,00"	"0,00"	"185679"	"317261"	"185654"	"317227"	"1994-03-21"	"Vergunning:beschikking WM melding art 8.19"
"Valkenburg aan de Geul"	"6301BB49"	"Melkrundvee"	"Nee"	"Dorpstraat 49 6301BB Valkenburg"	"Valkenburg aan de Geul"	"1"	""	"180,20"	"551,00"	"2.799,00"	"185653"	"317403"	"185638"	"317390"	"2003-07-09"	"Vergunning:beschikking WM melding art 8.19"
"Valkenburg aan de Geul"	"6301EN86"	"Melkrundvee"	"Nee"	"Hekerbeekweg 86 6301EN Valkenburg"	"Valkenburg aan de Geul"	"1"	""	"2.955,00"	"0,00"	"26.580,00"	"187167"	"320290"	"187188"	"320271"	"1999-09-06"	"Vergunning:beschikking WM melding art 8.19"
"Valkenburg aan de Geul"	"6301HM17"	"Melkrundvee"	"Nee"	"Bosstraat 17 6301HM Valkenburg"	"Valkenburg aan de Geul"	"1"	""	"2.403,20"	"0,00"	"21.614,00"	"185744"	"321295"	"185759"	"321303"	"2010-03-25"	"Vergunning:Beschikkking WM revisievergunning"
"Valkenburg aan de Geul"	"6301HP77"	"Schapen"	"Nee"	"Strabeek 77 6301HP Valkenburg"	"Valkenburg aan de Geul"	"1"	""	"10,50"	"117,00"	"0,00"	"184586"	"320329"	"184588"	"320308"	"2008-04-03"	"Vergunning:beschikking WM melding art 8.19"
"Valkenburg aan de Geul"	"6301JC14"	"Schapen"	"Nee"	"Sint Gerlach 14 6301JC Valkenburg"	"Valkenburg aan de Geul"	"1"	""	"9,10"	"101,40"	"0,00"	"184210"	"320325"	"184214"	"320327"	"2007-02-07"	"Vergunning:beschikking WM melding art 8.19"
"Valkenburg aan de Geul"	"6301JH0ONG"	"Melkrundvee"	"Nee"	"Meerssenderweg 0ONG 6301JH VALKENBURG LB"	"Valkenburg aan de Geul"	"1"	""	"66,00"	"0,00"	"570,00"	"183405"	"320642"	"183405"	"320642"	"1900-01-01"	"Vergunning:beschikking WM melding art 8.19"
"Valkenburg aan de Geul"	"6301PH26"	"Melkrundvee"	"Nee"	"Groenstraat 26 6301PH Valkenburg"	"Valkenburg aan de Geul"	"1"	""	"1.686,00"	"1.357,00"	"21.927,00"	"186463"	"316915"	"186444"	"316838"	"1999-09-14"	"Vergunning:beschikking WM melding art 8.19"
"Valkenburg aan de Geul"	"6301PP6"	"Paarden"	"Nee"	"Beekstraat 6 6301PP Valkenburg"	"Valkenburg aan de Geul"	"1"	""	"6,20"	"0,00"	"0,00"	"185267"	"321580"	"185265"	"321641"	"1999-03-24"	"Melding:onbekend"
"Valkenburg aan de Geul"	"6301PR1"	"Paarden"	"Nee"	"Ravensbos 1 6301PR Valkenburg"	"Valkenburg aan de Geul"	"1"	""	"382,20"	"0,00"	"0,00"	"186295"	"322045"	"186321"	"322084"	"1900-01-01"	"Vergunning:beschikking WM melding art 8.19"
"Valkenburg aan de Geul"	"6301PR9"	"Melkrundvee"	"Nee"	"Ravensbos 9 6301PR Valkenburg"	"Valkenburg aan de Geul"	"1"	""	"98,00"	"106,80"	"1.472,00"	"186584"	"322433"	"186611"	"322546"	"1992-12-14"	"Vergunning:beschikking WM melding art 8.19"
"Valkenburg aan de Geul"	"6301PZ1"	"Melkrundvee"	"Nee"	"Gorisweg 1 6301PZ Valkenburg"	"Valkenburg aan de Geul"	"1"	""	"2.075,50"	"351,00"	"18.340,00"	"186764"	"316416"	"186790"	"316424"	"1991-10-02"	"Vergunning:beschikking WM melding art 8.19"
"Valkenburg aan de Geul"	"6301RB1"	"Vleesvee"	"Nee"	"Hoeve Heihofweg 1 6301RB Valkenburg"	"Valkenburg aan de Geul"	"1"	""	"496,00"	"0,00"	"13.600,00"	"186805"	"321178"	"186787"	"321198"	"1983-01-05"	"Vergunning:beschikking WM melding art 8.19"
"Valkenburg aan de Geul"	"6301RK2"	"Melkrundvee"	"Nee"	"Achelerweg 2 6301RK Valkenburg"	"Valkenburg aan de Geul"	"1"	""	"1.156,20"	"0,00"	"10.026,00"	"188459"	"320683"	"188352"	"320814"	"1995-09-14"	"Vergunning:beschikking WM melding art 8.19"
"Valkenburg aan de Geul"	"6305AA13"	"Schapen"	"Nee"	"Oud-Valkenburg 13 6305AA Schin op Geul"	"Valkenburg aan de Geul"	"1"	""	"38,00"	"195,00"	"430,00"	"187851"	"318451"	"187849"	"318464"	"1900-01-01"	"Vergunning:beschikking WM melding art 8.19"
"Valkenburg aan de Geul"	"6305BH3"	"Melkrundvee"	"Nee"	"Hoogbeek 3 6305BH Schin op Geul"	"Valkenburg aan de Geul"	"1"	""	"52,80"	"0,00"	"456,00"	"189405"	"318205"	"189401"	"318194"	"1900-01-01"	"Vergunning:beschikking WM melding art 8.19"
"Valkenburg aan de Geul"	"6305EC131"	"Melkrundvee"	"Nee"	"Valkenburgerweg 131 6305EC Schin op Geul"	"Valkenburg aan de Geul"	"1"	""	"341,40"	"1.032,40"	"7.330,00"	"189768"	"318008"	"189740"	"318053"	"1900-01-01"	"Vergunning:beschikking WM melding art 8.19"
"Valkenburg aan de Geul"	"6305PM6"	"Paarden"	"Nee"	"Engwegen 6 6305PM Schin op Geul"	"Valkenburg aan de Geul"	"1"	""	"315,70"	"54,60"	"1.446,00"	"189305"	"317617"	"189315"	"317635"	"2002-05-14"	"Vergunning:beschikking WM melding art 8.19"
"Valkenburg aan de Geul"	"6305PP8"	"Melkrundvee"	"Nee"	"Keutenberg 8 6305PP Schin op Geul"	"Valkenburg aan de Geul"	"1"	""	"812,80"	"0,00"	"7.306,00"	"189207"	"317067"	"189180"	"317035"	"1988-05-31"	"Vergunning:beschikking WM melding art 8.19"
"Valkenburg aan de Geul"	"6305PP9"	"Melkrundvee"	"Nee"	"Keutenberg 9 6305PP Schin op Geul"	"Valkenburg aan de Geul"	"1"	""	"978,00"	"0,00"	"8.790,00"	"189228"	"317052"	"189264"	"317037"	"2003-08-12"	"Vergunning:beschikking WM melding art 8.19"
"Margraten"	"6307PB95"	"Melkrundvee"	"Nee"	"Scheulderdorpsstraat 95 6307PB Scheulder"	"Margraten"	"1"	""	"947,40"	"0,00"	"8.520,00"	"186990"	"315661"	"187014"	"315699"	"1900-01-01"	"Vergunning:beschikking WM melding art 8.19"
"Margraten"	"6307PB99"	"Paarden"	"Nee"	"Scheulderdorpsstraat 99 6307PB Scheulder"	"Margraten"	"1"	""	"83,10"	"0,00"	"0,00"	"186947"	"315679"	"186953"	"315701"	"1900-01-01"	"Vergunning:beschikking WM melding art 8.19"
"Margraten"	"6307PC60"	"Melkrundvee"	"Nee"	"Scheulderdorpsstraat 60 6307PC Scheulder"	"Margraten"	"1"	""	"813,60"	"0,00"	"7.290,00"	"187122"	"315588"	"187112"	"315571"	"1900-01-01"	"Vergunning:beschikking WM melding art 8.19"
"Margraten"	"6307PG12"	"Melkrundvee"	"Nee"	"Gerendalsweg 12 6307PG Scheulder"	"Margraten"	"1"	""	"921,60"	"0,00"	"8.280,00"	"187462"	"315517"	"187464"	"315537"	"1900-01-01"	"Vergunning:beschikking WM melding art 8.19"
"Voerendaal"	"6311BC10"	"Melkrundvee"	"Nee"	"Termoors 10 6311BC Ransdaal"	"Voerendaal"	"1"	""	"3.010,00"	"16.100,00"	"115.360,00"	"191257"	"319739"	"191293"	"319770"	"1997-03-18"	"Vergunning:ambtshalve wijziging"
"Voerendaal"	"6312AE30"	"Melkrundvee"	"Nee"	"Sint Gillisstraat 30 6312AE Ransdaal"	"Voerendaal"	"1"	""	"1.310,00"	"1.424,00"	"11.940,00"	"190585"	"319203"	"190552"	"319191"	"2004-11-16"	"Melding:besluit landbouwbedrijven milieubeheer"
"Voerendaal"	"6312AE32"	"Melkrundvee"	"Nee"	"Sint Gillisstraat 32 6312AE Ransdaal"	"Voerendaal"	"1"	""	"182,40"	"0,00"	"2.400,00"	"190635"	"319070"	"190604"	"319116"	"2008-09-11"	"Melding:besluit landbouwbedrijven milieubeheer"
"Voerendaal"	"6312AH28"	"Melkrundvee"	"Nee"	"Ransdalerstraat 28 6312AH Ransdaal"	"Voerendaal"	"1"	"Nee"	"498,20"	"0,00"	"9.860,00"	"190252"	"319288"	"190252"	"319304"	"2015-07-09"	"Melding:Activiteitenbesluit"
"Voerendaal"	"6312AJ70"	"Paarden"	"Nee"	"Ransdalerstraat 70 6312AJ Ransdaal"	"Voerendaal"	"1"	""	"118,90"	"990,60"	"0,00"	"190669"	"319472"	"190672"	"319460"	"2007-11-02"	"Vergunning:Beschikkking WM revisievergunning"
"Gulpen-Wittem"	"6321AM41"	"Melkrundvee"	"Nee"	"Knipstraat 41 6321AM Wijlre"	"Gulpen-Wittem"	"1"	""	"396,40"	"0,00"	"5.680,00"	"190993"	"315481"	"190968"	"315470"	"2007-07-31"	"Melding:besluit landbouwbedrijven milieubeheer"
"Gulpen-Wittem"	"6321AX1"	"Melkrundvee"	"Nee"	"Vosheuvelweg 1 6321AX Wijlre"	"Gulpen-Wittem"	"1"	""	"50,70"	"0,00"	"792,00"	"191503"	"315616"	"191224"	"315670"	"1993-02-10"	"Melding:besluit landbouwbedrijven milieubeheer"
"Gulpen-Wittem"	"6321EJ13"	"voormalig bedrijf"	"Ja"	"Tuinstraat 13 6321EJ WIJLRE"	"Gulpen-Wittem"	"1"	""	"0,00"	"0,00"	"0,00"	"189841"	"317513"	"189841"	"317513"	"2012-10-24"	"Intrekking:intrekking gehele veebestand"
"Gulpen-Wittem"	"6321GH106"	"Melkrundvee"	"Nee"	"Valkenburgerweg 106 6321GH Wijlre"	"Gulpen-Wittem"	"1"	""	"343,70"	"712,00"	"7.340,00"	"189941"	"317425"	"189919"	"317417"	"2007-03-01"	"Vergunning:Beschikkking WM revisievergunning"
"Gulpen-Wittem"	"6321GH70"	"Melkrundvee"	"Nee"	"Valkenburgerweg 70 6321GH Wijlre"	"Gulpen-Wittem"	"1"	""	"730,00"	"0,00"	"7.800,00"	"190063"	"317143"	"190051"	"317129"	"2010-08-02"	"Melding:besluit landbouwbedrijven milieubeheer"
"Gulpen-Wittem"	"6321PC1"	"Zeugen"	"Nee"	"Berghof 1 6321PC Wijlre"	"Gulpen-Wittem"	"1"	""	"287,78"	"1.842,00"	"16.663,00"	"188941"	"316116"	"188960"	"316106"	"2003-04-25"	"Vergunning:Beschikkking WM revisievergunning"
"Gulpen-Wittem"	"6321PC2"	"Melkrundvee"	"Nee"	"Berghof 2 6321PC Wijlre"	"Gulpen-Wittem"	"1"	""	"1.587,00"	"0,00"	"14.576,00"	"188983"	"315845"	"189017"	"315870"	"2012-05-30"	"Melding:besluit landbouwbedrijven milieubeheer"
"Gulpen-Wittem"	"6321PC3-4"	"Melkrundvee"	"Nee"	"Berghof 3-4 6321PC WIJLRE"	"Gulpen-Wittem"	"1"	""	"1.594,80"	"0,00"	"14.346,00"	"189027"	"315812"	"189027"	"315812"	"2007-08-02"	"Melding:besluit landbouwbedrijven milieubeheer"
"Gulpen-Wittem"	"6321PG72"	"Melkrundvee"	"Nee"	"Stokhem 72 6321PG Wijlre"	"Gulpen-Wittem"	"1"	""	"732,00"	"0,00"	"6.528,00"	"189857"	"316162"	"189810"	"316144"	"2012-07-05"	"Melding:besluit landbouwbedrijven milieubeheer"
"Gulpen-Wittem"	"6321PK1"	"Paarden"	"Nee"	"Haasstad 1 6321PK Wijlre"	"Gulpen-Wittem"	"1"	""	"241,00"	"712,00"	"4.640,00"	"189694"	"316698"	"189692"	"316717"	"2007-07-31"	"Melding:besluit landbouwbedrijven milieubeheer"
"Gulpen-Wittem"	"6321PV12"	"Melkrundvee"	"Nee"	"Kapolder 12 6321PV Wijlre"	"Gulpen-Wittem"	"1"	""	"606,60"	"1.068,00"	"5.322,00"	"191301"	"314797"	"191328"	"314817"	"2010-07-26"	"Melding:besluit landbouwbedrijven milieubeheer"
"Gulpen-Wittem"	"6321PV14"	"Melkrundvee"	"Nee"	"Kapolder 14 6321PV Wijlre"	"Gulpen-Wittem"	"1"	""	"1.286,00"	"1.780,00"	"17.690,00"	"191321"	"314834"	"191328"	"314786"	"1994-05-25"	"Vergunning:beschikking WM veranderingsvergunning"
"Valkenburg aan de Geul"	"6325AA37"	"Melkrundvee"	"Nee"	"Rijksweg 37 6325AA Berg en Terblijt"	"Valkenburg aan de Geul"	"1"	""	"517,38"	"42,50"	"14.800,00"	"182613"	"319003"	"182617"	"319033"	"1994-08-11"	"Vergunning:beschikking WM melding art 8.19"
"Valkenburg aan de Geul"	"6325AH148"	"Melkrundvee"	"Nee"	"Rijksweg 148 6325AH Berg en Terblijt"	"Valkenburg aan de Geul"	"1"	""	"596,18"	"160,08"	"6.172,00"	"183996"	"318779"	"183996"	"318737"	"2008-04-04"	"Vergunning:beschikking WM melding art 8.19"
"Valkenburg aan de Geul"	"6325AJ188"	"Paarden"	"Nee"	"Rijksweg 188 6325AJ Berg en Terblijt"	"Valkenburg aan de Geul"	"1"	""	"5,00"	"0,00"	"0,00"	"184952"	"318596"	"184960"	"318577"	"1971-10-13"	"Vergunning:beschikking WM melding art 8.19"
"Valkenburg aan de Geul"	"6325EH8"	"Paarden"	"Nee"	"Op de Bies 8 6325EH Berg en Terblijt"	"Valkenburg aan de Geul"	"1"	""	"26,68"	"8,50"	"2.176,00"	"182526"	"319612"	"182543"	"319629"	"1996-03-19"	"Vergunning:beschikking WM melding art 8.19"
"Valkenburg aan de Geul"	"6325PA1A"	"Melkrundvee"	"Nee"	"Lindenstraat 1A 6325PA Berg en Terblijt"	"Valkenburg aan de Geul"	"1"	""	"425,20"	"0,00"	"3.844,00"	"183723"	"318692"	"183743"	"318682"	"1985-11-06"	"Vergunning:beschikking WM melding art 8.19"
"Valkenburg aan de Geul"	"6325PA31"	"Paarden"	"Nee"	"Lindenstraat 31 6325PA Berg en Terblijt"	"Valkenburg aan de Geul"	"1"	""	"125,00"	"0,00"	"0,00"	"182843"	"318134"	"182836"	"318112"	"1900-01-01"	"Vergunning:beschikking WM melding art 8.19"
"Valkenburg aan de Geul"	"6325PB60"	"Melkrundvee"	"Nee"	"Lindenstraat 60 6325PB Berg en Terblijt"	"Valkenburg aan de Geul"	"1"	""	"2.977,00"	"0,00"	"26.770,00"	"183039"	"318264"	"183039"	"318269"	"2007-02-02"	"Vergunning:beschikking WM melding art 8.19"
"Valkenburg aan de Geul"	"6325PD10"	"Melkrundvee"	"Nee"	"Muntweg 10 6325PD Berg en Terblijt"	"Valkenburg aan de Geul"	"1"	""	"739,00"	"0,00"	"6.640,00"	"183088"	"318546"	"183122"	"318531"	"1900-01-01"	"Vergunning:beschikking WM melding art 8.19"
"Valkenburg aan de Geul"	"6325PE5"	"Melkrundvee"	"Nee"	"Rijksweg 5 6325PE BERG EN TERBLIJT"	"Valkenburg aan de Geul"	"1"	""	"2.082,00"	"0,00"	"18.840,00"	"180971"	"318937"	"180971"	"318937"	"2002-08-19"	"Vergunning:beschikking WM melding art 8.19"
"Valkenburg aan de Geul"	"6325PG1"	"Paarden"	"Nee"	"Schansweg 1 6325PG Berg en Terblijt"	"Valkenburg aan de Geul"	"1"	""	"1.790,00"	"12.880,00"	"85.680,00"	"181612"	"319103"	"181629"	"319139"	"1900-01-01"	"Vergunning:beschikking WM melding art 8.19"
"Valkenburg aan de Geul"	"6325PG3"	"Leghennen"	"Nee"	"Schansweg 3 6325PG Berg en Terblijt"	"Valkenburg aan de Geul"	"1"	""	"2.205,00"	"2.380,00"	"588.000,00"	"181969"	"319310"	"181969"	"319361"	"1988-12-21"	"Vergunning:beschikking WM melding art 8.19"
"Beekdaelen"	"6333AB2"	"Melkrundvee"	"Nee"	"Kleverstraat 2 6333AB Schimmert"	"Beekdaelen"	"1"	""	"466,90"	"722,40"	"4.445,00"	"185298"	"322358"	"185285"	"322369"	"1994-03-01"	"Vergunning:Beschikkking WM revisievergunning"
"Beekdaelen"	"6333AC7"	"Melkrundvee"	"Nee"	"Platzputterweg 7 6333AC Schimmert"	"Beekdaelen"	"1"	""	"1.071,90"	"2.705,60"	"10.750,00"	"185621"	"322409"	"185651"	"322417"	"1992-01-07"	"Vergunning:Beschikkking WM revisievergunning"
"Beekdaelen"	"6333AG13"	"Melkrundvee"	"Nee"	"Klein-Haasdal 13 6333AG Schimmert"	"Beekdaelen"	"1"	""	"185,00"	"534,00"	"4.220,00"	"185528"	"323309"	"185528"	"323294"	"2008-08-01"	"Melding:besluit landbouwbedrijven milieubeheer"
"Beekdaelen"	"6333AL82"	"Schapen"	"Nee"	"Klein-Haasdal 82 6333AL Schimmert"	"Beekdaelen"	"1"	""	"35,00"	"390,00"	"0,00"	"184993"	"322906"	"184987"	"322910"	"1994-11-10"	"Vergunning:"
"Beekdaelen"	"6333AM1"	"Zeugen"	"Nee"	"Klein-Haasdalerweg 1 6333AM Schimmert"	"Beekdaelen"	"1"	""	"1.134,48"	"7.224,30"	"62.658,00"	"184639"	"322743"	"184658"	"322726"	"1994-12-13"	"Vergunning:Beschikkking WM revisievergunning"
"Beekdaelen"	"6333AM2"	"Melkrundvee"	"Nee"	"Klein-Haasdalerweg 2 6333AM Schimmert"	"Beekdaelen"	"1"	""	"6.765,40"	"0,00"	"66.100,00"	"184439"	"322683"	"184402"	"322702"	"2014-05-23"	"Vergunning:Omgevingsvergunning revisie"
"Beekdaelen"	"6333AV15"	"Paarden"	"Nee"	"Groot-Haasdal 15 6333AV Schimmert"	"Beekdaelen"	"1"	""	"38,10"	"0,00"	"0,00"	"185495"	"322536"	"185503"	"322520"	"2013-09-09"	"Melding:Activiteitenbesluit"
"Beekdaelen"	"6333AV7"	"Melkrundvee"	"Nee"	"Groot-Haasdal 7 6333AV Schimmert"	"Beekdaelen"	"3"	""	"1.995,20"	"0,00"	"24.752,00"	"185592"	"322658"	"185603"	"322645"	"2015-01-13"	"Melding:Activiteitenbesluit"
"Beekdaelen"	"6333CB19"	"Melkrundvee"	"Nee"	"Vauwerhofweg 19 6333CB Schimmert"	"Beekdaelen"	"1"	""	"698,50"	"1.246,00"	"12.810,00"	"185671"	"324822"	"185643"	"324794"	"2017-08-10"	"Melding:Activiteitenbesluit"
"Beekdaelen"	"6333CG90"	"Melkrundvee"	"Nee"	"Langstraat 90 6333CG Schimmert"	"Beekdaelen"	"1"	""	"415,00"	"0,00"	"3.540,00"	"184992"	"324439"	"184988"	"324450"	"1994-04-11"	"Vergunning:Beschikkking WM revisievergunning"
"Beekdaelen"	"6333EN10"	"Paarden"	"Nee"	"Oensel 10 6333EN Schimmert"	"Beekdaelen"	"1"	""	"242,00"	"0,00"	"0,00"	"184672"	"324531"	"184674"	"324508"	"2006-07-27"	"Vergunning:Beschikkking WM revisievergunning"
"Beekdaelen"	"6333EP14"	"Melkrundvee"	"Nee"	"Haagstraat 14 6333EP Schimmert"	"Beekdaelen"	"1"	""	"887,00"	"0,00"	"7.964,00"	"184795"	"324716"	"184778"	"324722"	"1993-02-16"	"Vergunning:Beschikkking WM revisievergunning"
"Beekdaelen"	"6333EV2"	"Melkrundvee"	"Nee"	"Waterkuilsvoetpad 2 6333EV Schimmert"	"Beekdaelen"	"1"	""	"1.586,00"	"0,00"	"14.270,00"	"184970"	"323392"	"184972"	"323412"	"2007-09-18"	"Melding:besluit landbouwbedrijven milieubeheer"
"Beekdaelen"	"6336TG45"	"Paarden"	"Nee"	"Wissengrachtweg 45 6336TG Hulsberg"	"Beekdaelen"	"1"	""	"475,00"	"0,00"	"0,00"	"188758"	"322494"	"188748"	"322511"	"2007-10-10"	"Vergunning:Beschikkking WM revisievergunning"
"Beekdaelen"	"6336TG49"	"Vleesvee"	"Nee"	"Wissengrachtweg 49 6336TG Hulsberg"	"Beekdaelen"	"1"	""	"427,50"	"2.670,00"	"12.750,00"	"188803"	"322547"	"188790"	"322551"	"2014-06-05"	"Vergunning:Omgevingsvergunning beperkte milieutoets"
"Beekdaelen"	"6336VW10"	"Melkrundvee"	"Nee"	"Diepestraat 10 6336VW Hulsberg"	"Beekdaelen"	"1"	""	"526,50"	"1.602,00"	"10.845,00"	"187070"	"322265"	"187091"	"322276"	"2012-06-04"	"Vergunning:Omgevingsvergunning verandering"
"Beekdaelen"	"6336VW26"	"Melkrundvee"	"Nee"	"Diepestraat 26 6336VW Hulsberg"	"Beekdaelen"	"1"	""	"2.392,00"	"6.581,00"	"924.366,00"	"186772"	"322490"	"186784"	"322523"	"2006-06-21"	"Vergunning:oprichtingsvergunning"
"Beekdaelen"	"6336VW58"	"Paarden"	"Nee"	"Diepestraat 58 6336VW Hulsberg"	"Beekdaelen"	"1"	""	"250,00"	"0,00"	"0,00"	"186645"	"322599"	"186675"	"322656"	"2007-09-17"	"Melding:besluit landbouwbedrijven milieubeheer"
"Beekdaelen"	"6336VW59"	"Paarden"	"Nee"	" 59 6336VW "	"Beekdaelen"	"1"	""	"95,00"	"0,00"	"0,00"	"186572"	"322584"	"186572"	"322584"	"2000-03-24"	"Vergunning:oprichtingsvergunning"
"Beekdaelen"	"6336VZ28"	"Schapen"	"Nee"	"Kampstraat 28 6336VZ Hulsberg"	"Beekdaelen"	"1"	""	"817,00"	"7.460,00"	"12.205,00"	"186807"	"321962"	"186764"	"321972"	"2007-07-11"	"Vergunning:beschikking WM veranderingsvergunning"
"Beekdaelen"	"6336XG60"	"Melkrundvee"	"Nee"	" 60 6336XG "	"Beekdaelen"	"1"	""	"102,50"	"178,00"	"1.405,00"	"186634"	"322064"	"186634"	"322064"	"2015-06-26"	"Melding:Activiteitenbesluit"
"Beekdaelen"	"6336XH24"	"Melkrundvee"	"Nee"	"Ravensboschstraat 24 6336XH Hulsberg"	"Beekdaelen"	"1"	""	"208,50"	"1.144,00"	"7.181,00"	"186883"	"322222"	"186875"	"322237"	"1981-12-09"	"Vergunning:oprichtingsvergunning"
"Beekdaelen"	"6336XM51"	"Vleesvee"	"Nee"	"Aalbekerweg 51 6336XM Hulsberg"	"Beekdaelen"	"1"	""	"284,85"	"3.361,50"	"5.022,00"	"187631"	"323113"	"187585"	"323079"	"2014-04-17"	"Melding:Activiteitenbesluit"
"Beekdaelen"	"6336XW52A"	"Vleesvarkens"	"Nee"	"Nieuwenhuysstraat 52A 6336XW HULSBERG"	"Beekdaelen"	"1"	""	"75,00"	"575,00"	"3.825,00"	"187470"	"323929"	"187470"	"323929"	"1973-07-12"	"Vergunning:oprichtingsvergunning"
"Beekdaelen"	"6336XX2"	"Paarden"	"Nee"	"Hellerweg 2 6336XX Hulsberg"	"Beekdaelen"	"1"	""	"15,00"	"0,00"	"0,00"	"187358"	"324046"	"187368"	"324067"	"1982-07-26"	"Vergunning:oprichtingsvergunning"
"Beekdaelen"	"6336XZ1"	"Melkrundvee"	"Nee"	"Haasdallerweg 1 6336XZ Hulsberg"	"Beekdaelen"	"1"	""	"1.608,00"	"2.300,00"	"28.830,00"	"187109"	"323965"	"187120"	"323938"	"1981-07-17"	"Vergunning:oprichtingsvergunning"
"Beekdaelen"	"6336ZH73"	"Vleesvee"	"Nee"	"Postbus 73 6336ZH HULSBERG"	"Beekdaelen"	"1"	""	"149,20"	"27,20"	"10.120,00"	"187693"	"323272"	"187693"	"323272"	"1982-07-26"	"Vergunning:oprichtingsvergunning"
"Valkenburg aan de Geul"	"6341PC2"	"Melkrundvee"	"Nee"	"Walem 2 6341PC Walem"	"Valkenburg aan de Geul"	"1"	""	"303,38"	"186,50"	"4.769,00"	"188965"	"318962"	"189001"	"318985"	"1900-01-01"	"Vergunning:beschikking WM melding art 8.19"
"Valkenburg aan de Geul"	"6342PA108"	"Melkrundvee"	"Nee"	"Walem 108 6342PA Walem"	"Valkenburg aan de Geul"	"1"	""	"450,00"	"0,00"	"6.200,00"	"188821"	"319962"	"188809"	"319992"	"1900-01-01"	"Vergunning:beschikking WM melding art 8.19"
"Valkenburg aan de Geul"	"6342PA15"	"Melkrundvee"	"Nee"	"Walem 15 6342PA Walem"	"Valkenburg aan de Geul"	"1"	""	"1.126,80"	"356,00"	"11.336,00"	"188979"	"319352"	"188970"	"319350"	"1998-02-16"	"Vergunning:beschikking WM melding art 8.19"
"Valkenburg aan de Geul"	"6342PA23"	"Melkrundvee"	"Nee"	"Walem 23 6342PA Walem"	"Valkenburg aan de Geul"	"1"	""	"164,00"	"178,00"	"2.710,00"	"188978"	"319411"	"188964"	"319406"	"1900-01-01"	"Vergunning:beschikking WM melding art 8.19"
"Valkenburg aan de Geul"	"6342PA55"	"Melkrundvee"	"Nee"	"Walem 55 6342PA Walem"	"Valkenburg aan de Geul"	"1"	""	"2.045,50"	"1.602,00"	"18.535,00"	"188862"	"319951"	"188886"	"319862"	"1900-01-01"	"Vergunning:beschikking WM melding art 8.19"
"Voerendaal"	"6343AK16"	"Vleesvee"	"Nee"	"Dolberg 16 6343AK Klimmen"	"Voerendaal"	"1"	""	"107,60"	"93,60"	"2.720,00"	"189498"	"320451"	"189485"	"320443"	"1995-05-08"	"Vergunning:Beschikkking WM revisievergunning"
"Voerendaal"	"6343CK5"	"Melkrundvee"	"Nee"	"Koulenbergsweg 5 6343CK Klimmen"	"Voerendaal"	"1"	""	"78,48"	"47,50"	"3.236,00"	"189718"	"319685"	"189735"	"319681"	"1993-08-24"	"Vergunning:oprichtingsvergunning"
"Voerendaal"	"6343PA3"	"Melkrundvee"	"Nee"	"Heek 3 6343PA Klimmen"	"Voerendaal"	"4"	""	"2.846,70"	"0,00"	"34.692,00"	"188707"	"320987"	"188738"	"320966"	"2016-10-11"	"Melding:Activiteitenbesluit"
"Voerendaal"	"6343PB21"	"Melkrundvee"	"Nee"	"Overheek 21 6343PB Klimmen"	"Voerendaal"	"1"	""	"544,50"	"1.246,00"	"11.580,00"	"189061"	"321428"	"189040"	"321420"	"2005-09-16"	"Melding:besluit landbouwbedrijven milieubeheer"
"Voerendaal"	"6343PD53"	"Melkrundvee"	"Nee"	"Putweg 53 6343PD Klimmen"	"Voerendaal"	"1"	""	"791,00"	"0,00"	"7.112,00"	"190548"	"321706"	"190516"	"321712"	"2001-10-29"	"Melding:besluit landbouwbedrijven milieubeheer"
"Voerendaal"	"6343PG1"	"Melkrundvee"	"Nee"	"Kalfshofweg 1 6343PG Klimmen"	"Voerendaal"	"1"	""	"939,00"	"1.068,00"	"12.180,00"	"190286"	"321724"	"190321"	"321733"	"2006-10-09"	"Melding:besluit landbouwbedrijven milieubeheer"
"Voerendaal"	"6343PH7"	"Melkrundvee"	"Nee"	"Retersbekerweg 7 6343PH Klimmen"	"Voerendaal"	"1"	""	"88,00"	"0,00"	"760,00"	"190973"	"322004"	"190965"	"322033"	"1999-04-19"	"Vergunning:ambtshalve wijziging"
"Voerendaal"	"6343PK46"	"Melkrundvee"	"Nee"	"Retersbekerweg 46 6343PK Klimmen"	"Voerendaal"	"1"	""	"532,00"	"2.136,00"	"13.060,00"	"192176"	"322641"	"192190"	"322628"	"1993-06-22"	"Vergunning:ambtshalve wijziging"
"Voerendaal"	"6343PL78"	"Paarden"	"Nee"	"Retersbekerweg 78 6343PL Klimmen"	"Voerendaal"	"1"	""	"250,00"	"0,00"	"0,00"	"192442"	"322842"	"192476"	"322799"	"1997-12-04"	"Melding:besluit landbouwbedrijven milieubeheer"
"Voerendaal"	"6343PN25"	"Melkrundvee"	"Nee"	"Esschenderweg 25 6343PN Klimmen"	"Voerendaal"	"1"	""	"44,00"	"0,00"	"380,00"	"192462"	"323442"	"192450"	"323458"	"1994-03-01"	"Vergunning:Beschikkking WM revisievergunning"
"Voerendaal"	"6343PR75"	"Zeugen"	"Nee"	"Jan Peukensweg 75 6343PR KLIMMEN"	"Voerendaal"	"13"	"Ja"	"6.449,94"	"64.381,40"	"520.669,00"	"191726"	"322682"	"191726"	"322682"	"2012-03-13"	"Vergunning:beschikking WM veranderingsvergunning"
"Voerendaal"	"6343RH5-13"	"Paarden"	"Nee"	"Holleweg 5-13 6343RH KLIMMEN"	"Voerendaal"	"1"	""	"35,00"	"0,00"	"0,00"	"190629"	"320770"	"190629"	"320770"	"2006-11-10"	"Vergunning:Beschikkking WM revisievergunning"
"Simpelveld"	"6351AA1"	"Melkrundvee"	"Nee"	"Langheggerweg 1 6351AA Bocholtz"	"Simpelveld"	"1"	"Nee"	"2.189,40"	"0,00"	"23.946,00"	"196986"	"315017"	"196994"	"314990"	"1999-07-06"	"Melding:Activiteitenbesluit"
"Simpelveld"	"6351AC7"	"Paarden"	"Nee"	"Weiweg 7 6351AC Bocholtz"	"Simpelveld"	"1"	"Nee"	"237,00"	"0,00"	"0,00"	"198087"	"315568"	"198075"	"315553"	"2001-10-01"	"Vergunning:oprichtingsvergunning"
"Simpelveld"	"6351AC8"	"voormalig bedrijf"	"Ja"	"Weiweg 8 6351AC Bocholtz"	"Simpelveld"	"1"	""	"0,00"	"0,00"	"0,00"	"198272"	"315603"	"198287"	"315601"	"2012-06-18"	"Intrekking:Vervallen melding"
"Simpelveld"	"6351AE63"	"Melkrundvee"	"Nee"	"Prickart 63 6351AE Bocholtz"	"Simpelveld"	"1"	"Nee"	"364,40"	"0,00"	"4.076,00"	"198568"	"315428"	"198556"	"315443"	"1997-03-25"	"Vergunning:Beschikkking WM revisievergunning"
"Simpelveld"	"6351AG40A"	"Paarden"	"Nee"	"Prickart 40A 6351AG BOCHOLTZ"	"Simpelveld"	"1"	"Nee"	"155,00"	"0,00"	"0,00"	"198592"	"315393"	"198592"	"315393"	"1994-09-13"	"Vergunning:Beschikkking WM revisievergunning"
"Simpelveld"	"6351AH1"	"Melkrundvee"	"Nee"	"Tienbaan 1 6351AH Bocholtz"	"Simpelveld"	"1"	"Nee"	"5.210,00"	"0,00"	"47.000,00"	"199326"	"315120"	"199286"	"315128"	"2001-11-02"	"Vergunning:beschikking WM veranderingsvergunning"
"Simpelveld"	"6351AH3"	"Vleesvee"	"Nee"	"Tienbaan 3 6351AH Bocholtz"	"Simpelveld"	"1"	"Nee"	"1.771,20"	"12.816,00"	"50.788,00"	"199233"	"315353"	"199222"	"315332"	"2017-03-29"	"Vergunning:Omgevingsvergunning oprichting"
"Simpelveld"	"6351AK20"	"Melkrundvee"	"Nee"	"Zandberg 20 6351AK Bocholtz"	"Simpelveld"	"1"	"Nee"	"198,00"	"312,00"	"2.480,00"	"198682"	"315010"	"198693"	"315035"	"1995-06-13"	"Vergunning:beschikking WM veranderingsvergunning"
"Simpelveld"	"6351AM10"	"Paarden"	"Nee"	"Kievit 10 6351AM Bocholtz"	"Simpelveld"	"1"	"Nee"	"40,00"	"0,00"	"0,00"	"198136"	"315208"	"198117"	"315216"	"2017-03-29"	"Melding:Activiteitenbesluit"
"Simpelveld"	"6351BE2"	"voormalig bedrijf"	"Ja"	"Overhuizerstraat 2 6351BE Bocholtz"	"Simpelveld"	"1"	""	"0,00"	"0,00"	"0,00"	"199278"	"314449"	"199301"	"314418"	"2010-06-22"	"Intrekking:Vervallen melding"
"Simpelveld"	"6351HC85"	"Melkrundvee"	"Nee"	"Vlengendaal 85 6351HC Bocholtz"	"Simpelveld"	"1"	"Nee"	"1.330,20"	"0,00"	"11.952,00"	"198454"	"313738"	"198487"	"313713"	"2006-06-20"	"Vergunning:oprichtingsvergunning"
"Simpelveld"	"6351HC87"	"voormalig bedrijf"	"Ja"	"Vlengendaal 87 6351HC BOCHOLTZ"	"Simpelveld"	"1"	""	"0,00"	"0,00"	"0,00"	"198551"	"313587"	"198551"	"313587"	"2012-08-23"	"Intrekking:intrekking gehele veebestand"
"Simpelveld"	"6351HK3"	"Melkrundvee"	"Nee"	"Reinert 3 6351HK Bocholtz"	"Simpelveld"	"1"	"Nee"	"101,60"	"320,40"	"1.337,00"	"198660"	"314327"	"198676"	"314315"	"2011-08-28"	"Melding:Activiteitenbesluit"
"Simpelveld"	"6351HP1"	"Zeugen"	"Nee"	"Heiweg 1 6351HP BOCHOLTZ"	"Simpelveld"	"1"	"Nee"	"445,40"	"1.754,20"	"14.000,00"	"198559"	"314286"	"198559"	"314286"	"2003-03-24"	"Vergunning:Beschikkking WM revisievergunning"
"Simpelveld"	"6351HV16"	"Melkrundvee"	"Nee"	"Heiweg 16 6351HV Bocholtz"	"Simpelveld"	"1"	"Nee"	"404,20"	"0,00"	"4.384,00"	"198486"	"314307"	"198476"	"314315"	"2012-02-15"	"Melding:Activiteitenbesluit"
"Simpelveld"	"6351JD28A"	"Vleesvee"	"Nee"	"Koolhoverweg 28A 6351JD BOCHOLTZ"	"Simpelveld"	"1"	"Nee"	"772,00"	"4.984,00"	"23.800,00"	"197380"	"314132"	"197380"	"314132"	"2015-04-16"	"Vergunning:Omgevingsvergunning beperkte milieutoets"
"Simpelveld"	"6351JD30"	"Melkrundvee"	"Nee"	"Koolhoverweg 30 6351JD Bocholtz"	"Simpelveld"	"1"	"Nee"	"1.302,80"	"0,00"	"21.062,00"	"197333"	"314050"	"197330"	"314070"	"2019-06-11"	"Vergunning:Omgevingsvergunning verandering"
"Simpelveld"	"6351JG5A"	"Vleesvee"	"Nee"	"Groeneweg 5A 6351JG BOCHOLTZ"	"Simpelveld"	"1"	"Nee"	"310,80"	"213,60"	"8.670,00"	"197498"	"314316"	"197498"	"314316"	"2017-01-18"	"Melding:Activiteitenbesluit"
"Simpelveld"	"6351JL58"	"Melkrundvee"	"Nee"	"Groeneweg 58 6351JL Bocholtz"	"Simpelveld"	"1"	"Nee"	"592,00"	"0,00"	"5.270,00"	"197806"	"314476"	"197816"	"314461"	"1998-02-16"	"Vergunning:Beschikkking WM revisievergunning"
"Simpelveld"	"6351JX1"	"Ov.Pluimvee"	"Nee"	"Aretsweg 1 6351JX Bocholtz"	"Simpelveld"	"1"	"Nee"	"12.240,00"	"27.900,00"	"1.548.000,00"	"196978"	"314479"	"197029"	"314497"	"2006-08-15"	"Vergunning:beschikking WM veranderingsvergunning"
"Simpelveld"	"6351PA1"	"Melkrundvee"	"Nee"	"Helweg 1 6351PA Bocholtz"	"Simpelveld"	"1"	"Nee"	"2.260,00"	"0,00"	"20.320,00"	"199103"	"313812"	"199108"	"313815"	"2010-08-09"	"Melding:besluit landbouwbedrijven milieubeheer"
"Simpelveld"	"6353AK33"	"Vleesvee"	"Nee"	"Baneheide 33 6353AK Baneheide"	"Simpelveld"	"1"	"Nee"	"232,00"	"0,00"	"5.950,00"	"196389"	"314411"	"196391"	"314382"	"2013-01-18"	"Melding:Activiteitenbesluit"
"Simpelveld"	"6353AL26"	"Paarden"	"Nee"	"Baneheide 26 6353AL Baneheide"	"Simpelveld"	"1"	"Nee"	"10,00"	"0,00"	"0,00"	"196379"	"314477"	"196393"	"314478"	"2014-04-22"	"Melding:Activiteitenbesluit"
"Simpelveld"	"6353AL28"	"Vleesvee"	"Nee"	"Baneheide 28 6353AL Baneheide"	"Simpelveld"	"1"	"Nee"	"3.413,50"	"18.512,00"	"87.572,00"	"196360"	"314484"	"196374"	"314512"	"2017-10-19"	"Melding:Activiteitenbesluit"
"Beekdaelen"	"6361AB62"	"Melkrundvee"	"Nee"	" 62 6361AB "	"Beekdaelen"	"1"	""	"612,25"	"51,00"	"17.680,00"	"190780"	"324846"	"190780"	"324846"	"2003-05-27"	"Vergunning:beschikking WM veranderingsvergunning"
"Beekdaelen"	"6361AB88"	"Melkrundvee"	"Nee"	" 88 6361AB "	"Beekdaelen"	"1"	""	"169,05"	"90,00"	"14.578,00"	"190941"	"324940"	"190941"	"324940"	"1987-10-13"	"Vergunning:Beschikkking WM revisievergunning"
"Beekdaelen"	"6361DP31"	"Paarden"	"Nee"	"Naanhofsweg 31 6361DP Nuth"	"Beekdaelen"	"1"	""	"40,00"	"0,00"	"0,00"	"191134"	"326296"	"191113"	"326294"	"1993-10-05"	"Vergunning:oprichtingsvergunning"
"Beekdaelen"	"6361GA2"	"Melkrundvee"	"Nee"	"Bergerweg 2 6361GA Nuth"	"Beekdaelen"	"1"	""	"1.625,80"	"0,00"	"14.608,00"	"189185"	"324898"	"188525"	"325226"	"2005-07-01"	"Melding:besluit landbouwbedrijven milieubeheer"
"Beekdaelen"	"6361HE28"	"Melkrundvee"	"Nee"	"Reijmersbekerweg 28 6361HE Nuth"	"Beekdaelen"	"1"	""	"862,10"	"1.815,60"	"15.944,00"	"189971"	"327080"	"189992"	"327097"	"1987-10-20"	"Melding:besluit landbouwbedrijven milieubeheer"
"Beekdaelen"	"6363CA2"	"Melkrundvee"	"Nee"	"Vink 2 6363CA Wijnandsrade"	"Beekdaelen"	"1"	""	"207,00"	"575,00"	"4.965,00"	"189094"	"323622"	"189088"	"323612"	"1994-04-11"	"Vergunning:Beschikkking WM revisievergunning"
"Beekdaelen"	"6363CD63"	"Paarden"	"Nee"	"Niethuizen 63 6363CD Wijnandsrade"	"Beekdaelen"	"1"	""	"480,80"	"0,00"	"5.404,00"	"189576"	"323218"	"189596"	"323185"	"2002-01-15"	"Vergunning:Beschikkking WM revisievergunning"
"Beekdaelen"	"6363CS1"	"Paarden"	"Nee"	"Brommelen 1 6363CS Wijnandsrade"	"Beekdaelen"	"1"	""	"70,00"	"0,00"	"0,00"	"191842"	"324050"	"191887"	"323994"	"1993-06-03"	"Vergunning:oprichtingsvergunning"
"Beekdaelen"	"6363CT15"	"Melkrundvee"	"Nee"	"Laar 15 6363CT Wijnandsrade"	"Beekdaelen"	"1"	""	"752,00"	"1.587,50"	"8.915,00"	"191246"	"325107"	"191257"	"325120"	"1973-02-23"	"Vergunning:beschikking WM veranderingsvergunning"
"Beekdaelen"	"6363CT16"	"Melkrundvee"	"Nee"	"Laar 16 6363CT Wijnandsrade"	"Beekdaelen"	"1"	""	"91,80"	"356,00"	"1.954,00"	"191486"	"325149"	"191481"	"325140"	"1999-01-19"	"Vergunning:oprichtingsvergunning"
"Beekdaelen"	"6363CV1"	"Geiten"	"Nee"	"Weg achter Swier 1 6363CV Wijnandsrade"	"Beekdaelen"	"1"	""	"2.430,00"	"25.770,00"	"25.900,00"	"191150"	"323705"	"191102"	"323713"	"2006-06-14"	"Vergunning:Beschikkking WM revisievergunning"
"Beekdaelen"	"6365AC8B"	"Paarden"	"Nee"	"Thull 8B 6365AC SCHINNEN"	"Beekdaelen"	"1"	""	"250,00"	"0,00"	"0,00"	"190811"	"327873"	"190811"	"327873"	"2000-07-11"	"Vergunning:Omgevingsvergunning revisie"
"Beekdaelen"	"6365EA43"	"Paarden"	"Nee"	"Hegge 43 6365EA Schinnen"	"Beekdaelen"	"1"	""	"223,90"	"0,00"	"1.140,00"	"188815"	"327808"	"188817"	"327789"	"2017-04-21"	"Melding:Activiteitenbesluit"
"Beekdaelen"	"6365EB69"	"Melkrundvee"	"Nee"	"Hegge 69 6365EB Schinnen"	"Beekdaelen"	"1"	""	"1.021,00"	"712,00"	"10.460,00"	"188609"	"327777"	"188587"	"327742"	"2001-05-08"	"Vergunning:Beschikkking WM revisievergunning"
"Beekdaelen"	"6365EC143"	"Melkrundvee"	"Nee"	"Hegge 143 6365EC Schinnen"	"Beekdaelen"	"1"	""	"71,50"	"0,00"	"1.174,00"	"188044"	"327877"	"188040"	"327855"	"2018-03-26"	"Vergunning:Activiteitenbesluit"
"Beekdaelen"	"6365EJ85"	"Paarden"	"Nee"	"Nagelbeek 85 6365EJ Schinnen"	"Beekdaelen"	"1"	""	"38,00"	"0,00"	"0,00"	"188770"	"327277"	"188772"	"327271"	"2015-07-09"	"Melding:Activiteitenbesluit"
"Voerendaal"	"6367AL14"	"Vleesvee"	"Nee"	"Kunderberg 14 6367AL Voerendaal"	"Voerendaal"	"1"	""	"1.026,65"	"459,00"	"129.890,00"	"194208"	"320685"	"194228"	"320655"	"1994-08-08"	"Vergunning:ambtshalve wijziging"
"Voerendaal"	"6367AL4"	"Paarden"	"Nee"	"Kunderberg 4 6367AL Voerendaal"	"Voerendaal"	"1"	""	"50,00"	"0,00"	"0,00"	"194047"	"320702"	"194067"	"320647"	"1994-10-31"	"Vergunning:Beschikkking WM revisievergunning"
"Voerendaal"	"6367GE2"	"Vleesvee"	"Nee"	"Cortenbach 2 6367GE Voerendaal"	"Voerendaal"	"1"	""	"1.908,00"	"12.816,00"	"61.200,00"	"193593"	"321763"	"193662"	"321783"	"1993-11-16"	"Vergunning:Beschikkking WM revisievergunning"
"Voerendaal"	"6367GK2"	"Paarden"	"Nee"	"Overst Voerendaal 2 6367GK Voerendaal"	"Voerendaal"	"1"	""	"55,00"	"0,00"	"0,00"	"193098"	"320277"	"193119"	"320274"	"2006-12-06"	"Melding:besluit landbouwbedrijven milieubeheer"
"Voerendaal"	"6367GL14"	"Zeugen"	"Nee"	"Op gen Hek 14 6367GL Voerendaal"	"Voerendaal"	"1"	""	"3.954,30"	"26.279,10"	"205.075,00"	"193064"	"320538"	"193063"	"320513"	"1998-07-15"	"Vergunning:Beschikkking WM revisievergunning"
"Voerendaal"	"6367GT75"	"Vleesvee"	"Nee"	"Valkenburgerweg 75 6367GT Voerendaal"	"Voerendaal"	"1"	""	"102,45"	"10,20"	"5.070,00"	"192902"	"320793"	"192898"	"320768"	"1993-07-27"	"Vergunning:Beschikkking WM revisievergunning"
"Voerendaal"	"6367GX28"	"Melkrundvee"	"Nee"	"Winthagen 28 6367GX Voerendaal"	"Voerendaal"	"1"	""	"468,80"	"1.424,00"	"9.098,00"	"193318"	"319391"	"193308"	"319390"	"1995-01-09"	"Vergunning:Beschikkking WM revisievergunning"
"Voerendaal"	"6367HA109"	"Nerts Vos"	"Nee"	"Bergseweg 109 6367HA VOERENDAAL"	"Voerendaal"	"1"	""	"1.160,00"	"0,00"	"16.000,00"	"194172"	"318834"	"194172"	"318834"	"2008-02-26"	"Vergunning:Beschikkking WM revisievergunning"
"Voerendaal"	"6367HA75"	"Melkrundvee"	"Nee"	"Bergseweg 75 6367HA Voerendaal"	"Voerendaal"	"1"	""	"784,00"	"0,00"	"7.168,00"	"193829"	"319665"	"193866"	"319666"	"1993-08-10"	"Melding:besluit landbouwbedrijven milieubeheer"
"Voerendaal"	"6367HD14"	"Zeugen"	"Nee"	"Oude Schoolstraat 14 6367HD Voerendaal"	"Voerendaal"	"1"	""	"4.319,76"	"17.230,90"	"236.241,00"	"194181"	"318463"	"194151"	"318424"	"1993-07-27"	"Vergunning:Beschikkking WM revisievergunning"
"Voerendaal"	"6367HE1"	"Vleesvee"	"Nee"	"Colmont 1 6367HE Voerendaal"	"Voerendaal"	"1"	""	"441,70"	"2.278,40"	"13.030,00"	"193420"	"318194"	"193454"	"318196"	"2010-01-01"	"Vergunning:Beschikkking WM revisievergunning"
"Voerendaal"	"6367HE21"	"Leghennen"	"Nee"	"Colmont 21 6367HE Voerendaal"	"Voerendaal"	"1"	""	"189,00"	"204,00"	"50.400,00"	"193496"	"318130"	"193514"	"318102"	"2000-09-08"	"Melding:besluit landbouwbedrijven milieubeheer"
"Voerendaal"	"6367HH33"	"Vleesvee"	"Nee"	"Geerweg 33 6367HH Voerendaal"	"Voerendaal"	"1"	""	"530,00"	"3.560,00"	"17.000,00"	"193334"	"318332"	"193302"	"318328"	"2002-02-19"	"Melding:besluit landbouwbedrijven milieubeheer"
"Voerendaal"	"6367JT16"	"Melkrundvee"	"Nee"	"Daelsweg 16 6367JT Voerendaal"	"Voerendaal"	"1"	""	"82,00"	"0,00"	"1.720,00"	"195789"	"318867"	"195789"	"318865"	"1973-06-13"	"Vergunning:Beschikkking WM revisievergunning"
"Voerendaal"	"6367JX14"	"Melkrundvee"	"Nee"	"Mingersborg 14 6367JX Voerendaal"	"Voerendaal"	"1"	""	"359,00"	"0,00"	"5.630,00"	"194403"	"317510"	"194396"	"317512"	"2007-10-04"	"Melding:besluit landbouwbedrijven milieubeheer"
"Voerendaal"	"6367PC63"	"Zeugen"	"Nee"	"Overlotbroekerweg 63 6367PC Voerendaal"	"Voerendaal"	"1"	""	"1.044,00"	"4.026,40"	"24.080,00"	"192990"	"323502"	"192992"	"323490"	"1992-12-22"	"Vergunning:Beschikkking WM revisievergunning"
"Voerendaal"	"6367PH40"	"Vleesvee"	"Nee"	"Karstraat 40 6367PH Voerendaal"	"Voerendaal"	"1"	""	"2.940,00"	"29.904,00"	"27.720,00"	"192485"	"318786"	"192432"	"318783"	"2010-06-10"	"Vergunning:Beschikkking WM revisievergunning"
"Voerendaal"	"6367PJ11"	"Vleesvee"	"Nee"	"Frombergerweg 11 6367PJ Voerendaal"	"Voerendaal"	"1"	""	"316,20"	"0,00"	"8.670,00"	"190487"	"317290"	"190515"	"317279"	"2003-04-28"	"Melding:besluit landbouwbedrijven milieubeheer"
"Voerendaal"	"6367PJ7"	"Melkrundvee"	"Nee"	"Frombergerweg 7 6367PJ Voerendaal"	"Voerendaal"	"1"	""	"904,20"	"0,00"	"8.124,00"	"190462"	"317253"	"190505"	"317223"	"1999-08-23"	"Vergunning:Beschikkking WM revisievergunning"
"Voerendaal"	"6367VC22"	"Paarden"	"Nee"	"Dammerscheidtstraat 22 6367VC Voerendaal"	"Voerendaal"	"1"	""	"50,00"	"0,00"	"0,00"	"192755"	"321096"	"192756"	"321097"	"1994-01-11"	"Vergunning:oprichtingsvergunning"
"Simpelveld"	"6369BK14"	"voormalig bedrijf"	"Ja"	"Bosschenhuizen 14 6369BK SIMPELVELD"	"Simpelveld"	"1"	""	"0,00"	"0,00"	"0,00"	"195163"	"316372"	"195163"	"316372"	"2000-01-01"	"Intrekking:intrekking gehele veebestand"
"Simpelveld"	"6369BK17"	"Melkrundvee"	"Nee"	"Bosschenhuizen 17 6369BK Simpelveld"	"Simpelveld"	"1"	"Nee"	"1.563,00"	"0,00"	"14.100,00"	"195203"	"316394"	"195207"	"316367"	"2002-05-08"	"Vergunning:Beschikkking WM revisievergunning"
"Simpelveld"	"6369BK2"	"Vleesvarkens"	"Nee"	"Bosschenhuizen 2 6369BK Simpelveld"	"Simpelveld"	"1"	"Nee"	"2.596,50"	"13.271,00"	"88.281,00"	"195384"	"316486"	"195367"	"316489"	"2015-03-12"	"Vergunning:Activiteitenbesluit"
"Simpelveld"	"6369BK3"	"Melkrundvee"	"Nee"	"Bosschenhuizen 3 6369BK Simpelveld"	"Simpelveld"	"1"	"Nee"	"1.312,80"	"0,00"	"11.796,00"	"195382"	"316451"	"195374"	"316453"	"1980-02-20"	"Vergunning:Beschikkking WM revisievergunning"
"Simpelveld"	"6369GC1"	"Vleesvee"	"Nee"	"Peuschkensheiderweg 1 6369GC Simpelveld"	"Simpelveld"	"1"	"Nee"	"520,80"	"0,00"	"14.280,00"	"196660"	"317526"	"196675"	"317526"	"1992-01-29"	"Melding:besluit landbouwbedrijven milieubeheer"
"Simpelveld"	"6369GE11"	"Paarden"	"Nee"	"Kapelstraat 11 6369GE Simpelveld"	"Simpelveld"	"1"	"Nee"	"40,00"	"0,00"	"0,00"	"196281"	"317368"	"196258"	"317381"	"2010-01-01"	"Melding:besluit landbouwbedrijven milieubeheer"
"Simpelveld"	"6369GG6"	"Zeugen"	"Nee"	"Kromstraat 6 6369GG Simpelveld"	"Simpelveld"	"1"	"Nee"	"1.277,60"	"6.194,10"	"53.845,00"	"196131"	"317415"	"196131"	"317400"	"2019-04-16"	"Vergunning:Veranderen voorschriften"
"Simpelveld"	"6369GJ11"	"Melkrundvee"	"Nee"	"Wijnstraat 11 6369GJ Simpelveld"	"Simpelveld"	"1"	"Nee"	"554,50"	"890,00"	"10.930,00"	"195897"	"317522"	"195902"	"317541"	"2012-11-22"	"Melding:besluit landbouwbedrijven milieubeheer"
"Simpelveld"	"6369GJ12"	"Melkrundvee"	"Nee"	"Wijnstraat 12 6369GJ Simpelveld"	"Simpelveld"	"1"	"Nee"	"1.332,00"	"46,00"	"12.342,00"	"195246"	"317868"	"195247"	"317835"	"1998-02-19"	"Vergunning:Beschikkking WM revisievergunning"
"Simpelveld"	"6369GM79"	"Melkrundvee"	"Nee"	"Molsberg 79 6369GM Simpelveld"	"Simpelveld"	"1"	"Nee"	"277,50"	"640,80"	"4.440,00"	"197096"	"317093"	"197074"	"317080"	"2019-03-04"	"Melding:Activiteitenbesluit"
"Simpelveld"	"6369GM83"	"Melkrundvee"	"Nee"	"Molsberg 83 6369GM Simpelveld"	"Simpelveld"	"1"	"Nee"	"995,20"	"0,00"	"8.950,00"	"196871"	"317541"	"196856"	"317525"	"1992-01-31"	"Melding:besluit landbouwbedrijven milieubeheer"
"Simpelveld"	"6369GP54"	"Melkrundvee"	"Nee"	"Molsberg 54 6369GP Simpelveld"	"Simpelveld"	"1"	"Nee"	"328,50"	"909,50"	"7.365,00"	"197214"	"316975"	"197284"	"317017"	"2011-06-16"	"Melding:besluit landbouwbedrijven milieubeheer"
"Simpelveld"	"6369GP96"	"Melkrundvee"	"Nee"	"Molsberg 96 6369GP Simpelveld"	"Simpelveld"	"1"	""	"479,00"	"0,00"	"4.280,00"	"197111"	"317144"	"197134"	"317132"	"1994-07-19"	"Vergunning:Beschikkking WM revisievergunning"
"Simpelveld"	"6369GS43"	"Vleesvee"	"Nee"	"Rolduckerweg 43 6369GS Simpelveld"	"Simpelveld"	"1"	"Nee"	"186,00"	"0,00"	"5.100,00"	"197621"	"316919"	"197604"	"316944"	"1992-01-28"	"Melding:besluit landbouwbedrijven milieubeheer"
"Simpelveld"	"6369TE48"	"Paarden"	"Nee"	"Waalbroek 48 6369TE Simpelveld"	"Simpelveld"	"1"	"Nee"	"998,60"	"4.920,40"	"42.256,00"	"197963"	"315788"	"197951"	"315784"	"1999-06-01"	"Vergunning:Beschikkking WM revisievergunning"
"Simpelveld"	"6369XP5"	"Leghennen"	"Nee"	"Oude Molenstraat 5 6369XP Simpelveld"	"Simpelveld"	"1"	"Nee"	"100,00"	"350,00"	"5.000,00"	"196170"	"316125"	"196188"	"316120"	"1996-02-12"	"Melding:besluit landbouwbedrijven milieubeheer"
"Simpelveld"	"6369XP7"	"Melkrundvee"	"Nee"	"Oude Molenstraat 7 6369XP Simpelveld"	"Simpelveld"	"1"	"Nee"	"153,20"	"62,40"	"1.332,00"	"196134"	"316132"	"196132"	"316125"	"1998-02-19"	"Vergunning:Beschikkking WM revisievergunning"
"Simpelveld"	"6369XT41"	"Melkrundvee"	"Nee"	"Bulkemstraat 41 6369XT Simpelveld"	"Simpelveld"	"1"	"Nee"	"739,50"	"2.670,00"	"17.610,00"	"195698"	"315666"	"195702"	"315681"	"1994-06-22"	"Melding:besluit landbouwbedrijven milieubeheer"
"Simpelveld"	"6369XT43"	"Melkrundvee"	"Nee"	"Bulkemstraat 43 6369XT Simpelveld"	"Simpelveld"	"1"	"Nee"	"435,00"	"0,00"	"3.900,00"	"195553"	"315599"	"195564"	"315598"	"1997-09-09"	"Melding:besluit landbouwbedrijven milieubeheer"
"Landgraaf"	"6371CL2"	"Paarden"	"Nee"	"Leemkampsweg 2 6371CL Landgraaf"	"Landgraaf"	"1"	""	"65,00"	"0,00"	"0,00"	"197528"	"324108"	"197547"	"324115"	"1995-01-10"	"Melding:besluit landbouwbedrijven milieubeheer"
"Landgraaf"	"6371CZ4"	"Paarden"	"Nee"	"Boomweg 4 6371CZ Landgraaf"	"Landgraaf"	"1"	""	"160,00"	"0,00"	"0,00"	"198279"	"324276"	"198329"	"324283"	"2009-02-03"	"Vergunning:Beschikkking WM revisievergunning"
"Landgraaf"	"6372VG12"	"Paarden"	"Nee"	"Overstehofweg 12 6372VG Landgraaf"	"Landgraaf"	"1"	""	"210,00"	"0,00"	"0,00"	"199847"	"321202"	"199875"	"321198"	"2003-05-23"	"Melding:besluit landbouwbedrijven milieubeheer"
"Landgraaf"	"6372XH1"	"Paarden"	"Nee"	"Tunnelweg 1 6372XH LANDGRAAF"	"Landgraaf"	"1"	""	"374,00"	"0,00"	"0,00"	"199854"	"320482"	"199854"	"320482"	"1994-08-25"	"Vergunning:Beschikkking WM revisievergunning"
"Landgraaf"	"6373AB1"	"Paarden"	"Nee"	"Heihof 1 6373AB Landgraaf"	"Landgraaf"	"1"	""	"100,00"	"0,00"	"0,00"	"198197"	"324967"	"198221"	"324972"	"1997-05-26"	"Vergunning:oprichtingsvergunning"
"Landgraaf"	"6374CA12"	"Paarden"	"Nee"	"Heihofweg 12 6374CA Landgraaf"	"Landgraaf"	"1"	""	"40,00"	"0,00"	"0,00"	"200713"	"326479"	"200705"	"326487"	"2005-06-10"	"Vergunning:oprichtingsvergunning"
"Landgraaf"	"6374CB2"	"Paarden"	"Nee"	"Scherpenseeler Veeweg 2 6374CB LANDGRAAF"	"Landgraaf"	"1"	""	"493,00"	"0,00"	"0,00"	"201224"	"326753"	"201224"	"326753"	"1997-01-02"	"Vergunning:beschikking WM veranderingsvergunning"
"Landgraaf"	"6374CJ4"	"Vleesvee"	"Nee"	"Europaweg-Noord 4 6374CJ Landgraaf"	"Landgraaf"	"1"	""	"768,50"	"5.162,00"	"24.650,00"	"201124"	"326053"	"201156"	"326077"	"1995-10-31"	"Vergunning:oprichtingsvergunning"
"Landgraaf"	"6374CJ8"	"Vleesvee"	"Nee"	"Europaweg-Noord 8 6374CJ Landgraaf"	"Landgraaf"	"1"	""	"1.230,50"	"6.301,20"	"32.370,00"	"201003"	"326113"	"201017"	"326162"	"2002-12-17"	"Vergunning:Beschikkking WM revisievergunning"
"Landgraaf"	"6374CT100"	"Paarden"	"Nee"	"Grensstraat 100 6374CT Landgraaf"	"Landgraaf"	"1"	""	"105,00"	"0,00"	"0,00"	"201717"	"325644"	"201712"	"325650"	"1996-07-09"	"Melding:besluit landbouwbedrijven milieubeheer"
"Landgraaf"	"6374CT92"	"Melkrundvee"	"Nee"	"Grensstraat 92 6374CT Landgraaf"	"Landgraaf"	"1"	""	"172,60"	"0,00"	"1.840,00"	"201750"	"325672"	"201759"	"325692"	"2001-03-26"	"Melding:besluit landbouwbedrijven milieubeheer"
"Landgraaf"	"6374EN53"	"Vleesvarkens"	"Nee"	"Kloosterstraat 53 6374EN Landgraaf"	"Landgraaf"	"1"	""	"2.976,30"	"15.186,80"	"102.660,00"	"202474"	"325627"	"202474"	"325680"	"1994-03-16"	"Vergunning:Beschikkking WM revisievergunning"
"Landgraaf"	"6374ER60"	"Melkrundvee"	"Nee"	"Kloosterstraat 60 6374ER Landgraaf"	"Landgraaf"	"1"	""	"4.237,20"	"0,00"	"38.106,00"	"202701"	"325547"	"202719"	"325515"	"2009-08-19"	"Vergunning:Beschikkking WM revisievergunning"
"Landgraaf"	"6374JT126"	"Melkrundvee"	"Nee"	"Groenstraat 126 6374JT Landgraaf"	"Landgraaf"	"1"	""	"1.310,00"	"0,00"	"11.800,00"	"201805"	"324714"	"201811"	"324697"	"2000-06-28"	"Vergunning:Beschikkking WM revisievergunning"
"Landgraaf"	"6374KA10"	"Melkrundvee"	"Nee"	"Groenstergracht 10 6374KA Landgraaf"	"Landgraaf"	"1"	""	"2.290,60"	"10.257,90"	"80.308,00"	"201576"	"324433"	"201542"	"324433"	"1972-08-07"	"Vergunning:oprichtingsvergunning"
"Landgraaf"	"6374KE5"	"Paarden"	"Nee"	"Hoverveldweg 5 6374KE Landgraaf"	"Landgraaf"	"1"	""	"75,53"	"38,35"	"2.625,00"	"202954"	"324353"	"202963"	"324339"	"2002-09-04"	"Melding:besluit landbouwbedrijven milieubeheer"
"Landgraaf"	"6374LA99"	"Melkrundvee"	"Nee"	"Rimburgerweg 99 6374LA Landgraaf"	"Landgraaf"	"1"	"Nee"	"343,75"	"153,00"	"40.180,00"	"202742"	"324659"	"202763"	"324652"	"1995-08-01"	"Vergunning:Beschikkking WM revisievergunning"
"Landgraaf"	"6374LG176"	"Paarden"	"Nee"	"Rimburgerweg 176 6374LG Landgraaf"	"Landgraaf"	"1"	""	"230,00"	"0,00"	"0,00"	"203079"	"324341"	"203070"	"324322"	"2008-10-03"	"Vergunning:beschikking WM veranderingsvergunning"
"Landgraaf"	"6374LG210"	"Paarden"	"Nee"	"Rimburgerweg 210 6374LG Landgraaf"	"Landgraaf"	"1"	""	"185,00"	"0,00"	"0,00"	"203233"	"324288"	"203239"	"324257"	"2008-10-23"	"Melding:besluit landbouwbedrijven milieubeheer"
"Landgraaf"	"6374LJ53B"	"Leghennen"	"Nee"	"Broekhuizenstraat 53B 6374LJ Landgraaf"	"Landgraaf"	"1"	""	"600,00"	"2.100,00"	"30.000,00"	"203828"	"324984"	"203769"	"325006"	"1993-10-14"	"Vergunning:Beschikkking WM revisievergunning"
"Landgraaf"	"6374LM78"	"Paarden"	"Nee"	"Broekhuizenstraat 78 6374LM Landgraaf"	"Landgraaf"	"1"	""	"178,50"	"390,00"	"708,00"	"203933"	"325198"	"203957"	"325177"	"2002-12-17"	"Vergunning:Beschikkking WM revisievergunning"
"Landgraaf"	"6374XX12"	"Paarden"	"Nee"	"Haanweg 12 6374XX Landgraaf"	"Landgraaf"	"1"	""	"250,00"	"0,00"	"0,00"	"201400"	"324021"	"201390"	"324001"	"2007-07-13"	"Melding:besluit landbouwbedrijven milieubeheer"
"Landgraaf"	"6374XX13"	"Paarden"	"Nee"	"Haanweg 13 6374XX Landgraaf"	"Landgraaf"	"1"	""	"115,00"	"0,00"	"0,00"	"201346"	"324064"	"201340"	"324071"	"2003-01-21"	"Vergunning:Beschikkking WM revisievergunning"
"Landgraaf"	"6374XX15"	"Leghennen"	"Nee"	"Haanweg 15 6374XX Landgraaf"	"Landgraaf"	"1"	""	"3.304,00"	"9.520,00"	"2.352.000,00"	"201366"	"324068"	"201373"	"324096"	"2005-07-07"	"Vergunning:Beschikkking WM revisievergunning"
"Landgraaf"	"6374XX17"	"Paarden"	"Nee"	"Haanweg 17 6374XX Landgraaf"	"Landgraaf"	"1"	""	"635,00"	"3.560,00"	"15.120,00"	"201386"	"324069"	"201401"	"324100"	"2005-02-21"	"Vergunning:beschikking WM veranderingsvergunning"
"Heerlen"	"6413EL104"	"Schapen"	"Nee"	"Kerkstraat 104 6413EL HEERLEN"	"Heerlen"	"1"	""	"280,00"	"3.120,00"	"0,00"	"196660"	"326049"	"196660"	"326049"	"2006-09-07"	"Vergunning:Beschikkking WM revisievergunning"
"Heerlen"	"6414AB28"	"Paarden"	"Nee"	"Musschenbroek 28 6414AB Heerlen"	"Heerlen"	"1"	""	"50,00"	"0,00"	"0,00"	"196185"	"323835"	"196190"	"323825"	"2004-08-30"	"Vergunning:oprichtingsvergunning"
"Heerlen"	"6415PW10"	"Melkrundvee"	"Nee"	"Heiveldjensweg 10 6415PW Heerlen"	"Heerlen"	"1"	""	"193,50"	"0,00"	"2.430,00"	"197047"	"324095"	"197039"	"324086"	"2007-05-15"	"Melding:besluit landbouwbedrijven milieubeheer"
"Heerlen"	"6416HJ1"	"Melkrundvee"	"Nee"	"Corisbergweg 1 6416HJ HEERLEN"	"Heerlen"	"1"	""	"209,65"	"382,60"	"14.662,00"	"198102"	"320688"	"198102"	"320688"	"1900-01-01"	"Melding:besluit landbouwbedrijven milieubeheer"
"Heerlen"	"6418CM232"	"Melkrundvee"	"Nee"	"Heerlerbaan 232 6418CM Heerlen"	"Heerlen"	"1"	""	"1.095,90"	"427,20"	"12.978,00"	"198482"	"319421"	"198479"	"319408"	"2005-09-28"	"Melding:besluit landbouwbedrijven milieubeheer"
"Heerlen"	"6418PB128"	"Paarden"	"Nee"	"Zandweg 128 6418PB Heerlen"	"Heerlen"	"1"	""	"150,00"	"0,00"	"0,00"	"197589"	"320140"	"197588"	"320141"	"1900-01-01"	"Melding:besluit landbouwbedrijven milieubeheer"
"Heerlen"	"6419CH15"	"Paarden"	"Nee"	"Pijnsweg 15 6419CH HEERLEN"	"Heerlen"	"1"	""	"173,90"	"117,00"	"826,00"	"195824"	"321425"	"195824"	"321425"	"1999-10-05"	"Vergunning:Beschikkking WM revisievergunning"
"Heerlen"	"6419PD11"	"Melkrundvee"	"Nee"	"Bremersweg 11 6419PD Heerlen"	"Heerlen"	"1"	""	"587,00"	"0,00"	"5.270,00"	"196938"	"319341"	"196952"	"319328"	"2007-12-05"	"Melding:besluit landbouwbedrijven milieubeheer"
"Heerlen"	"6419PG32A"	"Paarden"	"Nee"	"Benzenrade 32A 6419PG Heerlen"	"Heerlen"	"1"	""	"45,00"	"0,00"	"0,00"	"196537"	"319439"	"196522"	"319443"	"2007-10-30"	"Melding:besluit landbouwbedrijven milieubeheer"
"Heerlen"	"6419PH38F"	"Paarden"	"Nee"	"Benzenrade 38F 6419PH Heerlen"	"Heerlen"	"1"	""	"200,00"	"0,00"	"0,00"	"196395"	"319572"	"196396"	"319563"	"2007-10-17"	"Melding:besluit landbouwbedrijven milieubeheer"
"Heerlen"	"6419PL1"	"Paarden"	"Nee"	"Imstenrade 1 6419PL Heerlen"	"Heerlen"	"1"	""	"200,00"	"0,00"	"0,00"	"196950"	"318237"	"196942"	"318272"	"1999-08-05"	"Vergunning:Beschikkking WM revisievergunning"
"Heerlen"	"6422PB102"	"Leghennen"	"Nee"	"Beitel 102 6422PB HEERLEN"	"Heerlen"	"1"	""	"241,20"	"204,00"	"50.400,00"	"198243"	"317381"	"198243"	"317381"	"2003-01-30"	"Vergunning:Beschikkking WM revisievergunning"
"Heerlen"	"6422PT62-64"	"Leghennen"	"Nee"	"Rolduckerweg 62-64 6422PT HEERLEN"	"Heerlen"	"1"	""	"15.579,52"	"53.688,60"	"7.429.720,00"	"198028"	"317164"	"198028"	"317164"	"2006-05-04"	"Vergunning:Beschikkking WM revisievergunning"
"Heerlen"	"6432JS60"	"Paarden"	"Nee"	"Terschurenweg 60 6432JS Hoensbroek"	"Heerlen"	"1"	""	"51,63"	"67,50"	"1.260,00"	"191192"	"325530"	"191178"	"325531"	"2000-05-23"	"Vergunning:oprichtingsvergunning"
"Brunssum"	"6436CS50"	"Melkrundvee"	"Nee"	" 50 6436CS "	"Brunssum"	"1"	"Nee"	"638,30"	"35,60"	"10.190,00"	"193287"	"328121"	"193287"	"328121"	"1995-09-12"	"Melding:besluit landbouwbedrijven milieubeheer"
"Beekdaelen"	"6436CT4"	"Melkrundvee"	"Nee"	"Aan de Kerk 4 6436CT Amstenrade"	"Beekdaelen"	"1"	""	"494,00"	"0,00"	"4.484,00"	"193027"	"327844"	"193038"	"327832"	"1994-05-30"	"Melding:besluit landbouwbedrijven milieubeheer"
"Beekdaelen"	"6438AE27"	"Paarden"	"Nee"	"Douvenderweg 27 6438AE Oirsbeek"	"Beekdaelen"	"1"	""	"820,00"	"0,00"	"0,00"	"192481"	"328909"	"192460"	"328975"	"2003-11-18"	"Vergunning:Beschikkking WM revisievergunning"
"Beekdaelen"	"6438ED72"	"Vleesvee"	"Nee"	" 72 6438ED "	"Beekdaelen"	"1"	"Nee"	"179,80"	"0,00"	"4.930,00"	"191202"	"329235"	"191202"	"329235"	"1996-01-09"	"Melding:besluit landbouwbedrijven milieubeheer"
"Beekdaelen"	"6438EG7"	"Vleesvee"	"Nee"	"Hagendoornweg 7 6438EG Oirsbeek"	"Beekdaelen"	"1"	""	"155,00"	"0,00"	"4.250,00"	"191300"	"329619"	"191306"	"329625"	"1994-02-16"	"Melding:besluit landbouwbedrijven milieubeheer"
"Beekdaelen"	"6438GE35"	"Vleesvee"	"Nee"	"Schatsberg 35 6438GE Oirsbeek"	"Beekdaelen"	"1"	""	"1.756,80"	"0,00"	"44.880,00"	"190642"	"329628"	"190618"	"329622"	"2008-07-29"	"Vergunning:Omgevingsvergunning revisie"
"Beekdaelen"	"6438HA55"	"Paarden"	"Nee"	"Oirsbekerweg 55 6438HA Oirsbeek"	"Beekdaelen"	"1"	""	"256,50"	"0,00"	"0,00"	"191338"	"328634"	"191338"	"328634"	"2006-03-21"	"Vergunning:oprichtingsvergunning"
"Beekdaelen"	"6439AB141"	"Melkrundvee"	"Nee"	"Provincialeweg Noord 141 6439AB Doenrade"	"Beekdaelen"	"1"	""	"2.904,00"	"1.424,00"	"31.080,00"	"190703"	"330987"	"192096"	"329125"	"2002-09-03"	"Vergunning:beschikking WM veranderingsvergunning"
"Beekdaelen"	"6439AC1"	"Melkrundvee"	"Nee"	"Maastrichterweg 1 6439AC Doenrade"	"Beekdaelen"	"1"	""	"1.112,50"	"1.602,00"	"10.105,00"	"190705"	"330116"	"190739"	"330101"	"1992-08-19"	"Melding:besluit landbouwbedrijven milieubeheer"
"Beekdaelen"	"6439AD2"	"Paarden"	"Nee"	"Maastrichterweg 2 6439AD Doenrade"	"Beekdaelen"	"1"	""	"537,30"	"0,00"	"760,00"	"190467"	"330076"	"190473"	"330124"	"2018-06-18"	"Melding:Activiteitenbesluit"
"Beekdaelen"	"6439BK2"	"Vleesvee"	"Nee"	"Bekkerveldweg 2 6439BK Doenrade"	"Beekdaelen"	"1"	""	"310,00"	"0,00"	"8.500,00"	"191967"	"331616"	"192012"	"331657"	"2007-11-27"	"Melding:besluit landbouwbedrijven milieubeheer"
"Brunssum"	"6441LG5A"	"Paarden"	"Nee"	"Akkerweg 5A 6441LG Brunssum"	"Brunssum"	"3"	"Nee"	"615,50"	"0,00"	"3.440,00"	"194522"	"329183"	"194562"	"329140"	"2010-05-03"	"Vergunning:beschikking WM melding art 8.19"
"Brunssum"	"6445PC2"	"Paarden"	"Nee"	"Ouverbergstraat 2 6445PC Brunssum"	"Brunssum"	"1"	""	"300,00"	"0,00"	"0,00"	"197770"	"327432"	"197761"	"327422"	"2003-02-25"	"Vergunning:beschikking WM veranderingsvergunning"
"Brunssum"	"6446RA13"	"voormalig bedrijf"	"Ja"	"Allâ”œÂ®â”œÂ® 13 6446RA Brunssum"	"Brunssum"	"1"	""	"0,00"	"0,00"	"0,00"	"193098"	"327486"	"193108"	"327499"	"2010-01-01"	"Intrekking:Vervallen melding"
"Beekdaelen"	"6447BC81"	"Paarden"	"Nee"	"Julianastraat 81 6447BC Merkelbeek"	"Beekdaelen"	"1"	""	"78,10"	"0,00"	"0,00"	"194247"	"329798"	"194248"	"329844"	"2003-04-28"	"Vergunning:besluit landbouwbedrijven milieubeheer"
"Beekdaelen"	"6447BD70"	"Melkrundvee"	"Nee"	"Julianastraat 70 6447BD MERKELBEEK"	"Beekdaelen"	"1"	""	"3.065,00"	"7.120,00"	"51.860,00"	"194353"	"329776"	"194353"	"329776"	"2009-06-23"	"Vergunning:Beschikkking WM revisievergunning"
"Beekdaelen"	"6447BK12"	"Paarden"	"Nee"	"Douve 12 6447BK Merkelbeek"	"Beekdaelen"	"1"	""	"96,00"	"390,00"	"860,00"	"193433"	"329626"	"193430"	"329637"	"2007-12-13"	"Melding:besluit landbouwbedrijven milieubeheer"
"Beekdaelen"	"6447BV39A"	"Vleesvarkens"	"Nee"	"Belenweg 39A 6447BV MERKELBEEK"	"Beekdaelen"	"1"	""	"1.790,10"	"50.520,60"	"123.318,00"	"193314"	"330372"	"193314"	"330372"	"2015-02-19"	"Vergunning:Omgevingsvergunning Inrichting"
"Beekdaelen"	"6447CH33"	"Melkrundvee"	"Nee"	"Haagstraat 33 6447CH Merkelbeek"	"Beekdaelen"	"1"	""	"1.049,58"	"1,70"	"9.774,00"	"192632"	"329948"	"192601"	"329939"	"2003-02-04"	"Melding:besluit landbouwbedrijven milieubeheer"
"Beekdaelen"	"6447CJ50"	"Paarden"	"Nee"	"Haagstraat 50 6447CJ Merkelbeek"	"Beekdaelen"	"1"	""	"295,50"	"534,00"	"4.070,00"	"192578"	"330028"	"192578"	"330051"	"2000-03-22"	"Vergunning:Beschikkking WM revisievergunning"
"Beekdaelen"	"6447CL2"	"Paarden"	"Nee"	"Maastrichterweg 2 6447CL Merkelbeek"	"Beekdaelen"	"1"	""	"97,80"	"0,00"	"0,00"	"192831"	"329999"	"192865"	"329974"	"2003-04-08"	"Vergunning:beschikking WM veranderingsvergunning"
"Beekdaelen"	"6447PA10"	"Melkrundvee"	"Nee"	"Misweg 10 6447PA Merkelbeek"	"Beekdaelen"	"1"	""	"330,10"	"178,00"	"2.985,00"	"193953"	"330101"	"193989"	"330096"	"1992-02-21"	"Melding:besluit landbouwbedrijven milieubeheer"
"Beekdaelen"	"6447PA6"	"Paarden"	"Nee"	"Misweg 6 6447PA MERKELBEEK"	"Beekdaelen"	"1"	""	"257,10"	"0,00"	"0,00"	"193459"	"329787"	"193459"	"329787"	"2007-12-10"	"Melding:besluit landbouwbedrijven milieubeheer"
"Beekdaelen"	"6451AG116"	"Paarden"	"Nee"	"Eindstraat 116 6451AG Schinveld"	"Beekdaelen"	"1"	""	"130,00"	"0,00"	"0,00"	"196609"	"332128"	"196648"	"332123"	"2000-09-21"	"Melding:besluit landbouwbedrijven milieubeheer"
"Beekdaelen"	"6451BH59"	"Melkrundvee"	"Nee"	"Broekstraat 59 6451BH Schinveld"	"Beekdaelen"	"1"	""	"1.537,80"	"356,00"	"13.870,00"	"196762"	"331858"	"196746"	"331888"	"2001-09-28"	"Melding:besluit landbouwbedrijven milieubeheer"
"Beekdaelen"	"6451BX1"	"Paarden"	"Nee"	"Beemdenweg 1 6451BX Schinveld"	"Beekdaelen"	"1"	""	"281,40"	"0,00"	"0,00"	"196955"	"332024"	"196898"	"332026"	"1994-09-09"	"Vergunning:oprichtingsvergunning"
"Beekdaelen"	"6451BZ2"	"Paarden"	"Nee"	"Broekweg 2 6451BZ Schinveld"	"Beekdaelen"	"1"	""	"231,00"	"0,00"	"0,00"	"197002"	"331536"	"197069"	"331532"	"1996-12-17"	"Vergunning:oprichtingsvergunning"
"Beekdaelen"	"6451GZ1"	"Paarden"	"Nee"	"Heidedwarsstraat 1 6451GZ Schinveld"	"Beekdaelen"	"1"	"Nee"	"37,40"	"0,00"	"0,00"	"197388"	"330379"	"197387"	"330379"	"2008-09-30"	"Melding:besluit landbouwbedrijven milieubeheer"
"Beekdaelen"	"6451PA1"	"Melkrundvee"	"Nee"	"Echterbaan 1 6451PA Schinveld"	"Beekdaelen"	"1"	""	"898,75"	"3.765,00"	"50.440,00"	"196010"	"331800"	"195978"	"331811"	"2002-12-10"	"Vergunning:Beschikkking WM revisievergunning"
"Beekdaelen"	"6451PA1A"	"Vleesvee"	"Nee"	"Echterbaan 1A 6451PA SCHINVELD"	"Beekdaelen"	"1"	""	"1.388,00"	"9.256,00"	"44.200,00"	"195932"	"331520"	"195932"	"331520"	"2008-03-27"	"Melding:besluit landbouwbedrijven milieubeheer"
"Beekdaelen"	"6451PC4"	"Vleesvee"	"Nee"	"Grachtweg 4 6451PC Schinveld"	"Beekdaelen"	"1"	""	"1.065,50"	"5.162,00"	"26.910,00"	"194891"	"330911"	"194913"	"330934"	"2009-03-31"	"Vergunning:beschikking WM veranderingsvergunning"
"Beekdaelen"	"6451PR1"	"Paarden"	"Nee"	"Leiffenderhofweg 1 6451PR Schinveld"	"Beekdaelen"	"1"	""	"259,10"	"0,00"	"0,00"	"197596"	"332221"	"197578"	"332236"	"2008-06-30"	"Vergunning:Beschikkking WM revisievergunning"
"Beekdaelen"	"6454AG38"	"Zeugen"	"Nee"	"Dorpstraat 38 6454AG Jabeek"	"Beekdaelen"	"1"	""	"506,80"	"2.732,00"	"20.072,00"	"193910"	"332641"	"193917"	"332638"	"1994-04-21"	"Vergunning:beschikking WM veranderingsvergunning"
"Beekdaelen"	"6454AK15"	"Paarden"	"Nee"	"Etzenraderstraat 15 6454AK Jabeek"	"Beekdaelen"	"1"	""	"27,50"	"195,00"	"0,00"	"194100"	"332620"	"194105"	"332629"	"2002-10-15"	"Melding:besluit landbouwbedrijven milieubeheer"
"Beekdaelen"	"6454BA15"	"Melkrundvee"	"Nee"	"Eindstraat 15 6454BA Jabeek"	"Beekdaelen"	"1"	""	"30,40"	"142,40"	"476,00"	"194000"	"332324"	"194023"	"332313"	"2008-12-02"	"Melding:besluit landbouwbedrijven milieubeheer"
"Beekdaelen"	"6454BA17"	"Melkrundvee"	"Nee"	"Eindstraat 17 6454BA Jabeek"	"Beekdaelen"	"1"	""	"584,60"	"783,20"	"7.758,00"	"193971"	"332288"	"193983"	"332280"	"1997-12-03"	"Melding:besluit landbouwbedrijven milieubeheer"
"Beekdaelen"	"6454BH10"	"Vleesvee"	"Nee"	"Steegweg 10 6454BH JABEEK"	"Beekdaelen"	"1"	"Nee"	"304,60"	"1.495,20"	"8.860,00"	"193629"	"332702"	"193629"	"332702"	"2009-10-05"	"Melding:besluit landbouwbedrijven milieubeheer"
"Beekdaelen"	"6456AH23"	"Vleesvee"	"Nee"	"Maastrichterweg 23 6456AH Bingelrade"	"Beekdaelen"	"1"	"Nee"	"954,00"	"6.408,00"	"30.600,00"	"193736"	"330706"	"193759"	"330692"	"1998-09-14"	"Vergunning:beschikking WM veranderingsvergunning"
"Beekdaelen"	"6456AP19"	"Paarden"	"Nee"	"Eindstraat 19 6456AP Bingelrade"	"Beekdaelen"	"1"	""	"71,30"	"0,00"	"248,00"	"193890"	"331363"	"193892"	"331372"	"2007-05-24"	"Melding:besluit landbouwbedrijven milieubeheer"
"Beekdaelen"	"6456AP21"	"Melkrundvee"	"Nee"	"Eindstraat 21 6456AP Bingelrade"	"Beekdaelen"	"1"	""	"349,40"	"1.274,80"	"9.992,00"	"193932"	"331366"	"193943"	"331373"	"1994-09-26"	"Vergunning:Beschikkking WM revisievergunning"
"Beekdaelen"	"6456AP28"	"Melkrundvee"	"Nee"	"Eindstraat 28 6456AP Bingelrade"	"Beekdaelen"	"1"	""	"652,10"	"2.597,20"	"22.790,00"	"194079"	"331303"	"194086"	"331289"	"2006-12-09"	"Melding:besluit landbouwbedrijven milieubeheer"
"Beekdaelen"	"6456AT26"	"Melkrundvee"	"Nee"	"Viel 26 6456AT Bingelrade"	"Beekdaelen"	"1"	""	"277,80"	"0,00"	"4.524,00"	"192422"	"331103"	"192447"	"331138"	"1992-04-27"	"Melding:besluit landbouwbedrijven milieubeheer"
"Beekdaelen"	"6456AZ4"	"Geiten"	"Nee"	"Hillensbergerweg 4 6456AZ Bingelrade"	"Beekdaelen"	"1"	""	"229,35"	"2.221,00"	"4.439,00"	"192694"	"332297"	"192695"	"332330"	"2008-09-02"	"Vergunning:beschikking WM veranderingsvergunning"
"Kerkrade"	"6464GM120"	"Paarden"	"Nee"	"Vinkerstraat 120 6464GM Kerkrade"	"Kerkrade"	"1"	""	"268,75"	"85,00"	"21.000,00"	"202598"	"321656"	"202606"	"321663"	"1983-07-21"	"Vergunning:oprichtingsvergunning"
"Kerkrade"	"6465AC61"	"Paarden"	"Nee"	"Baamstraat 61 6465AC Kerkrade"	"Kerkrade"	"1"	"Nee"	"521,50"	"0,00"	"0,00"	"201247"	"318379"	"201245"	"318355"	"2002-06-25"	"Vergunning:Beschikkking WM revisievergunning"
"Kerkrade"	"6465AD143"	"voormalig bedrijf"	"Ja"	"Hamstraat 143 6465AD KERKRADE"	"Kerkrade"	"1"	""	"0,00"	"0,00"	"0,00"	"200446"	"318060"	"200446"	"318060"	"2020-03-26"	"Intrekking:Omgevingsvergunning intrekking"
"Kerkrade"	"6465AH28"	"Melkrundvee"	"Nee"	"Crombacherstraat 28 6465AH Kerkrade"	"Kerkrade"	"1"	""	"1.736,00"	"3.311,00"	"35.450,00"	"199772"	"317710"	"199779"	"317690"	"1995-05-10"	"Vergunning:ambtshalve wijziging"
"Kerkrade"	"6465AJ90"	"voormalig bedrijf"	"Ja"	"Locht 90 6465AJ KERKRADE"	"Kerkrade"	"1"	""	"0,00"	"0,00"	"0,00"	"199417"	"317609"	"199417"	"317609"	"2020-03-26"	"Intrekking:Omgevingsvergunning intrekking"
"Kerkrade"	"6466AP38"	"voormalig bedrijf"	"Ja"	"Krichelbergsweg 38 6466AP Kerkrade"	"Kerkrade"	"1"	""	"0,00"	"0,00"	"0,00"	"201247"	"319440"	"201251"	"319425"	"2020-03-26"	"Intrekking:Omgevingsvergunning intrekking"
"Kerkrade"	"6466EZ171"	"Melkrundvee"	"Nee"	"Vauputsweg 171 6466EZ Kerkrade"	"Kerkrade"	"2"	""	"682,80"	"1.424,00"	"14.106,00"	"201206"	"319157"	"201216"	"319168"	"2016-02-04"	"Melding:Activiteitenbesluit"
"Kerkrade"	"6466PA65"	"Paarden"	"Nee"	"Kerkradersteenweg 65 6466PA Kerkrade"	"Kerkrade"	"1"	""	"101,92"	"510,30"	"3.966,00"	"201594"	"319911"	"201612"	"319894"	"1991-11-05"	"Vergunning:oprichtingsvergunning"
"Kerkrade"	"6466XR5"	"Melkrundvee"	"Nee"	"Herenanstelerweg 5 6466XR Kerkrade"	"Kerkrade"	"1"	""	"1.135,50"	"2.598,80"	"11.849,00"	"201772"	"319709"	"201735"	"319685"	"2011-03-15"	"Melding:besluit landbouwbedrijven milieubeheer"
"Kerkrade"	"6466XT31"	"Vleesvee"	"Ja"	"Hammolenweg 31 6466XT KERKRADE"	"Kerkrade"	"1"	""	"0,00"	"0,00"	"0,00"	"201875"	"319362"	"201875"	"319362"	"2020-06-26"	"Intrekking:Omgevingsvergunning intrekking"
"Kerkrade"	"6466XX26"	"Leghennen"	"Nee"	"Hammijnstraat 26 6466XX Kerkrade"	"Kerkrade"	"1"	""	"1.000,00"	"3.500,00"	"50.000,00"	"201729"	"319017"	"201703"	"319020"	"1994-08-09"	"Vergunning:Beschikkking WM revisievergunning"
"Kerkrade"	"6468PE2"	"Schapen"	"Nee"	"Kloosteranstelerweg 2 6468PE KERKRADE"	"Kerkrade"	"1"	"Nee"	"181,70"	"1.966,40"	"190,00"	"201477"	"321724"	"201477"	"321724"	"2005-03-09"	"Vergunning:Beschikkking WM revisievergunning"
"Kerkrade"	"6471GC24"	"Melkrundvee"	"Nee"	"Putstraat 24 6471GC Eygelshoven"	"Kerkrade"	"1"	""	"165,50"	"68,00"	"18.950,00"	"202363"	"322993"	"202376"	"322990"	"1997-04-27"	"Vergunning:Beschikkking WM revisievergunning"
"ODNML"	"6584DA4"	"Paarden"	"Nee"	"Lierdwarsweg 4 6584DA Molenhoek"	"Mook en Middelaar"	"1"	""	"98,10"	"0,00"	"0,00"	"189019"	"420925"	"189028"	"420934"	"1997-07-29"	"Vergunning:oprichtingsvergunning"
"ODNML"	"6584DB5"	"Melkrundvee"	"Nee"	"Lierweg 5 6584DB Molenhoek"	"Mook en Middelaar"	"1"	""	"964,00"	"0,00"	"9.112,00"	"188476"	"420511"	"188513"	"420503"	"2001-07-23"	"Melding:besluit landbouwbedrijven milieubeheer"
"ODNML"	"6585AJ132"	"Melkrundvee"	"Nee"	"Rijksweg 132 6585AJ Mook"	"Mook en Middelaar"	"1"	""	"2.024,50"	"106,80"	"18.325,00"	"190175"	"417520"	"190133"	"417489"	"2006-10-10"	"Vergunning:beschikking WM veranderingsvergunning"
"ODNML"	"6585BT4"	"Melkrundvee"	"Nee"	"Startsedijk 4 6585BT Mook"	"Mook en Middelaar"	"1"	""	"1.001,60"	"427,20"	"10.496,00"	"190229"	"417365"	"190234"	"417336"	"1994-01-04"	"Melding:besluit landbouwbedrijven milieubeheer"
"ODNML"	"6585BT5"	"Schapen"	"Nee"	"Startsedijk 5 6585BT MOOK"	"Mook en Middelaar"	"1"	""	"310,00"	"3.120,00"	"0,00"	"189710"	"417431"	"189710"	"417431"	"1900-01-01"	"Melding:onbekend"
"ODNML"	"6585LB18"	"Melkrundvee"	"Nee"	"Zevendalseweg 18 6585LB Mook"	"Mook en Middelaar"	"1"	""	"1.530,20"	"0,00"	"13.874,00"	"191138"	"418430"	"191164"	"418397"	"2008-01-09"	"Melding:besluit landbouwbedrijven milieubeheer"
"ODNML"	"6585XG31"	"Paarden"	"Nee"	"Mortel 31 6585XG Mook"	"Mook en Middelaar"	"1"	""	"72,80"	"0,00"	"0,00"	"189812"	"417889"	"189819"	"417893"	"2000-08-15"	"Vergunning:Beschikkking WM revisievergunning"
"ODNML"	"6586AM3"	"Melkrundvee"	"Nee"	"St. Maartensweg 3 6586AM PLASMOLEN"	"Mook en Middelaar"	"1"	""	"1.363,60"	"0,00"	"12.292,00"	"192620"	"417327"	"192620"	"417327"	"1995-01-03"	"Melding:besluit landbouwbedrijven milieubeheer"
"ODNML"	"6587AC3"	"Melkrundvee"	"Nee"	"Eindweg 3 6587AC Middelaar"	"Mook en Middelaar"	"1"	""	"2.093,91"	"8.704,20"	"84.592,00"	"191069"	"415745"	"191050"	"415730"	"2000-06-06"	"Melding:besluit landbouwbedrijven milieubeheer"
"ODNML"	"6587AC9-13"	"Zeugen"	"Nee"	"Eindweg 9-13 6587AC MIDDELAAR"	"Mook en Middelaar"	"1"	""	"4.990,90"	"27.735,90"	"211.109,00"	"190873"	"415854"	"190873"	"415854"	"1995-02-13"	"Vergunning:Beschikkking WM revisievergunning"
"ODNML"	"6587AD1"	"Paarden"	"Nee"	"Koningsbeemdweg 1 6587AD Middelaar"	"Mook en Middelaar"	"1"	""	"622,80"	"2.671,20"	"18.108,00"	"190507"	"416133"	"190527"	"416117"	"2006-11-28"	"Vergunning:Beschikkking WM revisievergunning"
"ODNML"	"6587AD15"	"Melkrundvee"	"Nee"	"Lambertusweg 15 6587AD Middelaar"	"Mook en Middelaar"	"1"	""	"1.380,60"	"0,00"	"12.656,00"	"190258"	"416759"	"190234"	"416756"	"1993-07-22"	"Melding:besluit landbouwbedrijven milieubeheer"
"ODNML"	"6587AE10"	"Melkrundvee"	"Nee"	"Elzenstraat 10 6587AE Middelaar"	"Mook en Middelaar"	"1"	""	"2.917,50"	"9.526,00"	"75.870,00"	"190991"	"416007"	"190817"	"416129"	"2002-04-09"	"Melding:besluit landbouwbedrijven milieubeheer"
"ODNML"	"6587AE11"	"Melkrundvee"	"Nee"	"Elzenstraat 11 6587AE Middelaar"	"Mook en Middelaar"	"1"	""	"451,70"	"1.796,80"	"10.726,00"	"191113"	"415911"	"191085"	"415905"	"2009-09-17"	"Melding:besluit landbouwbedrijven milieubeheer"
"ODNML"	"6587AE21"	"Melkrundvee"	"Nee"	"Elzenstraat 21 6587AE Middelaar"	"Mook en Middelaar"	"1"	""	"1.274,10"	"0,00"	"12.465,00"	"190512"	"416466"	"190482"	"416469"	"2003-11-11"	"Vergunning:beschikking WM veranderingsvergunning"
"ODNML"	"6587AJ33"	"Melkrundvee"	"Nee"	"Witteweg 33 6587AJ Middelaar"	"Mook en Middelaar"	"1"	""	"2.687,50"	"890,00"	"24.425,00"	"191266"	"415721"	"191271"	"415690"	"2009-05-31"	"Melding:besluit landbouwbedrijven milieubeheer"
"ODNML"	"6587AT5-7"	"Melkrundvee"	"Nee"	"Huissestraat 5-7 6587AT MIDDELAAR"	"Mook en Middelaar"	"1"	""	"3.587,60"	"2.064,80"	"39.386,00"	"191206"	"414669"	"191206"	"414669"	"2007-05-22"	"Vergunning:beschikking WM veranderingsvergunning"
"ODNML"	"6591CG43"	"Geiten"	"Nee"	"Nijmeegseweg 43 6591CG Gennep"	"Gennep"	"1"	""	"240,00"	"3.390,00"	"3.000,00"	"195379"	"413423"	"195435"	"413504"	"2005-10-05"	"Vergunning:oprichtingsvergunning"
"ODNML"	"6591CG8"	"Paarden"	"Nee"	"Kromsteeg 8 6591CG Gennep"	"Gennep"	"1"	""	"50,00"	"0,00"	"0,00"	"195010"	"413912"	"195019"	"413929"	"2006-06-27"	"Vergunning:Beschikkking WM revisievergunning"
"ODNML"	"6591MA15"	"Geiten"	"Nee"	"Horsestraat 15 6591MA Gennep"	"Gennep"	"1"	""	"1.341,40"	"14.507,80"	"15.014,00"	"195567"	"413494"	"195599"	"413496"	"2001-09-20"	"Vergunning:Beschikkking WM revisievergunning"
"ODNML"	"6591MB11"	"Melkrundvee"	"Nee"	"Panoven 11 6591MB Gennep"	"Gennep"	"1"	""	"382,80"	"0,00"	"3.432,00"	"196048"	"414814"	"196048"	"414814"	"1900-01-01"	"Melding:onbekend"
"ODNML"	"6595AT40"	"Leghennen"	"Nee"	"Bredeweg 40 6595AT Ottersum"	"Gennep"	"1"	"Nee"	"748,70"	"882,20"	"151.276,00"	"196789"	"413713"	"196809"	"413699"	"2011-04-14"	"Vergunning:Beschikkking WM revisievergunning"
"ODNML"	"6595AT53"	"Paarden"	"Nee"	"Bredeweg 53 6595AT Ottersum"	"Gennep"	"1"	"Nee"	"811,46"	"7.675,20"	"68.376,00"	"196783"	"413746"	"196761"	"413775"	"2004-12-07"	"Vergunning:Beschikkking WM revisievergunning"
"ODNML"	"6595MA2"	"Melkrundvee"	"Nee"	"Oude Panovenseweg 2 6595MA Ottersum"	"Gennep"	"1"	""	"304,40"	"0,00"	"3.986,00"	"195889"	"414924"	"195890"	"414926"	"1900-01-01"	"Melding:onbekend"
"ODNML"	"6595MB10"	"Melkrundvee"	"Nee"	"Hondsiepsebaan 10 6595MB Ottersum"	"Gennep"	"1"	""	"39,20"	"0,00"	"350,00"	"195927"	"415277"	"195972"	"415262"	"2006-03-23"	"Melding:AMvB melkveehouderij"
"ODNML"	"6595MB1A"	"Paarden"	"Nee"	"Hondsiepsebaan 1A 6595MB OTTERSUM"	"Gennep"	"1"	""	"653,90"	"0,00"	"0,00"	"195868"	"415168"	"195868"	"415168"	"2011-08-11"	"Vergunning:milieu neutrale wijziging"
"ODNML"	"6595MB7"	"Melkrundvee"	"Nee"	"Hondsiepsebaan 7 6595MB Ottersum"	"Gennep"	"1"	""	"512,50"	"35,60"	"5.020,00"	"195934"	"415684"	"195919"	"415685"	"2002-10-28"	"Melding:AMvB melkveehouderij"
"ODNML"	"6595MB9"	"Melkrundvee"	"Nee"	"Hondsiepsebaan 9 6595MB Ottersum"	"Gennep"	"1"	""	"2.644,40"	"0,00"	"23.846,00"	"195961"	"415863"	"195941"	"415867"	"2012-02-06"	"Intrekking:gedeeltelijke intrekking"
"ODNML"	"6595MC2"	"Vleesvarkens"	"Nee"	"Violenberg 2 6595MC Ottersum"	"Gennep"	"1"	""	"5.098,10"	"33.108,00"	"228.422,00"	"196875"	"416166"	"196878"	"416190"	"2013-05-02"	"Intrekking:gedeeltelijke intrekking"
"ODNML"	"6595MC4"	"Melkrundvee"	"Nee"	"Violenberg 4 6595MC Ottersum"	"Gennep"	"1"	""	"1.616,90"	"2.670,00"	"18.864,00"	"196300"	"416118"	"196325"	"416135"	"2001-10-26"	"Melding:AMvB melkveehouderij"
"ODNML"	"6595MD3"	"Melkrundvee"	"Nee"	"Ringbaan 3 6595MD Ottersum"	"Gennep"	"1"	""	"1.097,60"	"0,00"	"9.800,00"	"195888"	"415426"	"195888"	"415428"	"1900-01-01"	"Melding:onbekend"
"ODNML"	"6595MD4"	"Melkrundvee"	"Nee"	"Ringbaan 4 6595MD Ottersum"	"Gennep"	"1"	""	"418,00"	"0,00"	"3.736,00"	"196471"	"415615"	"196452"	"415593"	"1900-01-01"	"Melding:onbekend"
"ODNML"	"6595ME1"	"Vleesvarkens"	"Nee"	"Hoevensestraat 1 6595ME Ottersum"	"Gennep"	"1"	""	"1.475,00"	"11.040,00"	"73.440,00"	"196331"	"414528"	"196294"	"414558"	"2009-07-28"	"Vergunning:Beschikkking WM revisievergunning"
"ODNML"	"6595ME3"	"Leghennen"	"Nee"	"Hoevensestraat 3 6595ME Ottersum"	"Gennep"	"1"	""	"8.359,20"	"69.384,00"	"4.559.520,00"	"196225"	"414606"	"196127"	"414617"	"2012-09-13"	"Vergunning:Omgevingsvergunning Inrichting"
"ODNML"	"6595ME8"	"Zeugen"	"Nee"	"Hoevensestraat 8 6595ME Ottersum"	"Gennep"	"1"	""	"2.749,20"	"18.398,60"	"168.831,00"	"196543"	"414921"	"196494"	"414949"	"2001-06-08"	"Vergunning:Verandering voorschriften"
"ODNML"	"6595MG4"	"Melkrundvee"	"Ja"	"Biezendijk 4 6595MG Ottersum"	"Gennep"	"1"	""	"nu"	"nu"	"nu"	"196863"	"415473"	"196852"	"415494"	"2025-12-01"	"Intrekken gehele veebestand OW"
"ODNML"	"6595MG5"	"Nerts Vos"	"Nee"	"Biezendijk 5 6595MG Ottersum"	"Gennep"	"1"	"Nee"	"863,15"	"0,00"	"23.992,00"	"196856"	"415823"	"196847"	"415800"	"2012-09-27"	"Vergunning:Omgevingsvergunning Inrichting"
"ODNML"	"6595MG6"	"Schapen"	"Nee"	"Biezendijk 6 6595MG Ottersum"	"Gennep"	"1"	"Nee"	"269,50"	"3.003,00"	"0,00"	"196968"	"416057"	"196995"	"416051"	"1998-10-06"	"Vergunning:oprichtingsvergunning"
"ODNML"	"6595MG9"	"Vleesvarkens"	"Nee"	"Biezendijk 9 6595MG Ottersum"	"Gennep"	"1"	"Nee"	"200,00"	"1.100,20"	"6.577,00"	"196882"	"415919"	"196862"	"415945"	"2013-01-29"	"Intrekking:gedeeltelijke intrekking"
"ODNML"	"6595MH4"	"Melkrundvee"	"Nee"	"Leembaan 4 6595MH Ottersum"	"Gennep"	"1"	""	"3.095,70"	"10.971,00"	"81.207,00"	"196950"	"414166"	"197004"	"414207"	"1994-04-06"	"Vergunning:Beschikkking WM revisievergunning"
"ODNML"	"6595MJ10"	"Nerts Vos"	"Ja"	"Armenbosweg 10 6595MJ Ottersum"	"Gennep"	"1"	""	"nu"	"nu"	"nu"	"197535"	"414770"	"197565"	"414752"	"2025-07-15"	"Intrekking gehele veebestand"
"ODNML"	"6595MK2"	"Paarden"	"Nee"	"Moerasweg 2 6595MK Ottersum"	"Gennep"	"1"	""	"411,50"	"1.081,00"	"7.191,00"	"197358"	"414035"	"197447"	"414078"	"2010-10-27"	"Intrekking:gedeeltelijke intrekking"
"ODNML"	"6595MK3"	"Paarden"	"Nee"	"Moerasweg 3 6595MK Ottersum"	"Gennep"	"1"	""	"82,60"	"0,00"	"0,00"	"197315"	"414013"	"197315"	"414013"	"1900-01-01"	"Melding:onbekend"
"ODNML"	"6595NB11"	"Melkrundvee"	"Nee"	"Aaldonksestraat 11 6595NB Ottersum"	"Gennep"	"1"	"Nee"	"754,00"	"1.068,00"	"13.780,00"	"196862"	"413854"	"196844"	"413879"	"2004-09-21"	"Vergunning:Beschikkking WM revisievergunning"
"ODNML"	"6595NC14"	"Melkrundvee"	"Nee"	"Aaldonksestraat 14 6595NC Ottersum"	"Gennep"	"1"	"Nee"	"2.316,80"	"0,00"	"20.822,00"	"196357"	"413871"	"196331"	"413852"	"2011-04-19"	"Melding:besluit landbouwbedrijven milieubeheer"
"ODNML"	"6595NC22"	"Vleesvarkens"	"Ja"	"Aaldonksestraat 22 6595NC Ottersum"	"Gennep"	"1"	"Nee"	"nu"	"nu"	"nu"	"196933"	"413830"	"196929"	"413781"	"2025-12-08"	"Intrekken gehele veebestand OW"
"ODNML"	"6595NH14"	"Paarden"	"Nee"	"Roepaanstraat 14 6595NH Ottersum"	"Gennep"	"1"	""	"126,30"	"0,00"	"0,00"	"197247"	"413507"	"197221"	"413468"	"1900-01-01"	"Melding:onbekend"
"ODNML"	"6595NJ6"	"Schapen"	"Nee"	"Baasestraat 6 6595NJ Ottersum"	"Gennep"	"1"	"Nee"	"30,80"	"343,20"	"0,00"	"197045"	"413575"	"197045"	"413576"	"2004-02-10"	"Intrekking:gedeeltelijke intrekking"
"ODNML"	"6595NX1"	"Melkrundvee"	"Nee"	"Siebengewaldseweg 1 6595NX Ottersum"	"Gennep"	"1"	""	"2.776,70"	"4.378,80"	"38.529,00"	"197176"	"412718"	"197176"	"412718"	"2004-11-09"	"Vergunning:Beschikkking WM revisievergunning"
"ODNML"	"6595NX12"	"Vleesvarkens"	"Nee"	"Siebengewaldseweg 12 6595NX Ottersum"	"Gennep"	"1"	""	"1.440,00"	"11.040,00"	"73.440,00"	"197483"	"411077"	"197471"	"411082"	"2005-11-28"	"Vergunning:Beschikking WM actualiseringsvergunning"
"ODNML"	"6595PA1"	"Melkrundvee"	"Nee"	"Looiseweg 1 6595PA Ottersum"	"Gennep"	"1"	""	"1.768,80"	"0,00"	"15.906,00"	"196657"	"412469"	"196658"	"412461"	"1900-01-01"	"Melding:onbekend"
"ODNML"	"6595PA15A"	"Zeugen"	"Nee"	"Looiseweg 15A 6595PA OTTERSUM"	"Gennep"	"1"	""	"4.642,10"	"75.621,20"	"570.252,00"	"198947"	"411283"	"198947"	"411283"	"2012-11-21"	"Vergunning:milieu neutrale wijziging"
"ODNML"	"6595PA19"	"Melkrundvee"	"Nee"	"Looiseweg 19 6595PA Ottersum"	"Gennep"	"1"	""	"765,20"	"0,00"	"6.872,00"	"199140"	"411226"	"199140"	"411226"	"1900-01-01"	"Melding:onbekend"
"ODNML"	"6595PA9"	"Melkrundvee"	"Nee"	"Looiseweg 9 6595PA Ottersum"	"Gennep"	"1"	""	"496,70"	"35,60"	"4.580,00"	"197489"	"412031"	"197510"	"412041"	"1900-01-01"	"Melding:onbekend"
"ODNML"	"6596AG10"	"Melkrundvee"	"Nee"	"Zwarteweg 10 6596AG Milsbeek"	"Gennep"	"1"	""	"921,00"	"136,00"	"40.732,00"	"194043"	"415203"	"194039"	"415129"	"1900-01-01"	"Melding:onbekend"
"ODNML"	"6596BP34"	"Paarden"	"Nee"	"Langstraat 34 6596BP Milsbeek"	"Gennep"	"1"	""	"106,20"	"56,40"	"57,00"	"193805"	"415605"	"193814"	"415619"	"1900-01-01"	"Melding:onbekend"
"ODNML"	"6596BX8"	"voormalig bedrijf"	"Ja"	"Heiveld 8 6596BX MILSBEEK"	"Gennep"	"1"	"Nee"	"0,00"	"0,00"	"0,00"	"194157"	"415855"	"194157"	"415855"	"2012-03-08"	"Intrekking:intrekking gehele veebestand"
"ODNML"	"6596DS17"	"Melkrundvee"	"Ja"	"Bloemenstraat 17 6596DS Milsbeek"	"Gennep"	"1"	""	"nu"	"nu"	"nu"	"192717"	"414705"	"192682"	"414724"	"2025-12-08"	"Intrekken gehele veebestand OW"
"ODNML"	"6596DW90"	"Melkrundvee"	"Nee"	"Bloemenstraat 90 6596DW MILSBEEK"	"Gennep"	"1"	"Nee"	"399,54"	"443,00"	"9.664,00"	"192906"	"414671"	"192906"	"414671"	"1995-08-30"	"Melding:AMvB melkveehouderij"
"ODNML"	"6596MB1"	"Melkrundvee"	"Nee"	"Onderkant 1 6596MB Milsbeek"	"Gennep"	"1"	""	"835,70"	"273,00"	"6.826,00"	"195168"	"414755"	"195168"	"414755"	"1900-01-01"	"Melding:onbekend"
"ODNML"	"6596MB3"	"Paarden"	"Nee"	"Onderkant 3 6596MB Milsbeek"	"Gennep"	"1"	""	"57,40"	"390,00"	"0,00"	"194948"	"414908"	"194969"	"414918"	"2002-09-24"	"Melding:besluit landbouwbedrijven milieubeheer"
"ODNML"	"6596MB7"	"Paarden"	"Nee"	"Onderkant 7 6596MB Milsbeek"	"Gennep"	"1"	""	"170,50"	"0,00"	"0,00"	"194571"	"414902"	"194563"	"414819"	"2012-02-29"	"Melding:besluit landbouwbedrijven milieubeheer"
"ODNML"	"6596MC14"	"Vleesvarkens"	"Nee"	"Onderkant 14 6596MC MILSBEEK"	"Gennep"	"1"	"Nee"	"9.803,40"	"96.006,60"	"536.994,00"	"194497"	"415112"	"194497"	"415112"	"2011-12-05"	"Vergunning:Beschikkking WM revisievergunning"
"ODNML"	"6596MC22"	"Paarden"	"Nee"	"Onderkant 22 6596MC Milsbeek"	"Gennep"	"1"	""	"47,00"	"78,00"	"0,00"	"194257"	"415248"	"194258"	"415250"	"1900-01-01"	"Melding:onbekend"
"ODNML"	"6596MG4"	"Paarden"	"Nee"	"Potkuilen 4 6596MG Milsbeek"	"Gennep"	"1"	""	"64,60"	"0,00"	"0,00"	"194567"	"415487"	"194567"	"415487"	"1900-01-01"	"Melding:onbekend"
"ODNML"	"6596MH5"	"Melkrundvee"	"Nee"	"Ringbaan 5 6596MH Milsbeek"	"Gennep"	"1"	""	"405,80"	"356,00"	"7.026,00"	"195231"	"415515"	"194869"	"415671"	"1994-03-16"	"Melding:AMvB melkveehouderij"
"ODNML"	"6596MH5A"	"Schapen"	"Nee"	"Ringbaan 5A 6596MH MILSBEEK"	"Gennep"	"1"	""	"49,00"	"546,00"	"0,00"	"194869"	"415671"	"194869"	"415671"	"2004-11-18"	"Melding:besluit landbouwbedrijven milieubeheer"
"ODNML"	"6598AE44A"	"Paarden"	"Nee"	"Hoofdstraat 44A 6598AE HEIJEN"	"Gennep"	"1"	""	"119,40"	"0,00"	"0,00"	"195990"	"409144"	"195990"	"409144"	"2008-07-16"	"Melding:besluit landbouwbedrijven milieubeheer"
"ODNML"	"6598AE54"	"Paarden"	"Nee"	"Hoofdstraat 54 6598AE Heijen"	"Gennep"	"1"	"Nee"	"71,00"	"0,00"	"0,00"	"196385"	"408343"	"196385"	"408344"	"2011-05-23"	"Melding:besluit landbouwbedrijven milieubeheer"
"ODNML"	"6598AE58"	"Melkrundvee"	"Nee"	"Hoofdstraat 58 6598AE Heijen"	"Gennep"	"1"	""	"135,30"	"284,80"	"2.071,00"	"196440"	"408220"	"196404"	"408208"	"1900-01-01"	"Melding:onbekend"
"ODNML"	"6598BJ12"	"Melkrundvee"	"Nee"	"Kasteelstraat 12 6598BJ Heijen"	"Gennep"	"1"	""	"180,90"	"391,60"	"2.807,00"	"195665"	"409668"	"195620"	"409701"	"2006-01-17"	"Vergunning:Beschikkking WM revisievergunning"
"ODNML"	"6598DJ2"	"Melkrundvee"	"Nee"	"Elskamp 2 6598DJ Heijen"	"Gennep"	"1"	""	"334,40"	"0,00"	"2.888,00"	"196541"	"407570"	"196513"	"407575"	"2008-01-18"	"Melding:besluit landbouwbedrijven milieubeheer"
"ODNML"	"6598MC39"	"Paarden"	"Nee"	"Hommersumseweg 39 6598MC Heijen"	"Gennep"	"1"	""	"398,50"	"0,00"	"0,00"	"197236"	"409318"	"197140"	"409427"	"2013-06-28"	"Melding:Activiteitenbesluit"
"ODNML"	"6598MC60"	"Melkrundvee"	"Nee"	"Hommersumseweg 60 6598MC Heijen"	"Gennep"	"1"	""	"1.526,80"	"1.780,00"	"13.800,00"	"198841"	"410515"	"198864"	"410483"	"2008-03-21"	"Melding:besluit landbouwbedrijven milieubeheer"
"ODNML"	"6598MD11"	"Geiten"	"Nee"	"Langeven 11 6598MD Heijen"	"Gennep"	"1"	""	"4.820,00"	"49.080,00"	"49.600,00"	"198251"	"409422"	"198237"	"409416"	"2005-11-03"	"Vergunning:Beschikkking WM revisievergunning"
"ODNML"	"6598MD8"	"Leghennen"	"Nee"	"Langeven 8 6598MD HEIJEN"	"Gennep"	"1"	""	"2.556,38"	"20.934,80"	"284.510,00"	"197466"	"409166"	"197466"	"409166"	"1994-10-27"	"Vergunning:WM uitbreidings-wijzigingsvergunning"
"ODNML"	"6598MG15"	"Paarden"	"Nee"	"Nieuw Erf 15 6598MG Heijen"	"Gennep"	"1"	""	"457,95"	"320,00"	"5.327,00"	"198913"	"408414"	"198913"	"408414"	"1900-01-01"	"Melding:onbekend"
"ODNML"	"6598MG17"	"Melkrundvee"	"Nee"	"Nieuw Erf 17 6598MG Heijen"	"Gennep"	"1"	""	"1.768,80"	"0,00"	"15.906,00"	"199083"	"408334"	"199084"	"408313"	"1900-01-01"	"Melding:onbekend"
"ODNML"	"6598MG8"	"Vleeskuikens"	"Nee"	"Nieuw Erf 8 6598MG Heijen"	"Gennep"	"1"	""	"1.749,30"	"27.489,00"	"1.832.600,00"	"198935"	"409015"	"198877"	"409046"	"2013-09-04"	"Vergunning:Omgevingsvergunning Inrichting"
"ODNML"	"6598MH1"	"voormalig bedrijf"	"Ja"	"Brem 1 6598MH HEIJEN"	"Gennep"	"1"	"Nee"	"0,00"	"0,00"	"0,00"	"197157"	"408858"	"197157"	"408858"	"2013-08-30"	"Melding:intrekking gehele veebestand"
"ODNML"	"6598MH3"	"voormalig bedrijf"	"Ja"	"Brem 3 6598MH HEIJEN"	"Gennep"	"1"	"Nee"	"0,00"	"0,00"	"0,00"	"197191"	"408747"	"197191"	"408747"	"2013-06-13"	"Melding:intrekking gehele veebestand"
"ODNML"	"6598MH5"	"Melkrundvee"	"Nee"	"Brem 5 6598MH HEIJEN"	"Gennep"	"1"	""	"154,00"	"0,00"	"1.330,00"	"197340"	"408675"	"197340"	"408675"	"1900-01-01"	"Melding:onbekend"
"ODNML"	"6598MJ2"	"Melkrundvee"	"Nee"	"Kamperweg 2 6598MJ Heijen"	"Gennep"	"1"	""	"3.216,00"	"0,00"	"28.920,00"	"199106"	"410176"	"199106"	"410176"	"2008-06-26"	"Melding:besluit landbouwbedrijven milieubeheer"
"ODNML"	"6598MJ5"	"voormalig bedrijf"	"Ja"	"Kamperweg 5 6598MJ Heijen"	"Gennep"	"1"	"Nee"	"0,00"	"0,00"	"0,00"	"199414"	"410114"	"199414"	"410114"	"2012-03-27"	"Intrekking:besluit landbouwbedrijven milieubeheer"
"ODNML"	"6598MR1"	"Melkrundvee"	"Nee"	"Beekweg 1 6598MR Heijen"	"Gennep"	"1"	"Nee"	"2.280,00"	"0,00"	"20.550,00"	"197652"	"409137"	"197661"	"409149"	"2006-09-05"	"Melding:besluit landbouwbedrijven milieubeheer"
"ODNML"	"6598MX60"	"Melkrundvee"	"Nee"	"Boxmeerseweg 60 6598MX Heijen"	"Gennep"	"1"	"Nee"	"2.176,40"	"0,00"	"23.198,00"	"195722"	"408459"	"195671"	"408386"	"2013-04-25"	"Melding:Activiteitenbesluit"
"ODNML"	"6599AB87"	"Paarden"	"Nee"	"Kleefseweg 87 6599AB Ven-Zelderheide"	"Gennep"	"1"	""	"155,42"	"325,50"	"3.608,00"	"199631"	"414129"	"199629"	"414134"	"1900-01-01"	"Melding:onbekend"
"ODNML"	"6599AB97"	"Melkrundvee"	"Nee"	"Kleefseweg 97 6599AB VEN-ZELDERHEIDE"	"Gennep"	"1"	""	"1.218,50"	"4.272,00"	"24.670,00"	"200424"	"414432"	"200424"	"414432"	"2013-06-20"	"Vergunning:Omgevingsvergunning Inrichting"
"ODNML"	"6599AE1"	"Nerts Vos"	"Nee"	"Kleine Bisselt 1 6599AE Ven-Zelderheide"	"Gennep"	"1"	""	"2.250,00"	"0,00"	"72.000,00"	"200052"	"414361"	"200112"	"414414"	"2004-10-19"	"Vergunning:Beschikkking WM revisievergunning"
"ODNML"	"6599AN49"	"voormalig bedrijf"	"Ja"	"Vensestraat 49 6599AN VEN-ZELDERHEIDE"	"Gennep"	"1"	"Nee"	"0,00"	"0,00"	"0,00"	"199087"	"414441"	"199087"	"414441"	"2013-07-18"	"Intrekking:intrekking gehele veebestand"
"ODNML"	"6599AN57"	"Paarden"	"Nee"	"Vensestraat 57 6599AN Ven-Zelderheide"	"Gennep"	"1"	""	"154,90"	"0,00"	"0,00"	"199082"	"414524"	"199044"	"414489"	"1900-01-01"	"Melding:onbekend"
"ODNML"	"6599AT3A"	"Vleeskuikens"	"Nee"	"Zandsteeg 3A 6599AT VEN-ZELDERHEIDE"	"Gennep"	"1"	"Nee"	"2.312,00"	"11.220,00"	"748.000,00"	"199246"	"414793"	"199246"	"414793"	"1997-08-18"	"Vergunning:beschikking WM veranderingsvergunning"
"ODNML"	"6599AT7"	"Melkrundvee"	"Nee"	"Zandsteeg 7 6599AT Ven-Zelderheide"	"Gennep"	"1"	""	"114,40"	"0,00"	"988,00"	"199548"	"414873"	"199548"	"414874"	"1900-01-01"	"Melding:onbekend"
"ODNML"	"6599AV6A"	"Nerts Vos"	"Ja"	"Zandsteeg 6A 6599AV VEN-ZELDERHEIDE"	"Gennep"	"1"	""	"nu"	"nu"	"nu"	"199515"	"414740"	"199515"	"414740"	"2025-10-31"	"Intrekken gehele veebestand OW"
"ODNML"	"6599CA31"	"Paarden"	"Nee"	"Aaldonksestraat 31 6599CA Ven-Zelderheide"	"Gennep"	"1"	"Nee"	"67,60"	"0,00"	"0,00"	"198071"	"413950"	"198075"	"413962"	"2005-05-17"	"Intrekking:gedeeltelijke intrekking"
"ODNML"	"6599CC6"	"Paarden"	"Nee"	"Scheidingsweg 6 6599CC Ven-Zelderheide"	"Gennep"	"1"	""	"46,20"	"0,00"	"0,00"	"197926"	"413746"	"197907"	"413747"	"1900-01-01"	"Melding:onbekend"
"ODNML"	"6599CD1"	"voormalig bedrijf"	"Ja"	"Eindstraat 1 6599CD VEN-ZELDERHEIDE"	"Gennep"	"1"	"Nee"	"0,00"	"0,00"	"0,00"	"199051"	"414626"	"199051"	"414626"	"2010-07-23"	"Intrekking:intrekking gehele veebestand"
"ODNML"	"6599CD21"	"Vleesvarkens"	"Nee"	"Eindstraat 21 6599CD Ven-Zelderheide"	"Gennep"	"1"	""	"2.700,00"	"13.800,00"	"91.800,00"	"198574"	"414736"	"198572"	"414662"	"2000-12-14"	"Melding:beschikking WM melding art 8.19"
"ODNML"	"6599CG1"	"Paarden"	"Nee"	"Speksestraat 1 6599CG Ven-Zelderheide"	"Gennep"	"1"	""	"45,00"	"0,00"	"0,00"	"198352"	"413962"	"198356"	"413963"	"1900-01-01"	"Melding:onbekend"
"ODNML"	"6599CG6"	"Nerts Vos"	"Ja"	"Speksestraat 6 6599CG Ven-Zelderheide"	"Gennep"	"1"	""	"nu"	"nu"	"nu"	"198636"	"415073"	"198644"	"415042"	"2025-10-31"	"Intrekken gehele veebestand OW"
"ODNML"	"6599CH7"	"Zeugen"	"Nee"	"Broekstraat 7 6599CH Ven-Zelderheide"	"Gennep"	"1"	"Nee"	"7.720,06"	"43.279,30"	"336.411,00"	"198091"	"414111"	"198124"	"414201"	"2009-12-14"	"Vergunning:Beschikkking WM revisievergunning"
"ODNML"	"6599CJ15"	"Melkrundvee"	"Nee"	"Langehorst 15 6599CJ Ven-Zelderheide"	"Gennep"	"1"	""	"688,40"	"1.150,00"	"12.506,00"	"198299"	"414931"	"198300"	"414938"	"1900-01-01"	"Melding:onbekend"
"ODNML"	"6599CJ5"	"Melkrundvee"	"Nee"	"Langehorst 5 6599CJ Ven-Zelderheide"	"Gennep"	"1"	""	"69,60"	"0,00"	"834,00"	"197661"	"415044"	"197661"	"415045"	"1997-12-03"	"Melding:besluit landbouwbedrijven milieubeheer"
"ODNML"	"6599CJ7"	"voormalig bedrijf"	"Ja"	"Langehorst 7 6599CJ VEN-ZELDERHEIDE"	"Gennep"	"1"	"Nee"	"0,00"	"0,00"	"0,00"	"197745"	"415010"	"197745"	"415010"	"2013-03-27"	"Intrekking:intrekking gehele veebestand"
"ODNML"	"6599CK2"	"Paarden"	"Nee"	"Langehorst 2 6599CK Ven-Zelderheide"	"Gennep"	"1"	"Nee"	"95,00"	"0,00"	"0,00"	"197787"	"414843"	"197787"	"414843"	"1993-03-31"	"Vergunning:oprichtingsvergunning"
"ODNML"	"6599CK2B"	"Nerts Vos"	"Nee"	"Langehorst 2B 6599CK VEN-ZELDERHEIDE"	"Gennep"	"1"	"Nee"	"1.499,75"	"0,00"	"47.992,00"	"198017"	"414566"	"198017"	"414566"	"2011-03-10"	"Vergunning:Beschikkking WM revisievergunning"
"ODNML"	"6599CK2D"	"Nerts Vos"	"Ja"	"Langehorst 2D 6599CK VEN-ZELDERHEIDE"	"Gennep"	"1"	"Nee"	"nu"	"nu"	"nu"	"198203"	"414629"	"198203"	"414629"	"2025-07-15"	"Intrekking gehele veebestand"
"ODNML"	"6599CK4"	"Melkrundvee"	"Nee"	"Langehorst 4 6599CK Ven-Zelderheide"	"Gennep"	"1"	"Nee"	"472,90"	"284,80"	"6.097,00"	"198380"	"414655"	"198329"	"414640"	"1991-07-23"	"Vergunning:hinderwetvergunning"
"ODNML"	"6599CM6"	"Nerts Vos"	"Ja"	"Driebergseven 6 6599CM Ven-Zelderheide"	"Gennep"	"1"	""	"nu"	"nu"	"nu"	"197890"	"415091"	"197958"	"415050"	"2025-07-15"	"Intrekken gehele veebestand OW"
"ODNML"	"6599EB1"	"Melkrundvee"	"Nee"	"Biesterveld 1 6599EB Ven-Zelderheide"	"Gennep"	"1"	"Nee"	"3.221,30"	"35,60"	"32.810,00"	"198944"	"413224"	"198969"	"413209"	"2008-08-13"	"Melding:besluit landbouwbedrijven milieubeheer"
