provincie,instellingsnaam,straatnaam,huisnummer-toevoeging,postcode,plaatsnaam,gemeentenummer,gemeentenaam,telefoonnummer,school_type,latitude,longitude
Drenthe,BBS de Verwondering,Melkweg,13,9306 TC,ALTEVEER GEM NOORDENVELD,1699,NOORDENVELD, ,primary,53.11392514,6.43798025
Drenthe,Kindcentrum De Wegwijzer,Harm Tiesingstraat,74,9571 AZ,2E EXLOERMOND,1681,BORGER-ODOORN,0599671206,primary,52.90185962,6.92183534
Drenthe,Christelijk Kindcentrum De Borgh,Molenstraat,3-A,9531 CH,BORGER,1681,BORGER-ODOORN,0599234254,primary,52.92171223,6.79637322
Drenthe,Kindcentrum Drijber,Nijenkamp,29,9419 TM,DRIJBER,1731,MIDDEN-DRENTHE,0593562543,primary,52.78784548,6.5468591
Drenthe,Christelijk Kindcentrum Menso Altingschool,Brinkhovenlaan,3-B,9765 BH,PATERSWOLDE,1730,TYNAARLO,0503093854,primary,53.14983045,6.5693784
Drenthe,Dalton Kindcentrum ’t Kompas,Ceresstraat,6,9514 CA,GASSELTERNIJVEEN,1680,AA EN HUNZE,0599512734,primary,52.98875169,6.85324631
Drenthe,Kindcentrum De Klister,Noorderdiep,123,9521 BC,NIEUW-BUINEN,1681,BORGER-ODOORN,0599613864,primary,52.96774634,6.9537094
Drenthe,Dalton Kindcentrum De Vaart,Prof. Dr. Obbinkstraat,3-B,9423 PR,HOOGERSMILDE,1731,MIDDEN-DRENTHE,0592459055,primary,52.90616659,6.39494666
Drenthe,Kindcentrum SPEEL en LEER,Kerklaan,3,9341 AV,VEENHUIZEN,1699,NOORDENVELD,0592388355,primary,53.03241159,6.39451911
Drenthe,Kindcentrum Het Octaaf,Witterhoofdweg,1-C,9405 HX,ASSEN,0106,ASSEN,0592351506,primary,52.98739216,6.52985731
Drenthe,Dalton Kindcentrum De Wingerd,Floralaan,1-A,9421 NP,BOVENSMILDE,1731,MIDDEN-DRENTHE,0592412991,primary,52.97373891,6.48004761
Drenthe,Kindcentrum De Marke,De Weegbree,21,9461 KM,GIETEN,1680,AA EN HUNZE,0592263113,primary,53.00171021,6.77117762
Drenthe,Kindcentrum De Wegwijzer,Homaat,2,9431 MK,WESTERBORK,1731,MIDDEN-DRENTHE,0593331305,primary,52.85570028,6.60798866
Drenthe,Kindcentrum De Holtenhoek,Holtenweg,5,9481 CN,VRIES,1730,TYNAARLO,0592541644,primary,53.07581095,6.57352306
Drenthe,Kindcentrum De Schutkampen,Prins Hendrikstraat,2,9422 GJ,SMILDE,1731,MIDDEN-DRENTHE,0592414010,primary,52.94586457,6.44676564
Drenthe,Kindcentrum De Regenboog,Tuinstraat,5-B,9404 KK,ASSEN,0106,ASSEN,0592316723,primary,52.98853429,6.57735692
Drenthe,Kindcentrum Beatrix,Sportlaan,10,9411 BG,BEILEN,1731,MIDDEN-DRENTHE,0593522718,primary,52.86477001,6.50818012
Drenthe,Christelijk Kindcentrum Het Stroomdal,Esdoornlaan,1,9471 SH,ZUIDLAREN,1730,TYNAARLO,0504093170,primary,53.0839323,6.66541193
Drenthe,Christelijk Dalton Kindcentrum De Eshorst,Esweg,106,9411 AK,BEILEN,1731,MIDDEN-DRENTHE,0593523159,primary,52.86542165,6.51647187
Drenthe,Dalton Kindcentrum Jonglaren,Ludinge,6,9471 JD,ZUIDLAREN,1730,TYNAARLO,0504092079,primary,53.09162654,6.66448338
Drenthe,Kindcentrum De Lichtbaak,Amstelstraat,14-B,9406 TH,ASSEN,0106,ASSEN,0592354150,primary,53.00853362,6.54276641
Drenthe,Christelijk Kindcentrum Het Kompas,Einthovenstraat,26,9402 CB,ASSEN,0106,ASSEN,0592354234,primary,52.99894818,6.55227243
Drenthe,Kindcentrum De Scharmhof,Scharmbarg,1,9407 EA,ASSEN,0106,ASSEN,0592343800,primary,53.0177039,6.56329627
Drenthe,Christelijk Kindcentrum Rehoboth,Rooilaan,154,7876 GW,VALTHERMOND,1681,BORGER-ODOORN,0599662367,primary,52.876323,6.95154477
Drenthe,Kindcentrum De Borg,Dusselheugte,13,9403 GN,ASSEN,0106,ASSEN,0592370203,primary,53.01787302,6.58249583
Drenthe,Kindcentrum De Tol,De Hilde,1,9472 WH,ZUIDLAREN,1730,TYNAARLO,0504091804,primary,53.07791096,6.69456521
Drenthe,Kindcentrum Het Krijt,Schoolstraat,29,9408 MB,ASSEN,0106,ASSEN,0592460370,primary,53.00085136,6.51436189
Drenthe,Kindcentrum De Kloostertuin,Aletta Jacobsweg,80,9408 AM,ASSEN,0106,ASSEN,0592350303,primary,53.00335479,6.50577913
Drenthe,CKC De Rietzanger,Borchsingel,39,9766 PP,EELDERWOLDE,1730,TYNAARLO,0502053399,primary,53.17930859,6.53962656
Drenthe,Het Mozaiek,De Stok,4,7913 RE,HOLLANDSCHEVELD,0118,HOOGEVEEN,0528343291,primary,52.70395949,6.5441355
Drenthe,Sint Theresiaschool,Kerkweg,4,7741 PJ,COEVORDEN,0109,COEVORDEN,0524514782,primary,52.67147215,6.69626395
Drenthe,Sint Willibrordus,Thorbeckestraat,1,7742 AJ,COEVORDEN,0109,COEVORDEN,0524513531,primary,52.6640162,6.75271001
Drenthe,K B S De Plataan,Vledderstraat,3-E,7941 LC,MEPPEL,0119,MEPPEL,0522251025,primary,52.69779467,6.19411722
Drenthe,R.K. Basisschool Titus Brandsma,Herman Bavinckstraat,1,7901 BS,HOOGEVEEN,0118,HOOGEVEEN,0528264115,primary,52.72872387,6.47562599
Drenthe,St Franciscussch,Zuidersloot,61,7765 AG,WEITEVEEN,0114,EMMEN,0524541495,primary,52.67141767,6.99700036
Drenthe,Sint Gerardus Majella School,Europaweg,149,7766 AE,NIEUW-SCHOONEBEEK,0114,EMMEN,0524541403,primary,52.64689765,6.99029475
Drenthe,Rooms Katholieke Basisschool Panta Rhei,Jan van Scorelstraat,9,7741 XM,COEVORDEN,0109,COEVORDEN,0524513467,primary,52.66930941,6.75041692
Drenthe,Montessorischool Het Element,De Karn,5,7908 NX,HOOGEVEEN,0118,HOOGEVEEN,0528220300,primary,52.71663107,6.43915416
Drenthe,Christelijke Basisschool De Fontein,Westrupstraat,10,7841 AZ,SLEEN,0109,COEVORDEN,0591361910,primary,52.76805518,6.80067619
Drenthe,Protestants Christelijk Basisschool De Wegwijzer,Schoolweg,2,7917 PX,GEESBRUG,0109,COEVORDEN,0524291600,primary,52.7232337,6.61713574
Drenthe,Christelijke Basisschool de Schutse,Paardelandsdrift,9,7854 PR,AALDEN,0109,COEVORDEN,0591371898,primary,52.79289064,6.71256121
Drenthe,Christelijke Basisschool De Slagkrooie,Ringstraat,22,7848 BW,SCHOONOORD,0109,COEVORDEN,0591382412,primary,52.84683146,6.75092611
Drenthe,Willem Alexanderschool,Oranjestraat,2,7753 TK,DALERPEEL,0109,COEVORDEN,0524571956,primary,52.67954481,6.66143303
Drenthe,Mijndert van der Thynenschool,Jan van Scorelstraat,11,7741 XM,COEVORDEN,0109,COEVORDEN,0524513283,primary,52.66946519,6.75065731
Drenthe,Paul Krugerschool,Van Heutszsingel,9,7741 ER,COEVORDEN,0109,COEVORDEN,0524516182,primary,52.66404808,6.73758138
Drenthe,Dr. Picardtschool,Van Pallandtlaan,7,7742 WJ,COEVORDEN,0109,COEVORDEN,0524512148,primary,52.66347415,6.75677516
Drenthe,Christelijke Basisschool De Wel,Burg. Haitsmalaan,7,7948 AE,NIJEVEEN,0119,MEPPEL,0522490461,primary,52.72954782,6.16634968
Drenthe,Christelijke Basisschool De Fontein,Heuvelenweg,22-B,7991 CL,DWINGELOO,1701,WESTERVELD,0521593196,primary,52.83268525,6.35802257
Drenthe,Protestants Christelijke Basisschool Nijensleek,Hoofdweg,136,8383 EK,NIJENSLEEK,1701,WESTERVELD,0521381885,primary,52.83012452,6.15392991
Drenthe,CBS De Akker,Hoogeveenseweg,28,7933 PG,PESSE,0118,HOOGEVEEN,0528262566,primary,52.75687298,6.46174808
Drenthe,Protestants Christelijke Basisschool De Arendsvleugel,Bleekhof,2,7961 AW,RUINERWOLD,1690,DE WOLDEN,0522481344,primary,52.72059748,6.24964521
Drenthe,Basisschool Roosjen,Hoofdstraat,23,7981 AC,DIEVER,1701,WESTERVELD,0521591513,primary,52.85785891,6.31569171
Drenthe,Protestants Christelijke School Het Kompas,Zuiderlaan,197-C,7944 EE,MEPPEL,0119,MEPPEL,0522799199,primary,52.69015622,6.18495835
Drenthe,Prins Johan Frisoschool voor Christelijk Basisonderwijs,Prinses Christinalaan,8,7958 SK,KOEKANGE,1690,DE WOLDEN,0522451384,primary,52.70094732,6.31745303
Drenthe,Anne Frankschool,K.P.-laan,20,7943 CV,MEPPEL,0119,MEPPEL,0522258500,primary,52.6956709,6.21798734
Drenthe,K.C. cbs De Heidevlinder,Heidelaan,1,7921 EA,ZUIDWOLDE DR,1690,DE WOLDEN,0528372772,primary,52.67472491,6.43471085
Drenthe,Koningin Beatrixschool,De Vissersingel,1,7942 EA,MEPPEL,0119,MEPPEL,0522251716,primary,52.70274632,6.19284192
Drenthe,Protestants Christelijke Basisschool de Akker,Engelgaarde,31,7943 LD,MEPPEL,0119,MEPPEL,0522251513,primary,52.69741794,6.22392139
Drenthe,P.C. Basisschool Stadskwartier,Catharinastraat,9,7941 JD,MEPPEL,0119,MEPPEL,0522251076,primary,52.69466735,6.19257058
Drenthe,KindPunt Gavelanden,De Vissersingel,1,7942 EA,MEPPEL,0119,MEPPEL,0522251716,primary,52.70274632,6.19284192
Drenthe,Christelijke Nationale Basisschool De Bron,Ganzenroer,2,7833 GH,NIEUW-AMSTERDAM,0114,EMMEN,0591551293,primary,52.71447771,6.85493349
Drenthe,'t Twiespan,Vredenveld,78,7824 CJ,EMMEN,0114,EMMEN,0591622409,primary,52.78172986,6.92313827
Drenthe,Protestants Christelijke Basisschool Willem Alexander,Verlengde Vaart NZ,37,7887 EE,ERICA,0114,EMMEN,0591301623,primary,52.71091076,6.92087523
Drenthe,Basisschool De Bentetop,Weerdingerkanaal ZZ,163,7831 AK,NIEUW-WEERDINGE,0114,EMMEN,0591521405,primary,52.85765988,6.98953244
Drenthe,cb de Zwaluw,Zandpolstraat,9,7764 AK,ZANDPOL,0114,EMMEN,0591552655,primary,52.69328677,6.86542852
Drenthe,Het Anker Protestants Christelijke Jenaplanschool,Distelvink,107,7827 DD,EMMEN,0114,EMMEN,0591630597,primary,52.74958644,6.89613801
Drenthe,Groen van Prinstererschool,Dr. H. Blinkstraat,5,7815 VH,EMMEN,0114,EMMEN,0591612464,primary,52.79827561,6.89636173
Drenthe,Christelijk Basisschool De Oliebron,Europaweg,145,7761 AC,SCHOONEBEEK,0114,EMMEN,0524531812,primary,52.66377108,6.87824348
Drenthe,Het Palet,Geuzingerbrink,70,7812 NX,EMMEN,0114,EMMEN,0591647653,primary,52.76518384,6.8833528
Drenthe,De Brug,Derksweg,264,7891 PR,KLAZIENAVEEN,0114,EMMEN,0591312021,primary,52.7236878,6.98349218
Drenthe,De Kap,Horizon,74-C,7891 CT,KLAZIENAVEEN,0114,EMMEN,0591312054,primary,52.72776784,6.98964979
Drenthe,CB Het Talent,Zandzoom,19,7814 VH,EMMEN,0114,EMMEN,0591632273,primary,52.75389091,6.86222734
Drenthe,CBS De Parel,Dreesdestraat,40,9301 GG,RODEN,1699,NOORDENVELD,0505017344,primary,53.13758182,6.41542093
Drenthe,CBS De Hoeksteen,Slangenborg,1,9301 VC,RODEN,1699,NOORDENVELD,0505018556,primary,53.13606363,6.40800297
Drenthe,Basisschool De Rank,Hagedoorn,2,7822 CC,EMMEN,0114,EMMEN,0591615518,primary,52.79525923,6.9038645
Drenthe,Kindcentrum Commissaris Gaarlandt,Rembrandtstraat,2,7948 AW,NIJEVEEN,0119,MEPPEL,0522491618,primary,52.73322166,6.16645434
Drenthe,Kindcentrum obs Sprinkels,Zuiderlaan,197-B,7944 EE,MEPPEL,0119,MEPPEL,0522799111,primary,52.6901771,6.1850156
Drenthe,Kindcentrum Het Avontuur,Woldkade,1-A,7942 AH,MEPPEL,0119,MEPPEL,0522252124,primary,52.70166984,6.192629
Drenthe,Kindcentrum De IJsvogel,Engelgaarde,33,7943 LD,MEPPEL,0119,MEPPEL,0522260651,primary,52.69767158,6.22261352
Drenthe,Kindcentrum Noorderveld,Zuiderlaan,197-B,7944 EE,MEPPEL,0119,MEPPEL,0522729209,primary,52.6901771,6.1850156
Drenthe,De Smeltkroes,Witte Zandpad,1,7854 TW,AALDEN,0109,COEVORDEN,0591372813,primary,52.79194796,6.70665641
Drenthe,Openbare Basisschool De Anwende,Paardelandsdrift,5,7854 PR,AALDEN,0109,COEVORDEN,0591371677,primary,52.79295338,6.71260946
Drenthe,Basisschool De Akker,Oldenhoffstraat,5,7841 AJ,SLEEN,0109,COEVORDEN,0591361766,primary,52.76774679,6.79948306
Drenthe,Basisschool De Vlinderhof,Odoornerweg,8,7846 TA,NOORD-SLEEN,0109,COEVORDEN,0591361357,primary,52.79701845,6.80338489
Drenthe,Burgemeester van Royenschool,Sportparklaan,20,7848 BB,SCHOONOORD,0109,COEVORDEN,0591381262,primary,52.84127086,6.75515794
Drenthe,Burg Wessels Boerschool,Molenwijk,4,7751 CG,DALEN,0109,COEVORDEN,0524551433,primary,52.70015431,6.75487769
Drenthe,Openbare Basisschool De Zwarm,Coevorderstraatweg,6,7917 PR,GEESBRUG,0109,COEVORDEN,0524291300,primary,52.72817137,6.63188207
Drenthe,Marke-School,Middendorp,32,7754 MB,WACHTUM,0109,COEVORDEN,0524552206,primary,52.7234201,6.75217274
Drenthe,Openbare Basisschool de Wilhelminaschool,Jan van Scorelstraat,13,7741 XM,COEVORDEN,0109,COEVORDEN,0524512485,primary,52.66933417,6.7508215
Drenthe,Stidal-School,Hoofdstraat,144,7755 NN,DALERVEEN,0109,COEVORDEN,0524221261,primary,52.69142337,6.80853795
Drenthe,Openbare Basisschool Buitenvree,Van Pallandtlaan,5,7742 WJ,COEVORDEN,0109,COEVORDEN,0524512232,primary,52.66308733,6.75654487
Drenthe,Parkschool voor Openbare Basisschool,Poppenharelaan,1-3,7741 CS,COEVORDEN,0109,COEVORDEN,0524512567,primary,52.66689743,6.74359563
Drenthe,Obs De Woert,Beatrixlaan,25,7861 AG,OOSTERHESSELEN,0109,COEVORDEN,0524581778,primary,52.75998035,6.7223932
Drenthe,Kindcentrum Kornalijn,Emmastraat,43,7941 HN,MEPPEL,0119,MEPPEL,0522253644,primary,52.69401525,6.19526084
Drenthe,Het Koraal,Beukemastraat,44,7906 AN,HOOGEVEEN,0118,HOOGEVEEN,0528267382,primary,52.71704151,6.48036836
Drenthe,Basisschool Eben Haezer,Eenendertigste Wijk-N,1,7913 AA,HOLLANDSCHEVELD,0118,HOOGEVEEN,0528343536,primary,52.71814298,6.53891856
Drenthe,IKC De Meenthe,Floralaan,1-A,9421 NP,BOVENSMILDE,1731,MIDDEN-DRENTHE,0592412973,primary,52.97373891,6.48004761
Drenthe,IKC Prinses Margriet,Prinses Margrietstraat,1,9422 EL,SMILDE,1731,MIDDEN-DRENTHE,0592412302,primary,52.94961396,6.45060638
Drenthe,Openbare Basisschool Pieter van Thuyl,Prof. Dr. Obbinkstraat,3,9423 PR,HOOGERSMILDE,1731,MIDDEN-DRENTHE,0592459043,primary,52.90616659,6.39494666
Drenthe,Basisschool de Lindelaar,Homaat,2,9431 MK,WESTERBORK,1731,MIDDEN-DRENTHE,0593331998,primary,52.85570028,6.60798866
Drenthe,Openbare Basisschool De Wenteling,Schiphorsten,2,9437 TD,BALINGE,1731,MIDDEN-DRENTHE,0593552441,primary,52.81030088,6.62712808
Drenthe,IKC Meester Siebering,Haarweg,27,7938 PS,NIEUW-BALINGE,1731,MIDDEN-DRENTHE,0528321355,primary,52.76827892,6.60545013
Drenthe,IKC Harm Smeenge,Hofstraat,18,9411 LB,BEILEN,1731,MIDDEN-DRENTHE,0593522615,primary,52.86242287,6.51501018
Drenthe,IKC G.A. de Ridder,'t Spiek,2,9411 KV,BEILEN,1731,MIDDEN-DRENTHE,0593522030,primary,52.85689434,6.51132216
Drenthe,IKC 't Hieker Nust,Westeinde,6,9415 PJ,HIJKEN,1731,MIDDEN-DRENTHE,0593525136,primary,52.89515471,6.49784572
Drenthe,IKC De Bosvlinder,Bosweg,1,9414 BD,HOOGHALEN,1731,MIDDEN-DRENTHE,0593592317,primary,52.92238092,6.54088797
Drenthe,IKC Zuiderenk,Drijberseweg,2,9418 PW,WIJSTER,1731,MIDDEN-DRENTHE,0593562250,primary,52.81515838,6.51591069
Drenthe,Openbare Basisschool De Schuthoek,Julianalaan,67,9471 EB,ZUIDLAREN,1730,TYNAARLO,0504092009,primary,53.09720875,6.67609936
Drenthe,De Vijverstee,De Fledders,14,9481 GA,VRIES,1730,TYNAARLO,0592542205,primary,53.07146297,6.57509989
Drenthe,Basisschool Schuilingsoord,Hogeweg,7-C,9472 PA,ZUIDLAREN,1730,TYNAARLO,0504094148,primary,53.07826421,6.69756809
Drenthe,IKC Het Oelebred,Rozenstraat,18,9482 PP,TYNAARLO,1730,TYNAARLO,0592542023,primary,53.07651495,6.61569701
Drenthe,OBDS De Zuid-Wester,Julianalaan,78,9471 EC,ZUIDLAREN,1730,TYNAARLO,0504091658,primary,53.09467334,6.67536714
Drenthe,De Duinstee,Betmersweg,2,9494 RB,YDE,1730,TYNAARLO,0504062332,primary,53.11680542,6.59305098
Drenthe,obs De Zeijer Hoogte,Ubbenaseweg,7,9491 AA,ZEIJEN,1730,TYNAARLO,0592291476,primary,53.04794064,6.54819804
Drenthe,obs De Veenvlinder,Boomgaard,1-A,9761 TM,EELDE,1730,TYNAARLO,0503094324,primary,53.13728399,6.57438306
Drenthe,OBS Ter Borch,Borchsingel,41,9766 PP,EELDERWOLDE,1730,TYNAARLO,0505218088,primary,53.17890735,6.53818335
Drenthe,obs De Westerburcht,Jan Steenweg,1,9761 HJ,EELDE,1730,TYNAARLO,0503094437,primary,53.14109963,6.55704944
Drenthe,BS De Bosrank,Havelter Schapendrift,22,7971 BC,HAVELTE,1701,WESTERVELD,0521227521,primary,52.77281386,6.2388063
Drenthe,KC De Vuursteen,Oude Dijk,59,8351 HR,WAPSERVEEN,1701,WESTERVELD,0521321411,primary,52.82554634,6.21842105
Drenthe,Oosterveldschool,Schoolstraat,4,7975 AC,UFFELTE,1701,WESTERVELD,0521351307,primary,52.78749189,6.27814702
Drenthe,Openbare Basisschool De Hoekstee,De Hoek,26,8381 BL,VLEDDER,1701,WESTERVELD,0521381320,primary,52.85918521,6.21228766
Drenthe,Burgemeester W.A. Storkschool,Heuvelenweg,22-A,7991 CL,DWINGELOO,1701,WESTERVELD,0521591347,primary,52.83256978,6.35783303
Drenthe,Openbare Basisschool De Kievitshoek,Linthorst Homanstraat,24,8384 EE,WILHELMINAOORD,1701,WESTERVELD,0521381536,primary,52.85510902,6.1662752
Drenthe,Openbare Basisschool De Singelier,Schipper,11,7981 DV,DIEVER,1701,WESTERVELD,0521591257,primary,52.8536277,6.3085201
Drenthe,Ten Darperschoele,Ten Darperweg,50,7983 KN,WAPSE,1701,WESTERVELD,0521551332,primary,52.85896046,6.26760719
Drenthe,KC 't Echtenest,Schoolakkers,2-B,7932 PM,ECHTEN DR,1690,DE WOLDEN,0528251558,primary,52.71129554,6.39870243
Drenthe,KC De Klimtoren,Drogteropslagen,57,7705 PD,DROGTEROPSLAGEN,1690,DE WOLDEN,0523614130,primary,52.62266141,6.49715742
Drenthe,IKC 't Oelebröd,Mr. Harm Smeengestraat,56,7963 BZ,RUINEN,1690,DE WOLDEN,0522471805,primary,52.75915,6.35200537
Drenthe,KC De Bosrand,Jan Haarstraat,28,7926 TC,KERKENVELD,1690,DE WOLDEN,0528361666,primary,52.66768724,6.50118123
Drenthe,KC Het Veldboeket,Schoolweg,19,7924 PL,VEENINGEN,1690,DE WOLDEN,0528391555,primary,52.66825022,6.37085041
Drenthe,IKC Het Groene Hart,Schoolbrink,1,7921 HG,ZUIDWOLDE DR,1690,DE WOLDEN,0528372007,primary,52.67383223,6.42487359
Drenthe,OBS de Wezeboom,Schoolstraat,28,7961 NJ,RUINERWOLD,1690,DE WOLDEN,0522481330,primary,52.73925418,6.28214853
Drenthe,Openbare Basisschool de Dissel-Daltonschool,Dijkhuizen,68-A,7961 AM,RUINERWOLD,1690,DE WOLDEN,0522481488,primary,52.72225895,6.2525413
Drenthe,Basisschool De Rozebottel,Sportlaan,14,7958 SM,KOEKANGE,1690,DE WOLDEN,0522451511,primary,52.69874173,6.31783373
Drenthe,IKC De Horst,Postweg,43-A,7957 BV,DE WIJK,1690,DE WOLDEN,0522441942,primary,52.67661411,6.2908227
Drenthe,Openbare Basisschool J. Emmens,Ceresstraat,8,9514 CA,GASSELTERNIJVEEN,1680,AA EN HUNZE,0599512743,primary,52.98901231,6.85317499
Drenthe,Openbare Basisschool De Dobbe,Achter de Brinken,6-C,9462 RH,GASSELTE,1680,AA EN HUNZE,0599564750,primary,52.97008662,6.79248835
Drenthe,Basisschool De Flint,Markeweg,10,9454 PM,EKEHAAR,1680,AA EN HUNZE,0592389338,primary,52.95297114,6.60447965
Drenthe,Basisschool Gieten,Spoorstraat,2,9461 DA,GIETEN,1680,AA EN HUNZE,0592262796,primary,52.99974621,6.75989754
Drenthe,Basisschool De Drift,De Pol,4-A,9444 XE,GROLLOO,1680,AA EN HUNZE,0592501480,primary,52.93795501,6.66876991
Drenthe,Bonnerschool,Bonnen,29,9461 AC,GIETEN,1680,AA EN HUNZE,0592262158,primary,53.00528691,6.77507579
Drenthe,Basisschool Jan Thies,Menso Altinglaan,4,9451 KE,ROLDE,1680,AA EN HUNZE,0592241303,primary,52.98308146,6.64494686
Drenthe,Basisschool Anloo,Kerkbrink,2,9467 PH,ANLOO,1680,AA EN HUNZE,0592272079,primary,53.04344071,6.69669329
Drenthe,Samenwerkingsschool Oostermoer,Bonnerveen,7-A,9511 PM,GIETERVEEN,1680,AA EN HUNZE,0599648953,primary,53.02369731,6.83511363
Drenthe,Basisschool de Eshoek,Molenakkers,30,9468 BM,ANNEN,1680,AA EN HUNZE,0592271316,primary,53.05628714,6.72316944
Drenthe,Basisschool Prins Willem Alexander,'t Witzand,22,9463 PA,EEXT,1680,AA EN HUNZE,0596852718,primary,53.02251787,6.73503628
Drenthe,Basisschool de Kameleon,Dorpsstraat,54,9658 PC,EEXTERVEEN,1680,AA EN HUNZE,0598468377,primary,53.05282752,6.80209985
Drenthe,o.b.s. De Meander,Molenstraat,3-B,9531 CH,BORGER,1681,BORGER-ODOORN,0599234690,primary,52.92160614,6.79644419
Drenthe,Daltonschool Ees,Schoolstraat,4,9536 PN,EES,1681,BORGER-ODOORN,0599235850,primary,52.90700417,6.80364794
Drenthe,Ekkelhof,Schoolstraat,12,9533 PL,DROUWEN,1681,BORGER-ODOORN,0599565391,primary,52.95126618,6.79592012
Drenthe,Nieuw Buinen 75,Zuiderdiep,3,9521 AA,NIEUW-BUINEN,1681,BORGER-ODOORN,0599212440,primary,52.93684441,6.88531265
Drenthe,Openbare Basisschool De Poolster,Noorderdiep,129,9521 BC,NIEUW-BUINEN,1681,BORGER-ODOORN,0599650060,primary,52.96779773,6.95516421
Drenthe,De Aanloop,Wilhelminalaan,4,7876 HA,VALTHERMOND,1681,BORGER-ODOORN,0599661738,primary,52.87703417,6.95171286
Drenthe,Openbare Basisschool De Westhoek,Schoolstraat,27,9571 CB,2E EXLOERMOND,1681,BORGER-ODOORN,0599671925,primary,52.90413809,6.91992103
Drenthe,Basisschool De Linderakkers,Linderakkers,3,7872 PM,VALTHE,1681,BORGER-ODOORN,0591513592,primary,52.84503016,6.892201
Drenthe,Basisschool De Weiert,De Goorns,28,7873 AM,ODOORN,1681,BORGER-ODOORN,0591513450,primary,52.85242756,6.85249869
Drenthe,Openbare Basisschool De Zweng,Hoofdstraat,62,7875 AD,EXLOO,1681,BORGER-ODOORN,0591549713,primary,52.88297963,6.86232955
Drenthe,OBS De Zandloper,Cavaljeweg,29,7934 PJ,STUIFZAND,0118,HOOGEVEEN,0528269837,primary,52.74833997,6.50047045
Drenthe,Het Spectrum,Stoekeplein,1,7902 HM,HOOGEVEEN,0118,HOOGEVEEN,0528270080,primary,52.72424811,6.47926341
Drenthe,'t Kienholt,Van Leeuwenhoekstraat,85,7908 BJ,HOOGEVEEN,0118,HOOGEVEEN,0528271335,primary,52.72190999,6.45393474
Drenthe,De Schuthoek,Booyenverlaat,7,7908 EE,HOOGEVEEN,0118,HOOGEVEEN,0528276003,primary,52.71508523,6.44926971
Drenthe,Apollo,Orion,16-A,7904 LG,HOOGEVEEN,0118,HOOGEVEEN,0528262616,primary,52.7247857,6.51082563
Drenthe,Het Hoeltien,Kerkenkavel,40,7913 AT,HOLLANDSCHEVELD,0118,HOOGEVEEN,0528343195,primary,52.7073758,6.53798495
Drenthe,OBS De Driesprong,De Spil,5,7918 AX,NIEUWLANDE,0118,HOOGEVEEN,0528351692,primary,52.69535368,6.6095107
Drenthe,'T Rastholt,Tilber,9,7908 PB,HOOGEVEEN,0118,HOOGEVEEN,0528278118,primary,52.72080659,6.44261424
Drenthe,Basisschool De Rank - school met de Bijbel,Floralaan,3,9301 KE,RODEN,1699,NOORDENVELD,0505017840,primary,53.13704789,6.4365833
Drenthe,Basisschool De Cirkel - school met de Bijbel,Prins Bernhardstraat,11,9402 AR,ASSEN,0106,ASSEN,0592340155,primary,52.99987881,6.55912005
Drenthe,Basisschool De Parel - school met de Bijbel,Aletta Jacobsweg,78,9408 AM,ASSEN,0106,ASSEN,0592342819,primary,53.00298415,6.50489514
Drenthe,Basisschool de Lichtkring - school met de Bijbel,Larikslaan,2,9471 RM,ZUIDLAREN,1730,TYNAARLO,0504091571,primary,53.08555778,6.66778326
Drenthe,Basisschool De Driesprong - school met de Bijbel,Martin Luther Kingweg,46,9403 PA,ASSEN,0106,ASSEN,0592372295,primary,53.0147584,6.58030906
Drenthe,KC Baggelhuizen,Witterhoofdweg,1-B,9405 HX,ASSEN,0106,ASSEN,0592820530,primary,52.98719291,6.52925329
Drenthe,Openbare Basisschool De Driemaster,Amstelstraat,14-A,9406 TH,ASSEN,0106,ASSEN,0592820530,primary,53.00878495,6.54299632
Drenthe,Emmaschool,Prinses Irenestraat,6,9401 HH,ASSEN,0106,ASSEN,0592820640,primary,52.99220177,6.55566641
Drenthe,Basisschool Valkenhorst,Bremstraat,14,9404 GD,ASSEN,0106,ASSEN,0592820630,primary,52.98868132,6.5787447
Drenthe,o.b.s.Theo Thijssen,Sluisstraat,139,9406 AX,ASSEN,0106,ASSEN,0592820620,primary,52.99573082,6.55135215
Drenthe,Basisschool de Vuurvogel,Obrechtlaan,1-3,9402 TB,ASSEN,0106,ASSEN,0592820610,primary,53.00790981,6.56037936
Drenthe,De Veldkei,Veenwalweg,5-7,9407 AM,ASSEN,0106,ASSEN,0592820520,primary,53.01743629,6.55759618
Drenthe,Basisschool De Marskramer,Kleuvenstee,1,9403 LT,ASSEN,0106,ASSEN,0592820580,primary,53.01865033,6.58654107
Drenthe,Openbare Basisschool Heksenketel,Tarwehullen,1,9403 WD,ASSEN,0106,ASSEN,0592820590,primary,53.01952409,6.59081267
Drenthe,Het Sterrenschip,Schoolstraat,31,9408 MB,ASSEN,0106,ASSEN,0592820550,primary,53.00107019,6.51400905
Drenthe,Openbare Basisschool Kloosterveen,De Boomgaard,5,9408 JA,ASSEN,0106,ASSEN,0592820560,primary,53.00466128,6.50644924
Drenthe,Openbare Basisschool 't Eenspan,Oosterstraat,58,7822 HG,EMMEN,0114,EMMEN,0591659840,primary,52.78388464,6.90634644
Drenthe,Openbare Basisschool 2 Emmen Mr Vegter,Bargermeerweg,113,7811 LD,EMMEN,0114,EMMEN,0591659842,primary,52.77634634,6.8976515
Drenthe,Openbare Basisschool De Esdoorn,Buiskoolstraat,1,7814 RC,EMMEN,0114,EMMEN,0591659848,primary,52.81790847,6.91727483
Drenthe,Openbare Basisschool Emmermeer,Middenhaag,4,7815 LB,EMMEN,0114,EMMEN,0591659896,primary,52.79832723,6.89725325
Drenthe,Openbare Basisschool Angelslo,Smedingeslag,1,7824 HK,EMMEN,0114,EMMEN,0591625269,primary,52.78136133,6.93224371
Drenthe,De Kubus,Houtweg,403,7823 PS,EMMEN,0114,EMMEN,0591622100,primary,52.79266362,6.94127625
Drenthe,Openbare Basisschool op 't Veld,Barnar,5-A,7826 EP,EMMEN,0114,EMMEN,0591629364,primary,52.77179765,6.96019867
Drenthe,Openbare Basisschool De Hesselanden,Wilhelmsweg,85-A,7814 VG,EMMEN,0114,EMMEN,0591673062,primary,52.74786018,6.87053977
Drenthe,Openbare Basisschool Bargeres,Mantingerbrink,203,7812 MD,EMMEN,0114,EMMEN,0591659850,primary,52.76659391,6.88802551
Drenthe,De Bente Openbare Basisschool,Westerdiep OZ,96,7881 HG,EMMER-COMPASCUUM,0114,EMMEN,0591353320,primary,52.79924377,7.04274801
Drenthe,Openbare Basisschool de Mende,Wikkel,5,7881 BA,EMMER-COMPASCUUM,0114,EMMEN,0591351446,primary,52.81374717,7.04745314
Drenthe,Openbare Basisschool De Dreef,Kanaal A NZ,102,7881 KL,EMMER-COMPASCUUM,0114,EMMEN,0591352653,primary,52.80533828,6.98744842
Drenthe,Openbare Basisschool Erica De Anbrenge,Semsstraat,2,7887 AD,ERICA,0114,EMMEN,0591301824,primary,52.71169908,6.92396002
Drenthe,OBS Klazienaveen,Van Echtenstraat,26,7891 LM,KLAZIENAVEEN,0114,EMMEN,0591240000,primary,52.72274853,6.98643494
Drenthe,Openbare Basischool De Bascule,Sportlaan,85,7833 CH,NIEUW-AMSTERDAM,0114,EMMEN,0591552042,primary,52.71095797,6.86105108
Drenthe,Openbare Basisschool Dordse Til,Walevest,10,7885 AK,NIEUW-DORDRECHT,0114,EMMEN,0591390175,primary,52.74992868,6.96390691
Drenthe,Openbare Basisschool 't Koppel,Gedempte Achterdiep,9,7831 CJ,NIEUW-WEERDINGE,0114,EMMEN,0591527089,primary,52.85533814,6.98485421
Drenthe,Openbare Basisschool De Dreske,Roswinkelerstraat,131,7895 AR,ROSWINKEL,0114,EMMEN,0591352907,primary,52.83751856,7.03931385
Drenthe,Openbare Basisschool 't Swarte Meer,De Blokken,22,7894 CL,ZWARTEMEER,0114,EMMEN,0591390213,primary,52.72106293,7.03948622
Drenthe,Openbare basischool De Iemenhof,Spanjaardspad,86,7761 BR,SCHOONEBEEK,0114,EMMEN,0524531231,primary,52.66129119,6.88443694
Drenthe,Openbare Basisschool De Vlonder,Giervalk,20,7827 HX,EMMEN,0114,EMMEN,0591678111,primary,52.74985607,6.88859173
Drenthe,Openbare Basisschool De Lisdodde,Ganzenveld,85,7827 SE,EMMEN,0114,EMMEN,0591677908,primary,52.74777103,6.88286219
Drenthe,Openbare Basisschool Montessori,A.L. Lesturgeonstraat,3,7815 VD,EMMEN,0114,EMMEN,0591659874,primary,52.79443757,6.89424251
Drenthe,Delftlanden,Zandzoom,19,7814 VH,EMMEN,0114,EMMEN,0591685555,primary,52.75389091,6.86222734
Drenthe,Kindcentrum De Schans,Norgerweg,18,9342 PH,EEN,1699,NOORDENVELD,0592656308,primary,53.07546459,6.39724748
Drenthe,Kindcentrum De Hekakker,Brinkhofweide,8,9331 AD,NORG,1699,NOORDENVELD,0592613224,primary,53.06799594,6.46384606
Drenthe,Kindcentrum 't Spectrum,Hereweg,1-D,9321 CL,PEIZE,1699,NOORDENVELD,0505033612,primary,53.1472905,6.50048208
Drenthe,Kindcentrum De Elsakker,Schoolstraat,5,9337 PB,WESTERVELDE,1699,NOORDENVELD,0592613991,primary,53.05364534,6.44047434
Drenthe,Kindcentrum De Eskampen,Boerakkerweg,2-A,9321 EL,PEIZE,1699,NOORDENVELD,0505033158,primary,53.1478363,6.50046522
Drenthe,Kindcentrum De Marke,Molenweg,1,9301 JD,RODEN,1699,NOORDENVELD,0505017434,primary,53.13527862,6.42761372
Drenthe,Kindcentrum De Tandem,Klimop,2,9301 PK,RODEN,1699,NOORDENVELD, ,primary,53.14445308,6.42060358
Drenthe,Kindcentrum Het Valkhof,Schonauwen,2,9301 SP,RODEN,1699,NOORDENVELD,0505017300,primary,53.13759721,6.4093991
Drenthe,Kindcentrum De Poolster,Zevenhuisterweg,3,9311 VA,NIEUW-RODEN,1699,NOORDENVELD,0505017772,primary,53.12821286,6.3927282
Drenthe,Kindcentrum De Flint,J.P. Santeeweg,109,9312 TA,NIETAP,1699,NOORDENVELD,0594514649,primary,53.15603112,6.40554646
Drenthe,Kindcentrum Het Palet,Hoofdstraat,21-B,9315 PA,RODERWOLDE,1699,NOORDENVELD,0505033551,primary,53.1677332,6.47020405
Drenthe,Sint Gerardus,Splitting,145,7826 CT,EMMEN,0114,EMMEN,0591622465,primary,52.77228122,6.9603346
Drenthe,St Frans School,Harm Tiesingstraat,2,7815 JJ,EMMEN,0114,EMMEN,0591658985,primary,52.80122068,6.89730858
Drenthe,St Josephschool,Kerklaan,26,9564 PA,ZANDBERG,1681,BORGER-ODOORN,0599413230,primary,52.91864115,7.02484715
Drenthe,Rooms Katholieke Christelijke Basisschool De Banier,De Blokken,16,7894 CL,ZWARTEMEER,0114,EMMEN,0591313193,primary,52.72077317,7.03787746
Drenthe,Rooms Katholieke Basisschool Sint Theresia,Postweg,131,7884 PJ,BARGER-COMPASCUUM,0114,EMMEN,0591349275,primary,52.7550683,7.04063468
Drenthe,RKPC Basisschool Het Compas,Wikkel,3,7881 BA,EMMER-COMPASCUUM,0114,EMMEN,0591352677,primary,52.81372766,7.04742262
Drenthe,Rooms Katholieke Basisschool Vredeveld,Tuinstraat,5-E,9404 KK,ASSEN,0106,ASSEN,0592317620,primary,52.98829342,6.57781232
Drenthe,Rooms Katholieke Basisschool Mariaschool,Boomgaard,1-B,9761 TM,EELDE,1730,TYNAARLO,0503093460,primary,53.13728399,6.57438306
Drenthe,Rooms Katholieke Basisschool De Brummelbos,Omhaal,33,7887 CD,ERICA,0114,EMMEN,0591302200,primary,52.71513826,6.92838755
Drenthe,Maria in Campisschool,Echtenstraat,1,9402 JA,ASSEN,0106,ASSEN,0592340684,primary,53.00375314,6.55535091
Drenthe,Kardinaal Alfrink-School,Geuzingerbrink,74,7812 NX,EMMEN,0114,EMMEN,0591658635,primary,52.76541946,6.88523041
Drenthe,St Henricus-School,Jhr M W C de Jongestraat,26,7891 KN,KLAZIENAVEEN,0114,EMMEN,0591312366,primary,52.72311858,6.99306438
Drenthe,Kristalla,Houtweg,402,7823 PS,EMMEN,0114,EMMEN,0591622657,primary,52.79265068,6.94135619
Drenthe,Pastoor Middelkoopschool,Meridiaan,154,7891 EK,KLAZIENAVEEN,0114,EMMEN,0591313012,primary,52.72961818,6.99232513
Drenthe,Rooms Katholieke Basisschool De Diedeldoorn,Boskraai,76,7827 JV,EMMEN,0114,EMMEN,0591632020,primary,52.74895225,6.89467826
Drenthe,Protestants Christelijke Basisschool De Wegwijzer,Nieuwstraat,17,7927 PJ,ALTEVEER GEM DE WOLDEN,1690,DE WOLDEN,0528361622,primary,52.67597963,6.4872298
Drenthe,Christelijke Basisschool De Regenboog,Jan Naardingweg,56,7914 PN,NOORDSCHESCHUT,0118,HOOGEVEEN,0528341268,primary,52.72445858,6.53827018
Drenthe,Protestants Christelijke Basisschool De Hoeksteen,Hoogeveensche Vaart,34,7912 TB,NIEUWEROORD,0118,HOOGEVEEN,0528341405,primary,52.7252421,6.56384139
Drenthe,Prot Chr Basisschool,De Spil,7,7918 AX,NIEUWLANDE,0118,HOOGEVEEN,0528351301,primary,52.69530438,6.60895383
Drenthe,Protestants Christelijke Basisschool De Palm,Langewijk,110,7916 PT,ELIM,0118,HOOGEVEEN,0528352384,primary,52.68001958,6.5815037
Drenthe,De Morgenster,Grote Beer,38,7904 LW,HOOGEVEEN,0118,HOOGEVEEN,0528231110,primary,52.72437635,6.50857895
Drenthe,Juliana van Stolbergschool,K de Raadstraat,6,7902 JD,HOOGEVEEN,0118,HOOGEVEEN,0528262655,primary,52.72324039,6.48552608
Drenthe,'t Kofschip,Booyenverlaat,11,7908 EE,HOOGEVEEN,0118,HOOGEVEEN,0528275571,primary,52.71504744,6.45048238
Drenthe,De Sprong,Boekenberghstraat,12,7906 GA,HOOGEVEEN,0118,HOOGEVEEN,0528225550,primary,52.71520124,6.48156803
Drenthe,Het Palet,Van Goghlaan,5,7901 GK,HOOGEVEEN,0118,HOOGEVEEN,0528262460,primary,52.72203081,6.46942068
Drenthe,Weidebloem,Schweitzerstraat,21,7909 AV,HOOGEVEEN,0118,HOOGEVEEN,0528265274,primary,52.72191914,6.45991499
Drenthe,De Krullevaar,Koekoeklaan,1,7905 HJ,HOOGEVEEN,0118,HOOGEVEEN,0528264606,primary,52.7178583,6.4970095
Drenthe,De Regenboog,Tilber,1,7908 PB,HOOGEVEEN,0118,HOOGEVEEN,0528276995,primary,52.72031598,6.4432093
Drenthe,Evangelische Basisschool de Fontein,Mimosastraat,2,7906 PK,HOOGEVEEN,0118,HOOGEVEEN,0528745020,primary,52.71641877,6.48844859
Drenthe,Vrije School Assen,Tuinstraat,1,9404 KK,ASSEN,0106,ASSEN,0592309105,primary,52.99002206,6.57891604
Drenthe,Toermalijn,Julianastraat,22,7941 JC,MEPPEL,0119,MEPPEL,0522253343,primary,52.69356157,6.19364882
Drenthe,Basisschool De Stroeten,Stroetweg,10,7812 BA,EMMEN,0114,EMMEN,0591610531,primary,52.77110152,6.88058754
Flevoland,Islamitische Basisschool Al Iman,Harderwijkoever,3,1324 HA,ALMERE,0034,ALMERE,0365304737,primary,52.3612166,5.20968181
Flevoland,Al-Ihsaan,Schor,7,8224 CM,LELYSTAD,0995,LELYSTAD,0320213849,primary,52.51325418,5.49184403
Flevoland,Basisschool De Ark,Middenhof,210,1354 EV,ALMERE,0034,ALMERE,0365310289,primary,52.34046444,5.21499727
Flevoland,Basisschool de Driemaster,Tegelenpad,2,1324 DS,ALMERE,0034,ALMERE,0365331399,primary,52.36071002,5.2080422
Flevoland,Basisschool de Ichthus,Rijnweg,10,1316 EP,ALMERE,0034,ALMERE,0365332746,primary,52.38355209,5.22494491
Flevoland,Basisschool het Kompas,Binnenkruierstraat,5,1333 EC,ALMERE,0034,ALMERE,0365321065,primary,52.39798932,5.27317574
Flevoland,RK Jenaplanschool De Sterrenzee,Vrijmark,114,1355 GK,ALMERE,0034,ALMERE,0365310112,primary,52.34378371,5.22514065
Flevoland,Basisschool de Regenboog,Klipgriend,1,1356 GA,ALMERE,0034,ALMERE,0365314937,primary,52.33958914,5.23680352
Flevoland,Protestants Christelijke Basisschool de Lichtboei,Luitstraat,7,1312 LH,ALMERE,0034,ALMERE,0365361595,primary,52.37131927,5.18709329
Flevoland,Basisschool De Olijfboom,Bongerdstraat,2,1326 AB,ALMERE,0034,ALMERE,0365376557,primary,52.37508283,5.23792225
Flevoland,Protestants Christelijke Basisschool de Buitenburcht,Zonnebloemweg,66,1338 TV,ALMERE,0034,ALMERE,0365329271,primary,52.38668937,5.27989254
Flevoland,Basisschool De Kraanvogel,Perzikstraat,24,1326 HN,ALMERE,0034,ALMERE,0365354527,primary,52.36982643,5.25117377
Flevoland,De Omnibus,J.J. Slauerhoffstraat,53,1321 HE,ALMERE,0034,ALMERE,0365363125,primary,52.35650344,5.18197487
Flevoland,Protestants Christelijke Basisschool De Dukdalf,Makassarweg,68,1335 HZ,ALMERE,0034,ALMERE,0365325089,primary,52.39938085,5.29289289
Flevoland,De Optimist,Hildo Kropstraat,20,1328 BC,ALMERE,0034,ALMERE,0365369060,primary,52.37565572,5.26018647
Flevoland,Oecumenische Daltonschool De Windwijzer,Kraaiennest,4,1319 DA,ALMERE,0034,ALMERE,0365240540,primary,52.38971394,5.17748398
Flevoland,Het Drieluik,Ten Harmsen v.d. Beekpad,4,1336 BK,ALMERE,0034,ALMERE,0365295623,primary,52.40442845,5.3151874
Flevoland,De Kleine Wereld,Heliumweg,61,1362 JA,ALMERE,0034,ALMERE,0367670240,primary,52.34977285,5.15839053
Flevoland,De Ruimte,Nimfenplein,1,1363 SV,ALMERE,0034,ALMERE,0367671688,primary,52.35760917,5.15319783
Flevoland,De Verwondering,Richard Feynmanstraat,7,1341 DL,ALMERE,0034,ALMERE,0367671730,primary,52.35935208,5.28629032
Flevoland,De Verbeelding,Burchard de Volderstraat,19,1349 HJ,ALMERE,0034,ALMERE,0362005546,primary,52.34459667,5.31353256
Flevoland,SWS De Fladderiep,Voorstraat,5,8317 AG,KRAGGENBURG,0171,NOORDOOSTPOLDER,0527252884,primary,52.66261033,5.89898841
Flevoland,Rooms Katholieke Basisschool De Horizon,Arnoldus van Bockholtstr,3,8307 AX,ENS,0171,NOORDOOSTPOLDER,0527251537,primary,52.63523522,5.82685874
Flevoland,De Trimaran,Oosteinde,2-A,8316 BL,MARKNESSE,0171,NOORDOOSTPOLDER,0527203177,primary,52.71025898,5.86649721
Flevoland,SWS De Kring,Ring,17,8308 AL,NAGELE,0171,NOORDOOSTPOLDER,0527652940,primary,52.64601394,5.72412891
Flevoland,De Akkerbloem,Graaf Florislaan,18,8312 AX,CREIL,0171,NOORDOOSTPOLDER,0527274242,primary,52.76407582,5.65699012
Flevoland,Oecumenische basisschool De Ark,Het Laantje,6,8311 AZ,ESPEL,0171,NOORDOOSTPOLDER,0527271638,primary,52.72608905,5.64455922
Flevoland,Albert Schweitzer-School,Skagerrak,11,8303 VA,EMMELOORD,0171,NOORDOOSTPOLDER,0527613159,primary,52.71144085,5.73608446
Flevoland,St Joseph School,Prof. Lorentzstraat,4,8302 AS,EMMELOORD,0171,NOORDOOSTPOLDER,0527613373,primary,52.71224409,5.75581629
Flevoland,cbs De Koperwiek,Lijsterbesstraat,32,8302 CN,EMMELOORD,0171,NOORDOOSTPOLDER,0527697988,primary,52.71393571,5.7510576
Flevoland,CBS De Triangel,Reijdersant,17,8303 XL,EMMELOORD,0171,NOORDOOSTPOLDER,0527612625,primary,52.706839,5.73319225
Flevoland,De Leeuwerik,Sportweg,52-A,8313 AR,RUTTEN,0171,NOORDOOSTPOLDER,0527262847,primary,52.80285709,5.6943614
Flevoland,CBS De Lichtboei,Scheer,1,8303 KN,EMMELOORD,0171,NOORDOOSTPOLDER,0527698644,primary,52.71296565,5.72780969
Flevoland,CBS 't Kompas,Sondelstraat,4,8304 GA,EMMELOORD,0171,NOORDOOSTPOLDER,0527613253,primary,52.7031415,5.76403968
Flevoland,CBS Op de Wieken,Fazantendrift,2,8309 AM,TOLLEBEEK,0171,NOORDOOSTPOLDER,0527651489,primary,52.67798669,5.67393837
Flevoland,De Bunder,Zuidwend,4,8314 AA,BANT,0171,NOORDOOSTPOLDER,0527261447,primary,52.76653057,5.7510429
Flevoland,CBS Het Lichtschip,Sportweg,24,8307 AN,ENS,0171,NOORDOOSTPOLDER,0527251712,primary,52.63823332,5.82783418
Flevoland,o.b.s. De Carrousel,Lijsterbesstraat,34,8302 CN,EMMELOORD,0171,NOORDOOSTPOLDER,0527612261,primary,52.71379317,5.75110909
Flevoland,Roderik van Voorstschool,Skagerrak,1,8303 VA,EMMELOORD,0171,NOORDOOSTPOLDER,0527612321,primary,52.71320199,5.73618725
Flevoland,De Keerkring,Meteorenstraat,104,8303 BB,EMMELOORD,0171,NOORDOOSTPOLDER,0527698880,primary,52.70390419,5.73890338
Flevoland,De Zevensprong,Ellertsveld,15,8302 JD,EMMELOORD,0171,NOORDOOSTPOLDER,0527788688,primary,52.71809682,5.74196241
Flevoland,Windkracht 10,Pampuspad,45,8304 DR,EMMELOORD,0171,NOORDOOSTPOLDER,0527616674,primary,52.703387,5.7631393
Flevoland,De Regenboog,Sportweg,22,8307 AN,ENS,0171,NOORDOOSTPOLDER,0527251664,primary,52.63807555,5.82675418
Flevoland,s.w.s. De Floreant,Sportstraat,26,8315 AM,LUTTELGEEST,0171,NOORDOOSTPOLDER,0527202306,primary,52.74269488,5.85011855
Flevoland,a.z.s. De Wissel,Oosterringweg,41-B,8315 PS,LUTTELGEEST,0171,NOORDOOSTPOLDER,0527202006,primary,52.76344799,5.82050932
Flevoland,SWS De Sprang,Fazantendrift,4,8309 AM,TOLLEBEEK,0171,NOORDOOSTPOLDER,0527651497,primary,52.67749105,5.67449701
Flevoland,Kindcentrum Emmelhage,T Karel v Lohuizensngl,6-A,8302 ZH,EMMELOORD,0171,NOORDOOSTPOLDER,0527221026,primary,52.72479768,5.73796814
Flevoland,Christelijk Basisschool De Verbinding,Haagbeukweg,36-38,1326 CR,ALMERE,0034,ALMERE,0365374061,primary,52.37415403,5.24401153
Flevoland,Gereformeerde Basisschool In de Lichtkring,Naarderweg,2,3891 DK,ZEEWOLDE,0050,ZEEWOLDE,0365223265,primary,52.33336747,5.5301017
Flevoland,Kbs de Toekomst,Werfstraat,12,8251 GP,DRONTEN,0303,DRONTEN,0321312483,primary,52.52550557,5.72372399
Flevoland,De Wingerd,Akkerhof,1,8256 BK,BIDDINGHUIZEN,0303,DRONTEN,0321331329,primary,52.45645413,5.69168421
Flevoland,De Golfslag,Narcisstraat,1,8255 BS,SWIFTERBANT,0303,DRONTEN,0321321355,primary,52.56733518,5.63926568
Flevoland,IKC de Zeearend,Leekerhoek,16,8223 ZR,LELYSTAD,0995,LELYSTAD,0320221283,primary,52.52288419,5.48005906
Flevoland,Rooms Katholieke Basisschool Panta Rhei,Slufterplantsoen,2,1316 KX,ALMERE,0034,ALMERE,0365335349,primary,52.38824917,5.22561697
Flevoland,Rooms Katholieke Basisschool de Kring,Schouw 19,1,8232 HM,LELYSTAD,0995,LELYSTAD,0320228060,primary,52.51100903,5.4679243
Flevoland,IKC De Toermalijn,Galjoen 24,24,8243 LR,LELYSTAD,0995,LELYSTAD,0320246367,primary,52.51045902,5.44034521
Flevoland,IKC de Boslelie,Wold 22,15,8225 AZ,LELYSTAD,0995,LELYSTAD,0320230044,primary,52.50427849,5.49082503
Flevoland,Rooms Katholieke Basisonderwijs Crescendo,Luitstraat,9,1312 LH,ALMERE,0034,ALMERE,0365360982,primary,52.37146075,5.18654226
Flevoland,Rooms Katholieke Basisschool 't Zonnewiel,Bongerdstraat,4,1326 AB,ALMERE,0034,ALMERE,0365376558,primary,52.37507838,5.23866518
Flevoland,Rooms Katholieke Baisschool de Lettertuin,Zonnebloemweg,68,1338 TV,ALMERE,0034,ALMERE,0365370738,primary,52.38639174,5.28028727
Flevoland,Katholieke Jenaplan School De Klimboom,Beursplein,1,8253 EA,DRONTEN,0303,DRONTEN,0321382337,primary,52.53499588,5.69401032
Flevoland,Pirouette,Iepenstraat,1-2,1326 DB,ALMERE,0034,ALMERE,0365450425,primary,52.37427413,5.2484512
Flevoland,Het Kristal,Makassarweg,68,1335 HZ,ALMERE,0034,ALMERE,0365352513,primary,52.39938085,5.29289289
Flevoland,De Lispeltuut,Pauwenburg,8,8226 TA,LELYSTAD,0995,LELYSTAD,0320219300,primary,52.4931853,5.49891004
Flevoland,De Droomspiegel,Marco Poloroute,60,1363 LA,ALMERE,0034,ALMERE,0365406060,primary,52.35312761,5.14287143
Flevoland,IKC De Duinvlinder,Slowakijehof,1,1363 BD,ALMERE,0034,ALMERE,0367676006,primary,52.34746841,5.15323629
Flevoland,IKC De Woudreus,Marie Curielaan,301,1341 BA,ALMERE,0034,ALMERE,0623179627,primary,52.3617723,5.28021287
Flevoland,Timotheussch,Zuiderwagenplein,11,8224 AD,LELYSTAD,0995,LELYSTAD,0320247917,primary,52.51902045,5.48781359
Flevoland,De Planthof,De Fjord,44,8303 HL,EMMELOORD,0171,NOORDOOSTPOLDER,0527614823,primary,52.71346069,5.73684043
Flevoland,Gereformeerde Basisschool De Schakel,De Ketting,8,8251 LD,DRONTEN,0303,DRONTEN,0321314552,primary,52.52138212,5.72627095
Flevoland,Basisschool De Helmstok,Volkerakstraat,30,8226 GS,LELYSTAD,0995,LELYSTAD,0320255280,primary,52.49549802,5.48731316
Flevoland,Gereformeerde Basisschool,Almerelaan,18,8321 JB,URK,0184,URK,0527684445,primary,52.66586313,5.60005848
Flevoland,Montessorischool Almere Stad,Randstad 22,113-B,1316 BW,ALMERE,0034,ALMERE,0365376591,primary,52.37976487,5.22866641
Flevoland,Basisschool De Polderhof,Buitenhof,93,1354 GR,ALMERE,0034,ALMERE,0365310271,primary,52.34037983,5.21723434
Flevoland,Basisschool Klaverweide,Rietmeent,136,1357 CM,ALMERE,0034,ALMERE,0365312333,primary,52.33461979,5.2344032
Flevoland,Openbare Basisschool De Flierefluiter,Bosgouw,235,1352 GW,ALMERE,0034,ALMERE,0365491563,primary,52.34538128,5.21255671
Flevoland,Openbare Basisschool Aquamarijn,Meerveldplein,4,1359 HM,ALMERE,0034,ALMERE,0365317155,primary,52.34186326,5.2022254
Flevoland,Basisschool het Samenspel,Amsterdamweg,11,1324 RL,ALMERE,0034,ALMERE,0365330514,primary,52.36800788,5.20961301
Flevoland,Openbare Basisschool De Achtbaan,Dordrechtplein,2,1324 VD,ALMERE,0034,ALMERE,0367670540,primary,52.36044561,5.20370787
Flevoland,Openbare Basisschool De Kameleon,Lingestraat,34,1316 CS,ALMERE,0034,ALMERE,0365332686,primary,52.38276873,5.22209029
Flevoland,Basisschool De Argonaut,Zaagvisplantsoen,32,1317 HP,ALMERE,0034,ALMERE,0365334863,primary,52.38870425,5.23543896
Flevoland,Openbare basisschool Digitalis,Rolklaverpad,30,1314 PE,ALMERE,0034,ALMERE,0367670410,primary,52.38268843,5.20799137
Flevoland,De Tjasker,Buitenkruierstraat,2,1333 EB,ALMERE,0034,ALMERE,0365321041,primary,52.39978295,5.27106294
Flevoland,Basisschool De Kring,Wipmolenweg,50,1333 GS,ALMERE,0034,ALMERE,0365321030,primary,52.39724828,5.27388304
Flevoland,Openbare Basisschool De Architect,C. van Eesterenplein,1,1333 KM,ALMERE,0034,ALMERE,0367670630,primary,52.39723576,5.25629834
Flevoland,Openbare basisschool De Heliotroop,Beemdgrasstraat,12,1313 CM,ALMERE,0034,ALMERE,0367670460,primary,52.38278568,5.19740064
Flevoland,Basisschool Vuurvogel,Ravelplantsoen,5,1323 ET,ALMERE,0034,ALMERE,0365360465,primary,52.36455016,5.19554444
Flevoland,Openbare Basisschool Het Spectrum,Regenboogweg,47,1339 ET,ALMERE,0034,ALMERE,0365352222,primary,52.39482253,5.29399828
Flevoland,Openbare Basisschool Bommelstein,Markiezenhofstraat,62,1333 TS,ALMERE,0034,ALMERE,0324099448,primary,52.39108314,5.26461744
Flevoland,Openbare Basisschool Polygoon,Hollywoodlaan,109,1325 KA,ALMERE,0034,ALMERE,0365376556,primary,52.37151076,5.23292788
Flevoland,Openbare Basisschool Syncope,Kornetstraat,19,1312 XE,ALMERE,0034,ALMERE,0365361277,primary,52.3742556,5.17842598
Flevoland,Openbare Basisschool de Albatros,Edelhertweg,85,1338 EB,ALMERE,0034,ALMERE,0365328971,primary,52.3848257,5.27332022
Flevoland,Openbare Basisschool de Zevensprong,Danslaan,74,1326 PL,ALMERE,0034,ALMERE,0365491563,primary,52.36444811,5.25714031
Flevoland,Openbare Basisschool Aurora,Aprilstraat,105,1335 BL,ALMERE,0034,ALMERE,0365356077,primary,52.4042578,5.28612657
Flevoland,Openbare Basisschool Het Palet,Johan Jongkindstraat,26,1318 LW,ALMERE,0034,ALMERE,0365353033,primary,52.37893764,5.25158791
Flevoland,Openbare Basisschool De Egelantier,Pieter van Damstraat,38,1335 PG,ALMERE,0034,ALMERE,0365296818,primary,52.40558932,5.29498157
Flevoland,OBS Letterland,A. Roland Holststraat,58,1321 RX,ALMERE,0034,ALMERE,0365360566,primary,52.35574226,5.17698745
Flevoland,OBS De Archipel,Maldivenweg,45,1339 PP,ALMERE,0034,ALMERE,0365214791,primary,52.39844617,5.30781001
Flevoland,Openbare Basisschool Caleidoscoop,Walt Disneyplantsoen,72,1325 SX,ALMERE,0034,ALMERE,0365353419,primary,52.35920397,5.24184206
Flevoland,OBS De Compositie,Chagallweg,10,1328 LE,ALMERE,0034,ALMERE,0367671573,primary,52.37300372,5.26876379
Flevoland,Openbare Basisschool Het Meesterwerk,El Grecostraat,171,1328 ST,ALMERE,0034,ALMERE,0365239002,primary,52.36889683,5.26893931
Flevoland,De Ontdekking,Kraaiennest,6,1319 DA,ALMERE,0034,ALMERE,0365487050,primary,52.38945165,5.17769729
Flevoland,Het Avontuur,Catootjepad,6,1336 JG,ALMERE,0034,ALMERE,0365406363,primary,52.40124188,5.32085615
Flevoland,Columbusschool,Marco Poloroute,56,1363 LA,ALMERE,0034,ALMERE,0367670150,primary,52.35354896,5.14328683
Flevoland,Algemeen Bijzondere Basisschool Het Universum,Max Planckstraat,74,1341 DA,ALMERE,0034,ALMERE,0367671562,primary,52.35887756,5.28517086
Flevoland,Openbare Basisschool De Zeeraket,Muiderzandweg,4,1361 BS,ALMERE,0034,ALMERE,0367670221,primary,52.3371331,5.14717115
Flevoland,Basisschool de Notelaar,Boreasplein,2,1363 SM,ALMERE,0034,ALMERE,0643010569,primary,52.35882363,5.1535814
Flevoland,Montessori Campus 0-18 (primair onderwijs),Rosalind Franklinweg,4,1341 HZ,ALMERE,0034,ALMERE, ,primary,52.36661119,5.28753499
Flevoland,De Pauw,Burchard de Volderstraat,19,1349 HJ,ALMERE,0034,ALMERE,0367676888,primary,52.34459667,5.31353256
Flevoland,Openbare Basisschool 'T Wold,Flevoweg,68,3891 CB,ZEEWOLDE,0050,ZEEWOLDE,0365221501,primary,52.33171823,5.53700481
Flevoland,Protestants Christelijke Basisschool De Regenboog,Keteldiep,50,3891 CN,ZEEWOLDE,0050,ZEEWOLDE,0365221556,primary,52.33323418,5.5361458
Flevoland,Openbare Basisschool De Dukdalf,Beursplein,6,8253 EA,DRONTEN,0303,DRONTEN,0321382858,primary,52.53579752,5.69489088
Flevoland,Openbare basisschool Aquamarijn,De Ketting,16,8251 LD,DRONTEN,0303,DRONTEN,0321382918,primary,52.52002661,5.72571541
Flevoland,Samenwerkingsschool De Brandaris,Westland,6,8251 VX,DRONTEN,0303,DRONTEN,0321316066,primary,52.51173672,5.72287929
Flevoland,Daltonschool De Schatkamer,Akkerhof,1,8256 BK,BIDDINGHUIZEN,0303,DRONTEN,0321331502,primary,52.45645413,5.69168421
Flevoland,Openbare Basisschool De Duykeldam,De Lange Streek,30,8255 AR,SWIFTERBANT,0303,DRONTEN,0321321417,primary,52.57008133,5.63687715
Flevoland,De Tamarisk,Akkerhof,1,8256 BK,BIDDINGHUIZEN,0303,DRONTEN,0321331766,primary,52.45645413,5.69168421
Flevoland,Het Zuiderlicht,Langstraat,48,8251 VH,DRONTEN,0303,DRONTEN,0321315943,primary,52.51222298,5.72347541
Flevoland,Het Kompas,Concourslaan,2,8252 GJ,DRONTEN,0303,DRONTEN,0321313235,primary,52.51574097,5.70627161
Flevoland,Aan Boord,Lijzijde,23,8251 CW,DRONTEN,0303,DRONTEN,0321381710,primary,52.52687608,5.72532589
Flevoland,De Branding,Zuidsingel,32,8255 CH,SWIFTERBANT,0303,DRONTEN,0321321437,primary,52.57044022,5.64400462
Flevoland,Samenwerkingsschool Het Wilgerys,Lancasterdreef,65,8251 TJ,DRONTEN,0303,DRONTEN,0321315904,primary,52.5125369,5.72051691
Flevoland,De Wetering,De Verbeelding,27,3892 HZ,ZEEWOLDE,0050,ZEEWOLDE,0365223671,primary,52.32003309,5.54176286
Flevoland,Openbare Basisschool Flevosprong,De Barrage,2,8252 GW,DRONTEN,0303,DRONTEN,0321318524,primary,52.5152102,5.70596747
Flevoland,Protestants Christelijke Basisschool De Zevensprong,Beursplein,3,8253 EA,DRONTEN,0303,DRONTEN,0321382648,primary,52.53493305,5.69398041
Flevoland,RK Basisschool De Toermalijn,Jade,49,3893 EB,ZEEWOLDE,0050,ZEEWOLDE,0365226020,primary,52.33652764,5.5175671
Flevoland,Het Mozaiek,Jade,41,3893 EB,ZEEWOLDE,0050,ZEEWOLDE,0365358000,primary,52.33676054,5.51827206
Flevoland,Openbare Basisschool Panta Rhei,Gedempte Gracht,17,3894 BA,ZEEWOLDE,0050,ZEEWOLDE,0365226303,primary,52.34288677,5.52657221
Flevoland,Kaleidoscoop,Gedempte Gracht,25,3894 BA,ZEEWOLDE,0050,ZEEWOLDE,0365234593,primary,52.34343797,5.52776094
Flevoland,De Vuurtoren,Middelgronden,17,8223 ZL,LELYSTAD,0995,LELYSTAD,0320221768,primary,52.52300435,5.48320894
Flevoland,De Regenboog,Voorhof,4,8212 CA,LELYSTAD,0995,LELYSTAD,0320226181,primary,52.51364287,5.5059975
Flevoland,De Windroos,Karveel 22,28,8231 BG,LELYSTAD,0995,LELYSTAD,0320221451,primary,52.52287997,5.4652535
Flevoland,De Lepelaar,Kempenaar 14,58,8231 VW,LELYSTAD,0995,LELYSTAD,0320240583,primary,52.51439112,5.4663495
Flevoland,Openbare Basisschool De Optimist,Schor,5,8224 CM,LELYSTAD,0995,LELYSTAD,0320767690,primary,52.51311283,5.49235721
Flevoland,De Boeier,Karveel 49,19,8242 VS,LELYSTAD,0995,LELYSTAD,0320222178,primary,52.52391883,5.45794063
Flevoland,De Albatros,Kogge 02,25,8242 AL,LELYSTAD,0995,LELYSTAD,0320240672,primary,52.51849114,5.45564475
Flevoland,De Meander,Pauwenburg,4,8226 TA,LELYSTAD,0995,LELYSTAD,0320240521,primary,52.49347471,5.49956216
Flevoland,De Grundel,Gondel 22,17,8243 CA,LELYSTAD,0995,LELYSTAD,0320222422,primary,52.50989277,5.45540386
Flevoland,De Driemaster,Wold 15,73,8225 AG,LELYSTAD,0995,LELYSTAD,0320243434,primary,52.50743188,5.48905175
Flevoland,De Tjotter,Kennemerland,19,8245 ER,LELYSTAD,0995,LELYSTAD,0320250153,primary,52.49497419,5.45571769
Flevoland,De Finnjol,Jol 24,54,8243 GR,LELYSTAD,0995,LELYSTAD,0320243424,primary,52.51379766,5.44621765
Flevoland,De Triangel,Buizerdweg,27,8245 AA,LELYSTAD,0995,LELYSTAD,0320250103,primary,52.48969271,5.43794979
Flevoland,De Tjalk,Tjalk 22,45,8232 MA,LELYSTAD,0995,LELYSTAD,0320250445,primary,52.50289172,5.46838073
Flevoland,De Brink,Griend 25,18,8225 SC,LELYSTAD,0995,LELYSTAD,0320240444,primary,52.50105957,5.48814962
Flevoland,De Poolster,Oostzeestraat,38,8226 BA,LELYSTAD,0995,LELYSTAD,0320250514,primary,52.49526586,5.49170861
Flevoland,De Sluis,Binnendijk,198,8244 AJ,LELYSTAD,0995,LELYSTAD,0320260919,primary,52.49914669,5.42182005
Flevoland,Kindcentrum Warande,Haagwinde,2,8245 HW,LELYSTAD,0995,LELYSTAD,0320255959,primary,52.49094135,5.44040246
Flevoland,School van Vrede,Pieter van Damstraat,36,1335 PG,ALMERE,0034,ALMERE,0686274578,primary,52.40499386,5.29551588
Flevoland,Vrije School Lelystad,Maasstraat,29,8226 LP,LELYSTAD,0995,LELYSTAD,0320203004,primary,52.48841976,5.49695869
Flevoland,Basisschool Eben Haezer,Vogelsant,8,8303 ZR,EMMELOORD,0171,NOORDOOSTPOLDER,0527612536,primary,52.7072209,5.73474885
Flevoland,Johannes Calvijnschool,Almerelaan,19,8321 JA,URK,0184,URK,0527682354,primary,52.66630072,5.59960541
Flevoland,Dr Maarten Luther,Lange Dam,27,8321 XP,URK,0184,URK,0527682751,primary,52.66691307,5.60749003
Flevoland,Dominee E du Marchie van Voorthuysen Basisschool,Munnikplaat,8,8321 RJ,URK,0184,URK,0527683808,primary,52.66441984,5.61748229
Flevoland,Petrus Dathenusschool,Vlechttuinen,3,8322 BA,URK,0184,URK,0527682909,primary,52.6643123,5.62931269
Flevoland,Basisschool Wilhelmina,Almerelaan,16,8321 JB,URK,0184,URK,0527686898,primary,52.6656861,5.59962582
Flevoland,Basisschool De Regenboog,Boterbloemstraat,23,8321 XG,URK,0184,URK,0527686904,primary,52.66241675,5.60521598
Flevoland,Basisschool C. Zeeman,Middelbuurt,118,8321 ZE,URK,0184,URK,0527686892,primary,52.66758089,5.62179029
Flevoland,Basisschool Pr Beatrix,De Lier,2,8322 AK,URK,0184,URK,0527686902,primary,52.66513574,5.62838455
Flevoland,Basisschool Groen van Prinsterer,Grote Fok,24,8321 VW,URK,0184,URK,0527686896,primary,52.66611767,5.61012503
Flevoland,Basisschool Harmpje Visser,Clausstraat,2,8322 GH,URK,0184,URK,0527686884,primary,52.66301049,5.63566515
Flevoland,Frits Bodebasisschool,Nagel,1,8321 RG,URK,0184,URK,0527686894,primary,52.66367855,5.61980181
Flevoland,Ichthus,Middelgronden,17,8223 ZL,LELYSTAD,0995,LELYSTAD,0320221612,primary,52.52300435,5.48320894
Flevoland,De Wingerd,Voorhof,1,8212 CA,LELYSTAD,0995,LELYSTAD,0320222745,primary,52.51444314,5.50678528
Flevoland,Het Mozaiek,Kempenaar 21,6,8231 GD,LELYSTAD,0995,LELYSTAD,0320240536,primary,52.5176068,5.46672674
Flevoland,3Sprong,Pauwenburg,2,8226 TA,LELYSTAD,0995,LELYSTAD,0320258025,primary,52.49346711,5.49895537
Flevoland,Horizon,Wold 18,26,8225 AN,LELYSTAD,0995,LELYSTAD,0320247920,primary,52.50727168,5.4903524
Flevoland,De Schakel,Botter 40,77,8243 KW,LELYSTAD,0995,LELYSTAD,0320250919,primary,52.50387531,5.45980871
Flevoland,Driestromenland,Voorstraat,336,8226 KA,LELYSTAD,0995,LELYSTAD,0320251393,primary,52.49374525,5.49184909
Flevoland,CBS Stella Nova,Wederiklaan,400,8245 MA,LELYSTAD,0995,LELYSTAD, ,primary,52.48574659,5.45514773
Flevoland,Vrije School Almere,Lierstraat,7,1312 JZ,ALMERE,0034,ALMERE,0365363147,primary,52.37195636,5.19394898
Flevoland,Vrijeschool Oosterwold,Danslaan,60,1326 NA,ALMERE,0034,ALMERE,0365363147,primary,52.36809131,5.25591546
Friesland,Samenwerkingsschool Yn de Mande,F Hendrik Gasaustr,22,9166 RB,SCHIERMONNIKOOG,0088,SCHIERMONNIKOOG,0519531387,primary,53.47745565,6.16411866
Friesland,Basisschool De Jutter,Lutinelaan,3,8899 BD,VLIELAND,0096,VLIELAND,0562452772,primary,53.29983924,5.07200117
Friesland,Master Frankeskoalle,Eilansgrien,17,9264 TB,EARNEWALD,0737,TYTSJERKSTERADIEL,0511539509,primary,53.13096009,5.93985533
Friesland,Christelijke Basisschool 'T Jok,Duinweg Hoorn,1,8896 KK,HOORN FR,0093,TERSCHELLING,0562448787,primary,53.39893452,5.34237116
Friesland,Ds Vossersschool voor Christelijk Basisonderwijs,Dennenweg,4,8881 CJ,WEST-TERSCHELLING,0093,TERSCHELLING,0562798001,primary,53.364097,5.21363002
Friesland,'t Hunnighouwersgat,Zuid Midslandweg,19-A,8891 GH,MIDSLAND,0093,TERSCHELLING,0562448568,primary,53.38180872,5.28660528
Friesland,Prinses Margriet-School,Dennenweg,4,8881 CJ,WEST-TERSCHELLING,0093,TERSCHELLING,0562798004,primary,53.364097,5.21363002
Friesland,'t Jok,Duinweg Hoorn,1-A,8896 KK,HOORN FR,0093,TERSCHELLING,0562448569,primary,53.39893452,5.34237116
Friesland,School Matthijsje,Oosterstreek,23,8388 NA,OOSTERSTREEK,0098,WESTSTELLINGWERF,0561432690,primary,52.89618758,6.15040984
Friesland,School Met De Bijbel De Griffel,Siniastrjitte,13,9134 NX,LJUSSENS,1970,NOARDEAST-FRYSLAN,0519321989,primary,53.38135202,6.08818961
Friesland,Leeuwarderschoolvereniging,Jelsumerstraat,10,8917 EN,LEEUWARDEN,0080,LEEUWARDEN,0582126618,primary,53.2110026,5.79141695
Friesland,Christelijke Basisschool Bij de Boarne,Suderom,2,9212 PS,BOORNBERGUM,0090,SMALLINGERLAND,0512382126,primary,53.08235333,6.04767095
Friesland,Samenwerkingsschool De Diamant,Buorren,34-F,9216 WE,OUDEGA SMALLINGERLAND,0090,SMALLINGERLAND,0512371473,primary,53.12608284,5.99544518
Friesland,Samenwerkingsschool De Frissel,Smidswei,13-A,9222 NA,DRACHTSTERCOMPAGNIE,0090,SMALLINGERLAND,0512341274,primary,53.13469204,6.13656612
Friesland,Samenwerkingsschool De Leister Igge,Healwei,3,9218 RH,OPEINDE,0090,SMALLINGERLAND,0512372400,primary,53.13262632,6.05899143
Friesland,Christelijke Basisschool Het Anker,De Frisia,150,9207 CZ,DRACHTEN,0090,SMALLINGERLAND,0512545133,primary,53.12000444,6.08373497
Friesland,Het Mozaiek,Middelwyk,2,9202 GV,DRACHTEN,0090,SMALLINGERLAND,0512544530,primary,53.1091848,6.11029653
Friesland,De Spreng,Klaverweide,46,9203 GC,DRACHTEN,0090,SMALLINGERLAND,0512545042,primary,53.10118484,6.10698518
Friesland,De Linebeam,Dorsvloer,3,9205 BN,DRACHTEN,0090,SMALLINGERLAND,0512545404,primary,53.0937999,6.05608891
Friesland,Christelijke Basisschool De Voorde,Flevo,186,9204 JT,DRACHTEN,0090,SMALLINGERLAND,0512545344,primary,53.09948516,6.07296211
Friesland,It Ambyld,Handwerkerszijde,46,9201 CP,DRACHTEN,0090,SMALLINGERLAND,0512545550,primary,53.11311735,6.09308822
Friesland,Basisschool De Tarissing Christelijk Basisonderwijs,De Wygeast,10,9294 KN,ALDWALD,1970,NOARDEAST-FRYSLAN,0511452500,primary,53.28529297,6.11712415
Friesland,Christelijke Basisschool Bernewird,Raarderwei,8,9156 AC,BOARNWERT,1970,NOARDEAST-FRYSLAN,0519297245,primary,53.32931981,5.95237402
Friesland,Christelijke Basisschool De Rank,Roptawei,7,9123 JA,MITSELWIER,1970,NOARDEAST-FRYSLAN,0519241817,primary,53.36208656,6.0669227
Friesland,Christelijke Basisschool De Fjouwerhoeke,Fennewei,2,9144 CX,HANTUMHUZEN,1970,NOARDEAST-FRYSLAN,0519571212,primary,53.36275984,5.98098439
Friesland,Christelijke Basisschool De Bining,Eelke Meinertswei,35,9295 KC,WESTERGEAST,1970,NOARDEAST-FRYSLAN,0511441486,primary,53.28589317,6.09064159
Friesland,Chr Basisschool Op de Hoogte,Toutenburgstraat,2,9851 AJ,BURUM,1970,NOARDEAST-FRYSLAN,0594249146,primary,53.27371827,6.22821896
Friesland,Christelijke Basisschool,Herweystrjitte,49,9145 SK,TERNAARD,1970,NOARDEAST-FRYSLAN,0519571472,primary,53.38008229,5.96905755
Friesland,Christelijke Basisschool Wrâldwizer,Langgrousterwei,21,9137 RL,EASTERNIJTSJERK,1970,NOARDEAST-FRYSLAN,0519235020,primary,53.37856785,6.05740262
Friesland,Christelijke Basisschool De Gearing,De Skeperij,35,9131 LE,IE,1970,NOARDEAST-FRYSLAN,0519518267,primary,53.330153,6.09866464
Friesland,Christelijke Basisschool 't Oegh,Methardusstraat,43,9853 PD,MUNNEKEZIJL,1970,NOARDEAST-FRYSLAN,0594688254,primary,53.30331951,6.27430234
Friesland,Pr Bernhardschool,Bernhardlaan,42,9291 HP,KOLLUM,1970,NOARDEAST-FRYSLAN,0511452089,primary,53.27391781,6.14813589
Friesland,Kon Julianasch,Tsjerk Hiddesstraat,4,9291 AX,KOLLUM,1970,NOARDEAST-FRYSLAN,0511451948,primary,53.28192618,6.14803867
Friesland,De Stapstien,Skoallestrjitte,14,9298 PT,KOLLUMERSWEACH,1970,NOARDEAST-FRYSLAN,0511442370,primary,53.26419592,6.08261746
Friesland,Christelijke Basisschool De Pionier,Alde Terp,2,9101 SC,DOKKUM,1970,NOARDEAST-FRYSLAN,0519221482,primary,53.31632731,5.985718
Friesland,Kindcentrum Vivensa,Kapellaan,5,9101 WB,DOKKUM,1970,NOARDEAST-FRYSLAN,0519293481,primary,53.32242895,6.00660421
Friesland,Christelijke Basisschool Eben Haezer,Kweekschoolstraat,2,9101 AC,DOKKUM,1970,NOARDEAST-FRYSLAN,0519221440,primary,53.33133145,5.99909715
Friesland,Christelijke Basisschool de Hoeksteen,Zwaluwstraat,49,9101 HE,DOKKUM,1970,NOARDEAST-FRYSLAN,0519221505,primary,53.33096629,6.01712921
Friesland,Christelijke Basisschool de Springplanke,De Kampen,39,9132 LV,INGWIERRUM,1970,NOARDEAST-FRYSLAN,0511408500,primary,53.31854011,6.13963337
Friesland,Fredericusschool,Pastoor Schuttestraat,30,8395 TN,STEGGERDA,0098,WESTSTELLINGWERF,0561441474,primary,52.84871853,6.05833903
Friesland,Rooms Kaholieke Basisschool Sint Radbodus,Ljouwertertrekwei,4,9035 ED,DRONRYP,1949,WAADHOEKE,0517231562,primary,53.19136687,5.64645486
Friesland,Basisschool Sint Radboud,Dekamastrjitte,2-B,9011 WE,JIRNSUM,0080,LEEUWARDEN,0566601242,primary,53.08118085,5.79239507
Friesland,Sint Ludgerus-School,Siemen de Jongstrjitte,4,8561 DP,BALK,1940,DE FRYSKE MARREN,0514602343,primary,52.89355471,5.58150055
Friesland,basisschool Sint Michael,Schritsen,52,8861 CV,HARLINGEN,0072,HARLINGEN,0517413757,primary,53.17323296,5.41816411
Friesland,Sint Bonifaciusschool,Sanleansterdyk,20,8736 JB,REAHUS,1900,SUDWEST-FRYSLAN,0515332248,primary,53.07667269,5.63693406
Friesland,Rooms Katholieke Daltonschool Sint Martinus,Ds L Touwenlaan,3,8754 BP,MAKKUM,1900,SUDWEST-FRYSLAN,0515232424,primary,53.05779536,5.40324912
Friesland,Rooms Katholieke Basisschool Sint Lukas Jenaplan-School,De Lanen,96,9204 WC,DRACHTEN,0090,SMALLINGERLAND,0512517199,primary,53.09158938,6.07736081
Friesland,St Franciscus-School,Lycklamaweg,14,8471 JX,WOLVEGA,0098,WESTSTELLINGWERF,0561614022,primary,52.87756141,6.01041028
Friesland,Basisschool It Klimmerbled,De Pit,2,8521 PD,SINT NICOLAASGA,1940,DE FRYSKE MARREN,0513431797,primary,52.92514829,5.74384534
Friesland,St Ludgerusschool,Weverswei,4-A,8711 GP,WORKUM,1900,SUDWEST-FRYSLAN,0515542553,primary,52.97705888,5.45067665
Friesland,Daltonschool Sint Jozef,Markerstraat,9,8531 KM,LEMMER,1940,DE FRYSKE MARREN,0514562559,primary,52.84731025,5.71104754
Friesland,Rooms Katholieke Basisschool De Kabas,Tuinen,28,8801 VW,FRANEKER,1949,WAADHOEKE,0517392219,primary,53.18423607,5.54053474
Friesland,Kardinaal de Jongschool,Bramerduinenpad,10,9163 KG,NES GEM AMELAND,0060,AMELAND,0519542358,primary,53.44760659,5.78037207
Friesland,Jenaplan Basisschool de Opbouw,Burg Praamsmalaan,34,8701 AP,BOLSWARD,1900,SUDWEST-FRYSLAN,0515575856,primary,53.05760409,5.53023193
Friesland,St Mattheus,Uilke Boonstralaan,32,8501 EC,JOURE,1940,DE FRYSKE MARREN,0513412875,primary,52.96274413,5.7953649
Friesland,Rooms Katholieke Basisschool St Jozef,Van Dekemalaan,2,8442 BC,HEERENVEEN,0074,HEERENVEEN,0513622714,primary,52.95804893,5.92172248
Friesland,Rooms Katholieke Jenaplanschool St Bonifatiusschool,Kapellaan,3,9101 WB,DOKKUM,1970,NOARDEAST-FRYSLAN,0519292968,primary,53.32176822,6.00625371
Friesland,Rooms Katholiekek Protestants Christelijke Basisschool De Toekomst,Ageommeleane,14,8574 TN,BAKHUIZEN,1940,DE FRYSKE MARREN,0514581214,primary,52.86663282,5.45900061
Friesland,Basisschool De Wiekslag,Dwarswyk,346,9202 CA,DRACHTEN,0090,SMALLINGERLAND,0512519890,primary,53.11210814,6.11208533
Friesland,Thomas Van Aquino-School,Louw Doniastraat,1,8607 AT,SNEEK,1900,SUDWEST-FRYSLAN,0515433828,primary,53.02724274,5.6586919
Friesland,Monseigneur J. Scholtens-School,Wilhelminastraat,18,8471 PK,WOLVEGA,0098,WESTSTELLINGWERF,0561614014,primary,52.8696644,5.99650196
Friesland,St Bonifatius-School,Leeuwarderweg,30,8605 AH,SNEEK,1900,SUDWEST-FRYSLAN,0515412719,primary,53.03491073,5.66819601
Friesland,De Sprong,Idzerdastins,63,8925 AG,LEEUWARDEN,0080,LEEUWARDEN,0582660779,primary,53.2095439,5.84309007
Friesland,Basisschool St Gregorius,Van Der Looswei,4,8615 LV,BLAUWHUIS,1900,SUDWEST-FRYSLAN,0515579262,primary,53.02308669,5.53054678
Friesland,Basisschool Sint Paulus,Julianalaan,40,8932 AB,LEEUWARDEN,0080,LEEUWARDEN,0582126480,primary,53.18984757,5.78654869
Friesland,Tusken de Marren,Melchior Clantstrjitte,18,8551 NL,WOUDSEND,1900,SUDWEST-FRYSLAN,0514591505,primary,52.94189558,5.62633104
Friesland,Basisschool Sint Thomas,Averkampstraat,10,8916 EL,LEEUWARDEN,0080,LEEUWARDEN,0582121734,primary,53.20952319,5.78117464
Friesland,Basisschool Teake Jan Roorda,Tjissema,6,9089 BG,WYTGAARD,0080,LEEUWARDEN,0582551792,primary,53.14067877,5.78095414
Friesland,Sint Maarten Basisschool,Plein 1455,1,8701 EW,BOLSWARD,1900,SUDWEST-FRYSLAN,0515572418,primary,53.06427871,5.52148175
Friesland,De Plotter,Dollard,19,9204 CK,DRACHTEN,0090,SMALLINGERLAND,0512526066,primary,53.09753744,6.06750076
Friesland,IKC Franciscus,Johan de Walestraat,1,8921 XB,LEEUWARDEN,0080,LEEUWARDEN,0582665909,primary,53.21093068,5.81517108
Friesland,Teresa,Wergeasterdyk,58,8941 ZX,LEEUWARDEN,0080,LEEUWARDEN, ,primary,53.17058199,5.80419546
Friesland,Christelijke Basisschool De Wynroas,Foarwei,23,9113 PA,WALTERSWALD,1891,DANTUMADIEL,0511421013,primary,53.29146658,6.03517098
Friesland,Christelijke Basisschool It Fundamint,Offingaweg,32,9074 AK,HALLUM,1970,NOARDEAST-FRYSLAN,0518431421,primary,53.30818346,5.78180476
Friesland,Christelijke Basisschool De Ikker,Farrewei,16-A,9171 LM,BLIJE,1970,NOARDEAST-FRYSLAN,0519561247,primary,53.35119087,5.86324464
Friesland,Christelijke Basisschool De Tarissing,Tjaerdawei,42-A,9105 KG,RINSUMAGEAST,1891,DANTUMADIEL,0511421252,primary,53.29715974,5.94587449
Friesland,Christelijke Basisschool De Wel,Kavelwei,13-A,9108 MC,BROEKSTERWALD,1891,DANTUMADIEL,0511421377,primary,53.27426147,5.99366409
Friesland,De Boustien,Sportloane,2-A,9271 VN,DE WESTEREEN,1891,DANTUMADIEL,0511447376,primary,53.25505252,6.04152622
Friesland,Christelijke Basisschool Op Streek,De Streek,4,9172 NJ,FERWERT,1970,NOARDEAST-FRYSLAN,0518411229,primary,53.3389703,5.82738405
Friesland,De Welle,Schoolstraat,10,9111 HH,BURDAARD,1970,NOARDEAST-FRYSLAN,0519332525,primary,53.29541667,5.87731224
Friesland,Christelijke Basisschool Aasterage,Ringweg,26,9073 HH,MARRUM,1970,NOARDEAST-FRYSLAN,0518411410,primary,53.32263004,5.80288788
Friesland,CBS De Sprankeling,Badhuswei,31-D,9104 DX,DAMWALD,1891,DANTUMADIEL,0511233213,primary,53.2852553,5.99398715
Friesland,Christelyke Basisschool de Frissel,De Wylgen,1,9269 SN,FEANWALDEN,1891,DANTUMADIEL,0511474700,primary,53.24145272,5.99345379
Friesland,Basisschool De Laweij,Laweijstraat,10,8433 KG,HAULERWIJK,0085,OOSTSTELLINGWERF,0516438150,primary,53.06674064,6.33384091
Friesland,Samenwerkingsschool De Nijewier,it Hiem,5,8458 CA,TJALLEBERD,0074,HEERENVEEN,0513704900,primary,52.99985716,5.94510835
Friesland,Christelijke Basisschool De Mandebrink,Steegde,29,8426 BZ,APPELSCHA,0085,OOSTSTELLINGWERF,0516432355,primary,52.95638417,6.34600578
Friesland,Christelijke Basisschool De Paadwizer,Willem Kroezestraat,6-B,8434 NN,WASKEMEER,0085,OOSTSTELLINGWERF,0516421075,primary,53.05524856,6.27937103
Friesland,CBS de Patrijs,Heerenveenseweg,36,8471 BG,WOLVEGA,0098,WESTSTELLINGWERF,0561613817,primary,52.87891927,6.00189729
Friesland,Meester S Wybrandisch,Schoterlandseweg,19,8413 NM,OUDEHORNE,0074,HEERENVEEN,0513542300,primary,52.95660385,6.0658042
Friesland,Christelijke Basisschool In De Kring,Boekhorsterweg,15,8431 CW,OOSTERWOLDE FR,0085,OOSTSTELLINGWERF,0516512452,primary,52.98415242,6.29143815
Friesland,Christelijke Basisschool De Akker,Rijweg,59,8431 KH,OOSTERWOLDE FR,0085,OOSTSTELLINGWERF,0516512624,primary,52.99330927,6.29984402
Friesland,"Algemeen Bijzondere basisschool ""de Fluessen""",Aldewei,37,8582 KX,OUDEGA DE FRYSKE MARREN,1940,DE FRYSKE MARREN,0514603832,primary,52.90503635,5.52234913
Friesland,Christelijke Basisschool de Bolster,Wikelerdyk,14,8561 BE,BALK,1940,DE FRYSKE MARREN,0514602052,primary,52.89713698,5.58557175
Friesland,Christelijke Basisschool de Ferbining,Lyklamawei,25,8566 JH,NIJEMIRDUM,1940,DE FRYSKE MARREN,0514571888,primary,52.85553595,5.56621397
Friesland,Chr Basisschool de Klinkert,Wijckelerweg,172,8556 XB,SLOTEN,1940,DE FRYSKE MARREN,0514531480,primary,52.89319571,5.64099961
Friesland,Chr Basissch De Skutslus,Voorstraat,7,8715 HW,STAVOREN,1900,SUDWEST-FRYSLAN,0514681919,primary,52.88412424,5.36017371
Friesland,Ontmoetingsschool De Klimbeam,'t Heale Paed,1,8723 AG,KOUDUM,1900,SUDWEST-FRYSLAN,0514522194,primary,52.91705265,5.45108472
Friesland,Christelijk Basisonderwijs De Walikker,Jan Schotanuswei,44-A,8567 LC,OUDEMIRDUM,1940,DE FRYSKE MARREN,0514571472,primary,52.85027276,5.52752755
Friesland,It Finster,Weverswei,3-C,8711 GP,WORKUM,1900,SUDWEST-FRYSLAN,0515542224,primary,52.97754445,5.45057126
Friesland,Christelijke Basisschool Nijdjip,Jongema,4,9001 LA,GROU,0080,LEEUWARDEN,0566622267,primary,53.09005351,5.82605174
Friesland,Doarpsskoalle Wurdum,Theodorus Beekhuisstr,2,9088 AS,WIRDUM FR,0080,LEEUWARDEN,0582551456,primary,53.14942505,5.80733614
Friesland,IKC De Sprankel,Felixwei,17,9051 KE,STIENS,0080,LEEUWARDEN,0582571225,primary,53.25812358,5.77426819
Friesland,IKC Johan Willem Friso,Carel Fabritiusstraat,21,8932 HN,LEEUWARDEN,0080,LEEUWARDEN,0582127623,primary,53.1926438,5.79611932
Friesland,IKC Willem Alexander,Keizerskroon,86-A,8935 LW,LEEUWARDEN,0080,LEEUWARDEN,0582880073,primary,53.18996896,5.82840285
Friesland,IKC Alexia,Idzerdastins,61,8925 AG,LEEUWARDEN,0080,LEEUWARDEN,0582661521,primary,53.20953458,5.84252611
Friesland,IKC Prins Constantijn,Willem Sprengerstraat,77,8922 BS,LEEUWARDEN,0080,LEEUWARDEN,0582136248,primary,53.2105648,5.80283893
Friesland,CBS Dominee Hasperschool,De Stringen,3,8491 HA,AKKRUM,0074,HEERENVEEN,0566651464,primary,53.05009273,5.84787568
Friesland,IKC Prins Maurits,Brandemeer,1,8918 GE,LEEUWARDEN,0080,LEEUWARDEN,0582663559,primary,53.21533733,5.78998091
Friesland,IKC Albertine Agnes,Euterpestraat,28-1,8915 BB,LEEUWARDEN,0080,LEEUWARDEN,0582136282,primary,53.20676834,5.77432284
Friesland,IKC Koningin Wilhelmina,Fonteinstraat,16,8913 CX,LEEUWARDEN,0080,LEEUWARDEN,0582137355,primary,53.20129323,5.78341836
Friesland,IKC De Kinderkoepel,Pieter Feddesstraat,2,8921 BR,LEEUWARDEN,0080,LEEUWARDEN,0582137478,primary,53.20132165,5.81133774
Friesland,IKC Maxima,Glinswei,4,8939 CB,LEEUWARDEN,0080,LEEUWARDEN,0582880842,primary,53.18267849,5.84329543
Friesland,ibs 't Pompeblêd,Sportloane,2,9271 VN,DE WESTEREEN,1891,DANTUMADIEL,0511443000,primary,53.25505252,6.04152622
Friesland,Gearwurkingsskoalle de Wâldiik,Domela Nieuwenhuisstr,53,9233 KN,BOELENSLAAN,0059,ACHTKARSPELEN,0512342678,primary,53.16182295,6.13979013
Friesland,Dr Theun de Vriesskoalle,Johannes Prinsstrjitte,30,9269 NZ,FEANWALDEN,1891,DANTUMADIEL,0511475554,primary,53.23770416,5.99379739
Friesland,Basisschool de Mienskip,Groenkamp,3,9285 SZ,BUITENPOST,0059,ACHTKARSPELEN,0511542021,primary,53.24859433,6.1427255
Friesland,Dr. J. Botkeschool,Badhuswei,31-C,9104 DX,DAMWALD,1891,DANTUMADIEL,0511421750,primary,53.28543733,5.99379249
Friesland,It Holdersnest,Homear,1,9281 LN,HARKEMA,0059,ACHTKARSPELEN,0512362846,primary,53.18613082,6.13007219
Friesland,De Balkwar,Swanneblom-strjitte,11,9288 AB,KOOTSTERTILLE,0059,ACHTKARSPELEN,0512331818,primary,53.21240306,6.09476158
Friesland,Burgerschool,Olivier van Keulenlaan,16,9101 VR,DOKKUM,1970,NOARDEAST-FRYSLAN,0519292570,primary,53.32324763,6.00204613
Friesland,It Skriuwboerd,B Jacobus Schurerwg,14,9231 CE,SURHUISTERVEEN,0059,ACHTKARSPELEN,0512368530,primary,53.1804668,6.16575604
Friesland,Nynke van Hichtumschool,Aalscholver,2,9101 XN,DOKKUM,1970,NOARDEAST-FRYSLAN,0519292491,primary,53.32892003,6.01874055
Friesland,sls de tijstream,De Morgenzon,5-C,9151 KM,HOLWERT,1970,NOARDEAST-FRYSLAN,0519562481,primary,53.37038966,5.90550811
Friesland,It Twaspan,Skoalstrjitte,4,9287 LV,TWIJZELERHEIDE,0059,ACHTKARSPELEN,0511443128,primary,53.24091884,6.0448802
Friesland,Openbare Basisschool Prof Casimir,Tsjerk Hiddesstraat,4-B,9291 AX,KOLLUM,1970,NOARDEAST-FRYSLAN,0511451727,primary,53.28212019,6.14830674
Friesland,De Optimist,Barten,11,8447 BS,HEERENVEEN,0074,HEERENVEEN,0513627552,primary,52.95951715,5.91080234
Friesland,V Maasdijkschool,Van Beijma Thoe Kingmawg,1,8441 CP,HEERENVEEN,0074,HEERENVEEN,0513653721,primary,52.96704664,5.92120776
Friesland,Ekke de Haanschool,Zegge,2,8446 CL,HEERENVEEN,0074,HEERENVEEN,0513624386,primary,52.95431414,5.91286001
Friesland,Obs Het  Vogelnest,Tureluurstraat,20,8446 HM,HEERENVEEN,0074,HEERENVEEN,0513628930,primary,52.94933929,5.91990273
Friesland,Twa Fjilden,Koningin Julianalaan,3,8501 HL,JOURE,1940,DE FRYSKE MARREN,0513413632,primary,52.96238993,5.79969943
Friesland,OBS Route 0513,Veluwelaan,47,8443 AJ,HEERENVEEN,0074,HEERENVEEN,0513631948,primary,52.94652976,5.93740783
Friesland,Westermarskoalle,E A Borgerstraat,23,8501 NC,JOURE,1940,DE FRYSKE MARREN,0513413906,primary,52.96768565,5.80331759
Friesland,Bernesintrum Aldeboarn,Tsjerkebuorren,10,8495 KH,ALDEBOARN,0074,HEERENVEEN,0566631285,primary,53.04769717,5.89618725
Friesland,It Bûtenplak,Aise Bruggenswei,2,8412 SW,HOORNSTERZWAAG,0074,HEERENVEEN,0516462415,primary,52.98788909,6.14425983
Friesland,De Feart,Wolfsklauw,26,8411 RC,JUBBEGA,0074,HEERENVEEN,0516461753,primary,53.00266734,6.12586186
Friesland,OBS Akkrum,De Stringen,1,8491 HA,AKKRUM,0074,HEERENVEEN,0566651687,primary,53.04971826,5.84802855
Friesland,De Ynset,Binnendyk,24,8461 LD,ROTTUM FR,1940,DE FRYSKE MARREN,0513551666,primary,52.93610561,5.89244941
Friesland,Compagnonsschool,Ds Veenweg,10-A,8456 HR,DE KNIPE,0074,HEERENVEEN,0513688766,primary,52.96748395,5.97906954
Friesland,De Schakel,Prinses Marijkeweg,7-A,8463 VJ,ROTSTERHAULE,1940,DE FRYSKE MARREN,0513552022,primary,52.93119789,5.85293678
Friesland,Tjongerschool,Schoterlandseweg,95,8454 KD,MILDAM,0074,HEERENVEEN,0513633100,primary,52.9377507,6.00478819
Friesland,Sevenaerschool,Schoterlandseweg,103,8414 LR,NIEUWEHORNE,0074,HEERENVEEN,0513541308,primary,52.95355446,6.06186858
Friesland,Albertine Agnesschool,Van Leeuwenhoekweg,8,8451 CN,OUDESCHOOT,0074,HEERENVEEN,0513636476,primary,52.9347037,5.95628324
Friesland,Tryegeaster Honk,Jetze Veldstraweg,49,8513 CK,OUWSTERHAULE,1940,DE FRYSKE MARREN,0513551027,primary,52.93697551,5.81215434
Friesland,De Brege,Trijegea,16,8517 HZ,SCHARSTERBRUG,1940,DE FRYSKE MARREN,0513415349,primary,52.94272307,5.78178344
Friesland,Basisschool 't Swannestee,Tsjillanleane,32,8525 GR,LANGWEER,1940,DE FRYSKE MARREN,0513499375,primary,52.95557077,5.72560033
Friesland,o.b.s. Het Slingertouw,Schoterplein,29,8448 RP,HEERENVEEN,0074,HEERENVEEN,0513633140,primary,52.95974951,5.94977472
Friesland,OBS De Aventurijn,Kerkeweg,10,8485 JJ,MUNNEKEBUREN,0098,WESTSTELLINGWERF,0561481900,primary,52.84137004,5.87672693
Friesland,Skoalle De Dúnwizer,Mjumster Wei,12,9243 SJ,BAKKEVEEN,0086,OPSTERLAND,0516541777,primary,53.08140385,6.26134809
Friesland,Basisschool Dorpsschool de Blesse,Meidoornstraat,33,8397 GV,DE BLESSE,0098,WESTSTELLINGWERF,0561441806,primary,52.84395113,6.04354119
Friesland,Kindcentrum De Finne,Fockema Andreaelaan,94,9244 BB,BEETSTERZWAAG,0086,OPSTERLAND,0512382290,primary,53.06475333,6.08086768
Friesland,Dalton Basisschool de Oosterbrink,Boijlerweg,88,8392 NK,BOIJL,0098,WESTSTELLINGWERF,0561421677,primary,52.91006427,6.20533306
Friesland,Openbare Basisschool de Tjongeling,Willinge Prinsstraat,16,8421 PE,OLDEBERKOOP,0085,OOSTSTELLINGWERF,0516451636,primary,52.93943732,6.12790633
Friesland,Basisschool de Skans,De Kolk,1-A,9249 MC,FRIESCHEPALEN,0086,OPSTERLAND,0512302200,primary,53.10976108,6.20436362
Friesland,Basisschool de Velden,Zuiderweg,40-G,8391 KG,NOORDWOLDE FR,0098,WESTSTELLINGWERF,0561433100,primary,52.8747363,6.14489188
Friesland,OBS De Treffer,H. Ringenoldusstrjitte,1,8401 PV,GORREDIJK,0086,OPSTERLAND,0513462280,primary,53.00630137,6.0652081
Friesland,Openbare Basisschool De Stelling,Oosterhuisweg,7,8423 TG,MAKKINGA,0085,OOSTSTELLINGWERF,0516441439,primary,52.98071335,6.22015564
Friesland,Vensterschool Noordwolde,Mandehof,17,8391 BG,NOORDWOLDE FR,0098,WESTSTELLINGWERF,0561430525,primary,52.89111985,6.14394338
Friesland,Openbare Basisschool MST. K.J. Dijkstra,Hoofdweg,31,8424 PJ,ELSLOO FR,0085,OOSTSTELLINGWERF,0561421250,primary,52.93997826,6.2398861
Friesland,School Loevestein,Berend Wapstrastrjitte,1-3,8401 NN,GORREDIJK,0086,OPSTERLAND,0513461557,primary,53.00214709,6.07923677
Friesland,Basisschool de Striepe,Hoofdweg,193,8474 CE,OLDEHOLTPADE,0098,WESTSTELLINGWERF,0561688500,primary,52.89550317,6.04937919
Friesland,Basisschool Heidepolle,Paulus Potterstraat,13,8471 VM,WOLVEGA,0098,WESTSTELLINGWERF,0561614262,primary,52.86960971,5.98980745
Friesland,Openbare Basisschool de Riemsloot,Alle Wijtzesweg,53-A,8426 CT,APPELSCHA,0085,OOSTSTELLINGWERF,0516432090,primary,52.95289831,6.3569397
Friesland,Basisschool De Boge,Engbert Pierswei,2,8409 JW,HEMRIK,0086,OPSTERLAND,0516471400,primary,53.03357156,6.13431653
Friesland,Wolvega Zuid,Oranje Nassaulaan,51,8471 LL,WOLVEGA,0098,WESTSTELLINGWERF,0561615138,primary,52.87173826,6.00109716
Friesland,Basisschool Tuindorp,Grote vuurvlinder,2,8472 CH,WOLVEGA,0098,WESTSTELLINGWERF,0561615500,primary,52.87789763,6.01173194
Friesland,Skôalle it Aventoer,De Klamp,12,8404 GL,LANGEZWAAG,0086,OPSTERLAND,0513688555,primary,52.98313681,6.00598012
Friesland,Dorpsschool,Lijsterstraat,6,8471 DN,WOLVEGA,0098,WESTSTELLINGWERF,0561614664,primary,52.8770313,5.99518078
Friesland,Basisschool de Flecht,Buorsterwyk,36,8408 JA,LIPPENHUIZEN,0086,OPSTERLAND,0513463400,primary,53.01562435,6.09525173
Friesland,OBS De Toekan,Weemeweg,14,8431 LV,OOSTERWOLDE FR,0085,OOSTSTELLINGWERF,0516514367,primary,52.9941831,6.2916402
Friesland,De Lamer,Hoofdweg,55,8486 GC,OLDELAMER,0098,WESTSTELLINGWERF,0561499135,primary,52.87276178,5.93262691
Friesland,Openbare Buttingaschool,Buttingasingel,10,8431 AV,OOSTERWOLDE FR,0085,OOSTSTELLINGWERF,0516514238,primary,52.98708637,6.28959833
Friesland,Openbare Boekhorstschool,Boekhorsterweg,15,8431 CW,OOSTERWOLDE FR,0085,OOSTSTELLINGWERF,0516514232,primary,52.98415242,6.29143815
Friesland,Basisschool 't Holtpad,Kerkweg,9,8475 EB,NIJEHOLTPADE,0098,WESTSTELLINGWERF,0561688282,primary,52.91175866,6.08043957
Friesland,Basisschool 't Ambyld,Smidte,47,8407 ER,TERWISPEL,0086,OPSTERLAND,0513463500,primary,53.01919233,6.04595462
Friesland,De Twirrewyn,Schoolstraat,15,8435 XV,DONKERBROEK,0085,OOSTSTELLINGWERF,0516491500,primary,53.01731136,6.24328463
Friesland,Basisschool De Opstekker,Breewei,6-A,8406 EE,TIJNJE,0086,OPSTERLAND,0513571600,primary,53.02715066,5.99340021
Friesland,De Klaeter,Jokweg,14,8394 VL,DE HOEVE,0098,WESTSTELLINGWERF,0561432600,primary,52.88703388,6.09008307
Friesland,Openbare Basisschool de Trede,Dorpsstraat,55,8432 PL,HAULE,0085,OOSTSTELLINGWERF,0516577385,primary,53.03690392,6.30615426
Friesland,Skoalle De Sinnewizer,Welfingstrjitte,5,9241 GM,WIJNJEWOUDE,0086,OPSTERLAND,0516481666,primary,53.05580914,6.20385059
Friesland,Op 'e Trije,Hegebeintumerdyk,16,9172 GP,FERWERT,1970,NOARDEAST-FRYSLAN,0518411541,primary,53.33521957,5.83037628
Friesland,Basisschool Op 'e Dobbe,Finne,42,9074 AV,HALLUM,1970,NOARDEAST-FRYSLAN,0518431700,primary,53.30743293,5.78867733
Friesland,Arjen Roelofsskoalle,Leijesterpaed,4,9054 KM,HIJUM,0080,LEEUWARDEN,0518431900,primary,53.29144182,5.76413065
Friesland,IKC De Jint,Plataanstrjitte,2,9051 RB,STIENS,0080,LEEUWARDEN,0582571898,primary,53.26605602,5.76072017
Friesland,IKC De Twilling,Ieleane,8,9051 LP,STIENS,0080,LEEUWARDEN,0582575998,primary,53.26003188,5.7691706
Friesland,Openbare Basisschool De Steven,Noorderbolwerk,1,8801 KK,FRANEKER,1949,WAADHOEKE,0517391140,primary,53.18889134,5.53998276
Friesland,OBS De Opslach,IJsbaanweg,4,8801 ER,FRANEKER,1949,WAADHOEKE,0517395110,primary,53.19327478,5.53785383
Friesland,Waadwizer,Johan Roordastrjitte,41,8851 EB,TZUMMARUM,1949,WAADHOEKE,0518481900,primary,53.23664533,5.55008144
Friesland,Openbare Basisschool De Oanset,Peinserweg,1-B,8811 HK,RIED,1949,WAADHOEKE,0517269321,primary,53.22191131,5.58988087
Friesland,De Frije Fûgel,Klaas van der Meijstr,30,9045 PZ,BITGUMMOLE,1949,WAADHOEKE,0582531222,primary,53.23286445,5.70195571
Friesland,Lyts Libben,Ds H v E v Heslingastr,1,9041 EG,BERLTSUM,1949,WAADHOEKE,0518461736,primary,53.24115292,5.65235629
Friesland,O.b.s. 't Fonnemint,Dordtse Straat,40,9076 CP,ST.-ANNAPAROCHIE,1949,WAADHOEKE,0518401129,primary,53.27590304,5.66143161
Friesland,SWS Twaspan,Spoorstrjitte,7,9033 WJ,DEINUM,1949,WAADHOEKE,0582542083,primary,53.19133955,5.72548375
Friesland,De Romte,Skoallanswei,2,9035 BT,DRONRYP,1949,WAADHOEKE,0517231614,primary,53.19500431,5.64964753
Friesland,De Twiner,Georg van Saksenstraat,14,9079 KG,ST.-JACOBIPAROCHIE,1949,WAADHOEKE,0518491839,primary,53.27349726,5.60383175
Friesland,De Polle,Skoallestrjitte,28,9034 GL,MARSUM,1949,WAADHOEKE,0582541681,primary,53.21163273,5.72718666
Friesland,SWS de Fierljepper,Mathijs Beckstraat,65,9077 SG,VROUWENPAROCHIE,1949,WAADHOEKE,0518401682,primary,53.28074329,5.70192859
Friesland,Openbare Basisschool 't Partoer,Lauermanstraat,21-A,9251 AX,BURGUM,0737,TYTSJERKSTERADIEL,0511462980,primary,53.19710299,5.99420995
Friesland,Openbare Basisschool Hurdegarijp,Van Weerden Poelmanstr,2-A,9254 CS,HURDEGARYP,0737,TYTSJERKSTERADIEL,0511472026,primary,53.21634138,5.94424006
Friesland,Thrimwalda,Dr. O. Postmastrjitte,6,9061 BK,GYTSJERK,0737,TYTSJERKSTERADIEL,0582562271,primary,53.23941386,5.88777041
Friesland,IT Kruired,Mounewei,32,9063 JM,MUNEIN,0737,TYTSJERKSTERADIEL,0582562110,primary,53.25357997,5.92005828
Friesland,De Swetten,Kuiperssingel,1,9201 EE,DRACHTEN,0090,SMALLINGERLAND,0512514711,primary,53.11059495,6.09444282
Friesland,Openbare Basisschool de Opstap,Heemstrasingel,45,9062 GE,OENTSJERK,0737,TYTSJERKSTERADIEL,0582562353,primary,53.25380476,5.90148197
Friesland,Sinnehonk,Van Sminiaweg,114-B,9064 KH,ALDTSJERK,0737,TYTSJERKSTERADIEL,0582561762,primary,53.26596205,5.88878269
Friesland,De Vlinderboom,De Stoeken,1,9202 LS,DRACHTEN,0090,SMALLINGERLAND,0512582620,primary,53.1038929,6.12061337
Friesland,Ontmoetingsschool de Romte,Reidfjild,4,9255 JV,TYTSJERK,0737,TYTSJERKSTERADIEL,0511431675,primary,53.21372435,5.91286071
Friesland,OBS De Kameleon,Middelwyk,2,9202 GV,DRACHTEN,0090,SMALLINGERLAND,0512511942,primary,53.1091848,6.11029653
Friesland,Openbare Basisschool de Tille,P.K.Pelstraat,1,9203 NP,DRACHTEN,0090,SMALLINGERLAND,0512519597,primary,53.09810135,6.09087416
Friesland,De Bolder,De Frisia,152,9207 CZ,DRACHTEN,0090,SMALLINGERLAND,0512521100,primary,53.12024792,6.08463852
Friesland,Finneblom,'t Herntsje,1,9212 PJ,BOORNBERGUM,0090,SMALLINGERLAND,0512382700,primary,53.0854164,6.04776027
Friesland,De Wiksel,It Grien,30,9223 NM,HOUTIGEHAGE,0090,SMALLINGERLAND,0512341682,primary,53.15256263,6.14186289
Friesland,sws it Werflân,Master Kuiperswei,1,9221 TD,ROTTEVALLE,0090,SMALLINGERLAND,0512341796,primary,53.14601725,6.10547676
Friesland,Openbare basisschool De Meander,Flevo,194,9204 JT,DRACHTEN,0090,SMALLINGERLAND,0512510150,primary,53.09877409,6.07289209
Friesland,Iepenbiere Basisskoalle De Twamester,B K van den Bergstrjitte,2,9005 PW,WERGEA,0080,LEEUWARDEN,0582552557,primary,53.14971477,5.84649125
Friesland,De Finne,De Greiden,1,9003 MJ,WARTEN,0080,LEEUWARDEN,0582552538,primary,53.15135417,5.89859135
Friesland,Openbare Basisschool de Oldenye,Sint Anthonystraat,5,8911 DV,LEEUWARDEN,0080,LEEUWARDEN,0582125070,primary,53.20238786,5.79398991
Friesland,Eigen Wijs Basisonderwijs,Verdistraat,2,8915 CD,LEEUWARDEN,0080,LEEUWARDEN,0582128160,primary,53.2081737,5.77549586
Friesland,Openbaar Basisschool De TWA Fisken,Jongema,6,9001 LA,GROU,0080,LEEUWARDEN,0566623000,primary,53.09021156,5.82590425
Friesland,Trije Doarpen Skoalle,Master Gorterstrjitte,9,9008 TB,REDUZUM,0080,LEEUWARDEN,0566602220,primary,53.11845432,5.78367157
Friesland,IKC De Weide,Raaigras,28,8935 GH,LEEUWARDEN,0080,LEEUWARDEN,0582881677,primary,53.18788246,5.81542474
Friesland,IKC Aventurijn,Tjerk Hiddesstraat,5-1,8921 NM,LEEUWARDEN,0080,LEEUWARDEN,0582664831,primary,53.20774313,5.80721938
Friesland,IKC Wiarda,Buorren,13,9084 BB,GOUTUM,0080,LEEUWARDEN,0582883180,primary,53.17852696,5.80522689
Friesland,Professor Wassenberghschool,Ieborchpaed,6,9081 AR,LEKKUM,0080,LEEUWARDEN,0582664861,primary,53.22584444,5.82031865
Friesland,IKC Het Palet,Floris Versterstraat,2-B,8932 BR,LEEUWARDEN,0080,LEEUWARDEN,0582124833,primary,53.19142165,5.78474998
Friesland,Kindcentrum Eestroom,Droppingsstraat,2,8923 BW,LEEUWARDEN,0080,LEEUWARDEN,0582663707,primary,53.21525966,5.81233197
Friesland,Openbare Basisschool De Vosseburcht,Coornhertstraat,8,8913 HK,LEEUWARDEN,0080,LEEUWARDEN,0582127627,primary,53.20155603,5.77943483
Friesland,IKC Trianova,Kingmastate,1,8926 NA,LEEUWARDEN,0080,LEEUWARDEN,0582663100,primary,53.21458487,5.83972894
Friesland,De Wynwizer,Pikemar,17,8939 CR,LEEUWARDEN,0080,LEEUWARDEN,0582880250,primary,53.18207751,5.83984126
Friesland,De Pionier,Molkenkelder,4-A,8941 AJ,LEEUWARDEN,0080,LEEUWARDEN,0582802344,primary,53.16988303,5.79331212
Friesland,Daltonschool De Blinker,De Blink,5,8701 LV,BOLSWARD,1900,SUDWEST-FRYSLAN,0515572533,primary,53.06559238,5.53237994
Friesland,Daltonschool 't Hazzeleger,Siemen de Jongstrjitte,4,8561 DP,BALK,1940,DE FRYSKE MARREN,0514602147,primary,52.89355471,5.58150055
Friesland,Protestants Christelijke Basisschool De Skulpe,Kreilerstraat,20,8713 JB,HINDELOOPEN,1900,SUDWEST-FRYSLAN,0514521510,primary,52.93861678,5.40417495
Friesland,Basisschool De Reinboge,Broekenweg,14,8538 RN,BANTEGA,1940,DE FRYSKE MARREN,0514551395,primary,52.84176767,5.7951431
Friesland,De Utskoat,De Tsjasker,4,8748 DW,WITMARSUM,1900,SUDWEST-FRYSLAN,0517531818,primary,53.10111587,5.46935276
Friesland,Daltonschool De Kogge,De Dassenboarch,23-A,8651 CB,IJLST,1900,SUDWEST-FRYSLAN,0515531606,primary,53.01138545,5.62672805
Friesland,Basisschool De Populier,Lieuwkemastraat,67,8754 BL,MAKKUM,1900,SUDWEST-FRYSLAN,0515232070,primary,53.05851033,5.40533037
Friesland,Openbare basisschool 't Wad,Midlumerlaan,13,8861 JE,HARLINGEN,0072,HARLINGEN,0517413221,primary,53.17771456,5.4244103
Friesland,Openbare Basisschool De Pipegaal,Weverswei,3-A,8711 GP,WORKUM,1900,SUDWEST-FRYSLAN,0515542189,primary,52.97705888,5.45067665
Friesland,Basisschool de Meerpaal,Schokker,4-A,8531 BW,LEMMER,1940,DE FRYSKE MARREN,0514561434,primary,52.84011481,5.72097909
Friesland,Basisschool De Meiboom,Himmelumerdyk,2-A,8721 GT,WARNS,1900,SUDWEST-FRYSLAN,0514682050,primary,52.87424327,5.41243176
Friesland,Basisschool Tweespan,Betelgeuze,4,8531 MV,LEMMER,1940,DE FRYSKE MARREN,0514563303,primary,52.85177608,5.70647012
Friesland,Openbare Basisschool Het Noorderlicht,F Domela Nieuwenhuisstr,81,8862 WC,HARLINGEN,0072,HARLINGEN,0517431393,primary,53.16263148,5.43931258
Friesland,Openbare Basisschool Middelstein,Fonteinstraat,1,8872 NJ,MIDLUM,0072,HARLINGEN,0517416066,primary,53.18310269,5.44744036
Friesland,Basissch Twa Yn Ien,De Roede,49,8539 SX,ECHTENERBRUG,1940,DE FRYSKE MARREN,0514541572,primary,52.87342577,5.81836822
Friesland,Regioskoalle de Greidefûgel,Oan'e Kamp,6,8834 XM,BAARD,0080,LEEUWARDEN,0517341998,primary,53.14190351,5.67031744
Friesland,Bûtensprong,De Polle,2,8635 MD,BOAZUM,1900,SUDWEST-FRYSLAN,0515521800,primary,53.08970755,5.6947344
Friesland,Master,Jancko Douwamastraat,31,8602 BK,SNEEK,1900,SUDWEST-FRYSLAN,0515725187,primary,53.04181868,5.65553158
Friesland,Zwetteschool,Hugo de Grootstraat,2,8603 BP,SNEEK,1900,SUDWEST-FRYSLAN,0515412019,primary,53.04032049,5.66661481
Friesland,Samenwerkingsschool Basisonderwijs Itens,Itingewei,2,8735 HT,ITENS,1900,SUDWEST-FRYSLAN,0515332002,primary,53.09968505,5.64779087
Friesland,Openbare Basisschool de Oudvaart,Loengasterlaan,3,8604 ZC,SNEEK,1900,SUDWEST-FRYSLAN,0515412519,primary,53.0386873,5.67899325
Friesland,Basisschool de Gielguorde,Master Jansenstrjitte,10,9022 AN,MANTGUM,0080,LEEUWARDEN,0582501220,primary,53.12959123,5.71870763
Friesland,Basisschool IT Pertoer,Bumaleane,1,9024 ET,WEIDUM,0080,LEEUWARDEN,0582519757,primary,53.14453089,5.74139562
Friesland,Openbare Basisschool De Wyken,Keizersmantel,1,8607 GM,SNEEK,1900,SUDWEST-FRYSLAN,0515411213,primary,53.01891188,5.65632205
Friesland,iepenbiere Basisskoalle It Bynt,Molepaed,21,8831 XJ,WINSUM FR,1949,WAADHOEKE,0517341441,primary,53.15064508,5.63568811
Friesland,Epemaskoalle,Ds H W C A Visserleane,11,8633 KH,YSBRECHTUM,1900,SUDWEST-FRYSLAN,0515413762,primary,53.04207558,5.63430747
Friesland,Openbare Basisschool De Opslach,Walperterwei,14-C,8731 CD,WOMMELS,1900,SUDWEST-FRYSLAN,0515331844,primary,53.11120959,5.59113938
Friesland,Openbare Basisschool 't Raerderhiem,Selanswei,2,9012 CN,RAERD,1900,SUDWEST-FRYSLAN,0566602272,primary,53.09694881,5.7594733
Friesland,Dr EA Borgerschool,Koningin Julianalaan,3,8501 HL,JOURE,1940,DE FRYSKE MARREN,0513414282,primary,52.96238993,5.79969943
Friesland,Bloei - Terherne,Buorren,21,8493 LC,TERHERNE,1940,DE FRYSKE MARREN,0566689500,primary,53.03969941,5.78287806
Friesland,Christelijke Basisschool De Trieme,Kerkhoflaan,12,8464 VL,SINTJOHANNESGA,1940,DE FRYSKE MARREN,0513551857,primary,52.933077,5.85499442
Friesland,Eben Haezerschool,Menso Poppiusstraat,46,8536 VA,OOSTERZEE,1940,DE FRYSKE MARREN,0514541950,primary,52.87594037,5.77430155
Friesland,Haskerwiis,De Vervening,1-A,8465 RE,OUDEHASKE,1940,DE FRYSKE MARREN,0513677600,primary,52.95622409,5.87348665
Friesland,Wumkesskoalle,Sluisdijk,25,8501 BZ,JOURE,1940,DE FRYSKE MARREN,0513414244,primary,52.9698764,5.7988256
Friesland,Christelijke Basisschool De Spoarsiker,De Veenscheiding,14,8539 SH,ECHTENERBRUG,1940,DE FRYSKE MARREN,0514541800,primary,52.87323565,5.82128511
Friesland,Protestants Christelijke Basisschool It Haskerfjild,E A Borgerstraat,27-29,8501 NC,JOURE,1940,DE FRYSKE MARREN,0513418317,primary,52.96886457,5.80446403
Friesland,Christelijke Basisschool de Arke,Tramdyk,10,8532 BX,LEMMER,1940,DE FRYSKE MARREN,0514560440,primary,52.85334907,5.70960546
Friesland,Christelijke Basisschool de Paedwizer,Saturnusstraat,6,8521 LM,SINT NICOLAASGA,1940,DE FRYSKE MARREN,0513431291,primary,52.92498863,5.73317195
Friesland,Christelijke Basisschool Spring!,Veluwelaan,47,8443 AJ,HEERENVEEN,0074,HEERENVEEN,0513631195,primary,52.94652976,5.93740783
Friesland,Christelijke Basisschool De Hoeksteen,Dr G van Schouwenlaan,2,8441 CA,HEERENVEEN,0074,HEERENVEEN,0513624984,primary,52.96433969,5.9176323
Friesland,Christelijke Basisschool de Roerganger,Vogelwijk,21,8446 KC,HEERENVEEN,0074,HEERENVEEN,0513625851,primary,52.94732775,5.92179925
Friesland,Chr Basissch Het Kompas,Kattebos,144-B,8446 DB,HEERENVEEN,0074,HEERENVEEN,0513627022,primary,52.95221552,5.9118603
Friesland,De Burcht,Schoterplein,28,8448 RP,HEERENVEEN,0074,HEERENVEEN,0513419710,primary,52.96001679,5.94932752
Friesland,Christelijke Basisschool De Foareker,Skoallestrjitte,19,8734 GL,EASTEREIN,1900,SUDWEST-FRYSLAN,0515332275,primary,53.09494641,5.61851216
Friesland,Christelijke Basisschool De Reinbôge,Waltaweg,29,8765 LM,TJERKWERD,1900,SUDWEST-FRYSLAN,0515579813,primary,53.04079993,5.50025607
Friesland,Mienskipsskoalle  De Legeaën,Aesgewei,56,8647 SG,SIBRANDABUORREN,1900,SUDWEST-FRYSLAN,0515521700,primary,53.06484078,5.71516654
Friesland,Christelijke Basisschool De Grunslach,Lytse Buorren,27,8842 LJ,WJELSRYP,1949,WAADHOEKE,0517342112,primary,53.16686186,5.60692741
Friesland,Ontmoetingsschool De Oanrin,Sytzamaweg,62,8822 VD,ARUM,1900,SUDWEST-FRYSLAN,0517641310,primary,53.13218085,5.47330166
Friesland,Samenwerkingsschool De Opstekker,De Jister,21,8621 DR,HEEG,1900,SUDWEST-FRYSLAN,0515442636,primary,52.97252827,5.60851696
Friesland,Klaver Fjouwer,Tsjerkemar,8,8614 XD,OUDEGA SUDWEST-FRYSLAN,1900,SUDWEST-FRYSLAN,0515469897,primary,52.99466126,5.55015111
Friesland,Christelijke Basisschool It Fûnemint,Walperterwei,14,8731 CD,WOMMELS,1900,SUDWEST-FRYSLAN,0515331921,primary,53.1108704,5.59102428
Friesland,Christelijke Basisschool Paadwizer,Waubertstrjitte,18,8763 MS,PARREGA,1900,SUDWEST-FRYSLAN,0515579622,primary,53.01638785,5.48069935
Friesland,Christelijke Basisschool It Harspit,P.Walmastrjitte,8,8625 HE,OPPENHUIZEN,1900,SUDWEST-FRYSLAN,0515559688,primary,53.01079332,5.69481507
Friesland,Protestants Christelijke Basisschool De Earste Trimen,H.Pollemastrjitte,2,8771 RT,NIJLAND,1900,SUDWEST-FRYSLAN,0515569678,primary,53.05143411,5.57306036
Friesland,Christelijke Basisschool De Bonkelder,De Tsjasker,2,8748 DW,WITMARSUM,1900,SUDWEST-FRYSLAN,0517531919,primary,53.10120183,5.46910417
Friesland,Christelijke Basisschool Op 'e Hichte,De Terp,4,8629 RA,SCHARNEGOUTUM,1900,SUDWEST-FRYSLAN,0515415989,primary,53.05960466,5.67933022
Friesland,Van Haersma Buma School,De Hoep,45,8622 XM,HOMMERTS,1900,SUDWEST-FRYSLAN,0515442900,primary,52.98065252,5.64823702
Friesland,Christelijke Basisschool De Ark,Ds L Touwenlaan,44-A,8754 BT,MAKKUM,1900,SUDWEST-FRYSLAN,0515231561,primary,53.0568978,5.40742081
Friesland,De Twine,Wilhelminastraat,3,8651 AC,IJLST,1900,SUDWEST-FRYSLAN,0515532300,primary,53.01275315,5.62128225
Friesland,Christelijke Basisschool De Bron,De Blink,1,8701 LV,BOLSWARD,1900,SUDWEST-FRYSLAN,0515572053,primary,53.06612281,5.53101325
Friesland,IKC Juliana,Bloemstraat,15,8603 XV,SNEEK,1900,SUDWEST-FRYSLAN,0515412219,primary,53.03467856,5.66014489
Friesland,IKC Johannes Post,Jancko Douwamastraat,35,8602 BK,SNEEK,1900,SUDWEST-FRYSLAN,0515415183,primary,53.04255081,5.65563153
Friesland,Basisschool Simon Havinga,Griend,20,8604 AS,SNEEK,1900,SUDWEST-FRYSLAN,0515416387,primary,53.04196476,5.67946876
Friesland,Christelijke Basisschool De Vuurvlinder,Keizersmantel,1,8607 GM,SNEEK,1900,SUDWEST-FRYSLAN,0515411424,primary,53.01891188,5.65632205
Friesland,Basisschool Oranje Nassau - school met de Bijbel,Linthorst Homanloane,5,9288 BA,KOOTSTERTILLE,0059,ACHTKARSPELEN,0512331870,primary,53.21630519,6.09168871
Friesland,Basisschool De Verbinding - school met de Bijbel,Foareker,54,9247 AC,URETERP,0086,OPSTERLAND,0512301937,primary,53.09729456,6.16976461
Friesland,Basisschool De Princenhof - school met de Bijbel,Prinsessenweg,2,8931 EG,LEEUWARDEN,0080,LEEUWARDEN,0582884466,primary,53.18606642,5.79229929
Friesland,Basisschool De Schakel - school met de Bijbel,Op de Keppels,1-B,9101 DG,DOKKUM,1970,NOARDEAST-FRYSLAN,0519292048,primary,53.32022272,6.0015859
Friesland,Basisschool De Parel - school met de Bijbel,Langewyk,275,9202 CN,DRACHTEN,0090,SMALLINGERLAND,0512237999,primary,53.10982971,6.1209974
Friesland,Basisschool De Fontein - school met de Bijbel,Molenstraat,17-A,9285 PA,BUITENPOST,0059,ACHTKARSPELEN,0511542225,primary,53.25298508,6.14631212
Friesland,IKC De Syl,Monnikebildtdijk,16,9078 VE,OUDEBILDTZIJL,1949,WAADHOEKE,0518421328,primary,53.29951203,5.72084569
Friesland,IKC It Anker,Quaestiusstrjitte,13,9035 EB,DRONRYP,1949,WAADHOEKE,0517232000,primary,53.19136129,5.64872372
Friesland,IKC It iepen Finster,Dorpsstraat,4-B,8806 KT,ACHLUM,1949,WAADHOEKE,0517641424,primary,53.14858052,5.48426165
Friesland,IKC De Korendrager,Botniasteeg,16-A,8801 KJ,FRANEKER,1949,WAADHOEKE,0517390388,primary,53.18791477,5.54328034
Friesland,IKC De Fugelsang,Ds H v E v Heslingastr,1,9041 EG,BERLTSUM,1949,WAADHOEKE,0518461218,primary,53.24115292,5.65235629
Friesland,IKC De Twirre,Tilledyk,11,9047 KG,MINNERTSGA,1949,WAADHOEKE,0518471588,primary,53.25005233,5.59277317
Friesland,IKC Staetlânsskoalle,Smidsreed,6-8,8804 NH,TZUM,1949,WAADHOEKE,0517452219,primary,53.15607361,5.56121413
Friesland,IKC De Swirrel,Greate Buorren,32,9055 MV,BRITSUM,0080,LEEUWARDEN,0582572023,primary,53.25297957,5.78289681
Friesland,IKC Sin en Wille,Greatebuorren,13,9036 ME,MENAAM,1949,WAADHOEKE,0518452000,primary,53.21563741,5.66013017
Friesland,IKC De Skeakel,Skoalstrjitte,14,8855 HL,SEXBIERUM,1949,WAADHOEKE,0517591050,primary,53.21859036,5.4873312
Friesland,IKC Toermalijn,P J Troelstrastraat,24,8802 RD,FRANEKER,1949,WAADHOEKE,0517394630,primary,53.19514118,5.53614451
Friesland,IKC Prins Johan Friso,Grettingalaan,43,8862 ZA,HARLINGEN,0072,HARLINGEN,0517430583,primary,53.16653285,5.44218054
Friesland,IKC Het Baken,J v Oldenbarneveltstr,4,8862 BB,HARLINGEN,0072,HARLINGEN,0517413778,primary,53.1684405,5.43002225
Friesland,IKC De Wachter,Burg Hesselinkstraat,2,9076 EC,ST.-ANNAPAROCHIE,1949,WAADHOEKE,0518402144,primary,53.27260369,5.65222136
Friesland,Stichting de Buitenkans,Fluessen,8,8446 MD,HEERENVEEN,0074,HEERENVEEN,0513745151,primary,52.94844746,5.91452274
Friesland,bms De Triangel,Ds. Oosterhuisstraat,33,9265 LV,SUWALD,0737,TYTSJERKSTERADIEL,0511431229,primary,53.17752534,5.92797596
Friesland,Christelijke Basisschool De Winde,Van Weerden Poelmanstr,2-B,9254 CS,HURDEGARYP,0737,TYTSJERKSTERADIEL,0511473493,primary,53.21642371,5.94392674
Friesland,Basisskoalle de Twirre,De Kjellingen,15,9261 ZH,EASTERMAR,0737,TYTSJERKSTERADIEL,0512471419,primary,53.17554028,6.06248156
Friesland,Bernemienskip de Greide,Fjildwei,6,9258 CL,JISTRUM,0737,TYTSJERKSTERADIEL,0512471606,primary,53.21077094,6.06579008
Friesland,Basisskoalle De Klimstien,Marijkepaed,2,9257 VC,NOARDBURGUM,0737,TYTSJERKSTERADIEL,0511472347,primary,53.22452329,6.00561524
Friesland,It Bynt,Knilles Wytseswei,11,9262 NG,SUMAR,0737,TYTSJERKSTERADIEL,0511469262,primary,53.17892874,6.00046144
Friesland,Christelijke Basisschool De Reinbôge,Iikmounewei,61,9251 EW,BURGUM,0737,TYTSJERKSTERADIEL,0511461791,primary,53.19242266,5.99926127
Friesland,Christelijke Basisschool De Wrâldpoarte,Master Lubwei,2,9263 PG,GARYP,0737,TYTSJERKSTERADIEL,0511521498,primary,53.1678919,5.9702785
Friesland,Christelijke Basisschool De Arke,H.W. van Glinstrastraat,8,9251 CL,BURGUM,0737,TYTSJERKSTERADIEL,0511462715,primary,53.19806388,5.99432818
Friesland,Ichthusschool,Simke Kloostermanstr,44,9061 BG,GYTSJERK,0737,TYTSJERKSTERADIEL,0582562474,primary,53.24099213,5.88853763
Friesland,Paadwizer,Van Haersmasingel,4,9062 GB,OENTSJERK,0737,TYTSJERKSTERADIEL,0582561808,primary,53.25111862,5.89769338
Friesland,Christelijke Basisschool Alpha,Heermawei,5,9256 HR,RYPTSJERK,0737,TYTSJERKSTERADIEL,0511432100,primary,53.22291055,5.91631129
Friesland,Eben Haezer,Engwerd,1,9202 AN,DRACHTEN,0090,SMALLINGERLAND,0512511333,primary,53.11309451,6.11152762
Friesland,Christelijke Nationale School,Foarwei,39,9113 PB,WALTERSWALD,1891,DANTUMADIEL,0511421654,primary,53.29114783,6.03054152
Friesland,De Tarissing,Ds. van Velzenstrjitte,17,9289 JB,DROGEHAM,0059,ACHTKARSPELEN,0512331940,primary,53.20065301,6.11621002
Friesland,CBS de Oanrin,Piterpolle,29,9286 EM,TWIJZEL,0059,ACHTKARSPELEN,0511541046,primary,53.2324608,6.08865171
Friesland,Chr Basissch Merlettes,Goudtsjeblom-strjitte,22,9288 AM,KOOTSTERTILLE,0059,ACHTKARSPELEN,0512331951,primary,53.21126691,6.0955953
Friesland,KBS De Balkespringer,Lustenburg,15,9283 TJ,SURHUIZUM,0059,ACHTKARSPELEN,0512351900,primary,53.2060256,6.17890094
Friesland,Dorpsschool De Twa-ikker,W Barteles vd Kooiwei,2,9284 TJ,AUGUSTINUSGA,0059,ACHTKARSPELEN,0512351718,primary,53.21539134,6.16068071
Friesland,Christelijke Basisschool De Claercamp,Voorhof,2,9873 TK,GERKESKLOOSTER,0059,ACHTKARSPELEN,0512351038,primary,53.23928223,6.21112423
Friesland,Christelijke Basisschool De Reinboge,Skoalstrjitte,1,9287 LV,TWIJZELERHEIDE,0059,ACHTKARSPELEN,0511441307,primary,53.24140152,6.04587062
Friesland,Christelijke Basisschool De Wijnroas,Ikeloane,10,9281 RB,HARKEMA,0059,ACHTKARSPELEN,0512361711,primary,53.18684921,6.13787844
Friesland,Christelyke Basisschool De Lichtbron,Johan Frisostraat,2,9285 TS,BUITENPOST,0059,ACHTKARSPELEN,0511542385,primary,53.25096805,6.14081841
Friesland,Christelijke Basisschool de Hoekstien,Badlaan,39,9231 AZ,SURHUISTERVEEN,0059,ACHTKARSPELEN,0512361900,primary,53.17884067,6.16570435
Friesland,Christelijke Basisschool De Bernebrege,De Merel,12-14,9231 JJ,SURHUISTERVEEN,0059,ACHTKARSPELEN,0512362800,primary,53.18537432,6.17101294
Friesland,Christelijke Basisschool Koningin Wilhelmina,De Hagen,15,9161 BX,HOLLUM,0060,AMELAND,0519554500,primary,53.44219641,5.63588569
Friesland,Openbare Basisschool De Schakel,Schoolstraat,5,9161 BE,HOLLUM,0060,AMELAND,0519554361,primary,53.43977262,5.63918215
Friesland,Openbare Basisschool ‘t Ienster,Camminghastraat,11,9162 EK,BALLUM,0060,AMELAND,0519554292,primary,53.44322276,5.68632073
Friesland,Michaelschool Leeuwarden,Hercules Seghersstraat,3,8932 DG,LEEUWARDEN,0080,LEEUWARDEN,0582127740,primary,53.19248751,5.78729031
Friesland,Christelijke Basisschool De Opdracht,Foareker,21-23,9247 AA,URETERP,0086,OPSTERLAND,0512301771,primary,53.09827037,6.16982929
Friesland,Christelijke Basisschool De Eker,Burmaniastrjitte,1-A,9133 MV,EANJUM,1970,NOARDEAST-FRYSLAN,0519321387,primary,53.37293951,6.1288705
Friesland,Christelijke Basisschool Rehoboth,De Kolk,1,9249 MC,FRIESCHEPALEN,0086,OPSTERLAND,0512302600,primary,53.10976108,6.20436362
Friesland,CBS De Bining,Gietersewei,4,9245 HK,NIJ BEETS,0086,OPSTERLAND,0512461600,primary,53.06867146,6.0029107
Friesland,Christelijke Basisschool De Librije,Wabbe Wissesstrjitte,15,8401 RE,GORREDIJK,0086,OPSTERLAND,0513466448,primary,53.00366076,6.0705231
Gelderland,Joppeschool,Joppelaan,73-A,7215 AD,JOPPE,0262,LOCHEM,0575494269,primary,52.20884704,6.23159786
Gelderland,Ds A V Stuyvenbergschool,Westerlaan,63,8071 EB,NUNSPEET,0302,NUNSPEET,0341253477,primary,52.37395191,5.77510999
Gelderland,Ds C De Ridderschool,Jan van Vuurenstraat,15,8072 ZJ,NUNSPEET,0302,NUNSPEET,0341256828,primary,52.38839504,5.79543684
Gelderland,Christelijke basisschool De Spoorzoeker,Cotoneasterstraat,19,8091 TT,WEZEP,0269,OLDEBROEK,0383763535,primary,52.45955037,6.00108986
Gelderland,Rehobothschool,Schoonbeekhof,53,3774 DA,KOOTWIJKERBROEK,0203,BARNEVELD,0342441556,primary,52.14961559,5.67151747
Gelderland,De Ceder,Eeckelhagen,37,8071 ZR,NUNSPEET,0302,NUNSPEET,0341253637,primary,52.37003374,5.76555166
Gelderland,Petraschool,Troelstrastraat,39,8072 AL,NUNSPEET,0302,NUNSPEET,0341253667,primary,52.38529264,5.80489094
Gelderland,Basisschool De Morgenster,Frans Huismansstraat,20,8072 HH,NUNSPEET,0302,NUNSPEET,0341251221,primary,52.38976851,5.79914958
Gelderland,De Bron,Koningin Julianastraat,25,8071 LL,NUNSPEET,0302,NUNSPEET,0341254769,primary,52.38283238,5.7801709
Gelderland,Christelijke Basisschool Eben Haezer,Lindelaan,15,4043 MA,OPHEUSDEN,1740,NEDER-BETUWE,0488441457,primary,51.93510432,5.63207229
Gelderland,Rehoboth,Patrijsstraat,1-A,4043 MP,OPHEUSDEN,1740,NEDER-BETUWE,0488443009,primary,51.93114175,5.62710717
Gelderland,Sebaschool,Het Katsland,4,4051 KA,OCHTEN,1740,NEDER-BETUWE,0344644601,primary,51.90978298,5.56416981
Gelderland,Basisschool De Bornput,Tollenhof,1,4041 BH,KESTEREN,1740,NEDER-BETUWE,0488745425,primary,51.93370385,5.56639966
Gelderland,Sint Jozef Basisschool,Past C M v Everdingenstr,24,7165 AK,RIETMOLEN,1859,BERKELLAND,0545221048,primary,52.14099085,6.66235425
Gelderland,Bs De Sterrenboog,Mariaplein,8,7156 MG,BELTRUM,1859,BERKELLAND,0544481543,primary,52.06670544,6.5618376
Gelderland,Dr. Ariëns Daltonschool,Rutgerinkdijk,3,7161 EW,NEEDE,1859,BERKELLAND,0545295550,primary,52.1359816,6.60182986
Gelderland,Basisschool Kardinaal Alfrink,Koordsteeg,11,7161 WP,NEEDE,1859,BERKELLAND,0545292686,primary,52.13645943,6.61729802
Gelderland,Speulderbrink School met de Bijbel,Garderenseweg,205,3852 NH,ERMELO,0233,ERMELO,0577407219,primary,52.26682326,5.70485886
Gelderland,Vrije school De Zonnewende,Valckstraat,30,7203 GC,ZUTPHEN,0301,ZUTPHEN,0575516380,primary,52.14690278,6.21466077
Gelderland,Vrije School De Berkel,Henri Dunantweg,4,7201 EV,ZUTPHEN,0301,ZUTPHEN,0575524011,primary,52.13477317,6.19454182
Gelderland,Montessorischool Dukenburg,Malvert,7373,6538 DJ,NIJMEGEN,0268,NIJMEGEN,0243449520,primary,51.80843537,5.80931544
Gelderland,Basisschool Aquamarijn,Biezendwarsstraat,31-A,6541 ZE,NIJMEGEN,0268,NIJMEGEN,0243733464,primary,51.84782143,5.84461541
Gelderland,Basisschool De Spil,Weezenhof,4002,6536 DB,NIJMEGEN,0268,NIJMEGEN,0243441854,primary,51.80154305,5.80600673
Gelderland,Nutsschool Lankforst,Lankforst,2348,6538 GN,NIJMEGEN,0268,NIJMEGEN,0623482301,primary,51.8124428,5.80969066
Gelderland,Basisschool De Luithorst,De Gildekamp,6010,6545 LX,NIJMEGEN,0268,NIJMEGEN,0243734188,primary,51.83183496,5.80142825
Gelderland,PC Basissch Pr Maurits,Zwanenveld,2524,6538 NK,NIJMEGEN,0268,NIJMEGEN,0243442331,primary,51.81951765,5.80310152
Gelderland,Basisschool Michiel de Ruyter,Tweede Oude Heselaan,384,6542 VJ,NIJMEGEN,0268,NIJMEGEN,0243770155,primary,51.84332404,5.84576443
Gelderland,De Lindenhoeve,Zellersacker,1104,6546 HC,NIJMEGEN,0268,NIJMEGEN,0243734509,primary,51.83376276,5.78931029
Gelderland,Basissch de Zonnewende,Berberisstraat,4,6543 RN,NIJMEGEN,0268,NIJMEGEN,0243734132,primary,51.83421498,5.83287874
Gelderland,De Dukendonck,Tolhuis,4355,6537 PR,NIJMEGEN,0268,NIJMEGEN,0243443613,primary,51.81808467,5.79046775
Gelderland,Basisschool Montessori Lindenholt,Leuvensbroek,2004,6546 XN,NIJMEGEN,0268,NIJMEGEN,0243774367,primary,51.83332645,5.77909367
Gelderland,Basisschool de Buut,Hugo de Grootstraat,41,6522 DD,NIJMEGEN,0268,NIJMEGEN,0243230220,primary,51.84295524,5.87670597
Gelderland,Basisschool de Lanteerne,Henry Dunantstraat,8,6543 KR,NIJMEGEN,0268,NIJMEGEN,0243734191,primary,51.83628195,5.82398578
Gelderland,De Wingerd,Leuvensbroek,2010,6546 XN,NIJMEGEN,0268,NIJMEGEN,0243734182,primary,51.83286021,5.77870729
Gelderland,Basisschool de Aldenhove,Aldenhof,6001,6537 DG,NIJMEGEN,0268,NIJMEGEN,0243442425,primary,51.80682875,5.80164037
Gelderland,Basisschool De Klumpert,Zijpendaalstraat,1,6535 PS,NIJMEGEN,0268,NIJMEGEN,0243540390,primary,51.80430339,5.82682519
Gelderland,Basisschool Vossenburcht,Dr. Kuyperstraat,2,6535 TK,NIJMEGEN,0268,NIJMEGEN,0243566379,primary,51.80832508,5.82830189
Gelderland,Nijmeegse Scholen Vereniging2,Lamastraat,67,6531 PP,NIJMEGEN,0268,NIJMEGEN,0243551717,primary,51.82561642,5.84546395
Gelderland,De Tovercirkel,Zwerfkei,59,6581 HN,MALDEN,0252,HEUMEN,0243572845,primary,51.77654859,5.85187572
Gelderland,De Vuurvogel,Schoolstraat,23-A,6581 BG,MALDEN,0252,HEUMEN,0243580955,primary,51.78335666,5.85665447
Gelderland,OBS De Muze,Limoslaan,25,6523 RZ,NIJMEGEN,0268,NIJMEGEN,0243225545,primary,51.83306339,5.88000095
Gelderland,Basisschool De Oversteek,Pijlpuntstraat,1,6515 DJ,NIJMEGEN,0268,NIJMEGEN,0243489955,primary,51.87741711,5.84352511
Gelderland,Rooms Katholieke Basisschool Het Talent,Queenstraat,37-B,6663 HA,LENT,0268,NIJMEGEN,0243604332,primary,51.87084906,5.86854337
Gelderland,de Verwondering,Georges Brassensstraat,61,6663 MH,LENT,0268,NIJMEGEN,0657599674,primary,51.8712067,5.86290146
Gelderland,Basisschool De Uitdaging,Dick Brunastraat,1,6515 ZZ,NIJMEGEN,0268,NIJMEGEN,0247503380,primary,51.88121711,5.85082053
Gelderland,Basisschool de Verbinding,Steltsestraat,50,6663 BS,LENT,0268,NIJMEGEN,0243736363,primary,51.86326126,5.87637158
Gelderland,Reformatorisch Basisschool Augustinus,De la Reystraat,38,3851 BH,ERMELO,0233,ERMELO,0341556179,primary,52.29046024,5.61114908
Gelderland,Kon Wilhelminaschool,Van den Berglaan,12,3781 GG,VOORTHUIZEN,0203,BARNEVELD,0342473052,primary,52.18549242,5.60537182
Gelderland,De Wheemschool,Frans Halsstraat,111,3781 EV,VOORTHUIZEN,0203,BARNEVELD,0342471642,primary,52.18538959,5.59975151
Gelderland,Basisschool De Wijngaard,Grevengoedlaan,109,7009 DZ,DOETINCHEM,0222,DOETINCHEM,0314323135,primary,51.98122332,6.29214707
Gelderland,Basisschool De Overlaat,'t Laantje,2,6916 CD,TOLKAMER,0299,ZEVENAAR,0316541415,primary,51.85224777,6.10272966
Gelderland,Islamitische Basisschool Ibn-I Sina,Kinderkamp,5-A,6825 JA,ARNHEM,0202,ARNHEM,0264428599,primary,51.98409573,5.96079753
Gelderland,"Basisschool Hidaya, school op islamitische grondslag",Heiweg,99,6533 PA,NIJMEGEN,0268,NIJMEGEN,0243606527,primary,51.81370913,5.84955787
Gelderland,De Roos,Gijsbrechtgaarde,110,7329 CA,APELDOORN,0200,APELDOORN,0553035840,primary,52.20149676,5.99391645
Gelderland,Basisschool de Wittenberg,Hovenierslaan,17,3925 BW,SCHERPENZEEL GLD,0279,SCHERPENZEEL,0332778426,primary,52.07760565,5.47951125
Gelderland,C N S De Triangel,Kerkhoflaan,29,6741 BN,LUNTEREN,0228,EDE,0318487271,primary,52.08027945,5.61967955
Gelderland,Rooms Katholieke Basisschool St Jozef,Dolderstraat,58,6706 JG,WAGENINGEN,0289,WAGENINGEN,0317412024,primary,51.97679869,5.67681554
Gelderland,Basisschool Sint Alexander,Acacialaan,32-A,6721 CP,BENNEKOM,0228,EDE,0318430340,primary,52.00321808,5.67891535
Gelderland,De Keijenberg,Hogenkampseweg,43,6871 JK,RENKUM,0274,RENKUM,0317313178,primary,51.98011817,5.73732419
Gelderland,Antonius Basissch,Achterdorpstraat,3,3772 CC,BARNEVELD,0203,BARNEVELD,0342412932,primary,52.13838895,5.58324996
Gelderland,Kardinaal Alfrink-School,Tarthorst,292,6708 JH,WAGENINGEN,0289,WAGENINGEN,0317414749,primary,51.97905982,5.66176893
Gelderland,Koning Davidschool,Ceelman van Ommerenweg,5,6711 JD,EDE,0228,EDE,0318616098,primary,52.0395939,5.68224231
Gelderland,Franciscusschool,Mesdagstraat,5,6717 SE,EDE,0228,EDE,0318646661,primary,52.018065,5.65302289
Gelderland,Basisschool Groene Vallei,Groenendaal,7-9,6715 BA,EDE,0228,EDE,0318636984,primary,52.04240239,5.6408187
Gelderland,Rooms Katholieke Basisschool de Panta Rhei,Palmedreef,4,6716 HB,EDE,0228,EDE,0318625365,primary,52.02135996,5.63834235
Gelderland,Basisschool van de Edese Schoolvereniging,Zuidelijke Spoorstraat,8,6711 NN,EDE,0228,EDE,0318615959,primary,52.03510871,5.66758098
Gelderland,School Met De Bijbel,Rijnsteeg,5,6721 NP,BENNEKOM,0228,EDE,0318430203,primary,52.01181362,5.62619537
Gelderland,Dorpsschool Halle,Dorpsstraat,84,7025 AG,HALLE,1876,BRONCKHORST,0314631547,primary,51.98962556,6.43221841
Gelderland,Calvijnschool,Schoolstraat,9,6744 WS,EDERVEEN,0228,EDE,0318571482,primary,52.05937398,5.5745082
Gelderland,Goede Herderschool voor Basisonderwijs,Zeeweg,98,3853 LN,ERMELO,0233,ERMELO,0341552312,primary,52.30421544,5.58006751
Gelderland,Basisschool Rehoboth,Het Drie,21-23,3888 KD,UDDEL,0200,APELDOORN,0577401424,primary,52.25581209,5.78304306
Gelderland,School met de Bijbel,Houtweg,24,8167 PL,OENE,0232,EPE,0578641228,primary,52.3453359,6.05082121
Gelderland,De Baptist,Hoppenhofstraat,14,6634 AL,BATENBURG,0296,WIJCHEN,0487541386,primary,51.82544519,5.63002822
Gelderland,Kindcentrum Westwijzer,Blauwe Hof,4003,6602 WT,WIJCHEN,0296,WIJCHEN,0246416780,primary,51.80664915,5.71067201
Gelderland,Roncalli,Boomsestraat,4,6613 AH,BALGOIJ,0296,WIJCHEN,0246413382,primary,51.7809152,5.71428402
Gelderland,Wingerd,Dorpsstraat,51,6617 AC,BERGHAREN,0296,WIJCHEN,0487531488,primary,51.85073555,5.66625732
Gelderland,Jenaplanschool de Buizerd,Buizerdstraat,235,6601 AT,WIJCHEN,0296,WIJCHEN,0246413337,primary,51.81400817,5.72110926
Gelderland,Paulusschool,Roerdompstraat,76,6601 DL,WIJCHEN,0296,WIJCHEN,0246452881,primary,51.81533742,5.72815165
Gelderland,De Viersprong,Lijsterbesstraat,2,6602 GM,WIJCHEN,0296,WIJCHEN,0246450901,primary,51.80619268,5.73241779
Gelderland,Antoniusschool,Heumenseweg,46,6603 CZ,WIJCHEN,0296,WIJCHEN,0246453319,primary,51.79904677,5.76173431
Gelderland,Paschalisschool,Suikerbergseweg,2,6604 AE,WIJCHEN,0296,WIJCHEN,0243661209,primary,51.82062327,5.72737998
Gelderland,Daltonschool Sint Jozef,Kerkstraat,9,6606 AJ,NIFTRIK,0296,WIJCHEN,0486413841,primary,51.79606222,5.66870201
Gelderland,Heilig Hartschool,Loffertweg,14,6616 AV,HERNEN,0296,WIJCHEN,0487531512,primary,51.83300683,5.68242545
Gelderland,Het Zuiderpad,Oudelaan,2102,6605 SG,WIJCHEN,0296,WIJCHEN,0246452829,primary,51.80078969,5.71392083
Gelderland,De Trinoom,Diemewei,4505,6605 XH,WIJCHEN,0296,WIJCHEN,0246456608,primary,51.79257577,5.73827099
Gelderland,De Bonte Boomhut,Blauwe Hof,4006,6602 WX,WIJCHEN,0296,WIJCHEN, ,primary,51.80716882,5.71164712
Gelderland,Basisschool Laetare,Schoolstraat,2,7035 AR,KILDER,1955,MONTFERLAND,0314681943,primary,51.93647535,6.23118329
Gelderland,School Met De Bijbel De Zaaier,Molenweg,69,6732 BJ,HARSKAMP,0228,EDE,0318456295,primary,52.12642205,5.75174349
Gelderland,Hervormde Basisschool Mattanja,Oude Harderwijkerweg,50,8085 PH,DOORNSPIJK,0230,ELBURG,0525682231,primary,52.42963605,5.83920697
Gelderland,Ds. Baxschool,Oude Kerkweg,75,8085 AM,DOORNSPIJK,0230,ELBURG,0525661294,primary,52.41731475,5.81565032
Gelderland,Onderwijsgemeenschap de Hoeve,Veenslagenweg,17,3871 NA,HOEVELAKEN,0267,NIJKERK,0332536093,primary,52.17769108,5.45695233
Gelderland,Stichting Montessorischool Montijn,Koningstraat,5-K,6641 KS,BEUNINGEN GLD,0209,BEUNINGEN,0246751536,primary,51.86023572,5.76308552
Gelderland,Eben Haezerschool,Schoutenstraat,109,3771 CH,BARNEVELD,0203,BARNEVELD,0342414923,primary,52.14512368,5.57384427
Gelderland,RS 6,Rijnstraat,74,4191 CM,GELDERMALSEN,1960,WEST BETUWE,0345572651,primary,51.88979378,5.30114884
Gelderland,RS 7,Rijnstraat,74,4191 CM,GELDERMALSEN,1960,WEST BETUWE,0345572651,primary,51.88979378,5.30114884
Gelderland,RSK1l de Wielewaal,Rijnstraat,74,4191 CM,GELDERMALSEN,1960,WEST BETUWE,0345572651,primary,51.88979378,5.30114884
Gelderland,RSK2 de Flierefluiter,Rijnstraat,74,4191 CM,GELDERMALSEN,1960,WEST BETUWE,0345572651,primary,51.88979378,5.30114884
Gelderland,RS9 de Trapeze,Rijnstraat,74,4191 CM,GELDERMALSEN,1960,WEST BETUWE,0345572651,primary,51.88979378,5.30114884
Gelderland,RSK3 de Karekiet,Rijnstraat,74,4191 CM,GELDERMALSEN,1960,WEST BETUWE,0345572651,primary,51.88979378,5.30114884
Gelderland,RS 1,Rijnstraat,74,4191 CM,GELDERMALSEN,1960,WEST BETUWE,0345572651,primary,51.88979378,5.30114884
Gelderland,RS 2,Rijnstraat,74,4191 CM,GELDERMALSEN,1960,WEST BETUWE,0345572651,primary,51.88979378,5.30114884
Gelderland,RS 10,Rijnstraat,74,4191 CM,GELDERMALSEN,1960,WEST BETUWE,0345572651,primary,51.88979378,5.30114884
Gelderland,RS 11,Rijnstraat,74,4191 CM,GELDERMALSEN,1960,WEST BETUWE,0345572651,primary,51.88979378,5.30114884
Gelderland,Rijdende Minischolen,Rijnstraat,74,4191 CM,GELDERMALSEN,1960,WEST BETUWE,0345572651,primary,51.88979378,5.30114884
Gelderland,De Garve,Dorpsstraat,19,7234 SM,WICHMOND,1876,BRONCKHORST,0575441473,primary,52.08921979,6.25887481
Gelderland,Basisschool Kunst Rijk,Kazerneplein,2,6822 ET,ARNHEM,0202,ARNHEM,0264431438,primary,51.99072023,5.92477121
Gelderland,Basisschool Sint Mauritius,Haverweg,16,6991 BS,RHEDEN,0275,RHEDEN,0264951804,primary,52.00579575,6.02259605
Gelderland,Basisschool De Vlinder,Admiraal Helfrichlaan,15,6952 GA,DIEREN,0275,RHEDEN,0313415838,primary,52.05341924,6.09177206
Gelderland,Christelijke Basisschool De Wijzer,Dalweg,40,6821 JP,ARNHEM,0202,ARNHEM,0264425870,primary,51.99351131,5.91515313
Gelderland,Basisschool St Paulus,Valckenierstraat,5,6828 RM,ARNHEM,0202,ARNHEM,0264435004,primary,51.97920517,5.93168982
Gelderland,Basisschool St Ludgerus,Meddoseweg,21,7142 HA,GROENLO,1586,OOST GELRE,0544461044,primary,52.03062227,6.65355731
Gelderland,Rooms Katholieke Basisschool Het Simmelink,Ketterinksteeg,2-B,7152 BG,EIBERGEN,1859,BERKELLAND,0545473996,primary,52.09779282,6.66012178
Gelderland,Basisschool Ni Je Veste,Buitenschans,7,7141 EK,GROENLO,1586,OOST GELRE,0544462332,primary,52.04089502,6.60904864
Gelderland,Basisschool St Willibrordus,Karel Doormanstraat,66,7141 WH,GROENLO,1586,OOST GELRE,0544462538,primary,52.04433218,6.60060737
Gelderland,Basisschool `t Carillon,Wheme,30,7141 BV,GROENLO,1586,OOST GELRE,0544461961,primary,52.04260058,6.62047295
Gelderland,Christelijke Basisschool de Paasberg,Paasberg,14,6862 CC,OOSTERBEEK,0274,RENKUM,0263332693,primary,51.98657457,5.83986494
Gelderland,Roncallischool,Korte Wal,6,6882 GZ,VELP GLD,0275,RHEDEN,0263618882,primary,51.98623539,5.97419245
Gelderland,Rooms Katholieke Basisschool de Laarhorst,Venlosingel,220,6845 JE,ARNHEM,0202,ARNHEM,0263830665,primary,51.94549301,5.87117592
Gelderland,Sint Fredericusschool,Emmastraat,22,6881 SV,VELP GLD,0275,RHEDEN,0263619197,primary,51.99403627,5.97351925
Gelderland,Rooms Katholieke Basisschool de Laarakker,Brabantweg,105,6844 GA,ARNHEM,0202,ARNHEM,0263830664,primary,51.94707941,5.85826375
Gelderland,Rooms Katholieke Basisschool De Kringloop,Breezandpad,7,6843 JM,ARNHEM,0202,ARNHEM,0263830651,primary,51.96103962,5.86400149
Gelderland,Rooms Katholieke Basisschool De Ommelander,Slochterenweg,27,6835 CD,ARNHEM,0202,ARNHEM,0263272392,primary,51.9547142,5.89901583
Gelderland,Rooms Katolieke Basisschool St Margaretha,Graslaan,97-B,6833 CE,ARNHEM,0202,ARNHEM,0263216670,primary,51.96766353,5.9164123
Gelderland,Rooms Katholike Basisschool Pastoor van Ars,Lupinestraat,12,6841 GD,ARNHEM,0202,ARNHEM,0263216650,primary,51.96919689,5.89773308
Gelderland,Rooms Katholieke Basisschool St Jozef,Rijksweg-West,29,6842 BA,ARNHEM,0202,ARNHEM,0263830661,primary,51.95744172,5.880832
Gelderland,Basisschool Pieter de Jong,Pythagorasstraat,3,6836 GA,ARNHEM,0202,ARNHEM,0263272400,primary,51.94571269,5.89064234
Gelderland,De Arabesk,Meikers,3,6846 HR,ARNHEM,0202,ARNHEM,0263831230,primary,51.95731431,5.83866903
Gelderland,De Gazelle,Pallas Atheneplein,2,6846 XA,ARNHEM,0202,ARNHEM,0263831319,primary,51.95349991,5.84857426
Gelderland,Christelijke Basisschool De Holtbanck,Arnhemseweg,30,6991 DP,RHEDEN,0275,RHEDEN,0264951846,primary,52.00623428,6.02803691
Gelderland,De Akker,Admiraal Helfrichlaan,13-E,6952 GA,DIEREN,0275,RHEDEN,0313415253,primary,52.05344585,6.0920646
Gelderland,Protestants Christelijke Basisschool de Boomgaard,Essenhof,2,6951 NS,DIEREN,0275,RHEDEN,0313422884,primary,52.06610751,6.09235852
Gelderland,Prins Bernhardschool,Reigerstraat,4,6883 ES,VELP GLD,0275,RHEDEN,0263621158,primary,51.98945851,5.98443112
Gelderland,De Arnhorst,Dillenburglaan,11,6881 NV,VELP GLD,0275,RHEDEN,0263620376,primary,51.99811622,5.96296487
Gelderland,Christelijke Basisschool Prins Willem Alexander,Uddelsekampweg,1,3888 LV,UDDEL,0200,APELDOORN,0577401413,primary,52.25994192,5.78166747
Gelderland,BmdB Ichthus,Van Oldenbarneveltstraat,70,3882 CG,PUTTEN,0273,PUTTEN,0341354541,primary,52.25471604,5.59853889
Gelderland,Basisschool met de Bijbel Diermen,Nijkerkerstraat,97,3882 PE,PUTTEN,0273,PUTTEN,0332451982,primary,52.23733884,5.51418148
Gelderland,Basisschool met de Bijbel De Fontein,Papiermakerstraat,18,3881 BL,PUTTEN,0273,PUTTEN,0341353686,primary,52.26152922,5.6054993
Gelderland,Basisschool met de Bijbel De Akker,Bilderdijkstraat,49,3881 WB,PUTTEN,0273,PUTTEN,0341353541,primary,52.25297987,5.61186827
Gelderland,Basisschool met de Bijbel Huinen,Huinerschoolweg,5,3882 TJ,PUTTEN,0273,PUTTEN,0341491221,primary,52.22932406,5.60021549
Gelderland,Basisschool met de Bijbel De Steenenkamer,Waterweg,32,3882 RC,PUTTEN,0273,PUTTEN,0341356487,primary,52.2624037,5.54551582
Gelderland,Basisschool met de Bijbel de Schuilplaats,Verzetslaan,17,3882 HH,PUTTEN,0273,PUTTEN,0341353031,primary,52.26105484,5.58674609
Gelderland,School met de Bijbel,Dorpsplein,8,6733 AV,WEKEROM,0228,EDE,0318461550,primary,52.11080345,5.71690979
Gelderland,Sint Andreasschool,Spoorstraat,22,8051 MZ,HATTEM,0244,HATTEM,0384442182,primary,52.47182615,6.06393357
Gelderland,Rooms Katholieke Prins Willem Alexander-School voor Basisonderwijs,Pretoriusstraat,1,3851 ZK,ERMELO,0233,ERMELO,0341551159,primary,52.29184302,5.61498213
Gelderland,De Uilenhorst katholieke brede school,Noordsingel,72,8091 WD,WEZEP,0269,OLDEBROEK,0383761963,primary,52.47102794,6.00250688
Gelderland,Gereformeerde Basisschool De Bron,Dr. Kuyperlaan,10,3771 CS,BARNEVELD,0203,BARNEVELD,0342493280,primary,52.14300662,5.5801287
Gelderland,Gereformeerde Basisschool 't Schrijvertje,Gentiaanstraat,594,7322 CL,APELDOORN,0200,APELDOORN,0553601690,primary,52.22819291,5.98116004
Gelderland,Christelijk Kindcentrum Gulden Bodem,Zijpendaalseweg,163,6814 CJ,ARNHEM,0202,ARNHEM,0264423329,primary,51.99527212,5.89200173
Gelderland,Bijbelgetrouw KindCentrum de Bongerd (Geref. Onderw. & Chr. kinderopvang),Bongerdspad,2,7201 NV,ZUTPHEN,0301,ZUTPHEN,0575515457,primary,52.14319202,6.20154586
Gelderland,De Olijfboom,Kamillemeen,5,3844 HZ,HARDERWIJK,0243,HARDERWIJK,0341416812,primary,52.33509501,5.60631848
Gelderland,Gereformeerde Basisschool De Open Kring,Dennenlaan,31,3862 HN,NIJKERK,0267,NIJKERK,0332461316,primary,52.21932143,5.49708763
Gelderland,Gereformeerde Basisschool De Triangel,Tollenburg,15,6714 EJ,EDE,0228,EDE,0318645110,primary,52.04636303,5.64750592
Gelderland,Agnietenschool,Hoekwant,45,8081 NB,ELBURG,0230,ELBURG,0525684400,primary,52.45032176,5.85649648
Gelderland,Kbs Daltonschool Jeanne d'Arc,Blerckweg,5,8084 EX,'T HARDE,0230,ELBURG,0525651557,primary,52.41708533,5.87827372
Gelderland,Gabrielschool Jenaplan,Kelnarijstraat,40,3881 CC,PUTTEN,0273,PUTTEN,0341351959,primary,52.26350462,5.60883116
Gelderland,Rooms Katholieke Basisschool St Franciscus,Berenbosweg,25,8071 DX,NUNSPEET,0302,NUNSPEET,0341252261,primary,52.37348314,5.77632167
Gelderland,Basisschool Alfons Ariens,Kamillemeen,1,3844 HZ,HARDERWIJK,0243,HARDERWIJK,0341416758,primary,52.33571191,5.60710208
Gelderland,Basisschool Dominicus Savio,Vondellaan,28,3842 EH,HARDERWIJK,0243,HARDERWIJK,0341412603,primary,52.34292098,5.63329779
Gelderland,KBS Wolderweide,Biezenplein,4,3845 KA,HARDERWIJK,0243,HARDERWIJK,0341701110,primary,52.32548315,5.59044255
Gelderland,Het Loo,Cosmeastraat,2,7021 XW,ZELHEM,1876,BRONCKHORST,0314621696,primary,52.00808166,6.34210645
Gelderland,IKC Succesbos,Wolfersveenweg,3,7021 HH,ZELHEM,1876,BRONCKHORST,0314623028,primary,52.02497302,6.39349019
Gelderland,Chr Basisschool Arcade,Het Horseler,1,7232 GA,WARNSVELD,0301,ZUTPHEN,0575528011,primary,52.12961587,6.23396937
Gelderland,Protestants Christelijke BasisschoolDe Meene,Frans Halsstraat,25,7021 DL,ZELHEM,1876,BRONCKHORST,0314622002,primary,52.0080241,6.35557592
Gelderland,De Bargeweide,Bargeweg,3,7211 DC,EEFDE,0262,LOCHEM,0575540881,primary,52.1707044,6.23384993
Gelderland,CBS WonderWijs,Beatrixlaan,27,7261 XW,RUURLO,1859,BERKELLAND,0573451254,primary,52.08948167,6.44832413
Gelderland,Protestants Christelijke Basisschool De Rank,Russerweg,23,7227 DC,TOLDIJK,1876,BRONCKHORST,0575451359,primary,52.05499553,6.22093655
Gelderland,Christelijke Jenaplanschool Pierson,Rozenstraat,14-A,7255 XT,HENGELO GLD,1876,BRONCKHORST,0575461528,primary,52.05016536,6.31335257
Gelderland,IKC Het Zuiderlicht,Het Zwanevlot,318,7206 CS,ZUTPHEN,0301,ZUTPHEN,0575570365,primary,52.12453418,6.20644815
Gelderland,Christelijke Basisschool de Haven,Ds van Dijkweg,49,7001 CT,DOETINCHEM,0222,DOETINCHEM,0314364709,primary,51.97131093,6.28818474
Gelderland,'t Prisma,Willy Brandtplein,4,7007 LA,DOETINCHEM,0222,DOETINCHEM,0314365388,primary,51.95218147,6.26302024
Gelderland,De Zonneboom,Zonneplein,4,7004 EL,DOETINCHEM,0222,DOETINCHEM,0314325731,primary,51.95152072,6.31119611
Gelderland,Basisschool De Pollenhof,Kasteellaan,2,5321 GL,HEDEL,0263,MAASDRIEL,0735991300,primary,51.74480807,5.26201054
Gelderland,Rooms Katholieke Basisschool Deken Wehmeijer,Voorstraat,126,5334 JW,VELDDRIEL,0263,MAASDRIEL,0418631374,primary,51.76864838,5.30194839
Gelderland,Franciscus-School voor Basisonderwijs,Aakstraat,6,5301 TP,ZALTBOMMEL,0297,ZALTBOMMEL,0418512135,primary,51.80795152,5.24902139
Gelderland,Basisschool De Hoeksteen Christelijk Onderwijs,Dreef,6,5325 XD,WELL GLD,0263,MAASDRIEL,0735949771,primary,51.74485567,5.20590231
Gelderland,RK Basissch De Schakel,'t Bussche Kempke,2,5324 AC,AMMERZODEN,0263,MAASDRIEL,0735997179,primary,51.75067918,5.22011214
Gelderland,Rooms Katholieke Basisschool Monseigneur Zwijsen,Ipperakkeren,13,5331 XL,KERKDRIEL,0263,MAASDRIEL,0418637070,primary,51.77110987,5.33207574
Gelderland,Rooms Katholieke Basisschool Odradaschool,Sint Odradastraat,14,5335 LL,ALEM,0263,MAASDRIEL,0418664006,primary,51.78721977,5.33868217
Gelderland,EKC Bloei,Verdilaan,14-A,7002 LN,DOETINCHEM,0222,DOETINCHEM,0314323384,primary,51.96777016,6.31129099
Gelderland,De Rank,Pythagorasstraat,9,6836 GA,ARNHEM,0202,ARNHEM,0263890247,primary,51.94645874,5.89020556
Gelderland,EBS de Rots,Apolstraat,1,6717 BP,EDE,0228,EDE,0318647309,primary,52.02602183,5.65315821
Gelderland,Ebs De Tamboerijn,Distelberg,1,6718 EB,EDE,0228,EDE,0627974483,primary,52.05275077,5.64055966
Gelderland,Basisschool Sint Antonius,Jeugdlaan,4,4153 BE,BEESD,1960,WEST BETUWE,0345681365,primary,51.88690443,5.19325269
Gelderland,Rooms Katholieke Augustinus-School,Johanna Naberpad,1,4105 EA,CULEMBORG,0216,CULEMBORG,0345530506,primary,51.94896943,5.21001031
Gelderland,Rooms Katholieke Josefschool,St. Janskerkstraat,10-12,4101 CZ,CULEMBORG,0216,CULEMBORG,0345510799,primary,51.95482643,5.22785636
Gelderland,Rooms Katholieke Basisschool De Dagobert,Predikbroedersweg,1,4003 AL,TIEL,0281,TIEL,0344631530,primary,51.89365801,5.42953867
Gelderland,Rooms Katholieke Basisschool De Palster,Hageroos,1,4102 JN,CULEMBORG,0216,CULEMBORG,0345514766,primary,51.95319447,5.24417029
Gelderland,Rotondaschool,Hondsroos,2,4007 TJ,TIEL,0281,TIEL,0344632839,primary,51.87096684,5.40154842
Gelderland,Stefanusschool,Kinkelenburglaan,4,4003 TL,TIEL,0281,TIEL,0344635485,primary,51.89442434,5.40935334
Gelderland,Floriant,Burg Schullstraat,2,4001 VV,TIEL,0281,TIEL,0344627124,primary,51.88340667,5.42271884
Gelderland,De Achtbaan,Meeslaan,23,4005 VP,TIEL,0281,TIEL,0344612410,primary,51.89536118,5.44612187
Gelderland,De Bataaf,Aardbeivlinder,60,4007 HB,TIEL,0281,TIEL,0344655044,primary,51.86875516,5.40204985
Gelderland,Protestants Christelijke School voor Basisonderwijs Rehoboth,Plataanstraat,12,4051 GS,OCHTEN,1740,NEDER-BETUWE,0344641373,primary,51.91107142,5.57218074
Gelderland,Dominee van Lingenschool,Kerkstraat,9,6671 AN,ZETTEN,1734,OVERBETUWE,0488452323,primary,51.92818107,5.7158765
Gelderland,Johannesschool Vrije School Tiel,Priorlaan,3,4003 AP,TIEL,0281,TIEL,0344615313,primary,51.89422512,5.42883354
Gelderland,Vrijeschool De Zwaneridder,Voorburglaan,72,6709 TS,WAGENINGEN,0289,WAGENINGEN,0317412027,primary,51.96858292,5.64912911
Gelderland,Vrijeschool Meander,Celebesstraat,12,6524 KE,NIJMEGEN,0268,NIJMEGEN,0243600356,primary,51.83690387,5.86323584
Gelderland,De Vuurvogel,Nachtegaallaan,49,6713 BW,EDE,0228,EDE,0318615428,primary,52.03890081,5.66031739
Gelderland,Waldorf aan de Waal,Griftdijk,93,6515 AE,NIJMEGEN,0268,NIJMEGEN, ,primary,51.88309582,5.8442189
Gelderland,Het Anker,Vellengastraat,18,3785 LA,ZWARTEBROEK,0203,BARNEVELD,0342461836,primary,52.17774251,5.5073652
Gelderland,Kindcentrum De Vlindertuin,Rochetstraat,4,3781 CZ,VOORTHUIZEN,0203,BARNEVELD,0342472633,primary,52.18138105,5.61036859
Gelderland,De Fontein,Van Schothorststraat,20,3772 AX,BARNEVELD,0203,BARNEVELD,0342415633,primary,52.13314466,5.58671047
Gelderland,Dr W vd Berghschool,Gerard Doustraat,125,3781 EJ,VOORTHUIZEN,0203,BARNEVELD,0342471519,primary,52.18811551,5.60656913
Gelderland,Kindcentrum De Spreng Barneveld,Van Houtenlaan,3,3771 CT,BARNEVELD,0203,BARNEVELD,0342415186,primary,52.14353229,5.5795007
Gelderland,Basisschool De Spreng,Van Dedemlaan,4,3871 TD,HOEVELAKEN,0267,NIJKERK,0332534693,primary,52.17149876,5.4535368
Gelderland,Oranje Nassau Basisschool,Eijkmanplantsoen,3,3861 CW,NIJKERK,0267,NIJKERK,0332451708,primary,52.21982063,5.48032674
Gelderland,De Koningslinde,Larixlaan,86,3862 EV,NIJKERK,0267,NIJKERK,0332453214,primary,52.2173149,5.492616
Gelderland,Kindcentrum Holk,Galjoen,71-73,3863 EN,NIJKERK,0267,NIJKERK,0332452557,primary,52.21790277,5.45657161
Gelderland,Kindcentrum De IJsvogel,Buizerdlaan,2,3862 KG,NIJKERK,0267,NIJKERK,0332453636,primary,52.21365086,5.49181183
Gelderland,Basisschool met de Bijbel de Branding,Lange Voren,90,3773 AT,BARNEVELD,0203,BARNEVELD,0342424742,primary,52.13803534,5.60622061
Gelderland,Kindcentrum De Vallei,Nederwoudseweg,19-B,3772 TD,BARNEVELD,0203,BARNEVELD,0342421142,primary,52.12427169,5.57613015
Gelderland,Kindcentrum De Branding - Veller,Tusolaan,4,3772 WP,BARNEVELD,0203,BARNEVELD,0342729040,primary,52.12835512,5.59940999
Gelderland,Openbare Basisschool De Wijzer,Heideakkerweg,1,6658 ZZ,BENEDEN-LEEUWEN,0668,WEST MAAS EN WAAL,0487593940,primary,51.87677781,5.51770715
Gelderland,Rooms Katholieke Basisschool t Klosterhufke,Kloosterhof,30,6653 BS,DEEST,0225,DRUTEN,0487512355,primary,51.89022087,5.66439593
Gelderland,Rooms Katholieke Basisschool Marienhof,Schoolstraat,9,6626 AC,ALPHEN GLD,0668,WEST MAAS EN WAAL,0487561569,primary,51.82044506,5.47203662
Gelderland,Basisschool De Ruyter,De Ruyterstraat,1,6551 CH,WEURT,0209,BEUNINGEN,0246771731,primary,51.85546971,5.8129692
Gelderland,Basisschool De Tweestroom,Kerkstraat,27,6628 AB,ALTFORST,0668,WEST MAAS EN WAAL,0487541597,primary,51.85042543,5.56578326
Gelderland,Openbare Basisschool de Appelhof,Postelkamp,2,6652 BE,DRUTEN,0225,DRUTEN,0487513766,primary,51.8803161,5.60036818
Gelderland,Basisschool De Laak,Lakenstraat,35-A,6659 BE,WAMEL,0668,WEST MAAS EN WAAL,0487501504,primary,51.8790351,5.46602054
Gelderland,Rooms Katholieke Basisschool De Wegwijzer,Molenstraat,1,6645 BR,WINSSEN,0209,BEUNINGEN,0487521756,primary,51.88303121,5.70496136
Gelderland,Sint Victorschool,De Gaard,19,6654 BL,AFFERDEN GLD,0225,DRUTEN,0487513503,primary,51.88035122,5.63410687
Gelderland,Rooms Katholieke Basisschool Sint Lambertus,Kampstraat,21-A,6627 AS,MAASBOMMEL,0668,WEST MAAS EN WAAL,0487561454,primary,51.82400712,5.53582134
Gelderland,Rooms Katholieke Basisschool De Octopus,Octopusstraat,2,6631 CA,HORSSEN,0225,DRUTEN,0487541230,primary,51.85627708,5.60720177
Gelderland,Rooms Katholieke Basisschool De Reuzepas,Den Elt,17-C,6644 EA,EWIJK,0209,BEUNINGEN,0487521359,primary,51.86592508,5.73701391
Gelderland,Brede School De Oversteek,Nieuwstraat,10-A,6621 KV,DREUMEL,0668,WEST MAAS EN WAAL,0487571331,primary,51.84618427,5.4335605
Gelderland,Rooms Katholieke Basisschool De Leeuwenkuil,Leliestraat,26,6658 XN,BENEDEN-LEEUWEN,0668,WEST MAAS EN WAAL,0487591701,primary,51.87720439,5.51792737
Gelderland,Basisschool Maria,Pastoor Schoenmakersstr.,7,6657 CB,BOVEN-LEEUWEN,0668,WEST MAAS EN WAAL,0487592076,primary,51.88523377,5.54556264
Gelderland,Basisschool De Vuurvlinder,Zanddonk,2,6641 LT,BEUNINGEN GLD,0209,BEUNINGEN,0246771501,primary,51.86391531,5.76763138
Gelderland,Basisschool De Kubus,Irenestraat,3,6651 XK,DRUTEN,0225,DRUTEN,0487512750,primary,51.88899242,5.60929501
Gelderland,'t Geerke,Kerkstraat,3,6655 AK,PUIFLIJK,0225,DRUTEN,0487512748,primary,51.87877261,5.59069988
Gelderland,Basisschool de Hoeven,Akkersleep,1-3,6641 WR,BEUNINGEN GLD,0209,BEUNINGEN,0246772604,primary,51.85629904,5.76858308
Gelderland,Openbare Basisschool De Peppel,Augustuslaan,22,6642 AB,BEUNINGEN GLD,0209,BEUNINGEN,0246775755,primary,51.85563521,5.75978113
Gelderland,OBS De Dromedaris,Wolfsbossingel,105,6642 CM,BEUNINGEN GLD,0209,BEUNINGEN,0246777428,primary,51.85230992,5.77185377
Gelderland,Dalton Kindcentrum De Wereldweide,Clematisstraat,10,8091 VK,WEZEP,0269,OLDEBROEK,0383761855,primary,52.46323637,5.99742339
Gelderland,Eerste Veluwse Montessorischool,Arthur Brietstraat,40,8072 GZ,NUNSPEET,0302,NUNSPEET,0341253975,primary,52.38872869,5.79873734
Gelderland,Openbare Basisschool De Schovenhorst,Garderenseweg,144-A,3881 NC,PUTTEN,0273,PUTTEN,0341353036,primary,52.24494527,5.63961252
Gelderland,Jan Ligthartschool,Fazantenstraat,7,8191 AJ,WAPENVELD,0246,HEERDE,0384478970,primary,52.43092032,6.0716734
Gelderland,Jenaplanschool Heerde,Beatrixweg,30,8181 LE,HEERDE,0246,HEERDE,0578692854,primary,52.40207214,6.06073754
Gelderland,Horsthoekschool,Oenerweg,7,8181 RE,HEERDE,0246,HEERDE,0578692850,primary,52.37480588,6.03447701
Gelderland,Basisschool De Spreng,Rhijnsburglaan,7-A,8181 XW,HEERDE,0246,HEERDE,0578692177,primary,52.38849139,6.03006431
Gelderland,Basisschool de Cantharel,Amanietlaan,5,3852 ZX,ERMELO,0233,ERMELO,0341553855,primary,52.29460744,5.63616266
Gelderland,De Sprenge Vaassen,Boxhofstede,15,8171 KC,VAASSEN,0232,EPE,0578571555,primary,52.28861748,5.97736694
Gelderland,De Bongerd,Dorpsstraat,16,8167 NL,OENE,0232,EPE,0578641289,primary,52.34291207,6.04736248
Gelderland,OBS Gildeschool,Sint Crusiusweg,12,8161 HG,EPE,0232,EPE,0578612932,primary,52.34441657,5.98752103
Gelderland,Basisschool De Expeditie,Oude Wisselseweg,35,8162 HJ,EPE,0232,EPE,0578612896,primary,52.34418983,5.97531353
Gelderland,Openbare Basisschool Hoge Weerdschool,Wachtelenbergweg,21,8162 XC,EPE,0232,EPE,0578612130,primary,52.35858985,5.9820295
Gelderland,Scola Elburg,Arent toe Boecoplaan,41,8081 VZ,ELBURG,0230,ELBURG,0525682360,primary,52.44654699,5.85013409
Gelderland,Basisschool Het Talent,Krommekamp,115-B,3848 DP,HARDERWIJK,0243,HARDERWIJK,0341427427,primary,52.34909709,5.64785306
Gelderland,De Veste,Houtkamp,37,3841 XC,HARDERWIJK,0243,HARDERWIJK,0341423341,primary,52.34710561,5.62021122
Gelderland,Harderwijkse Montessorischool Het Koraal,Triasplein,7,3845 GC,HARDERWIJK,0243,HARDERWIJK,0341433784,primary,52.3249777,5.59977042
Gelderland,obs De Dorpsschool,Kerkstraat,17-A,7251 BC,VORDEN,1876,BRONCKHORST,0575551360,primary,52.10424923,6.31437885
Gelderland,obs Rozengaardsweide,Rozenstraat,14,7255 XT,HENGELO GLD,1876,BRONCKHORST,0575461510,primary,52.05016536,6.31335257
Gelderland,Openbare Basisschool de Klimtoren,Kerkstraat,87,6996 AG,DREMPT,1876,BRONCKHORST,0313473004,primary,52.0102743,6.17677106
Gelderland,OBS De Woordhof,Keppelseweg,56,6999 AR,HUMMELO,1876,BRONCKHORST,0314381480,primary,52.00219369,6.22947394
Gelderland,Basisschool Jan Ligthart,Talmastraat,1,7021 AT,ZELHEM,1876,BRONCKHORST,0314621655,primary,52.00398556,6.34553902
Gelderland,Basisschool Hagen,Van Gorkomhof,1,7009 CZ,DOETINCHEM,0222,DOETINCHEM,0314390857,primary,51.97742508,6.28980546
Gelderland,Basisschool Hogenkamp,Lohmanlaan,25,7003 DJ,DOETINCHEM,0222,DOETINCHEM,0314391888,primary,51.96089932,6.30367884
Gelderland,Basisschool Canada,Dichterseweg,145,7006 AD,DOETINCHEM,0222,DOETINCHEM,0314325988,primary,51.95978692,6.27909374
Gelderland,Openbare Basisschool Wis en Wierig,Watertapweg,1,7011 BP,GAANDEREN,0222,DOETINCHEM,0315341655,primary,51.93570336,6.34686375
Gelderland,IKC Het Noorderlicht,Bezelhorstweg,117,7002 CC,DOETINCHEM,0222,DOETINCHEM,0314360683,primary,51.97431173,6.30217161
Gelderland,Basisschool de Plattenburg,Lavendelveld,21,7006 SM,DOETINCHEM,0222,DOETINCHEM,0314346667,primary,51.9650512,6.2499446
Gelderland,Basisschool De Horizon,Meipoortwal,1,6981 DD,DOESBURG,0221,DOESBURG,0313472487,primary,52.01613015,6.13823972
Gelderland,Openbare Basisschool De Wetelaar,Zanderskamp,95,6983 CG,DOESBURG,0221,DOESBURG,0313471212,primary,52.00141396,6.13007084
Gelderland,MKC Anne Frank Doesburg,Forsythiastraat,1,6982 BA,DOESBURG,0221,DOESBURG,0313476407,primary,52.00804515,6.14592568
Gelderland,de Mispelbloem,Wolborgenmate,2,7006 DG,DOETINCHEM,0222,DOETINCHEM,0314365052,primary,51.96239735,6.26696931
Gelderland,De Open Poort-School School met de Bijbel,Leerdamseweg,1,4147 BL,ASPEREN,1960,WEST BETUWE,0345615187,primary,51.88055808,5.10933484
Gelderland,Basisschool De Hoeksteen School met de Bijbel,Nieuwe Schoolstraat,1,4211 CR,SPIJK GEM WEST BETUWE,1960,WEST BETUWE,0183563784,primary,51.8556714,5.00999551
Gelderland,School Met De Bijbel De Wegwijzer,Leijenburgplein,2-A,4161 AR,HEUKELUM,1960,WEST BETUWE,0345612297,primary,51.87110573,5.07571927
Gelderland,Christelijke Nationale Basisschool Het Kompas,Esdoornlaan,4,4214 DA,VUREN,1960,WEST BETUWE,0183632237,primary,51.8241958,5.04643512
Gelderland,School Met De Bijbel,Achterweg,35,4171 BA,HERWIJNEN,1960,WEST BETUWE,0418581289,primary,51.82551672,5.13190207
Gelderland,Openbare basisschool K Zwartschool,Schoolstraat,11,7261 GH,RUURLO,1859,BERKELLAND,0573452182,primary,52.08708418,6.44604933
Gelderland,Openbare Basisschool De Driesprong,Batsdijk,23,7261 SN,RUURLO,1859,BERKELLAND,0573452844,primary,52.06348553,6.4612995
Gelderland,Openbare Basisschool Op d'n Esch,Meidoornstraat,36,7151 ZT,EIBERGEN,1859,BERKELLAND,0545472117,primary,52.10175668,6.64001833
Gelderland,Openbare Basisschool Menno ter Braakschool,Koningin Wilhelminastr,44,7151 CP,EIBERGEN,1859,BERKELLAND,0545471279,primary,52.09932943,6.64510261
Gelderland,Openbare Basisschool De Berkel,Den Borgweg,2,7157 BR,REKKEN,1859,BERKELLAND,0545431585,primary,52.09592912,6.72291415
Gelderland,Openbare Basisschool De Voshaar,Wolinkweg,6,7273 SL,HAARLO,1859,BERKELLAND,0545261314,primary,52.11181201,6.58057234
Gelderland,Openbare Basisschool Noord,Heer Rudolfstraat,1,7271 XH,BORCULO,1859,BERKELLAND,0545272219,primary,52.12043571,6.51636184
Gelderland,Openbare Basisschool Kiezel en Kei,'t Hambroek,54,7271 HB,BORCULO,1859,BERKELLAND,0545272450,primary,52.11244651,6.53201534
Gelderland,Openbare Basisschool H.W. Heuvelschool,Kronenburgerstraat,3-A,7271 GD,BORCULO,1859,BERKELLAND,0545272084,primary,52.11287405,6.5156451
Gelderland,Openbare Basisschool De Keikamp,Zonnekamp,13,7274 AX,GEESTEREN GLD,1859,BERKELLAND,0545481585,primary,52.13818455,6.52797149
Gelderland,Openbare Basisschool G.A. van der Lugt,Van Bevervoordestraat,4,7275 AG,GELSELAAR,1859,BERKELLAND,0545481383,primary,52.16935359,6.5265028
Gelderland,Openbare Basisschool De Marke,Bosstraat,10,7161 XZ,NEEDE,1859,BERKELLAND,0545292044,primary,52.13775002,6.61248362
Gelderland,Openbare Basisschool De Hofmaat,Kievitstraat,112,7161 JH,NEEDE,1859,BERKELLAND,0545292090,primary,52.13403427,6.60151395
Gelderland,Ds Derksenschool,Donkerstraat,3,4119 LX,RAVENSWAAIJ,0214,BUREN,0345558497,primary,51.95304249,5.32761931
Gelderland,Basisschool De Hoeksteen,Homoetsestraat,38-A,4021 HH,MAURIK,0214,BUREN,0344691660,primary,51.96076281,5.43242151
Gelderland,Freule van Pallandtschool,Van Pallandtweg,15-A,4182 CB,NEERIJNEN,1960,WEST BETUWE,0418652156,primary,51.83173835,5.28119312
Gelderland,Christelijke Basisschool De Goudenstein,Vredeplein,1,4175 HA,HAAFTEN,1960,WEST BETUWE,0418591661,primary,51.82247642,5.20963284
Gelderland,Christelijke Nationale School De Kievitsheuvel,Korfgraaf,10,4174 GM,HELLOUW,1960,WEST BETUWE,0418581731,primary,51.8275268,5.17597153
Gelderland,CBS Lingelaar,Cingelplein,4,4153 CJ,BEESD,1960,WEST BETUWE,0345681732,primary,51.8872699,5.19286411
Gelderland,De Morgenster,Glorie van Holland,28,4191 DN,GELDERMALSEN,1960,WEST BETUWE,0345571557,primary,51.88365709,5.30437043
Gelderland,Christelijke Basisschool Klingelenburg,Weerklank,10,4176 CE,TUIL,1960,WEST BETUWE,0418591567,primary,51.82540251,5.24411543
Gelderland,De Verwondering,Koningsweg,1-D,4191 HA,GELDERMALSEN,1960,WEST BETUWE,0345573003,primary,51.88115338,5.29370934
Gelderland,Christelijke Basisschool De Leiboom,De Zandkampen,48,5301 WE,ZALTBOMMEL,0297,ZALTBOMMEL,0418513145,primary,51.80549294,5.23886176
Gelderland,Protestants Christelijke Basisschool Prins Willem Alexander,Grotebrugse Grintweg,16,4005 AH,TIEL,0281,TIEL,0344612015,primary,51.8895338,5.43967435
Gelderland,Protestants Christelijke Basisschool Prins Maurits,Hooibeestje,2,4007 HD,TIEL,0281,TIEL,0344634948,primary,51.86859339,5.40539531
Gelderland,Protestants Christelijke Basisschool Prins Claus,Kinkelenburglaan,6,4003 TL,TIEL,0281,TIEL,0344611730,primary,51.89400749,5.4093235
Gelderland,Koningin Beatrixschool,Ridderstraat,10,4101 BK,CULEMBORG,0216,CULEMBORG,0345512542,primary,51.95861514,5.22594282
Gelderland,Basisschool Koning Willem Alexander,Poelslaan,2-A,4102 KN,CULEMBORG,0216,CULEMBORG,0345513663,primary,51.95095887,5.2454222
Gelderland,Protestants Christelijke Basisschool Oranje Nassau,Watermolenpad,1,4105 XA,CULEMBORG,0216,CULEMBORG,0345523777,primary,51.95222352,5.21090114
Gelderland,Dr Lammerts van Buerenschool,H. Piersonstraat,23,6671 CK,ZETTEN,1734,OVERBETUWE,0488451569,primary,51.93260838,5.70991307
Gelderland,Gravin van Rechterenschool,Gentenhof,10,6629 AX,APPELTERN,0668,WEST MAAS EN WAAL,0487541235,primary,51.8316322,5.58347475
Gelderland,Koningin Juliana-School Christelijk Basisonderwijs Heteren,Flessestraat,11,6666 CK,HETEREN,1734,OVERBETUWE,0264722576,primary,51.95576449,5.75790433
Gelderland,Protestants Christelijke Basisschool De Terebint,Stationsstraat,7,6659 BX,WAMEL,0668,WEST MAAS EN WAAL,0487501909,primary,51.87952743,5.4623298
Gelderland,Protestants Christelijke Basisschool De Meeuwenberg,Rijnstraat,2,6665 CL,DRIEL,1734,OVERBETUWE,0264742915,primary,51.96232962,5.81084807
Gelderland,Christelijke Basisschool Het Kompas,Joost van den Vondelstr,1-B,4041 XJ,KESTEREN,1740,NEDER-BETUWE,0488481854,primary,51.93177005,5.56709174
Gelderland,christelijke basisschool De Hien,Emmalaan,4,6669 AR,DODEWAARD,1740,NEDER-BETUWE,0488411226,primary,51.91256819,5.66044475
Gelderland,De Wegwyzer,Forum,6,6661 TW,ELST GLD,1734,OVERBETUWE,0481373446,primary,51.92143224,5.86059396
Gelderland,PC BS Clara Fabricius,De Hoge Hof,8,6674 BV,HERVELD,1734,OVERBETUWE,0488452874,primary,51.90883104,5.73757472
Gelderland,De Ark,Kruisakkers,7,6662 DV,ELST GLD,1734,OVERBETUWE,0481375494,primary,51.91697186,5.83564578
Gelderland,Airborneschool,Bram Streeflandweg,53,6871 HV,RENKUM,0274,RENKUM,0317312567,primary,51.98128118,5.74299366
Gelderland,Prinses Beatrixschool,Reijmerweg,92,6871 HG,RENKUM,0274,RENKUM,0317315130,primary,51.97757047,5.73275462
Gelderland,Margrietschool voor Christelijk Basisonderwijs,Zeemanstraat,1,6706 KA,WAGENINGEN,0289,WAGENINGEN,0317413565,primary,51.97775198,5.6726075
Gelderland,Basisschool De Bijenkorf,Buurtseweg,1,6707 EZ,WAGENINGEN,0289,WAGENINGEN,0317413374,primary,51.97228375,5.66661321
Gelderland,Johan Frisoschool voor Christelijk Basisonderwijs,Hooilandplein,44,6708 RT,WAGENINGEN,0289,WAGENINGEN,0317419774,primary,51.98176532,5.64787268
Gelderland,Openbare Basisschool de Marlijn,Van Spaenweg,11,6862 XH,OOSTERBEEK,0274,RENKUM,0263334423,primary,51.98254822,5.8536329
Gelderland,De Atlas,Hogenkampseweg,43,6871 JK,RENKUM,0274,RENKUM,0317313049,primary,51.98011817,5.73732419
Gelderland,Montessori School,Jagerskamp,121,6706 EK,WAGENINGEN,0289,WAGENINGEN,0317412296,primary,51.97495366,5.67749436
Gelderland,De Tarthorst,Tarthorst,4,6708 JA,WAGENINGEN,0289,WAGENINGEN,0317415055,primary,51.97866409,5.66107069
Gelderland,De Wereld,Schaepmanstraat,161,6702 AV,WAGENINGEN,0289,WAGENINGEN,0317413029,primary,51.96366941,5.65323576
Gelderland,Openbare Basisschool de Nijenoord,Hooilandplein,47,6708 RT,WAGENINGEN,0289,WAGENINGEN,0317425301,primary,51.98190789,5.64843638
Gelderland,Protestants Christelijke Basisschool Van Heemstraschool,Uilennest,10,8051 HB,HATTEM,0244,HATTEM,0384441277,primary,52.47654627,6.06497188
Gelderland,Basisschool De IJsselvallei,Kloosterakkers,10,8194 LS,VEESSEN,0246,HEERDE,0578631344,primary,52.37806703,6.09290322
Gelderland,Christelijke Basisschool De Rank,Noordsingel,1-A,8091 XD,WEZEP,0269,OLDEBROEK,0383761947,primary,52.47030967,6.00257023
Gelderland,Christelijke Basisschool De Bron,Cotoneasterstraat,19-B,8091 TT,WEZEP,0269,OLDEBROEK,0383763039,primary,52.45926113,6.00125858
Gelderland,J Jaspersschool,De Meenthe,28,8051 KV,HATTEM,0244,HATTEM,0384441127,primary,52.47662954,6.05078253
Gelderland,Christelijke Basisschool Het Talent,Rhijnsburglaan,7-A,8181 XW,HEERDE,0246,HEERDE,0578693509,primary,52.38849139,6.03006431
Gelderland,CBS Wereldwijs,Griftstraat,8,8181 VZ,HEERDE,0246,HEERDE,0578692926,primary,52.38740953,6.0470003
Gelderland,Plantijn,Nederwoudseweg,19-A,3772 TD,BARNEVELD,0203,BARNEVELD,0342415635,primary,52.12417582,5.57622343
Gelderland,Openbare Basisschool De Lijster,Lijsterhof,6,3772 AA,BARNEVELD,0203,BARNEVELD,0342423968,primary,52.13330813,5.5865081
Gelderland,Openbare Basisschool de Regenboog,Van den Berglaan,14,3781 GG,VOORTHUIZEN,0203,BARNEVELD,0342472300,primary,52.18526351,5.60578697
Gelderland,Openbare Basisschool Corlaer,Cornelis van Ramshorstln,1,3863 AZ,NIJKERK,0267,NIJKERK,0332461219,primary,52.21700705,5.46954285
Gelderland,obs Dalton de Vliegeniers,Wethouder Zandbergenlaan,20,3771 KV,BARNEVELD,0203,BARNEVELD,0342493816,primary,52.14933545,5.58320961
Gelderland,Openbare Basisschool Bargerpaske,Voorninklaan,1,7103 AW,WINTERSWIJK,0294,WINTERSWIJK,0543516539,primary,51.98130396,6.7161649
Gelderland,Openbare Basisschool De Schakel,Violenstraat,1-A,7102 CN,WINTERSWIJK,0294,WINTERSWIJK,0543514687,primary,51.96568586,6.70596557
Gelderland,Openbare Basisschool De Kolibrie,Hakkelerkampstraat,55,7101 VG,WINTERSWIJK,0294,WINTERSWIJK,0543514019,primary,51.97007877,6.73418164
Gelderland,Openbare Basisschool Kotten,Meester Meinenweg,14,7107 AN,WINTERSWIJK KOTTEN,0294,WINTERSWIJK,0543563532,primary,51.94187444,6.76743937
Gelderland,Openbare Basisschool Stegeman,Pronsweg,5,7101 CE,WINTERSWIJK,0294,WINTERSWIJK,0543514155,primary,51.97477416,6.71225089
Gelderland,Openbare Basisschool T Walien,Walienseweg,8,7105 CD,WINTERSWIJK HUPPEL,0294,WINTERSWIJK,0543514228,primary,51.99226954,6.73680281
Gelderland,Openbare Basisschool Woold,Schoolweg,13,7108 BM,WINTERSWIJK WOOLD,0294,WINTERSWIJK,0543564427,primary,51.93340229,6.71995313
Gelderland,RK BS Sint Jacobus,Dorpsstraat,5,6675 BB,VALBURG,1734,OVERBETUWE,0488431300,primary,51.91166174,5.78759319
Gelderland,IKC Het Sterrenbos,Van Wijkstraat,16-A,6851 GM,HUISSEN,1705,LINGEWAARD,0263251549,primary,51.92784805,5.9273613
Gelderland,Basisschool Sam Sam,De Honsvoet,4,6678 BT,OOSTERHOUT GLD,1734,OVERBETUWE,0481481448,primary,51.87820639,5.82697403
Gelderland,Basisschool Sint Willibrordus,Hoofdstraat,152,6674 BE,HERVELD,1734,OVERBETUWE,0488452976,primary,51.91048122,5.74256343
Gelderland,IKC De Tichelaar,Nijmeegsestraat,1,6691 CJ,GENDT,1705,LINGEWAARD,0481421090,primary,51.87467422,5.96963087
Gelderland,RK BS Sunte Werfert,Kostverloren,14,6661 DZ,ELST GLD,1734,OVERBETUWE,0481371574,primary,51.92035227,5.8465798
Gelderland,Basisschool 't Holthuus,Ot en Sienpad,9,6852 EG,HUISSEN,1705,LINGEWAARD,0263252933,primary,51.94462626,5.92911618
Gelderland,IKC De Abacus,Van Voorststraat,21,6851 LT,HUISSEN,1705,LINGEWAARD,0263251125,primary,51.93904525,5.93476401
Gelderland,Basisschool De Esdoorn,Chopinstraat,3,6661 CZ,ELST GLD,1734,OVERBETUWE,0481371349,primary,51.92151191,5.84860375
Gelderland,RK BS 't Startblok,Morel,28,6662 VH,ELST GLD,1734,OVERBETUWE,0481351052,primary,51.91017949,5.8343261
Gelderland,Basisschool De Kameleon,Van den Burgstraat,1,6665 EA,DRIEL,1734,OVERBETUWE,0264742212,primary,51.96047943,5.81175854
Gelderland,Basisschool De Okkernoot,J.A. Nijhoffstraat,1,6671 ZL,ZETTEN,1734,OVERBETUWE,0488452674,primary,51.92900913,5.70841282
Gelderland,Basisschool Stap voor Stap,Kruisakkers,3,6662 DV,ELST GLD,1734,OVERBETUWE,0481373627,primary,51.91642071,5.8362386
Gelderland,Tuin 17,Flessestraat,17,6666 CK,HETEREN,1734,OVERBETUWE,0264722287,primary,51.955291,5.7578608
Gelderland,Integraal Kindcentrum De Regenboog,Bloemenstraat,2,6681 NN,BEMMEL,1705,LINGEWAARD,0481461242,primary,51.89204805,5.88916368
Gelderland,RK BS De Elstar,Forum,4,6661 TW,ELST GLD,1734,OVERBETUWE,0481351400,primary,51.92148898,5.86010441
Gelderland,IKC Binnenstebuiten,Plaza,123,6852 RM,HUISSEN,1705,LINGEWAARD,0263275015,primary,51.9417126,5.91887549
Gelderland,De Zonnepoort,Forum,12,6661 TW,ELST GLD,1734,OVERBETUWE,0481375801,primary,51.92140822,5.86098395
Gelderland,Willem Farelschool,Dassenburcht,9,3871 JM,HOEVELAKEN,0267,NIJKERK,0332538124,primary,52.17042676,5.46384353
Gelderland,De Regenboog,Burg Hoftijzerplein,10,4031 KV,INGEN,0214,BUREN,0344601547,primary,51.96108251,5.49150708
Gelderland,De Boogerd,Homoetsestraat,38-B,4021 HH,MAURIK,0214,BUREN,0344691304,primary,51.96074844,5.4326948
Gelderland,OBS de Sterappel,Schoolstraat,2,4033 GK,LIENDEN,0214,BUREN,0344604022,primary,51.94890936,5.5211514
Gelderland,Openbare Basisschool De Bloesem,Prinses Beatrixstraat,46-A,4024 HM,ECK EN WIEL,0214,BUREN,0344691967,primary,51.96760831,5.45400859
Gelderland,Koningin Beatrix Basisschool,Graafschapsstraat,2,4116 GE,BUREN GLD,0214,BUREN,0344571263,primary,51.90852768,5.33266595
Gelderland,De Blinker Basisschool,Korte Daver,1,4012 BL,KERK-AVEZAATH,0214,BUREN,0344681748,primary,51.89741126,5.3845438
Gelderland,Den Aldenhaag Basisschool,Jeudestraat,78,4011 GM,ZOELEN,0214,BUREN,0344681721,primary,51.91651057,5.40066196
Gelderland,De Klepper,Kochpad,12,4111 LD,ZOELMOND,0214,BUREN,0345501961,primary,51.94056148,5.30394576
Gelderland,Basisschool Pr Willem Alexander,De Wielstraat,6,4112 JT,BEUSICHEM,0214,BUREN,0345501600,primary,51.95089144,5.29708801
Gelderland,IKC de Stek,Dorpsstraat,3,4185 NA,EST,1960,WEST BETUWE,0345569481,primary,51.851406,5.31174929
Gelderland,De Wielewaal,Vredeplein,1,4175 HA,HAAFTEN,1960,WEST BETUWE,0418591498,primary,51.82247642,5.20963284
Gelderland,Openbare Basisschool De Waerdenburght,De Koeldert,26,4181 CK,WAARDENBURG,1960,WEST BETUWE,0418651325,primary,51.83300568,5.25531194
Gelderland,Burgemeester Westerbeek van Eertenschool,Walgtsestraat,26,4064 CL,VARIK,1960,WEST BETUWE,0344651466,primary,51.8213806,5.36447025
Gelderland,Prins Willem Alexanderschool,Blankenburgsestraat,1,4061 AR,OPHEMERT,1960,WEST BETUWE,0344651463,primary,51.84462934,5.3860378
Gelderland,Basisschool de Rietschoof,Zandstraat,14,4184 EE,OPIJNEN,1960,WEST BETUWE,0418651512,primary,51.82966585,5.3057013
Gelderland,Openbare Basisschool Bellefleur,Marijkelaan,1,6669 AK,DODEWAARD,1740,NEDER-BETUWE,0488411260,primary,51.91158306,5.66012428
Gelderland,Openbare Basisschool Het Palet,Patrijsstraat,2,4043 MR,OPHEUSDEN,1740,NEDER-BETUWE,0488441451,primary,51.9315562,5.63099153
Gelderland,Dn Bogerd,Glorie van Holland,30,4191 DN,GELDERMALSEN,1960,WEST BETUWE,0345580014,primary,51.88376012,5.30538982
Gelderland,Openbare Basisschool Jan Harmenshof,Koninginnelaan,4,4191 EE,GELDERMALSEN,1960,WEST BETUWE,0345571663,primary,51.88059558,5.29308499
Gelderland,Openbare basisschool Meester Aafjes,J H L -van Herwaardenstr,2,4194 RR,METEREN,1960,WEST BETUWE,0345581158,primary,51.87230901,5.27661329
Gelderland,R Lokhorst-School,Ringelesteinstraat,2,4158 CP,DEIL,1960,WEST BETUWE,0345651448,primary,51.88403283,5.24590891
Gelderland,De Springplank,Achterweg,9,4156 AA,RUMPT,1960,WEST BETUWE,0345682110,primary,51.8818916,5.17819135
Gelderland,De Bloeiende Betuwe,Rhenoyseweg,34,4152 EL,RHENOY,1960,WEST BETUWE,0345681872,primary,51.88333368,5.14340989
Gelderland,KC Binnenstebuiten,Dr van der Willigenstr,10,4196 JM,TRICHT,1960,WEST BETUWE,0345581074,primary,51.89107359,5.27281739
Gelderland,Kindcentrum Adriaan van den Ende,Klaprooslaan,2,7231 HJ,WARNSVELD,0301,ZUTPHEN,0575522234,primary,52.13921383,6.22823425
Gelderland,Kindcentrum Hagewinde,Kerkstraat,14,7384 AS,WILP,0285,VOORST,0571261653,primary,52.21996853,6.15036503
Gelderland,KC Wilp Achterhoek,Zwarte Kolkstraat,80,7384 DE,WILP,0285,VOORST,0553231680,primary,52.21120756,6.0769376
Gelderland,Kindcentrum de Rietgors,Spankerenseweg,3,6974 BA,LEUVENHEIM,0213,BRUMMEN,0575561691,primary,52.07616095,6.14223827
Gelderland,Kindcentrum de Wiekslag,Tijmstraat,4,7383 XR,VOORST GEM VOORST,0285,VOORST,0575501552,primary,52.16952112,6.14040213
Gelderland,Kindcentrum De Vossestaart,Dorpsstraat,40,6964 AB,HALL,0213,BRUMMEN,0313652046,primary,52.11358641,6.10112375
Gelderland,Openbare Basisschool de Hietweide,Jachtlustplein,30-B,7391 BW,TWELLO,0285,VOORST,0571272237,primary,52.23286476,6.10013119
Gelderland,OBS J.H. Isings,Emperweg,70,7399 AG,EMPE,0213,BRUMMEN,0575502078,primary,52.15344701,6.13457591
Gelderland,Dalton Kindcentrum Wereldwijs,Illinckstraat,21,6961 DM,EERBEEK,0213,BRUMMEN,0313651539,primary,52.10613978,6.0660654
Gelderland,Kindcentrum de Bongerd,Vaassenseweg,3,7396 NA,TERWOLDE,0285,VOORST,0571291614,primary,52.28289123,6.09765968
Gelderland,Dalton Kindcentrum het P@rk,Troelstralaan,45,6971 CN,BRUMMEN,0213,BRUMMEN,0575561608,primary,52.09370076,6.15555847
Gelderland,Montessori kindcentrum de Plotter,Paulus Potterstraat,4-A,7204 CV,ZUTPHEN,0301,ZUTPHEN,0575525169,primary,52.13844369,6.20655553
Gelderland,Kindcentrum De Waaier,Dr. de Visserstraat,4,7204 KM,ZUTPHEN,0301,ZUTPHEN,0575571561,primary,52.13229158,6.21025653
Gelderland,Dalton Kindcentrum Jan Ligthart,Leeuwerikstraat,1,7203 JB,ZUTPHEN,0301,ZUTPHEN,0575512759,primary,52.14847122,6.20758889
Gelderland,Openbare Basisschool De Parel,Het Zwanevlot,316,7206 CS,ZUTPHEN,0301,ZUTPHEN,0575572878,primary,52.12473697,6.2057217
Gelderland,Kindcentrum De Fontein,Karskamp,2,7232 BD,WARNSVELD,0301,ZUTPHEN,0575526541,primary,52.13022986,6.23233063
Gelderland,Kindcentrum Lea Dasberg,Markolle,3,7207 PA,ZUTPHEN,0301,ZUTPHEN,0575570308,primary,52.12684379,6.23946632
Gelderland,Openbare Parkenschool,Kastanjelaan,9,7316 BM,APELDOORN,0200,APELDOORN,0555790390,primary,52.21994957,5.96620514
Gelderland,Openbare Basisschool Spitsbergen,Morinistraat,6,7312 KC,APELDOORN,0200,APELDOORN,0553552314,primary,52.20283204,5.93007141
Gelderland,Openbare Basisschool Sprengenpark,Schotweg,95,7312 AD,APELDOORN,0200,APELDOORN,0553552237,primary,52.21095967,5.94354899
Gelderland,Openbare Basisschool Berg en Bos,Soerenseweg,105,7313 EJ,APELDOORN,0200,APELDOORN,0553552394,primary,52.22012219,5.92959724
Gelderland,Openbare Sterrenschool,Buys Ballotstraat,62,7316 LB,APELDOORN,0200,APELDOORN,0555218828,primary,52.23378608,5.96560091
Gelderland,Openbare Basisschool De Vliegenier,Laan van de Charleston,75,7323 RV,APELDOORN,0200,APELDOORN,0553660012,primary,52.2351689,5.99743632
Gelderland,Openbare Basisschool Het Web,Descartesstraat,10,7323 HX,APELDOORN,0200,APELDOORN,0553666630,primary,52.22732188,5.99287872
Gelderland,Openbare Basisschool De Mheen,Tormentilstraat,71,7322 KH,APELDOORN,0200,APELDOORN,0553662699,primary,52.21641899,5.98748291
Gelderland,Openbare Basisschool Rietendak,Zilverweg,29,7335 DC,APELDOORN,0200,APELDOORN,0555331973,primary,52.19772937,5.95643747
Gelderland,Openbare Basisschool De Eendracht,Beeklustweg,41,7335 JC,APELDOORN,0200,APELDOORN,0555331876,primary,52.19188038,5.95093248
Gelderland,Openbare basisschool Octowijs,1e Wormenseweg,158,7331 MR,APELDOORN,0200,APELDOORN,0555331820,primary,52.20193868,5.9706496
Gelderland,Openbare Basisschool De Kosmos,Voldersdreef,301,7328 CA,APELDOORN,0200,APELDOORN,0555337946,primary,52.19804187,5.98549455
Gelderland,Openbare Daltonschool De Horst,Glazeniershorst,402,7328 TK,APELDOORN,0200,APELDOORN,0555337258,primary,52.20391812,5.99359682
Gelderland,Openbare Basisschool De Bongerd,Muntersdonk,13,7326 BD,APELDOORN,0200,APELDOORN,0555337009,primary,52.20083353,6.00525699
Gelderland,Openbare Basisschool De Marke,Holtrichtersveld,1,7327 DJ,APELDOORN,0200,APELDOORN,0555410455,primary,52.19008453,5.99559943
Gelderland,Openbare Basisschool Beekbergen,Dorpstraat,28,7361 AV,BEEKBERGEN,0200,APELDOORN,0555061205,primary,52.15910635,5.96266377
Gelderland,Openbare Basisschool Oosterhuizen,Het Oude Veen,17,7364 BZ,LIEREN,0200,APELDOORN,0555061363,primary,52.15824596,6.00696708
Gelderland,Openbare Basisschool Heuvellaan,Burglaan,44,7314 BM,APELDOORN,0200,APELDOORN,0555790668,primary,52.22284459,5.94853616
Gelderland,Openbare Basisschool de Bundel,Anna Bijnsring,201,7321 HG,APELDOORN,0200,APELDOORN,0553661644,primary,52.21539055,5.99670176
Gelderland,Openbare basisschool Vindingrijk,Ravelijn,55,7325 NT,APELDOORN,0200,APELDOORN,0553602711,primary,52.21475394,6.00571965
Gelderland,Dorpsschool Rozendaal,Akkerlaan,5,6891 AL,ROZENDAAL,0277,ROZENDAAL,0263637194,primary,52.00355086,5.95935301
Gelderland,Daalhuizen,Enkweg,10-A,6881 LZ,VELP GLD,0275,RHEDEN,0263619346,primary,51.99846664,5.96819519
Gelderland,De Kameleon,Bronkhorstenstraat,2,6882 DP,VELP GLD,0275,RHEDEN,0263646215,primary,51.98812082,5.96586958
Gelderland,De Rheder Enk,Willem Barentszstraat,1,6991 BA,RHEDEN,0275,RHEDEN,0264951231,primary,52.00601314,6.02240323
Gelderland,De Lappendeken,Parkweg,4,6994 CN,DE STEEG,0275,RHEDEN,0264952533,primary,52.01961117,6.05975394
Gelderland,Koningin Emmaschool,Vietorstraat,2,6953 BR,DIEREN,0275,RHEDEN,0313414832,primary,52.04325052,6.10590699
Gelderland,Kindcentrum Robin,Geitenbergweg,3,6951 GZ,DIEREN,0275,RHEDEN,0313414874,primary,52.05579175,6.10105855
Gelderland,basisschool de Expeditie,Meidoornlaan,195,6951 LZ,DIEREN,0275,RHEDEN,0313422595,primary,52.06546719,6.0919766
Gelderland,Prinses Margrietschool,Dorpsweg,39,6956 AN,SPANKEREN,0275,RHEDEN,0313414734,primary,52.05740354,6.11066688
Gelderland,CBS De Waterstroom,Schoolstraat,1,6744 WS,EDERVEEN,0228,EDE,0318571170,primary,52.05909548,5.57518721
Gelderland,CBS Korenmaat,Korenveld,1,3925 SM,SCHERPENZEEL GLD,0279,SCHERPENZEEL,0332772211,primary,52.07422535,5.49372728
Gelderland,Basisschool De Glashorst,Glashorst,24,3925 BS,SCHERPENZEEL GLD,0279,SCHERPENZEEL,0332772277,primary,52.0804052,5.48150638
Gelderland,Gereformeerde Basisschool het Sterrenlicht,Parkweg,34,8084 GK,'T HARDE,0230,ELBURG,0525651415,primary,52.41728582,5.88009912
Gelderland,Kristal Gereformeerde basisschool,Griftstraat,8,8181 VZ,HEERDE,0246,HEERDE,0578693125,primary,52.38740953,6.0470003
Gelderland,Geref School De Zaaier,Dorpsweg,117,8051 XT,HATTEM,0244,HATTEM,0384441886,primary,52.47668587,6.05654767
Gelderland,IKC Aventurijn,Randweg,11,8071 XJ,NUNSPEET,0302,NUNSPEET, ,primary,52.3705708,5.77133677
Gelderland,D W van Dam van Brakelschool,Burgemeester Posweg,46-B,5306 GE,BRAKEL,0297,ZALTBOMMEL,0418672042,primary,51.81828353,5.09153898
Gelderland,Openbare Basisschool De Bogerd,Kersenbogerd,4,5328 GW,ROSSUM GLD,0263,MAASDRIEL,0418661367,primary,51.80421477,5.326758
Gelderland,Basisschool De Meidoorn,Kerkstraat,42,5331 CE,KERKDRIEL,0263,MAASDRIEL,0418632948,primary,51.77098661,5.33324357
Gelderland,Openbare Basisschool Den Boogerd,Donkerstraat,17,5308 KB,AALST,0297,ZALTBOMMEL,0418672626,primary,51.78388377,5.12515444
Gelderland,Openbare Basisschool De Walsprong,Prins Clausstraat,2-A,5301 RT,ZALTBOMMEL,0297,ZALTBOMMEL,0418512306,primary,51.80290969,5.250235
Gelderland,De Spelwert,De Zandkampen,48,5301 WE,ZALTBOMMEL,0297,ZALTBOMMEL,0418512815,primary,51.80549294,5.23886176
Gelderland,Tweestromen Basisschool,Bukestraat,3,6624 AN,HEEREWAARDEN,0263,MAASDRIEL,0487571522,primary,51.81634588,5.38805363
Gelderland,Openbare Basisschool De Lispeltuut Jenaplanschool,Kasteellaan,2-A,5321 GL,HEDEL,0263,MAASDRIEL,0735993807,primary,51.74480807,5.26201054
Gelderland,Jenaplanbasisschool 't Hogeland,Schotweg,2,8162 GM,EPE,0232,EPE,0578620426,primary,52.35073167,5.97798179
Gelderland,Openbare Basisschool De Zandheuvel,Leerdamseweg,1,4147 BL,ASPEREN,1960,WEST BETUWE,0345615222,primary,51.88055808,5.10933484
Gelderland,o.b.s. de Schatkist,Achterweg,35,4171 BA,HERWIJNEN,1960,WEST BETUWE,0418581315,primary,51.82551672,5.13190207
Gelderland,Openbare Basisschool De Rietput,Leijenburgplein,2-A,4161 AR,HEUKELUM,1960,WEST BETUWE,0345618210,primary,51.87110573,5.07571927
Gelderland,Jenaplanschool De Sterrenkring,Blekerstraat,2,6828 EW,ARNHEM,0202,ARNHEM,0634352574,primary,51.98107932,5.91677996
Gelderland,Basisschool t Panorama,Mesdaglaan,70,6813 GS,ARNHEM,0202,ARNHEM,0264432926,primary,51.99716384,5.87691554
Gelderland,Jozef Sarto Arnhem,Beeldhouwerstraat,27-29,6824 EG,ARNHEM,0202,ARNHEM,0263614594,primary,51.9867945,5.93663691
Gelderland,Arnhemse Montessorischool te Arnhem,Nicolaas Maesstraat,6,6814 LB,ARNHEM,0202,ARNHEM,0264427025,primary,51.99531568,5.89082166
Gelderland,Jenaplan Basisschool De Troubadour,Rijksweg-West,63,6842 BB,ARNHEM,0202,ARNHEM,0263814623,primary,51.95945606,5.88291626
Gelderland,Montessorischool De Binnenstad,Damstraat,6,6811 CB,ARNHEM,0202,ARNHEM,0264422337,primary,51.97966352,5.91392665
Gelderland,Basisschool De Zyp,Peter van Anrooylaan,3,6815 GT,ARNHEM,0202,ARNHEM,0264422401,primary,52.00517524,5.90326107
Gelderland,Bernulphus-School,Pastoor Bruggemanlaan,10,6861 GR,OOSTERBEEK,0274,RENKUM,0263332458,primary,51.98948104,5.84302704
Gelderland,Basisschool De Dorendal,Bachlaan,23,6865 EN,DOORWERTH,0274,RENKUM,0263333892,primary,51.98174861,5.79812166
Gelderland,Marienbornschool,Marienbergweg,28,6862 ZM,OOSTERBEEK,0274,RENKUM,0263335274,primary,51.98281008,5.85332993
Gelderland,Julianaschool voor Protestants Christelijk Basisonderwijs,Alberdingk Thijmstraat,5,6824 PC,ARNHEM,0202,ARNHEM,0263616039,primary,51.99661,5.944648
Gelderland,Openbaar Jenaplan Heijenoord Basisschool,Gentiaanstraat,25,6813 ES,ARNHEM,0202,ARNHEM,0264450676,primary,51.98857593,5.87973777
Gelderland,Pieter Brueghelschool,Bauerstraat,8,6813 KZ,ARNHEM,0202,ARNHEM,0264436566,primary,51.9913302,5.88761762
Gelderland,Jan Ligthartschool,Van Slichtenhorststraat,27-A,6821 CJ,ARNHEM,0202,ARNHEM,0264450766,primary,51.98914675,5.91245565
Gelderland,"De Boomhut, openbare basisschool",Bernhardlaan,10,6824 LE,ARNHEM,0202,ARNHEM,0264433102,primary,51.99593182,5.94150973
Gelderland,BS De Witte Vlinder,Kloosterstraat,85-A,6824 RC,ARNHEM,0202,ARNHEM,0264426479,primary,52.0010961,5.9455641
Gelderland,Kindcentrum De Werf,Laan van Presikhaaf,7,6826 HA,ARNHEM,0202,ARNHEM,0263614069,primary,51.98082707,5.94862401
Gelderland,De Parkschool,Kinderkamp,7,6825 JA,ARNHEM,0202,ARNHEM,0263611134,primary,51.98327516,5.96040378
Gelderland,Hugo De Grootschool,Thorbeckestraat,21,6828 TT,ARNHEM,0202,ARNHEM,0264431926,primary,51.98182758,5.92970242
Gelderland,OBS de Monchyschool,Lupinestraat,12,6841 GD,ARNHEM,0202,ARNHEM,0263212674,primary,51.96919689,5.89773308
Gelderland,Het Mozaiek,Zwanebloemlaan,2,6832 HG,ARNHEM,0202,ARNHEM,0263216844,primary,51.96217162,5.9122177
Gelderland,OBS Da Vinci,Slochterenweg,27,6835 CD,ARNHEM,0202,ARNHEM,0263230729,primary,51.9547142,5.89901583
Gelderland,IKC De Klimboom,Breezandpad,5,6843 JM,ARNHEM,0202,ARNHEM,0263831995,primary,51.96142617,5.86361089
Gelderland,De Expeditie,Brabantweg,101,6844 GA,ARNHEM,0202,ARNHEM,0263813862,primary,51.94779218,5.85831318
Gelderland,De Lingelaar,Venlosingel,214,6845 JE,ARNHEM,0202,ARNHEM,0263831646,primary,51.94610748,5.87166783
Gelderland,Lea Dasbergschool,Emily Brontesingel,1-A,6836 TV,ARNHEM,0202,ARNHEM,0263272489,primary,51.94284328,5.90318709
Gelderland,Basisschool Het Klinket,Mr J M de Kempenaersngl,4-A,6836 MH,ARNHEM,0202,ARNHEM,0263274168,primary,51.94096735,5.89399211
Gelderland,De Schatgraaf,Meikers,3,6846 HR,ARNHEM,0202,ARNHEM,0263891008,primary,51.95731431,5.83866903
Gelderland,Het JongLeren,Pallas Atheneplein,2,6846 XA,ARNHEM,0202,ARNHEM,0263890410,primary,51.95349991,5.84857426
Gelderland,Confetti,Vederwolk,17,6846 DM,ARNHEM,0202,ARNHEM,0263890114,primary,51.9477148,5.83577259
Gelderland,Calluna-School,Sijsseltselaan,16,6711 JE,EDE,0228,EDE,0318614243,primary,52.04019999,5.68068677
Gelderland,De Lettertuin,De Ruyterstraat,1,6712 DR,EDE,0228,EDE,0318614643,primary,52.04685844,5.65896655
Gelderland,Prinsenakkerschool,Commandeursweg,87,6721 ZL,BENNEKOM,0228,EDE,0318415851,primary,52.00361948,5.66911691
Gelderland,Ericaschool,Kerklaan,1,6731 BA,OTTERLO,0228,EDE,0318595077,primary,52.10116776,5.77361974
Gelderland,Openbare Basisschool De Bongerd,Lindenhorst,1,6714 JV,EDE,0228,EDE,0318638129,primary,52.04629189,5.64390097
Gelderland,OBS Uniek,Nicolaas Maesstraat,7,6717 ST,EDE,0228,EDE,0318636179,primary,52.01789205,5.65398334
Gelderland,De Roedel,Edeseweg,216,6732 DC,HARSKAMP,0228,EDE,0318456417,primary,52.13092788,5.75083098
Gelderland,Montessorischool Ede,Prof. Oudpark,4,6716 EJ,EDE,0228,EDE,0318625366,primary,52.02395701,5.63859004
Gelderland,Openbare Basisschool De Kern,Kleine Houtplein,1,6718 GG,EDE,0228,EDE,0318504642,primary,52.05234712,5.64017831
Gelderland,K Norel-School,Vleerveld,17,8162 JA,EPE,0232,EPE,0578615019,primary,52.3471963,5.96962423
Gelderland,WG vd Hulstsch,Wachtelenbergweg,17,8162 XC,EPE,0232,EPE,0578613565,primary,52.35860287,5.98203606
Gelderland,Basisschool Anne de Vries,Hoofdstraat,155,8162 AE,EPE,0232,EPE,0578612776,primary,52.34387495,5.98375566
Gelderland,Chr Basisschool t Mozaiek,Westerenkweg,19,8172 VT,VAASSEN,0232,EPE,0578573250,primary,52.28418059,5.95634929
Gelderland,Christelijke Basisschool De Violier,Vlierstraat,33,8171 BA,VAASSEN,0232,EPE,0578573247,primary,52.29255896,5.97131308
Gelderland,Basisschool De Hoeksteen,Biss Philip Roveniusstr,8,7141 KS,GROENLO,1586,OOST GELRE,0544461336,primary,52.04050102,6.6057152
Gelderland,Daltonschool Wilhelmina,Burg van Nispenstraat,36,7103 WJ,WINTERSWIJK,0294,WINTERSWIJK,0543514236,primary,51.97952664,6.71991161
Gelderland,Bontebrugschool Prot. Chr. Basisschool voor Jenaplanonderwijs,Bontebrug,52-54,7064 LM,SILVOLDE,1509,OUDE IJSSELSTREEK,0315681302,primary,51.89422266,6.3970407
Gelderland,Christelijke Basisschool Barlo,Markerinkdijk,18,7122 RK,AALTEN,0197,AALTEN,0543451236,primary,51.95579294,6.58910882
Gelderland,Christelijke Basisschool De Klimop,Schooldijk,21,7122 LX,AALTEN,0197,AALTEN,0543461226,primary,51.92519719,6.51426969
Gelderland,Christelijke Basisschool 't Mollenveld,Haartseweg,12-A,7121 KZ,AALTEN,0197,AALTEN,0543565438,primary,51.92768573,6.64582284
Gelderland,Christelijke basisschool de Bataaf,Hortensialaan,18-D,7101 XB,WINTERSWIJK,0294,WINTERSWIJK,0543514744,primary,51.96962444,6.73418532
Gelderland,Basisschool Emma,Vredenseweg,170,7113 AE,WINTERSWIJK HENXEL,0294,WINTERSWIJK,0543562436,primary,51.9903659,6.77148025
Gelderland,Christelijke Basisschool 't Warmelinck,Kruisdijk,17,7122 JX,AALTEN,0197,AALTEN,0543466213,primary,51.89070868,6.53940724
Gelderland,IKC Uniek,Vondelstraat,11-A,7121 VB,AALTEN,0197,AALTEN,0543471197,primary,51.92060739,6.58294971
Gelderland,Protestants Christelijke Basisschool Groen van Prinsterer,Ludgerstraat,86,7121 EM,AALTEN,0197,AALTEN,0543472256,primary,51.92247303,6.59034134
Gelderland,CBS De Meeander,Hofskampstraat,25,7051 DM,VARSSEVELD,1509,OUDE IJSSELSTREEK,0315241498,primary,51.94267789,6.46612494
Gelderland,IKC de Bosmark,Europastraat,10,7091 XC,DINXPERLO,0197,AALTEN,0315820213,primary,51.86602695,6.49682589
Gelderland,Basisschool De Hove,Keizerweg,2,7095 AX,DE HEURNE,0197,AALTEN,0315651115,primary,51.88877161,6.49410749
Gelderland,De Triangel,Dalweg,18,7122 BC,AALTEN,0197,AALTEN,0543473838,primary,51.92567471,6.57667379
Gelderland,Julianaschool,Corleseweg,4,7102 EV,WINTERSWIJK,0294,WINTERSWIJK,0543512937,primary,51.966212,6.69723091
Gelderland,Al Amana Ede-Noord,Goudenstein,9,6714 DA,EDE,0228,EDE,0318634293,primary,52.04335891,5.64845047
Gelderland,Al Amana Ede-Zuid,Verlengde Parkweg,47-B,6717 GL,EDE,0228,EDE,0318742021,primary,52.02629508,5.65438311
Gelderland,Al Amana Nijkerk,Bizetlaan,2,3862 GR,NIJKERK,0267,NIJKERK,0333039842,primary,52.21374338,5.48667439
Gelderland,Al Amana Arnhem,Pythagorasstraat,9,6836 GA,ARNHEM,0202,ARNHEM,0858227256,primary,51.94645874,5.89020556
Gelderland,Al Amana Culemborg,Oranje Nassaulaan,41,4101 JS,CULEMBORG,0216,CULEMBORG,0858227256,primary,51.95799742,5.2383589
Gelderland,Hervormde Basisschool De Wegwijzer,Nedereindsestraat,27-D,4041 XE,KESTEREN,1740,NEDER-BETUWE,0488481611,primary,51.93210789,5.56757917
Gelderland,Eben Haezer-School,Rembrandt van Rijnstraat,33-31,4033 GG,LIENDEN,0214,BUREN,0344602060,primary,51.94854657,5.51603037
Gelderland,Basisschool De Schakel,J H L -van Herwaardenstr,4,4194 RR,METEREN,1960,WEST BETUWE,0345581724,primary,51.86960381,5.28695801
Gelderland,De Hervormde School,Hamsestraat,4,4043 LH,OPHEUSDEN,1740,NEDER-BETUWE,0488441316,primary,51.93346917,5.6269866
Gelderland,School Met De Bijbel,Kerkstraat,7,6668 AN,RANDWIJK,1734,OVERBETUWE,0488491288,primary,51.95416603,5.71140766
Gelderland,Openbare Basisschool De Distelvlinder,Zijderupsvlinderlaan,4,4105 TC,CULEMBORG,0216,CULEMBORG,0345536206,primary,51.94741359,5.20495574
Gelderland,'t Praathuis,Meerlaan,26,4103 XZ,CULEMBORG,0216,CULEMBORG,0345514111,primary,51.94896811,5.22992717
Gelderland,Openbare Basisschool de Regenboog,Mr. Rinkstraat,19,4005 VH,TIEL,0281,TIEL,0344632757,primary,51.89741754,5.44358074
Gelderland,Openbare Basisschool de Moespot,Wadensteinlaan,46-A,4003 TG,TIEL,0281,TIEL,0344632698,primary,51.89427491,5.40865477
Gelderland,Basisschool De Waayer,Kornoelje,1,4007 TP,TIEL,0281,TIEL,0344632604,primary,51.87091318,5.39912354
Gelderland,Montessorischool Parijsch,Prijsseweg,47,4105 LE,CULEMBORG,0216,CULEMBORG,0345530301,primary,51.95004266,5.20742004
Gelderland,Ds. J. Fraanjeschool De Vesting,Churchillstraat,68,3772 KV,BARNEVELD,0203,BARNEVELD,0342400707,primary,52.13501598,5.5860447
Gelderland,Ds. J. Fraanjeschool De Burcht,Saparua,48,3772 ET,BARNEVELD,0203,BARNEVELD,0342422045,primary,52.12762246,5.58343169
Gelderland,IKC Joannes,Kerkakkers,4,6923 BZ,GROESSEN,0226,DUIVEN,0316524172,primary,51.9311498,6.03121328
Gelderland,IKC Remigius,Liemersplein,1,6921 HN,DUIVEN,0226,DUIVEN,0316261887,primary,51.94795512,6.02560284
Gelderland,Basisschool Bernadette,Loostraat,37,6924 AC,LOO,0226,DUIVEN,0316261878,primary,51.93017052,5.99139539
Gelderland,Sport IKC Het Startblok,Klapstraat,205,6931 CH,WESTERVOORT,0293,WESTERVOORT,0263114932,primary,51.95059328,5.97068868
Gelderland,IKC Kameleon,Mondriaanstraat,15,6921 MJ,DUIVEN,0226,DUIVEN,0316261832,primary,51.9494297,6.01002027
Gelderland,IKC De Brug,Schoolstraat,7,6931 DV,WESTERVOORT,0293,WESTERVOORT,0263118974,primary,51.96142083,5.96815666
Gelderland,IKC De Hoge Hoeve,De Hoge Hoeve,70,6932 DJ,WESTERVOORT,0293,WESTERVOORT,0263111029,primary,51.94790635,5.98193066
Gelderland,Montessori IKC De Groene Ring,Bergdravik,2,6922 HM,DUIVEN,0226,DUIVEN,0316266611,primary,51.9426969,6.01021162
Gelderland,Basisschool Albert Schweitzer,Lupinenstraat,13,6942 VA,DIDAM,1955,MONTFERLAND,0316223286,primary,51.94525284,6.1343101
Gelderland,De Biezenkamp,Roerdompstraat,2,6573 BH,BEEK GEM BERG EN DAL,1945,BERG EN DAL,0246841712,primary,51.83079527,5.92904073
Gelderland,De Tandem,Kerklaantje,15,6612 BB,NEDERASSELT,0252,HEUMEN,0246221689,primary,51.77232994,5.74401622
Gelderland,Rooms Katholieke Basisschool De Zilverberg,Koningin Julianastraat,6,6611 BR,OVERASSELT,0252,HEUMEN,0246221454,primary,51.75991719,5.78992512
Gelderland,t Bijenveld,Reusensestraat,6,6578 AR,LEUTH,1945,BERG EN DAL,0242060600,primary,51.83932345,5.99345616
Gelderland,Basisschool Op Weg,Prinses Beatrixstraat,55,6576 AW,OOIJ,1945,BERG EN DAL,0246631645,primary,51.85577326,5.94243766
Gelderland,Basisschool Sint Joris,Looistraat,4-A,6582 BC,HEUMEN,0252,HEUMEN,0243581176,primary,51.76513832,5.84166639
Gelderland,Christelijke Basisschool Adelbrecht Windekind,Cranenburgsestraat,112-A,6561 AR,GROESBEEK,1945,BERG EN DAL,0243971928,primary,51.78086956,5.94437756
Gelderland,Basisschool De Sieppe,Paulus Potterweg,79,6562 XK,GROESBEEK,1945,BERG EN DAL,0243972442,primary,51.77061675,5.93518169
Gelderland,Basisschool Op de Heuvel,Ericastraat,39,6561 VX,GROESBEEK,1945,BERG EN DAL,0243972412,primary,51.7866508,5.92239139
Gelderland,Rooms Katholieke Basisschool Op de Horst,Plakseweg,3,6562 LR,GROESBEEK,1945,BERG EN DAL,0243976072,primary,51.77325433,5.96978461
Gelderland,Rooms Katholieke Basisschool Sint Laurentius,Schoolstraat,7,6579 AN,KEKERDOM,1945,BERG EN DAL,0481431643,primary,51.86390548,6.01064147
Gelderland,Rooms Katholieke Basisschool Titus Brandsma,Patrijsweg,2,6571 BV,BERG EN DAL,1945,BERG EN DAL,0246841711,primary,51.81842881,5.91716956
Gelderland,Basisschool St Martinus,Chopinstraat,2,6566 DV,MILLINGEN AAN DE RIJN,1945,BERG EN DAL,0481431596,primary,51.86234907,6.04496978
Gelderland,Basisschool Breedeweg,Schoolweg,23,6562 GD,GROESBEEK,1945,BERG EN DAL,0243978777,primary,51.75702367,5.93950663
Gelderland,R.K. Basisschool De Komeet,Broeksingel,88,6581 HB,MALDEN,0252,HEUMEN,0243573182,primary,51.78020465,5.85007156
Gelderland,Basisschool 't Vossenhol,Van Ruysdaelweg,8,6562 XE,GROESBEEK,1945,BERG EN DAL,0243971548,primary,51.77177771,5.93487704
Gelderland,De Regenboogschool,Veldsingel,4,6581 TC,MALDEN,0252,HEUMEN,0243581163,primary,51.77945588,5.86381382
Gelderland,Stadhouder Willem 3 Basisschool,Veldhuizerbrink,24,6712 BZ,EDE,0228,EDE,0318613645,primary,52.04503881,5.65344551
Gelderland,Julianaschool,Dorpsstraat,32,7218 AH,ALMEN,0262,LOCHEM,0575431622,primary,52.15690284,6.3022186
Gelderland,obs Villa 60,Schoolstraat,60,7211 BD,EEFDE,0262,LOCHEM,0575511917,primary,52.16161208,6.23248392
Gelderland,Dr. J. v.d. Hoevenschool,du Tourweg,1,7214 AJ,EPSE,0262,LOCHEM,0575492852,primary,52.22408765,6.20014842
Gelderland,J.A. de Vullerschool,Veldhofstraat,1,7213 AJ,GORSSEL,0262,LOCHEM,0575492784,primary,52.19865241,6.20116962
Gelderland,Beatrixsch,Hulstweg,8,7217 SZ,HARFSEN,0262,LOCHEM,0573431765,primary,52.20641596,6.29469731
Gelderland,Meester G. Propschool,Burgemeester Leenstraat,11,7242 AA,LOCHEM,0262,LOCHEM,0573252430,primary,52.16006171,6.41337964
Gelderland,Openbare Basisschool De Vennegotte,Pearsonplein,23,7242 JA,LOCHEM,0262,LOCHEM,0573252000,primary,52.15578162,6.3986026
Gelderland,Openbare Basisschool de Branink,Verwoldseweg,14,7245 AH,LAREN GLD,0262,LOCHEM,0573401876,primary,52.1930767,6.36927898
Gelderland,Openbare Basisschool de Barchschole,Beukenlaan,24,7244 BB,BARCHEM,0262,LOCHEM,0573441222,primary,52.12410369,6.44045142
Gelderland,CNS-basisschool Cavaljé,Veenderweg,2,6712 AB,EDE,0228,EDE,0318613462,primary,52.045408,5.66652233
Gelderland,CNS-basisschool de Plataan,Heidelaan,25,6721 CK,BENNEKOM,0228,EDE,0318414103,primary,52.00541151,5.67955133
Gelderland,CNS-basisschool de Caleidoscoop,Hofbeeklaan,41,6715 EA,EDE,0228,EDE,0318621113,primary,52.04290092,5.63152507
Gelderland,CNS-basisschool Wilhelmina,Hogeweg,23,6721 VD,BENNEKOM,0228,EDE,0318414243,primary,51.99698366,5.67388031
Gelderland,CNS-basisschool Prins Floris,Catharinadaal,70,6715 KD,EDE,0228,EDE,0318621450,primary,52.03974871,5.63880992
Gelderland,CNS-basisschool Koningin Beatrix,Mondriaanstraat,22,6717 SB,EDE,0228,EDE,0318643802,primary,52.01866476,5.65410449
Gelderland,CNS-basisschool het Startpunt,Wulplaan,9,6713 BT,EDE,0228,EDE,0318618592,primary,52.03894679,5.65874357
Gelderland,CNS-basisschool Louise de Coligny,Ceelman van Ommerenweg,11,6711 JD,EDE,0228,EDE,0318693610,primary,52.03866868,5.68201759
Gelderland,CNS-basisschool de Ontdekking,Sterkerij,14,6717 XR,EDE,0228,EDE,0318645664,primary,52.02409635,5.67874888
Gelderland,CNS-basisschool de Brugge,Wilsondreef,45,6716 DN,EDE,0228,EDE,0318643684,primary,52.02013761,5.64250211
Gelderland,CNS-basisschool de Vlinderboom,Spinozastate,1,6716 PC,EDE,0228,EDE,0318624827,primary,52.02163974,5.6335507
Gelderland,CNS-basisschool de Vuursteen,Balgzand,2,6718 MJ,EDE,0228,EDE,0318653759,primary,52.05107876,5.63076578
Gelderland,Christelijke Nationale Basisschool De Regenboog,Zuiderzeestraatweg West,79,8085 AC,DOORNSPIJK,0230,ELBURG,0525661666,primary,52.41483161,5.81596254
Gelderland,Wildemaetschool,Schipluidenstraat,23,8081 AN,ELBURG,0230,ELBURG,0525681917,primary,52.44196767,5.82864227
Gelderland,Het Octaaf School voor christelijk basisonderwijs,Weitakkerstraat,2,8081 XX,ELBURG,0230,ELBURG,0525681059,primary,52.44942375,5.84994355
Gelderland,Protestants Christelijke Basisschool De Parel,Leisteenstraat,1,8084 XE,'T HARDE,0230,ELBURG,0525651727,primary,52.41633016,5.87438916
Gelderland,De Borchstee,Achterweg,2,8081 RV,ELBURG,0230,ELBURG,0525685511,primary,52.44879335,5.85565809
Gelderland,Basisschool De Hoge Voorde,Het Hoge,36,7251 XX,VORDEN,1876,BRONCKHORST,0575552036,primary,52.10365103,6.30676778
Gelderland,Rooms Katholieke Basisschool Sint Joseph,Prins Frisolaan,12-A,7242 GZ,LOCHEM,0262,LOCHEM,0573252439,primary,52.15518257,6.40516862
Gelderland,Rooms Katholieke Basisschool Martinus,Kerklaan,12,7391 AN,TWELLO,0285,VOORST,0571271408,primary,52.22923934,6.08992218
Gelderland,Rooms Katholieke Basisschool De Kopermolen,Kopermolenweg,8,7382 BP,KLARENBEEK,0285,VOORST,0553011462,primary,52.16980549,6.07461612
Gelderland,Rooms Katholieke Basisschool Sint Martinus,Deventerweg,18,7383 AB,VOORST GEM VOORST,0285,VOORST,0571261510,primary,52.19634667,6.13036662
Gelderland,Prins Willem Alexander School,Verwoldseweg,18,7245 AH,LAREN GLD,0262,LOCHEM,0573401856,primary,52.19265268,6.37018699
Gelderland,Rooms Katholieke Jozefschool voor Basisonderwijs,Dijkstraat,6,7121 ET,AALTEN,0197,AALTEN,0543472928,primary,51.92522974,6.58053833
Gelderland,Daltonschool Willibrordus,Nieuwe Weg,11,7261 NL,RUURLO,1859,BERKELLAND,0573452035,primary,52.0860757,6.45485854
Gelderland,De Ontdekking,Meengatstraat,23-25,6971 VD,BRUMMEN,0213,BRUMMEN,0575563527,primary,52.09719349,6.16038541
Gelderland,De Rank,Curieplein,21,7242 KH,LOCHEM,0262,LOCHEM,0573252575,primary,52.15607282,6.39780893
Gelderland,Rooms Katholieke Basisschool De Kleine Wereld,Jachtlustplein,30-C,7391 BW,TWELLO,0285,VOORST,0571272284,primary,52.23308787,6.10052376
Gelderland,Basisschool De Vlier,Vlierstraat,7,7101 TR,WINTERSWIJK,0294,WINTERSWIJK,0543515585,primary,51.97465958,6.73440976
Gelderland,Prins Hendrik,Burgemeester Leenstraat,13,7242 AA,LOCHEM,0262,LOCHEM,0573253102,primary,52.15976969,6.41335492
Gelderland,Basisschool St Jozef,Schoolstraat,1,7101 GB,WINTERSWIJK,0294,WINTERSWIJK,0543532747,primary,51.97152956,6.71531168
Gelderland,RK Basissch JF Kennedy,Leeuweriklaan,21,7203 JD,ZUTPHEN,0301,ZUTPHEN,0575516817,primary,52.14749278,6.20869592
Gelderland,Rooms Katholieke Basisschool Walter Gillijns,Rietbergstraat,2,7201 GJ,ZUTPHEN,0301,ZUTPHEN,0575516310,primary,52.13504366,6.19649415
Gelderland,Rooms Katholieke Basisschool de Achtsprong,De Brink,126-128,7206 KD,ZUTPHEN,0301,ZUTPHEN,0575524213,primary,52.12393264,6.19855149
Gelderland,Daltonschool i.o. de Morgenzon,Landweer,2,7232 CT,WARNSVELD,0301,ZUTPHEN,0575527154,primary,52.13411995,6.23133801
Gelderland,Rooms Katholieke Basisschool Sint Antonius,Kerkstraat,36,7396 PH,TERWOLDE,0285,VOORST,0553231369,primary,52.25804921,6.03572615
Gelderland,Jenaplanschool De Hoven,Mulderskamp,164,7205 BZ,ZUTPHEN,0301,ZUTPHEN,0575512230,primary,52.14262641,6.18035235
Gelderland,obs De Vlonder,De Meenthe,26,8051 KV,HATTEM,0244,HATTEM,0384448383,primary,52.47724979,6.05085119
Gelderland,obs Het Palet Hattem,Dorpsweg,33,8051 XS,HATTEM,0244,HATTEM,0384441924,primary,52.47487064,6.06198801
Gelderland,"School met de Bijbel, De Zaaier",Kerkstraat,6,5321 TN,HEDEL,0263,MAASDRIEL,0735991783,primary,51.74636462,5.25970448
Gelderland,PCB De Rank,Molenstraat,50,5315 AB,KERKWIJK,0297,ZALTBOMMEL,0418642259,primary,51.77620484,5.21619459
Gelderland,Protestants Christelijke Basisschool De Ark,Schoolstraat,8,5305 EA,ZUILICHEM,0297,ZALTBOMMEL,0418672466,primary,51.8083113,5.13610511
Gelderland,PCB De Bron,Kerkplein,6,5314 AT,BRUCHEM,0297,ZALTBOMMEL,0418642387,primary,51.78701942,5.23700935
Gelderland,Willem van Oranjeschool,Vrijheidslaan,94,5306 BN,BRAKEL,0297,ZALTBOMMEL,0418672220,primary,51.81816839,5.0958182
Gelderland,School Met De Bijbel De Burcht,Oranjestraat,1-A,5308 JW,AALST,0297,ZALTBOMMEL,0418671666,primary,51.78272864,5.12928715
Gelderland,Timotheusschool,Tulpstraat,1-BG,8096 BV,OLDEBROEK,0269,OLDEBROEK,0525631823,primary,52.4441897,5.89982564
Gelderland,Basisschool Prins Willem Alexander,Zuiderzeestraatweg Oost,62,8081 LD,ELBURG,0230,ELBURG,0525681789,primary,52.44310197,5.84983631
Gelderland,Looschool,Bovenheigraaf,59-BG,8095 PA,'T LOO OLDEBROEK,0269,OLDEBROEK,0525631693,primary,52.44839684,5.94536092
Gelderland,Nassauschool,Leeuwerikstraat,21,8094 AH,HATTEMERBROEK,0269,OLDEBROEK,0383763920,primary,52.47382602,6.02289423
Gelderland,De Regenboog,Van Sytzamalaan,5-BG,8096 AR,OLDEBROEK,0269,OLDEBROEK,0525631407,primary,52.44658711,5.90125103
Gelderland,Christelijk Kindcentrum De Schaapskooi,Veluwelaan,8,8091 ER,WEZEP,0269,OLDEBROEK,0383760808,primary,52.46373488,6.006813
Gelderland,Rehobothschool,Anjerstraat,2,4191 KZ,GELDERMALSEN,1960,WEST BETUWE,0345571192,primary,51.88101958,5.27757951
Gelderland,Integraal Kind Centrum Hei en Bos,Middenweg,31,7351 BA,HOENDERLOO,0200,APELDOORN,0552075741,primary,52.11951815,5.87767137
Gelderland,Eben Haezerschool,Bloemstraat,107,8096 VN,OLDEBROEK,0269,OLDEBROEK,0525631787,primary,52.44702093,5.90727141
Gelderland,Juliana van Stolbergschool,Dorpsweg,2,5307 HK,POEDEROIJEN,0297,ZALTBOMMEL,0418671315,primary,51.78640591,5.0792548
Gelderland,Vereniging tot het Verstrekken van Basisonderwijs op Gereformeerde Grondslag,Delkant,4,5311 CJ,GAMEREN,0297,ZALTBOMMEL,0418561899,primary,51.80060248,5.20625832
Gelderland,School met de Bijbel de Wegwijzer,Schiksweg,12,8097 SG,OOSTERWOLDE GLD,0269,OLDEBROEK,0525621300,primary,52.46589986,5.8916643
Gelderland,Rooms Katholieke Basisschool Gerardus Majella,Boxhofstede,17,8171 KC,VAASSEN,0232,EPE,0578571786,primary,52.28887108,5.97807167
Gelderland,RK Basissch C v Leeuwen,H.A. Lorentzstraat,1,6961 XK,EERBEEK,0213,BRUMMEN,0313651776,primary,52.10247408,6.05727433
Gelderland,De Waterval,Hoofdweg,53,7371 AE,LOENEN,0200,APELDOORN,0555051489,primary,52.12269466,6.02127603
Gelderland,Rooms Katholieke Basisschool De Krugerstee,Potgieterstraat,20,8172 XC,VAASSEN,0232,EPE,0578572546,primary,52.2839635,5.95890365
Gelderland,Rooms Katholieke Basisschool Pancratius,Oude Eerbeekseweg,5,6971 BL,BRUMMEN,0213,BRUMMEN,0575561906,primary,52.08690323,6.14884122
Gelderland,Rooms Katholieke Basisschool Sint Bernardus,Willem Tellstraat,70,8162 ET,EPE,0232,EPE,0578613068,primary,52.35007032,5.98270482
Gelderland,Rooms Katholieke Basisschool De Korf,Postmeestersdreef,2,7328 KM,APELDOORN,0200,APELDOORN,0555336094,primary,52.2029148,5.98561259
Gelderland,Katholieke Basisschool De Zonnewende,Zonnewende,14,7325 ET,APELDOORN,0200,APELDOORN,0553601967,primary,52.217006,6.00728555
Gelderland,Rooms Katholieke Basisschool De Schakel,Rederijkershoeve,21,7326 TH,APELDOORN,0200,APELDOORN,0555338405,primary,52.19170624,6.00770854
Gelderland,Rooms Katholieke Basisschool De Zevensprong,Pythagorasstraat,384,7323 HW,APELDOORN,0200,APELDOORN,0553604944,primary,52.22643474,5.99136354
Gelderland,Rooms Katholieke Basisschool Anne Frank,Regentesselaan,34,7316 AG,APELDOORN,0200,APELDOORN,0555211746,primary,52.22136846,5.9583775
Gelderland,Rooms Katholieke Basisschool St Victor,Kooiweg,29,7312 CA,APELDOORN,0200,APELDOORN,0553554859,primary,52.20954716,5.93638156
Gelderland,Rooms Katholieke Basisschool Sebastiaan,1e Wormenseweg,460,7333 GZ,APELDOORN,0200,APELDOORN,0555335355,primary,52.19208346,5.97354128
Gelderland,Rooms Katholieke Basisschool Hertog V Gelre,Morellenlaan,47,7322 JS,APELDOORN,0200,APELDOORN,0553665298,primary,52.21675093,5.97867163
Gelderland,Rooms Katholieke Basisschool Eloy,Klingelbeek,28,7339 LD,UGCHELEN,0200,APELDOORN,0555335033,primary,52.18391276,5.94741821
Gelderland,Eben Haezerschool,Apeldoornseweg,22,8075 BN,ELSPEET,0302,NUNSPEET,0577492380,primary,52.29099965,5.7911339
Gelderland,Rooms Katholieke Basisschool De Plakkenberg,Pastoor Bluemersplein,5,7064 BK,SILVOLDE,1509,OUDE IJSSELSTREEK,0315324236,primary,51.90901791,6.38356083
Gelderland,Antonius,Vicariestraat,2,7137 MN,LIEVELDE,1586,OOST GELRE,0544372635,primary,52.00880215,6.59379948
Gelderland,Sint Joseph-School,Dorpsstraat,66,7136 LN,ZIEUWENT,1586,OOST GELRE,0544351577,primary,52.00839436,6.51836367
Gelderland,Rooms Katholieke Basisschool Antonius,Winterswijkseweg,20,7134 NE,VRAGENDER,1586,OOST GELRE,0544372429,primary,51.98581158,6.61187954
Gelderland,Sint Canisiusschool,Kerkstraat,44,7135 JM,HARREVELD,1586,OOST GELRE,0544371099,primary,51.97973924,6.51541832
Gelderland,Openbare Basisschool De Slinger,Wehmerstraat,21,7121 DP,AALTEN,0197,AALTEN,0543472317,primary,51.92470939,6.58532655
Gelderland,Basisschool De Leeuw,'t Hof,2,7131 DR,LICHTENVOORDE,1586,OOST GELRE,0544373475,primary,51.9880268,6.57218222
Gelderland,Rooms Katholieke Basisschool St Theresia,Waalderweg,20,7263 RW,MARIENVELDE,1586,OOST GELRE,0544351689,primary,52.01272537,6.47229924
Gelderland,Rooms Katholieke Basisschool Frans ten Bosch,De Rode Van Heeckerenstr,26,7131 ER,LICHTENVOORDE,1586,OOST GELRE,0544372326,primary,51.98468621,6.57796687
Gelderland,Het Gele Park basisonderwijs,Varsseveldseweg,47,7131 BH,LICHTENVOORDE,1586,OOST GELRE,0544221027,primary,51.98441832,6.557423
Gelderland,Basisschool Sint Joris,Waterhoen,1,7132 DK,LICHTENVOORDE,1586,OOST GELRE,0544373567,primary,51.98028021,6.55300481
Gelderland,IKC Groeituin,Oranjestraat,72,7051 AK,VARSSEVELD,1509,OUDE IJSSELSTREEK,0315242507,primary,51.94160659,6.45333682
Gelderland,Openbare Basisschool Leemvoortschool,Steuterweg,2,7054 CJ,WESTENDORP,1509,OUDE IJSSELSTREEK,0315298168,primary,51.94986682,6.41109284
Gelderland,Openbare Basisschool 't Montferland,Plantsoensingel Noord,5-A,7041 DH,'S-HEERENBERG,1955,MONTFERLAND,0314661924,primary,51.87900897,6.25036447
Gelderland,Openbare Basisschool De Woelwaters,Middelgraaf,46,7071 WT,ULFT,1509,OUDE IJSSELSTREEK,0315641001,primary,51.88883006,6.37975355
Gelderland,Auryn,Marga Klompelaan,2,7207 KA,ZUTPHEN,0301,ZUTPHEN, ,primary,52.12727168,6.22744068
Gelderland,Basisschool Eben Haezer,Zandenallee,18,7395 PC,TEUGE,0285,VOORST,0553231483,primary,52.25151548,6.03817412
Gelderland,Basisschool Eben-Haezer,Valkeniersdonk,202,7326 KP,APELDOORN,0200,APELDOORN,0555344704,primary,52.19394179,6.01456542
Gelderland,Basisschool Ten Holtens Erve,Middendijk,53,7397 NC,NIJBROEK,0285,VOORST,0571292162,primary,52.29413961,6.06215839
Gelderland,De Zaaier,Bleriotstraat,3,7395 ML,TEUGE,0285,VOORST,0553231792,primary,52.23665132,6.04751502
Gelderland,De Oase,Jachtlustplein,30-A,7391 BW,TWELLO,0285,VOORST,0571272400,primary,52.23300359,6.09998603
Gelderland,Christelijke Basisschool Sjaloom,Kerkstraat,25,7383 CB,VOORST GEM VOORST,0285,VOORST,0575501229,primary,52.17119574,6.14534943
Gelderland,De Wingerd,H.W. Iordensweg,9,7391 KA,TWELLO,0285,VOORST,0571272661,primary,52.23769115,6.10850514
Gelderland,Eben Haezerschool,Notaris van Aalstweg,4,4181 BC,WAARDENBURG,1960,WEST BETUWE,0418652138,primary,51.83426221,5.25608914
Gelderland,St Nicolaasschool,Antoinette v Pinxterenln,4,6532 CW,NIJMEGEN,0268,NIJMEGEN,0243555276,primary,51.81858676,5.83591445
Gelderland,Rooms Katholieke Basisschool Brakkenstein,Heyendaalseweg,235,6525 SG,NIJMEGEN,0268,NIJMEGEN,0243553559,primary,51.81239594,5.86763112
Gelderland,Basisschool de Hazesprong,Bisonstraat,3,6531 PT,NIJMEGEN,0268,NIJMEGEN,0243550130,primary,51.8254247,5.84446831
Gelderland,Basisschool Het Kleurrijk,Thijmstraat,40-C,6531 CS,NIJMEGEN,0268,NIJMEGEN,0243551566,primary,51.83324494,5.84920083
Gelderland,Basisschool de Sterredans,Ubbergseveldweg,97,6522 HE,NIJMEGEN,0268,NIJMEGEN,0243230722,primary,51.8397384,5.88644059
Gelderland,Basisschool Montessorischool,Heyendaalseweg,6,6524 SL,NIJMEGEN,0268,NIJMEGEN,0243231091,primary,51.83497408,5.86892178
Gelderland,Basisschool Klein Heyendaal,Professor Huijbersstraat,1,6524 NP,NIJMEGEN,0268,NIJMEGEN,0243231475,primary,51.83067835,5.86929545
Gelderland,Basisschool Petrus Canisius,St. Stevenskerkhof,37-38,6511 VZ,NIJMEGEN,0268,NIJMEGEN,0243226885,primary,51.84831049,5.86260802
Gelderland,Basisschool De Kleine Wereld,Newtonstraat,50,6533 KG,NIJMEGEN,0268,NIJMEGEN,0243553159,primary,51.81146085,5.84253749
Gelderland,Basisschool De Wieken,Floraweg,69,6542 KB,NIJMEGEN,0268,NIJMEGEN,0243774502,primary,51.836435,5.84064746
Gelderland,Basisschool Toon,Symfoniestraat,210,6544 TN,NIJMEGEN,0268,NIJMEGEN,0243771250,primary,51.83176647,5.81235978
Gelderland,Basisschool de Akker,Akkerlaan,40,6533 BL,NIJMEGEN,0268,NIJMEGEN,0243551104,primary,51.82271939,5.85396386
Gelderland,Kindcentrum De Boomgaard,Titiaanstraat,100,6663 PN,LENT,0268,NIJMEGEN,0242037220,primary,51.86762168,5.85140691
Gelderland,De Noorderstroom,Titiaanstraat,100,6663 PN,LENT,0268,NIJMEGEN,0242037500,primary,51.86762168,5.85140691
Gelderland,Basisschool met de Bijbel,Hoge Valkseweg,37,6741 GK,LUNTEREN,0228,EDE,0318461889,primary,52.11893611,5.68409512
Gelderland,Daltonschool St Joris,Hoflaan,4,7271 BR,BORCULO,1859,BERKELLAND,0545272573,primary,52.1124876,6.52219067
Gelderland,School met de Bijbel Ruitenbeek,Ruitenbeekweg,111,6741 HB,LUNTEREN,0228,EDE,0342417222,primary,52.12305838,5.63406507
Gelderland,School met de Bijbel Ruitenbeek,Lijsterstraat,6-8,3772 AV,BARNEVELD,0203,BARNEVELD, ,primary,52.13404331,5.58674621
Gelderland,Christelijke Basisschool De Wegwijzer,Kerkplein,2-A,5317 JT,NEDERHEMERT,0297,ZALTBOMMEL,0418552280,primary,51.76292044,5.1678634
Gelderland,Kindcentrum De Oersprong,Wilgenstraat,6,7071 KS,ULFT,1509,OUDE IJSSELSTREEK,0315769072,primary,51.89365708,6.36677786
Gelderland,Basissch De Borckeshof,Terborgseweg,25,7084 AC,BREEDENBROEK,1509,OUDE IJSSELSTREEK,0315655269,primary,51.87526915,6.46925405
Gelderland,Basisschool De Klimpaal,St Lidwinastraat,1,7075 AK,ETTEN,1509,OUDE IJSSELSTREEK,0315341367,primary,51.91636621,6.33507358
Gelderland,Basisschool Pius X,Hoofdstraat,35,7076 AG,VARSSELDER,1509,OUDE IJSSELSTREEK,0315641730,primary,51.88798716,6.35852303
Gelderland,Rooms Katholieke Basisschool Sint Liborius,Maurits Prinsstraat,25,7091 CV,DINXPERLO,0197,AALTEN,0315655667,primary,51.86367906,6.48417469
Gelderland,Mariaschool,Neptunus,8,7071 VG,ULFT,1509,OUDE IJSSELSTREEK,0315641071,primary,51.88474997,6.37983258
Gelderland,Sint Martinusschool,Sportlaan,2,7078 AV,MEGCHELEN,1509,OUDE IJSSELSTREEK,0315377652,primary,51.84015981,6.3907301
Gelderland,Basisschool H Walburgis,Emmerikseweg,4,7077 AP,NETTERDEN,1509,OUDE IJSSELSTREEK,0315386239,primary,51.8545006,6.31212291
Gelderland,IKC de Wijssel,Grotestraat,87,7081 CD,GENDRINGEN,1509,OUDE IJSSELSTREEK,0315640558,primary,51.87154676,6.37351385
Gelderland,Sint Bernardus-School,Sint Bernardusstraat,2,7256 AP,KEIJENBORG,1876,BRONCKHORST,0575461820,primary,52.02976288,6.29560744
Gelderland,Roncalli Basisschool,Padevoortseallee,21,7038 AL,ZEDDAM,1955,MONTFERLAND,0314651530,primary,51.90127589,6.26061414
Gelderland,Gaanderwijs,Pelgrimstraat,59-C,7011 BJ,GAANDEREN,0222,DOETINCHEM,0315325767,primary,51.9346115,6.34350945
Gelderland,Basisschool De Leer,Sint Michielsstraat,6,7255 AP,HENGELO GLD,1876,BRONCKHORST,0575461715,primary,52.05015929,6.30838492
Gelderland,Basisschool de Pannevogel,Prins Bernhardlaan,5-A,7221 BA,STEENDEREN,1876,BRONCKHORST,0575451357,primary,52.06909955,6.18806521
Gelderland,Het Timpaan school voor basisonderwijs,Koningin Wilhelminastr,10,7031 AC,WEHL,0222,DOETINCHEM,0314681330,primary,51.96177213,6.20744706
Gelderland,Basisschool De Boomgaard,Langestraat,14-A,7047 AP,BRAAMT,1955,MONTFERLAND,0314651637,primary,51.92471108,6.26575242
Gelderland,Dynamiek,Borgsche Rieten,15-G,7061 ZM,TERBORG,1509,OUDE IJSSELSTREEK,0315324907,primary,51.92248196,6.34930298
Gelderland,Het Rondeel,Schoolstraat,29,7037 AS,BEEK GEM MONTFERLAND,1955,MONTFERLAND,0316531453,primary,51.9063115,6.18701119
Gelderland,Basisschool Octa,Lavendelveld,23,7006 SM,DOETINCHEM,0222,DOETINCHEM,0314326807,primary,51.96484192,6.25036402
Gelderland,Montessori Basisschool De Pas,Prins Hendrikstraat,32,7001 GL,DOETINCHEM,0222,DOETINCHEM,0314330085,primary,51.96146017,6.29543739
Gelderland,Rooms Katholieke Basisschool Sint Jozef,Molenweg,2,7045 AG,AZEWIJN,1955,MONTFERLAND,0314651527,primary,51.88676975,6.30370786
Gelderland,Mariabasisschool,Schoolstraat,2,7041 ZM,'S-HEERENBERG,1955,MONTFERLAND,0314661863,primary,51.87480846,6.24961375
Gelderland,Pastoor Galamaschool,De Bongerd,22,7041 GL,'S-HEERENBERG,1955,MONTFERLAND,0314661485,primary,51.87917934,6.26057781
Gelderland,Rooms Katholieke Basisschool Dichterbij,Willy Brandtplein,6,7007 LA,DOETINCHEM,0222,DOETINCHEM,0314382850,primary,51.95169973,6.26412224
Gelderland,IKC Het Sterrenpalet,Prins Bernhardstraat,6,7151 DG,EIBERGEN,1859,BERKELLAND,0545471550,primary,52.0991872,6.65044317
Gelderland,Basisschool Kisveld,Hondelinkweg,2,7161 HG,NEEDE,1859,BERKELLAND,0545291341,primary,52.13337164,6.59689477
Gelderland,Basisschool De Kraanvogel,Eikenlaan,22,7251 LT,VORDEN,1876,BRONCKHORST,0575556652,primary,52.09963407,6.36037352
Gelderland,H J Piekschool,Roghorst,94,6708 KP,WAGENINGEN,0289,WAGENINGEN,0317415046,primary,51.97938064,5.66786419
Gelderland,t Blokhuus,Frans Tromplaan,49,3871 EM,HOEVELAKEN,0267,NIJKERK,0332534850,primary,52.17271023,5.4629996
Gelderland,Rooms Katholieke Basisschool Het Baken,Groenestraat,7,3861 CL,NIJKERK,0267,NIJKERK,0332451412,primary,52.22171017,5.48216735
Gelderland,Rooms Katholieke Basisschool De Doornick,Blauwe Hoek,40,6686 AE,DOORNENBURG,1705,LINGEWAARD,0481421208,primary,51.8886334,6.0017219
Gelderland,Basisschool Marang,Wilhelminastraat,2,6687 BA,ANGEREN,1705,LINGEWAARD,0263252725,primary,51.91451232,5.95631045
Gelderland,IKC De Vonkenmorgen,Schoolstraat,1,6691 XP,GENDT,1705,LINGEWAARD,0481421371,primary,51.87634978,5.96978636
Gelderland,Basissch de Borgwal,Het Hoog,20,6681 DE,BEMMEL,1705,LINGEWAARD,0481450184,primary,51.89632165,5.90099369
Gelderland,IKC PiusX,Cuperstraat,7,6681 AR,BEMMEL,1705,LINGEWAARD,0481461592,primary,51.89153435,5.89429384
Gelderland,Jenaplan IKC Donatushof,Flierenhofstraat,34,6681 BZ,BEMMEL,1705,LINGEWAARD,0481461827,primary,51.89003838,5.89933222
Gelderland,Katholieke basisschool De Wieling,Kolkweg,5,6685 BC,HAALDEREN,1705,LINGEWAARD,0481462172,primary,51.88523734,5.93035581
Gelderland,de Fonkelsteen,Prins Clausstraat,2-B,5301 RT,ZALTBOMMEL,0297,ZALTBOMMEL,0418514455,primary,51.80283578,5.25054607
Gelderland,Basisschool Boaz-Jachin,Ds. Kalshovenweg,15,8075 AE,ELSPEET,0302,NUNSPEET,0577491310,primary,52.29242041,5.78449901
Gelderland,Reformatorische Basisschool Eben Haezer,Molenstraat,98,6721 WP,BENNEKOM,0228,EDE,0318430660,primary,52.00148923,5.66536093
Gelderland,Christelijke Basisschool,Kerkstraat,33,5313 AP,NIEUWAAL,0297,ZALTBOMMEL,0418561614,primary,51.80964173,5.17739511
Gelderland,RK BS De Geldershof,Laauwikstraat,11,6663 CD,LENT,0268,NIJMEGEN,0243233510,primary,51.86393745,5.86523484
Gelderland,Protestants Christelijke Basisschool Prins Bernhard,Wiekslag,25,3853 BG,ERMELO,0233,ERMELO,0341551624,primary,52.29731337,5.60392727
Gelderland,PC Basissch Kon Juliana,Spechtstraat,49,3853 VA,ERMELO,0233,ERMELO,0341552284,primary,52.29240783,5.60296523
Gelderland,Protestants Christelijke Basisschool De Klokbeker,De la Reystraat,134,3851 BL,ERMELO,0233,ERMELO,0341556378,primary,52.28885081,5.61147807
Gelderland,Protestants Christelijke Basisschool Margriet,Hamburgerweg,141,3851 EJ,ERMELO,0233,ERMELO,0341557900,primary,52.29532652,5.61710375
Gelderland,Protestants Christelijke Basisschool Beatrix,Smidsweg,49,3852 XA,ERMELO,0233,ERMELO,0341554186,primary,52.29748085,5.63314427
Gelderland,Basisschool Bastion,Pater Jan de Vriesstraat,17,7126 BL,BREDEVOORT,0197,AALTEN,0543451529,primary,51.94309638,6.62081062
Gelderland,De Trompetter,Prinses Margrietlaan,8,6986 AT,ANGERLO,0299,ZEVENAAR,0313473067,primary,51.9969021,6.13464282
Gelderland,IKC De Tragellijn,Graaf Ottoweg,91,6915 VT,LOBITH,0299,ZEVENAAR,0316541390,primary,51.85900528,6.11155781
Gelderland,IKC Franciscus,Babborgaplein,3-B,6909 DW,BABBERICH,0299,ZEVENAAR,0316247226,primary,51.90597215,6.11792457
Gelderland,Basisschool Sprankel,Carvium,1,6914 AP,HERWEN,0299,ZEVENAAR,0316247480,primary,51.88578451,6.10121514
Gelderland,IKC het Ravelijn,De Steenderens,1,6932 CA,WESTERVOORT,0293,WESTERVOORT,0263120875,primary,51.95078413,5.97925896
Gelderland,IKC St. Martinus,Martinusweg,6,6905 AR,ZEVENAAR,0299,ZEVENAAR,0316523185,primary,51.91540532,6.08230092
Gelderland,Rooms Katholieke Paulusschool,Kerkstraat,68,6987 AD,GIESBEEK,0299,ZEVENAAR,0313631273,primary,51.99721228,6.07163037
Gelderland,IKC De Droomgaard,Goudhaanstraat,38,6921 KC,DUIVEN,0226,DUIVEN,0316261604,primary,51.94584438,6.01643722
Gelderland,De Expeditie,Reinskamp,2,6942 RZ,DIDAM,1955,MONTFERLAND,0316223766,primary,51.92864827,6.12238836
Gelderland,Rooms Katholieke Basisschool 't Scathe,Schoolstraat,1,6911 AX,PANNERDEN,0299,ZEVENAAR,0316373087,primary,51.88867585,6.03920599
Gelderland,NovaMundi,Paepestraat,23,6931 CP,WESTERVOORT,0293,WESTERVOORT,0263120924,primary,51.95865782,5.96421021
Gelderland,Lindenhage,Platanenlaan,3,6903 DK,ZEVENAAR,0299,ZEVENAAR,0316523639,primary,51.93897596,6.07117741
Gelderland,Kindcentrum de Ontdekking,Polstraat,62,6942 VM,DIDAM,1955,MONTFERLAND,0316223252,primary,51.94551252,6.13272717
Gelderland,De Wissel,Westeinde,101,6904 AC,ZEVENAAR,0299,ZEVENAAR,0316523738,primary,51.93259023,6.06714764
Gelderland,De Toorts,Marsweg,5,6941 BG,DIDAM,1955,MONTFERLAND,0316224069,primary,51.94000956,6.12511851
Gelderland,Sint Jozef,Wehlseweg,48,6941 DM,DIDAM,1955,MONTFERLAND,0316223875,primary,51.95209753,6.14640532
Gelderland,IKC De Tamboerijn,Paganinistraat,17,6904 EG,ZEVENAAR,0299,ZEVENAAR,0316524158,primary,51.92956299,6.06101804
Gelderland,Het Kofschip,Platanenlaan,1,6903 DK,ZEVENAAR,0299,ZEVENAAR,0316525619,primary,51.93913085,6.07173174
Gelderland,De Carrousel,Kardinaal de Jongstraat,2,6904 BE,ZEVENAAR,0299,ZEVENAAR,0316526069,primary,51.92939842,6.06471892
Gelderland,IKC Het Klokhuis,Walcherenstraat,7,6922 DB,DUIVEN,0226,DUIVEN,0316266316,primary,51.9392572,6.01294765
Gelderland,IKC Het Veer,Rottumstraat,85,6922 EX,DUIVEN,0226,DUIVEN,0316280550,primary,51.93995994,6.00584597
Gelderland,Openbare Basisschool Toermalijn,Bergkristal,19,6922 NP,DUIVEN,0226,DUIVEN,0316266738,primary,51.94358244,6.00070207
Gelderland,De Bem,Bemlaan,5,6905 VH,ZEVENAAR,0299,ZEVENAAR,0316528877,primary,51.91900792,6.10214895
Gelderland,Sterrenschool Zevenaar,Guido Gezellestraat,42,6901 KZ,ZEVENAAR,0299,ZEVENAAR,0316848913,primary,51.92793022,6.08584228
Gelderland,Vrije School De Kleine Prins,Torontostraat,1,7007 BK,DOETINCHEM,0222,DOETINCHEM,0314364032,primary,51.95615961,6.28527983
Gelderland,Vrije Basisschool De Esch,Rusthuisstraat,28,7101 JH,WINTERSWIJK,0294,WINTERSWIJK,0543514595,primary,51.96355602,6.72358448
Gelderland,Vrije School Valentijn,Vliepad,1,3844 EL,HARDERWIJK,0243,HARDERWIJK,0341419364,primary,52.34129925,5.61203232
Gelderland,Parcivalschool,Zwanebloemlaan,4,6832 HG,ARNHEM,0202,ARNHEM,0263213174,primary,51.96235621,5.91411828
Gelderland,Vrije School De Vijfster,Texandrilaan,30,7312 HR,APELDOORN,0200,APELDOORN,0553559010,primary,52.20442998,5.9301079
Gelderland,Blink,Jan van Riebeeckstraat,9,4105 BA,CULEMBORG,0216,CULEMBORG,0345523698,primary,51.95140334,5.21990542
Gelderland,PCBO Prinses Juliana,Tullekensmolenweg,77,7364 BA,LIEREN,0200,APELDOORN,0555061460,primary,52.16369153,5.98433142
Gelderland,PCBO Spreng Ugchelen,Bogaardslaan,75,7339 AN,UGCHELEN,0200,APELDOORN,0555332585,primary,52.18260607,5.9356698
Gelderland,De Ontdekking PC Jenaplanschool,Schopenhauerstraat,277,7323 MB,APELDOORN,0200,APELDOORN,0553663540,primary,52.2238674,6.00348862
Gelderland,PCBO De Ploeg,Holtrichtersveld,3,7327 DJ,APELDOORN,0200,APELDOORN,0555411335,primary,52.1901118,5.99636827
Gelderland,PCBO De Terebint,Rederijkershoeve,19,7326 TH,APELDOORN,0200,APELDOORN,0555414188,primary,52.1917398,6.00841681
Gelderland,PCBO De Kring,Voldersdreef,303,7328 CA,APELDOORN,0200,APELDOORN,0555334146,primary,52.19751712,5.98563257
Gelderland,PCBO De Fakkel,Roerdompweg,3,7331 CL,APELDOORN,0200,APELDOORN,0555334248,primary,52.20428068,5.96592915
Gelderland,PCBO Willem Van Oranje,Kobaltstraat,15,7334 AL,APELDOORN,0200,APELDOORN,0555331221,primary,52.19213412,5.95949054
Gelderland,PCBO De Diamant het Kristal,Laan van de Charleston,71,7323 RV,APELDOORN,0200,APELDOORN,0557630402,primary,52.23543894,5.99648551
Gelderland,PCBO De Gong,Koperslagersdonk,4,7326 HM,APELDOORN,0200,APELDOORN,0555422293,primary,52.19992493,6.00710839
Gelderland,PCBO Emmaschool,Thorbeckestraat,8,7331 RG,APELDOORN,0200,APELDOORN,0555333769,primary,52.20054391,5.97507196
Gelderland,PCBO Het Kompas,1e Wormenseweg,460,7333 GZ,APELDOORN,0200,APELDOORN,0555334405,primary,52.19208346,5.97354128
Gelderland,PC Montessorischool Passe-Partout Kerschoten,Boerhaavestraat,111,7316 LE,APELDOORN,0200,APELDOORN,0555218071,primary,52.23252306,5.96719422
Gelderland,Montessorischool PP Centrum,Lange Grafte,37,7321 ZC,APELDOORN,0200,APELDOORN,0553555352,primary,52.2151442,5.9715921
Gelderland,PCBO Prinses Margriet,Sluisoordlaan,198,7322 EL,APELDOORN,0200,APELDOORN,0553665294,primary,52.22508095,5.98337809
Gelderland,PCBO De Ichthus,Kalmoesstraat,261,7322 NS,APELDOORN,0200,APELDOORN,0553666057,primary,52.22194907,5.99487163
Gelderland,PCBO De Sjofar Prinses Beatrix,Papegaaiweg,95,7345 DL,WENUM WIESEL,0200,APELDOORN,0553121977,primary,52.25480172,5.96287712
Gelderland,PCBO De Diamant Beemte,Beemterweg,31,7341 PC,BEEMTE BROEKLAND,0200,APELDOORN,0553121377,primary,52.25673258,5.99028033
Gelderland,PCBO De Wegwijzer,Eburonenstraat,48,7312 JR,APELDOORN,0200,APELDOORN,0553554624,primary,52.20550623,5.93675156
Gelderland,PCBO Koningin Wilhelmina,Prof. Rontgenstraat,10,7311 AM,APELDOORN,0200,APELDOORN,0555212389,primary,52.21816186,5.95781358
Gelderland,PCBO De Korenaar,Staringlaan,53,7314 LN,APELDOORN,0200,APELDOORN,0553554162,primary,52.21298074,5.94196873
Gelderland,PCBO De Sjofar,Glazeniershorst,404,7328 TK,APELDOORN,0200,APELDOORN,0555337856,primary,52.20367076,5.99306266
Gelderland,PCBO Regenboog-Woudhuis,Lage Landenlaan,1,7325 NR,APELDOORN,0200,APELDOORN,0553667288,primary,52.21486752,6.00844045
Gelderland,PCBO Regenboog-Osseveld,De Keerkring,70,7325 EA,APELDOORN,0200,APELDOORN,0555060541,primary,52.21649895,6.00671535
Gelderland,PCBO De Diamant het Rooster,Laan van de Leeuw,299,7324 BD,APELDOORN,0200,APELDOORN,0553665671,primary,52.24255706,5.99818713
Gelderland,Protestants Christelijke Basisschool De Klokkenberg,Kopseweg,7,6522 KB,NIJMEGEN,0268,NIJMEGEN,0243229220,primary,51.83774494,5.88998977
Gelderland,Basisschool 't Kempken,Beuksveld,6,7104 BD,WINTERSWIJK MEDDO,0294,WINTERSWIJK,0543569406,primary,52.01261306,6.70660471
Gelderland,Christelijk Kindcentrum De Koepel,Nieuwe Maanderbuurtweg,2,6717 AS,EDE,0228,EDE,0318630564,primary,52.03087512,5.6521372
Gelderland,Nederlands Hervormde Basisschool De Zaaier,Broekhuizenstraat,10,3784 WT,TERSCHUUR,0203,BARNEVELD,0342461667,primary,52.16530153,5.51743124
Gelderland,Veldhuizerschool,Kraatsweg,11,6712 DA,EDE,0228,EDE,0318615269,primary,52.04898169,5.65379652
Gelderland,Paasbergschool,Kleefsehoek,1-A,6711 SP,EDE,0228,EDE,0318616670,primary,52.04881949,5.67343976
Gelderland,Schimmelpenninck van de Oijeschool,Oosterdorpsstraat,16,3871 AD,HOEVELAKEN,0267,NIJKERK,0332535745,primary,52.17592078,5.46003733
Gelderland,Integraal Kindcentrum Juliana,Wethouder Rebellaan,142,3771 KA,BARNEVELD,0203,BARNEVELD,0342412165,primary,52.14974562,5.57998112
Gelderland,Basisschool Prins Willem Alexander,Van Schothorststraat,22,3772 AX,BARNEVELD,0203,BARNEVELD,0342415634,primary,52.13305752,5.58620386
Gelderland,Willem van Oranje School Hervormde School Basisonderwijs,Lange Voren,88,3773 AS,BARNEVELD,0203,BARNEVELD,0342490651,primary,52.13866696,5.60602217
Gelderland,IKC Amalia,Nederwoudseweg,23,3772 TD,BARNEVELD,0203,BARNEVELD,0342478243,primary,52.12475026,5.57742553
Gelderland,Basisschool Ariane,Tusolaan,6,3772 WP,BARNEVELD,0203,BARNEVELD,0342231279,primary,52.1286428,5.59937955
Gelderland,Protestants Christelijke Basisschool De Triangel,Beethovenstraat,20,6961 BE,EERBEEK,0213,BRUMMEN,0313651042,primary,52.10758829,6.05474608
Gelderland,Basisschool de Enk,H.A. Lorentzstraat,3,6961 XK,EERBEEK,0213,BRUMMEN,0313651796,primary,52.10262447,6.05651715
Gelderland,Christelijke Basisschool,Stationsweg,87,8166 KA,EMST,0232,EPE,0578661288,primary,52.31390384,5.98432405
Gelderland,Koningin Beatrixschool,Kosterijweg,7,3774 BG,KOOTWIJKERBROEK,0203,BARNEVELD,0342442000,primary,52.15231309,5.67069133
Gelderland,Christelijke Basisschool Prins Bernhard,Dr. H.C. Bosstraat,25,3886 KA,GARDEREN,0203,BARNEVELD,0577461355,primary,52.23481695,5.71495072
Gelderland,De Bron,Stroeerweg,76,3776 MK,STROE,0203,BARNEVELD,0342442250,primary,52.1848659,5.69215758
Gelderland,Christelijke Basisschool Het Mosterdzaadje,Oranjeweg,116,8166 JD,EMST,0232,EPE,0578661863,primary,52.3135524,5.89553881
Gelderland,CBS De Parel,Zuiderzeestraatweg,145,3849 AD,HIERDEN,0243,HARDERWIJK,0341451295,primary,52.3573546,5.676231
Gelderland,Basisschool het Baken,Vollenhovemeen,29,3844 NC,HARDERWIJK,0243,HARDERWIJK,0341416645,primary,52.33759929,5.60663457
Gelderland,PC BS De Schakel,Vondellaan,26,3842 EH,HARDERWIJK,0243,HARDERWIJK,0341416557,primary,52.34315628,5.63278659
Gelderland,Basisschool de Wegwijzer,Kennedylaan,1,3844 BA,HARDERWIJK,0243,HARDERWIJK,0341416780,primary,52.33517793,5.61754285
Gelderland,Basisschool De Brug,Piet Heinlaan,22,3843 EZ,HARDERWIJK,0243,HARDERWIJK,0341416576,primary,52.34009722,5.64133301
Gelderland,Christelijke Basisschool DOK 19,Flevoweg,73,3841 KK,HARDERWIJK,0243,HARDERWIJK,0341416622,primary,52.3536464,5.62941997
Gelderland,Basisschool de Rank,Bongerdsteeg,1,3841 CV,HARDERWIJK,0243,HARDERWIJK,0341416748,primary,52.35005051,5.61648199
Gelderland,Basisschool Willem Alexander,Veldkamp,33,3843 BG,HARDERWIJK,0243,HARDERWIJK,0341416770,primary,52.33107084,5.62645585
Gelderland,Christelijke basisschool  De Bron,Frankenskamp,4,3848 DE,HARDERWIJK,0243,HARDERWIJK,0341426704,primary,52.34882501,5.64814792
Gelderland,Basisschool de Triangel,Tonselsedreef,60,3845 CT,HARDERWIJK,0243,HARDERWIJK,0341433965,primary,52.3252555,5.59781052
Gelderland,C.B.S. Het Startblok,Biezenplein,2,3845 KA,HARDERWIJK,0243,HARDERWIJK,0341430921,primary,52.32615233,5.59005355
Gelderland,Basisschool Prinses Beatrix,Hoefslag,18,8077 SZ,HULSHORST,0302,NUNSPEET,0341451867,primary,52.36349062,5.73372211
Gelderland,Christelijke Basisschool Nederwoud,Kruisbeekweg,45,6741 NE,LUNTEREN,0228,EDE,0318482204,primary,52.08969553,5.57640721
Gelderland,De Bron,Postweg,7,6741 BA,LUNTEREN,0228,EDE,0318482526,primary,52.08593758,5.61731623
Gelderland,De Wegwijzer,Kerkhoflaan,27,6741 BN,LUNTEREN,0228,EDE,0318482122,primary,52.08059426,5.61956449
Gelderland,Christelijke Basisschool De Appelgaard,Barneveldseweg,182,3862 PD,NIJKERK,0267,NIJKERK,0342461632,primary,52.19522014,5.52711323
Gelderland,Basisschool De Horizon,Van Noortstraat,36,3864 EV,NIJKERKERVEEN,0267,NIJKERK,0332571623,primary,52.19604792,5.46680192
Gelderland,Rehobothschool,Brink,43-A,3861 VA,NIJKERK,0267,NIJKERK,0332451709,primary,52.22459456,5.47927479
Gelderland,Maranathaschool,Grieglaan,4,3862 GV,NIJKERK,0267,NIJKERK,0332451413,primary,52.21252241,5.48809326
Gelderland,Ichthusschool,Cornelis van Ramshorstln,3,3863 AZ,NIJKERK,0267,NIJKERK,0332462242,primary,52.21636878,5.46973189
Gelderland,De Hoeksteen,Zandoogje,1,3863 HS,NIJKERK,0267,NIJKERK,0332452824,primary,52.21099805,5.46215832
Gelderland,Protestants Christelijk Basisonderwijs De Wegwijzer,Groeneveltstraat,127,3882 XE,PUTTEN,0273,PUTTEN,0341353104,primary,52.25083958,5.60266036
Gelderland,Protestants Christelijk Basisschool De Pelikaan,Boekweitstraat,24,3882 GN,PUTTEN,0273,PUTTEN,0341357799,primary,52.25560633,5.59278144
Gelderland,Protestants Christelijk Basisonderwijs Hoef,Leembruggerweg,1,3882 RV,PUTTEN,0273,PUTTEN,0341351612,primary,52.25040666,5.54636444
Gelderland,Basisschool De Lichtbron,Vinkenweg,8,8191 XN,WAPENVELD,0246,HEERDE,0384478260,primary,52.42602221,6.07055558
Gelderland,cbs De Parel,Klapperdijk,35,8191 AC,WAPENVELD,0246,HEERDE,0384478205,primary,52.43222069,6.07573902
Gelderland,G J Van Den Brinkschool,Oude Eekmolenweg,30,6706 AP,WAGENINGEN,0289,WAGENINGEN,0317413395,primary,51.97016247,5.67242568
Groningen,De Clockeslach,Smederij,12,9541 AX,VLAGTWEDDE,1950,WESTERWOLDE,0599345688,primary,53.02510337,7.10825939
Groningen,Openbare Basisschool de Klimop,Ter Apelkanaal Oost,113-A,9563 RE,TER APELKANAAL,1950,WESTERWOLDE,0599416425,primary,52.91199828,7.05002875
Groningen,OBS De Vlinder,Jan Westerlaan,3,9561 GN,TER APEL,1950,WESTERWOLDE,0599583477,primary,52.87804571,7.06002531
Groningen,Basisschool op de Esch,Korteweg,2-B,9551 BM,SELLINGEN,1950,WESTERWOLDE,0599322548,primary,52.94421867,7.14976099
Groningen,Basisschool Plaggenborg,Wollinghuizerweg,27,9551 TG,SELLINGEN,1950,WESTERWOLDE,0599326300,primary,52.98000995,7.15281605
Groningen,Willem Lodewijck,Willem Lodewijkstraat,19,9545 PA,BOURTANGE,1950,WESTERWOLDE,0599354448,primary,53.00925209,7.18806471
Groningen,Streekschool De Wierde Gereformeerd Basisonderwijs,Aemckenheerd,2,9951 VZ,WINSUM GN,1966,HET HOGELAND,0595443326,primary,53.32588893,6.52581603
Groningen,Jenaplansch T Vlot,Mars,1-C,9602 KZ,HOOGEZAND,1952,MIDDEN-GRONINGEN,0598323082,primary,53.15098602,6.75050688
Groningen,Groningse Schoolvereniging,Sweelincklaan,4,9722 JV,GRONINGEN,0014,GRONINGEN,0505270818,primary,53.19915294,6.58772221
Groningen,Openbare Basisschool Kromme Akkers,Hunzeweg,68,9893 PD,GARNWERD,1969,WESTERKWARTIER,0594628000,primary,53.30241803,6.49400903
Groningen,Openbare School Klinkenborg,Pastorieweg,6,9995 PN,KANTENS,1966,HET HOGELAND,0595551788,primary,53.36495565,6.6323409
Groningen,Openbare Basisschool De Noordster,Burg Geerlingstraat,2,9988 SC,USQUERT,1966,HET HOGELAND,0595423690,primary,53.40203783,6.61503243
Groningen,Christelijke Basisschool Koning Willem-Alexander,Oude Tilsterweg,2,9981 JT,UITHUIZEN,1966,HET HOGELAND,0595432136,primary,53.40176833,6.66977307
Groningen,Christelijke Basisschool De Fontein,Riekele Prinsstraat,1-A,9791 DB,TEN BOER,0014,GRONINGEN,0503021571,primary,53.2794291,6.70522229
Groningen,Christelijke Basisschool De Rank,De Volle Handt,1,9989 DC,WARFFUM,1966,HET HOGELAND,0595423759,primary,53.38814833,6.55859152
Groningen,Protestants Christelijke BasisschoolDe Piramiden,Meeden,1-G,9951 HZ,WINSUM GN,1966,HET HOGELAND,0595442070,primary,53.33052154,6.52896978
Groningen,C B S  De Noordkaap,Willem de Merodelaan,1,9982 LK,UITHUIZERMEEDEN,1966,HET HOGELAND,0595413662,primary,53.41593522,6.7306459
Groningen,Samenwerkingsschool Op Wier,Schoolstraat,28,9891 BE,EZINGE,1969,WESTERKWARTIER,0594628001,primary,53.30813865,6.44347602
Groningen,Openbare Dalton Basis School Nijenstein,Onnemaweg,1,9997 NG,ZANDEWEER,1966,HET HOGELAND,0595433344,primary,53.3854674,6.68114618
Groningen,SWS Noorderlicht,Meijmaweg,9-A,9955 VC,RASQUERT,1966,HET HOGELAND,0595422704,primary,53.36620192,6.51500197
Groningen,sws De Leenstertil,R. Ritzemastraat,2-A,9965 TD,LEENS,1966,HET HOGELAND,0595572257,primary,53.36224088,6.37589902
Groningen,CBS De Wieken,Oldenhuisstraat,6,9792 PM,TEN POST,0014,GRONINGEN,0503022820,primary,53.29683422,6.72874364
Groningen,Christelijke Basisschool De Til,Kerkstraat,6,9797 PD,THESINGE,0014,GRONINGEN,0503021172,primary,53.26756028,6.65105753
Groningen,Christelijke Basisschool De Meander,Lindenlaan,14,9771 AM,SAUWERD,1966,HET HOGELAND,0503061571,primary,53.29409824,6.53693018
Groningen,Basisschool Borg,Borgweg,46,9951 BG,WINSUM GN,1966,HET HOGELAND,0595442318,primary,53.32797984,6.5185014
Groningen,s.w.s. De Zoutkamperril,H. Doornbosweg,2-A,9974 PE,ZOUTKAMP,1966,HET HOGELAND,0595402614,primary,53.33730868,6.30772417
Groningen,Basisschool 't Groenland,Van Berumstraat,2,9785 BG,ZUIDWOLDE GN,1966,HET HOGELAND,0503012348,primary,53.26400019,6.59109819
Groningen,openbare basisschool De Negen Wieken,Het Hooge Heem,1,9951 BT,WINSUM GN,1966,HET HOGELAND,0595441269,primary,53.33080648,6.51892088
Groningen,School Met De Bijbel De Regenboog,Schoolstraat,12,9781 JN,BEDUM,1966,HET HOGELAND,0503012724,primary,53.29945583,6.602488
Groningen,Openbare basisschool Tiggeldobbe,Meeden,1,9951 HZ,WINSUM GN,1966,HET HOGELAND,0595441831,primary,53.33058827,6.52818254
Groningen,Samenwerkingsschool De Dobbe,Zuster Kortestraat,73,9983 SW,ROODESCHOOL,1966,HET HOGELAND,0595413394,primary,53.41903834,6.7644756
Groningen,Openbare Basisschool Brunwerd,Oude Tilsterweg,2-B,9981 JT,UITHUIZEN,1966,HET HOGELAND,0595432148,primary,53.40118164,6.67161751
Groningen,NBS De Sterren,Willem de Merodelaan,5,9982 LK,UITHUIZERMEEDEN,1966,HET HOGELAND,0595412802,primary,53.41588568,6.7307258
Groningen,Hendrik de Cockschool,Borgweg,46-A,9971 CN,ULRUM,1966,HET HOGELAND,0595402567,primary,53.35659257,6.33653839
Groningen,OBS De Wierde,Kleinestraat,8,9774 PN,ADORP,1966,HET HOGELAND,0503061261,primary,53.27348294,6.5342222
Groningen,openbare basisschool FH Jansenius De Vries,De Volle Handt,1-A,9989 DC,WARFFUM,1966,HET HOGELAND,0595422330,primary,53.38814833,6.55859152
Groningen,Basisschool Mandegoud,Halsemastraat,6-B,9977 SE,KLOOSTERBUREN,1966,HET HOGELAND,0595481747,primary,53.38658363,6.38791174
Groningen,IKC De Linde,Hunse,2,9967 PS,EENRUM,1966,HET HOGELAND,0595492080,primary,53.36017348,6.45897766
Groningen,Montessori Basisschool De Getijden,Frederiksoordweg,26-D,9968 AL,PIETERBUREN,1966,HET HOGELAND,0595528520,primary,53.4014863,6.45331674
Groningen,CBS De Verbinding,Verbindingsweg,2,9581 TH,MUSSELKANAAL,0037,STADSKANAAL,0599412502,primary,52.94944336,6.99288567
Groningen,CBS  Anne de Vries,Margrietlaan,3,9503 KA,STADSKANAAL,0037,STADSKANAAL,0599617411,primary,52.98448472,6.95457996
Groningen,CBS Het Gebint,Korteweg,2-A,9551 BM,SELLINGEN,1950,WESTERWOLDE,0599322556,primary,52.94411306,7.14987823
Groningen,CBS Oranje Nassauschool,Meidoornstraat,9,9501 VX,STADSKANAAL,0037,STADSKANAAL,0599651572,primary,52.99994478,6.93529923
Groningen,CBS De Lindenborgh,Kerkstraat,1,9581 TV,MUSSELKANAAL,0037,STADSKANAAL,0599412516,primary,52.93388942,7.01094703
Groningen,CBS De Zaaier,Smederij,18,9541 AX,VLAGTWEDDE,1950,WESTERWOLDE,0599345677,primary,53.02482156,7.10862793
Groningen,CBS De Rank,Boslaan,18,9591 BJ,ONSTWEDDE,0037,STADSKANAAL,0599331677,primary,53.03513479,7.04010854
Groningen,CBS Het Mozaïek,Acaciahage,17-19,9501 WD,STADSKANAAL,0037,STADSKANAAL,0599614924,primary,52.98394794,6.96534962
Groningen,CBS De Verrekijker,St. Luciastraat,9-A,9561 GB,TER APEL,1950,WESTERWOLDE,0599582040,primary,52.87628036,7.05094815
Groningen,CBS Op de Zandtange,Zandtangerweg,29,9584 AL,MUSSEL,0037,STADSKANAAL,0599454814,primary,52.95486791,7.04176253
Groningen,CBS De Maarsborg,De Wedde,11-13,9502 BD,STADSKANAAL,0037,STADSKANAAL,0599615830,primary,52.999461,6.96793309
Groningen,CBS De Hochte,Beumeesweg,102,9661 AK,ALTEVEER GN,0037,STADSKANAAL,0599331348,primary,53.05016627,7.00674382
Groningen,Openbare Basisschool De Borgh,Rijksstraatweg,1,9801 AM,ZUIDHORN,1969,WESTERKWARTIER,0594500486,primary,53.25022477,6.40763829
Groningen,CBS Remmelt Booy,Terpstrastraat,12,9863 PV,DOEZUM,1969,WESTERKWARTIER,0594613743,primary,53.20222453,6.25080609
Groningen,CBS Jan Kuipers,Noorderdwarslaan,19,9861 CB,GROOTEGAST,1969,WESTERKWARTIER,0594612880,primary,53.21166241,6.27629226
Groningen,SWS De Groene Borg,Provincialeweg,55,9864 PB,KORNHORN,1969,WESTERKWARTIER,0594659104,primary,53.18243536,6.24480154
Groningen,IKC De Steltloper,Oosterweg,56,9367 RM,DE WILP,1969,WESTERKWARTIER,0594641858,primary,53.11907275,6.26000334
Groningen,Openbare Basisschool De Molenberg,Bovenweg,56-A,9861 GJ,GROOTEGAST,1969,WESTERKWARTIER,0594612661,primary,53.20715221,6.26734558
Groningen,SWS De Klimboom,Hoofdweg,46,9362 RA,BOERAKKER,1969,WESTERKWARTIER,0594549015,primary,53.18641682,6.32858355
Groningen,CBS De Bron,Hoornweg,44,9363 EH,MARUM,1969,WESTERKWARTIER,0594641624,primary,53.14086265,6.25954538
Groningen,CBS Rehoboth,Ykesloot,6,9821 TS,OLDEKERK,1969,WESTERKWARTIER,0594500998,primary,53.2204356,6.33917607
Groningen,CBS 't Fundament,Zeehaanstraat,3,9866 AT,LUTJEGAST,1969,WESTERKWARTIER,0594612192,primary,53.23325196,6.25843518
Groningen,SWS De Adeborg,Kleiweg,1-3,9831 PL,ADUARD,1969,WESTERKWARTIER,0504031800,primary,53.2573555,6.45802786
Groningen,CBS De Borgstee,De Singel,11,9843 ES,GRIJPSKERK,1969,WESTERKWARTIER,0594213008,primary,53.26254742,6.30218702
Groningen,SWS de Humstee,Wengeweer,2,9883 PR,OLDEHOVE,1969,WESTERKWARTIER,0594591713,primary,53.30232028,6.39557744
Groningen,CBS De Rietstek,Wigbold van Ewsumstraat,1,9882 PM,KOMMERZIJL,1969,WESTERKWARTIER,0594213624,primary,53.28765852,6.32792806
Groningen,Samenlevingsschool de Binding,Verbindingsweg,4,9865 TE,OPENDE,1969,WESTERKWARTIER,0594659522,primary,53.17538933,6.19765824
Groningen,SLS Het Nautilus,Geert Waldastraat,2,9801 AW,ZUIDHORN,1969,WESTERKWARTIER,0594208000,primary,53.25270491,6.39953652
Groningen,Samenlevingsschool De Stapsteen,Oldenoert,23-I,9351 KN,LEEK,1969,WESTERKWARTIER,0594514711,primary,53.16696396,6.37253658
Groningen,CBS Van Panhuys,De Knip,1-C,9351 XZ,LEEK,1969,WESTERKWARTIER,0594513955,primary,53.14622293,6.37254257
Groningen,CBS het Anker,Rijksstraatweg,1,9801 AM,ZUIDHORN,1969,WESTERKWARTIER,0594500313,primary,53.25022477,6.40763829
Groningen,CBS De Regenboog,'t Oelbred,4,9356 ED,TOLBERT,1969,WESTERKWARTIER,0594515226,primary,53.16104474,6.3669664
Groningen,SWS de Vlieger,Hamsterpad,1,9804 PZ,NOORDHORN,1969,WESTERKWARTIER,0594500244,primary,53.26275856,6.3997423
Groningen,OBS De Hasselbraam,De Knip,1-B,9351 XZ,LEEK,1969,WESTERKWARTIER,0594514808,primary,53.14624669,6.3727441
Groningen,CBS de Windroos,Evertsenstraat,7,9801 GK,ZUIDHORN,1969,WESTERKWARTIER,0594500249,primary,53.24242911,6.39796247
Groningen,obs De Nijenoert,Nijenoertweg,38-B,9351 HT,LEEK,1969,WESTERKWARTIER,0594514815,primary,53.1592467,6.37848151
Groningen,Basisschool De Beelen,Beelen,3,9356 CZ,TOLBERT,1969,WESTERKWARTIER,0594513923,primary,53.16614786,6.36480546
Groningen,Samenwerkingsschool De Gavelander,De Boomgaard,1,9828 RC,OOSTWOLD WESTERKWARTIER,1969,WESTERKWARTIER,0505515463,primary,53.19962996,6.43850111
Groningen,Kindcentrum De Zevenster,Grote Veenbrandstraat,17,9354 XH,ZEVENHUIZEN GN,1969,WESTERKWARTIER,0594631755,primary,53.12497005,6.34380702
Groningen,Openbare Basisschool De Opstap,De Ommegang,11-A,9822 AZ,NIEKERK WESTERKWARTIER,1969,WESTERKWARTIER,0594500089,primary,53.22408865,6.35208881
Groningen,Openbare Basisschool De Springplank,Hoornweg,44-A,9363 EH,MARUM,1969,WESTERKWARTIER,0594642755,primary,53.14086265,6.25954538
Groningen,Basisschool De Triangel,Kievitsweg,2-K,9843 HA,GRIJPSKERK,1969,WESTERKWARTIER,0594213342,primary,53.2647808,6.30464838
Groningen,Jenaplanschool WIJland,Zuiderstraat,1-A,9991 CM,MIDDELSTUM,1979,EEMSDELTA,0595552442,primary,53.34407232,6.64141128
Groningen,Christelijke Basisschool De Citer,Olingermeeden,8,9903 ET,APPINGEDAM,1979,EEMSDELTA,0596680003,primary,53.31699052,6.85208964
Groningen,Christelijke Basisschool Roemte,Schoolstraat,3,9919 HX,LOPPERSUM,1979,EEMSDELTA,0596571390,primary,53.33351208,6.74066807
Groningen,Kindcentrum 't Maar,Willem de Merodelaan,2-A,9909 BW,SPIJK GN,1979,EEMSDELTA,0596592006,primary,53.38690193,6.841259
Groningen,Basisschool De Huifkar,Riekele Prinsstraat,1-B,9791 DB,TEN BOER,0014,GRONINGEN,0503022410,primary,53.27957686,6.70495539
Groningen,Togtemaarschool,De Vlijt,16,9781 NR,BEDUM,1966,HET HOGELAND,0503013784,primary,53.3005724,6.60662962
Groningen,Basisschool Ravelijn,Jachtlaan,9-D,9934 JA,DELFZIJL,1979,EEMSDELTA,0596617487,primary,53.32742847,6.91001036
Groningen,Farmsumerborg,Borgshof,16,9936 CS,FARMSUM,1979,EEMSDELTA,0596614118,primary,53.3213829,6.92865919
Groningen,Basisschool Garmerwolde,Dorpsweg,60,9798 PG,GARMERWOLDE,0014,GRONINGEN,0505420002,primary,53.24842596,6.64853794
Groningen,Qworzo,Burg. Garreltsweg,31,9946 PM,WOLDENDORP,1979,EEMSDELTA,0596601654,primary,53.27422485,7.03198017
Groningen,Basisschool de Kronkelaar,Tamarinde,1,9945 MA,WAGENBORGEN,1979,EEMSDELTA,0596541766,primary,53.25630353,6.93722617
Groningen,Christelijke Basisschool de Triangel,Wethouder Olthoflaan,4-B,9902 LB,APPINGEDAM,1979,EEMSDELTA,0596680023,primary,53.31437434,6.86472787
Groningen,Basisschool Jan Ligthart,Olingermeeden,2,9903 ET,APPINGEDAM,1979,EEMSDELTA,0596622635,primary,53.31738242,6.85243232
Groningen,Basisschool De Vuurvlinder,Wethouder Olthoflaan,4-A,9902 LB,APPINGEDAM,1979,EEMSDELTA,0596624053,primary,53.31453159,6.86439945
Groningen,Basisschool Kindcentrum Noord,Waddenweg,1,9933 KH,DELFZIJL,1979,EEMSDELTA,0596782460,primary,53.33735751,6.90861308
Groningen,Openbare Basisschool De Optimist,Jachtlaan,9-C,9934 JA,DELFZIJL,1979,EEMSDELTA,0596615211,primary,53.32757263,6.90949835
Groningen,Kind Centrum De Rietpluim,Hallehuis,10,9932 CR,DELFZIJL,1979,EEMSDELTA,0596729010,primary,53.31947784,6.89343835
Groningen,Basisschool De Klaver,Hilmaarweg,19,9921 RT,STEDUM,1979,EEMSDELTA,0596551302,primary,53.32458904,6.6935864
Groningen,Basisschool Abt Emo,Huizingerweg,7-A,9922 PM,WESTEREMDEN,1979,EEMSDELTA,0596551530,primary,53.34536096,6.71104575
Groningen,Kindcentrum Hiliglo,Balkgat,22,9905 RN,HOLWIERDE,1979,EEMSDELTA,0596625420,primary,53.36086975,6.87276909
Groningen,Basisschool De Zandplaat,Hoofdstraat,85,9915 PC,'T ZANDT,1979,EEMSDELTA,0596581300,primary,53.36931301,6.77073773
Groningen,Openbare basisschool Pr. Beatrix,Schoolstraat,3,9919 HX,LOPPERSUM,1979,EEMSDELTA,0596572616,primary,53.33351208,6.74066807
Groningen,Openbare Basisschool Letterwies,Meidoornstraat,20,9944 AR,NIEUWOLDA,1895,OLDAMBT,0596541265,primary,53.24379487,6.9763561
Groningen,Openbare Basisschool Houwingaham,Linteloostraat,1,9693 BG,BAD NIEUWESCHANS,1895,OLDAMBT,0597521616,primary,53.18391,7.21187335
Groningen,Oosterschool voor Openbaar Basisonderwijs,Hoofdweg,233,9695 AH,BELLINGWOLDE,1950,WESTERWOLDE,0597531619,primary,53.12137289,7.16526543
Groningen,Openbare Basisschool De Noordkaap,Huningaweg,8,9682 PB,OOSTWOLD GEM OLDAMBT,1895,OLDAMBT,0597552121,primary,53.19980311,7.03757622
Groningen,Openbare Basisschool Drieborg,Geert Topelenstraat,9,9688 RN,DRIEBORG,1895,OLDAMBT,0597521477,primary,53.20769461,7.18210636
Groningen,Westerschool,Hoofdweg,77,9695 AC,BELLINGWOLDE,1950,WESTERWOLDE,0597532374,primary,53.10600485,7.15207369
Groningen,Openbare basisschool de Uilenburcht,F.J.J.Dreweslaan,1,9686 NG,BEERTA,1895,OLDAMBT,0597331651,primary,53.17490689,7.09035246
Groningen,Openbare Basisschool Heiligerlee,Schoollaan,5,9677 PV,HEILIGERLEE,1895,OLDAMBT,0597430730,primary,53.15734246,7.01292523
Groningen,Openbare Basisschool De Linde,Verlengde Berkenlaan,2,9663 GC,NIEUWE PEKELA,0765,PEKELA,0597646004,primary,53.07656971,6.95860473
Groningen,Samenwerkingsschool De Driesprong,Dorpsstraat,145-A,9699 PG,VRIESCHELOO,1950,WESTERWOLDE,0597541440,primary,53.07112087,7.11527331
Groningen,Openbare Basisschool Futura,Merelstraat,3,9679 JE,SCHEEMDA,1895,OLDAMBT,0597592524,primary,53.17301272,6.96748765
Groningen,Openbare Basisschool Hendrik Wester,Burgemeester Snaterlaan,68-C,9665 HS,OUDE PEKELA,0765,PEKELA,0597613710,primary,53.10241405,7.00111508
Groningen,De Vlonder,Wedderhofte,10,9698 AW,WEDDE,1950,WESTERWOLDE,0597561457,primary,53.07054381,7.07891393
Groningen,Feiko Clockschool,Sportlaan,10,9665 HT,OUDE PEKELA,0765,PEKELA,0597613678,primary,53.10717238,7.00713132
Groningen,De Wiekslag,Veurste Rou,4,9697 RZ,BLIJHAM,1950,WESTERWOLDE,0597562070,primary,53.10831285,7.07424858
Groningen,Openbare Basisschool de Kleine Dollard,Jachtlaan,21,9675 JA,WINSCHOTEN,1895,OLDAMBT,0597416188,primary,53.15753395,7.03319208
Groningen,Openbare Basisschool Beukenlaan,Beukenlaan,42,9674 CC,WINSCHOTEN,1895,OLDAMBT,0597414294,primary,53.14652145,7.02153301
Groningen,Openbare Basisschool de Tweemaster,Piet Heinlaan,19,9675 AZ,WINSCHOTEN,1895,OLDAMBT,0597414277,primary,53.15151183,7.0312147
Groningen,Openbare Basisschool de Waterlelie,Albert Verweijstraat,1,9673 BL,WINSCHOTEN,1895,OLDAMBT,0597354404,primary,53.13850373,7.03484807
Groningen,Openbare Basisschool de Bouwsteen,Hardenberg,8,9684 AM,FINSTERWOLDE,1895,OLDAMBT,0597331570,primary,53.18657817,7.0816443
Groningen,Amerikaschool,Schoolstraat,2-A,9635 AZ,NOORDBROEK,1952,MIDDEN-GRONINGEN,0598451410,primary,53.19697589,6.87497702
Groningen,Openbare Basisschool Menterhorn,Mahatma Gandhiweg,1,9649 BL,MUNTENDAM,1952,MIDDEN-GRONINGEN,0598612126,primary,53.13208866,6.86142497
Groningen,Openbare Basisschool De Tandem,De Vennen,6,9636 HE,ZUIDBROEK,1952,MIDDEN-GRONINGEN,0598451865,primary,53.16437154,6.86419057
Groningen,Openbare Basisschool De Springplank,Kugelslaan,15,9628 TK,SIDDEBUREN,1952,MIDDEN-GRONINGEN,0598431212,primary,53.24664305,6.8607528
Groningen,Openbare Basisschool De Meent,H. Goeman Borgesiusstr,52,9626 AX,SCHILDWOLDE,1952,MIDDEN-GRONINGEN,0598421434,primary,53.2343856,6.81212591
Groningen,Openbare Basisschool De Viermaster,Lauwers,4,9642 KX,VEENDAM,0047,VEENDAM,0598381925,primary,53.09306002,6.85204151
Groningen,Openbare Basisschool de Braskorf,Cornelis Jetseslaan,13,9646 DC,VEENDAM,0047,VEENDAM,0598613790,primary,53.11421859,6.86362825
Groningen,Openbare Basisschool De Noorderbreedte,Meezenbroekstraat,90,9645 PK,VEENDAM,0047,VEENDAM,0598613970,primary,53.1147599,6.88373731
Groningen,Hagenhof-School,Acaciahage,21-23,9501 WD,STADSKANAAL,0037,STADSKANAAL,0599613310,primary,52.98387967,6.96532487
Groningen,Openbare Basisschool Westerschool,Groen van Prinstererlaan,24,9648 AJ,WILDERVANK,0047,VEENDAM,0598416132,primary,53.08495537,6.8595564
Groningen,Openbare Basisschool De Sleutel,J. Kammingastraat,100,9648 KK,WILDERVANK,0047,VEENDAM,0598615577,primary,53.06223475,6.85186365
Groningen,Meester Neuteboomschool,Meester Neuteboomstraat,5,9502 CR,STADSKANAAL,0037,STADSKANAAL,0599612211,primary,52.99783947,6.96831452
Groningen,Openbare Basisschool De Oleander,Meidoornstraat,19,9501 VX,STADSKANAAL,0037,STADSKANAAL,0599617111,primary,53.00128054,6.93326078
Groningen,Openbare Basisschool de Ommewending,Houtduifstraat,24,9644 VL,VEENDAM,0047,VEENDAM,0598615015,primary,53.09198062,6.9062465
Groningen,Openbare Basisschool De Badde,Ceresstraat,44,9502 EB,STADSKANAAL,0037,STADSKANAAL,0599619511,primary,52.96710701,6.97262531
Groningen,Openbare Basisschool De Musselhorst,Spireastraat,4,9581 CZ,MUSSELKANAAL,0037,STADSKANAAL,0599416236,primary,52.93693423,7.01147327
Groningen,Ref Basisschool de Zaaier,Dierenriemstraat,2-A,9742 AH,GRONINGEN,0014,GRONINGEN,0505798727,primary,53.22637511,6.54984492
Groningen,Christelijke Basisschool De Hoeksteen,Beetslaan,2,9602 AX,HOOGEZAND,1952,MIDDEN-GRONINGEN,0598326932,primary,53.15972368,6.7431924
Groningen,Basisschool De Zonnewijzer Christelijk Basisonderwijs,Hoofdweg,79,9628 CL,SIDDEBUREN,1952,MIDDEN-GRONINGEN,0598431431,primary,53.24705468,6.85985997
Groningen,Christelijke Basisschool De Wegwijzer,Hoofdweg,126,9695 AP,BELLINGWOLDE,1950,WESTERWOLDE,0597531308,primary,53.10953823,7.15929724
Groningen,Christelijke Basisschool Mons Sinai,Provincialeweg,33,9677 PA,HEILIGERLEE,1895,OLDAMBT,0638162077,primary,53.15532455,7.00597181
Groningen,Dorpsschool Meeden,Hereweg,201,9651 AG,MEEDEN,1952,MIDDEN-GRONINGEN,0598614200,primary,53.13874201,6.92964096
Groningen,Protestants Christelijke Basisschool Groen van Prinsterer,Dorpshuisstraat,2,9663 GG,NIEUWE PEKELA,0765,PEKELA,0597645676,primary,53.07894068,6.9673511
Groningen,Christelijke Basisschool De Zevensprong,Burgemeester Snaterlaan,68-C,9665 HS,OUDE PEKELA,0765,PEKELA,0597612560,primary,53.10241405,7.00111508
Groningen,Christelijke Basisschool Annewieke,Merelstraat,1,9679 JE,SCHEEMDA,1895,OLDAMBT,0597591791,primary,53.17301272,6.96748765
Groningen,Maranathaschool,Hoogklei,7,9671 GC,WINSCHOTEN,1895,OLDAMBT,0579415137,primary,53.1427029,7.03327195
Groningen,Basisschool De Wegwijzer,De Vennen,6-A,9636 HE,ZUIDBROEK,1952,MIDDEN-GRONINGEN,0598451446,primary,53.16437154,6.86419057
Groningen,Christelijke Basisschool De Parel,Middenweg,1,9649 HP,MUNTENDAM,1952,MIDDEN-GRONINGEN,0598619648,primary,53.13318328,6.87610672
Groningen,Protestants Christelijke Basisschool De Wegwijzer,Slochterveldweg,1-B,9621 TD,SLOCHTEREN,1952,MIDDEN-GRONINGEN,0598421619,primary,53.20907292,6.80312327
Groningen,Christelijke Basisschool De Regenboog,Mars,1-B,9602 KZ,HOOGEZAND,1952,MIDDEN-GRONINGEN,0598321031,primary,53.15128597,6.75004898
Groningen,Protestants Christelijke Basisschool De Loopplank,Hoofdweg,170,9697 NS,BLIJHAM,1950,WESTERWOLDE,0597562876,primary,53.10070923,7.07489362
Groningen,Christelijke Basisschool Het Galjoen,Van Heemskerckstraat,32,9601 HD,HOOGEZAND,1952,MIDDEN-GRONINGEN,0598393915,primary,53.16578438,6.76431386
Groningen,Christelijke Basisschool De Lichtboei,Huningaweg,8,9682 PB,OOSTWOLD GEM OLDAMBT,1895,OLDAMBT,0597551448,primary,53.19980311,7.03757622
Groningen,De Vossenburcht,Jachtlaan,17,9675 JA,WINSCHOTEN,1895,OLDAMBT,0597414426,primary,53.15644547,7.03321117
Groningen,Basisschool Met De Bijbel Het Baken,2e Garstelaan,17-A,9678 RW,WESTERLEE,1895,OLDAMBT,0597530635,primary,53.14704638,6.98885706
Groningen,Basisschool t Haimstee,Linge,24,9642 HW,VEENDAM,0047,VEENDAM,0598620621,primary,53.08805417,6.8592301
Groningen,Basisschool de Kern,Dr. B. Brongersstraat,18,9645 AL,VEENDAM,0047,VEENDAM,0598632322,primary,53.1124813,6.87515814
Groningen,Openbare Basisschool de Wissel,Mellenssteeg,16,9753 HN,HAREN GN,0014,GRONINGEN,0505347348,primary,53.17273393,6.62747225
Groningen,Quintusschool,Nieuwe Schoolweg,6,9756 BB,GLIMMEN,0014,GRONINGEN,0504062290,primary,53.14254303,6.62893266
Groningen,Brinkschool,Oude Brinkweg,95,9751 RL,HAREN GN,0014,GRONINGEN,0505347524,primary,53.17424267,6.6126988
Groningen,De Pendinghe,Eikenlaan,288,9741 EW,GRONINGEN,0014,GRONINGEN,0503210448,primary,53.23151857,6.54793664
Groningen,Openbare Basisschool De Sterrensteen,Siersteenlaan,480,9743 EZ,GRONINGEN,0014,GRONINGEN,0503210471,primary,53.22485363,6.5248028
Groningen,Openbare Basisschool Karrepad,Molukkenstraat,1,9715 NR,GRONINGEN,0014,GRONINGEN,0503210443,primary,53.23349027,6.57407107
Groningen,IKC Borgman Oosterpark,Klaprooslaan,204,9713 SX,GRONINGEN,0014,GRONINGEN,0503210412,primary,53.22648268,6.58204288
Groningen,Oosterhoogebrugschool,Madeliefstraat,2,9731 CB,GRONINGEN,0014,GRONINGEN,0503210444,primary,53.22722413,6.5983605
Groningen,Basisschool Beijumkorf,Jaltadaheerd,53,9737 HC,GRONINGEN,0014,GRONINGEN,0503210400,primary,53.250823,6.58796257
Groningen,Basisschool De Vuurtoren,Vaargeul,117-118,9732 JS,GRONINGEN,0014,GRONINGEN,0503210480,primary,53.23260409,6.61186334
Groningen,Basisschool Swoaistee,Kiel,7,9733 EB,GRONINGEN,0014,GRONINGEN,0503210477,primary,53.23693353,6.61772711
Groningen,IKC Borgman Ebbinge,Langestraat,10,9712 LT,GRONINGEN,0014,GRONINGEN,0503210410,primary,53.22350584,6.56670951
Groningen,Boerhaave School,Veenweg,1-1,9728 NH,GRONINGEN,0014,GRONINGEN,0503210405,primary,53.19036405,6.5528296
Groningen,Bredero-School,Ina Boudierplantsoen,3,9721 XA,GRONINGEN,0014,GRONINGEN,0503210420,primary,53.18937366,6.57160441
Groningen,Joseph Haydn-School,Haydnlaan,102,9722 CL,GRONINGEN,0014,GRONINGEN,0503210433,primary,53.19887744,6.58541931
Groningen,De Ploeg,Zuiderweg,70-3,9744 AP,GRONINGEN,0014,GRONINGEN,0503210455,primary,53.2085754,6.50754401
Groningen,De Driebond,Woldjerspoorweg,5-B,9723 ER,GRONINGEN,0014,GRONINGEN,0503210423,primary,53.20820035,6.65070356
Groningen,De Starter,Parkweg,128,9727 HD,GRONINGEN,0014,GRONINGEN,0503210470,primary,53.2067902,6.55930253
Groningen,OBS Meander,Slenk,2,9746 RS,GRONINGEN,0014,GRONINGEN,0503210440,primary,53.24164838,6.52080558
Groningen,De Feniks,Maresiusstraat,22,9746 BJ,GRONINGEN,0014,GRONINGEN,0503210430,primary,53.23079122,6.50637629
Groningen,De Petteflet,Jacob van Ruysdaelstraat,73,9718 SC,GRONINGEN,0014,GRONINGEN,0503210450,primary,53.21518255,6.54220029
Groningen,Groenewei,Lammetjesplein,1-3,9613 CZ,MEERSTAD,0014,GRONINGEN, ,primary,53.23311358,6.65304429
Groningen,Basisschool De Leilinde - school met de Bijbel,Burg H J Wichersstraat,14,9671 JA,WINSCHOTEN,1895,OLDAMBT,0597422953,primary,53.1420258,7.03218499
Groningen,Basisschool Klim-op - school met de Bijbel,Boerdamsterweg,12,9991 BN,MIDDELSTUM,1979,EEMSDELTA,0595551782,primary,53.34288288,6.63868482
Groningen,Basisschool De Lichtbron - school met de Bijbel,Keyserstraat,7,9601 HL,HOOGEZAND,1952,MIDDEN-GRONINGEN,0598323372,primary,53.16513647,6.76247368
Groningen,Basisschool Christal - school met de Bijbel,Wilgenstraat,47,9861 EE,GROOTEGAST,1969,WESTERKWARTIER,0594613657,primary,53.21230538,6.27319187
Groningen,Basisschool De Horizon - school met de Bijbel,Marijkelaan,3,9781 EG,BEDUM,1966,HET HOGELAND,0503015459,primary,53.30435248,6.60028816
Groningen,Christelijke Basisschool De Ster,Dorpshuisweg,36,9617 BN,HARKSTEDE,1952,MIDDEN-GRONINGEN,0504041338,primary,53.21067364,6.69944676
Groningen,Basisschool De Wiekslag - school met de Bijbel,Schoollaan,1,9626 ZA,SCHILDWOLDE,1952,MIDDEN-GRONINGEN,0598422427,primary,53.22145195,6.80465421
Groningen,Basisschool Rehoboth - school met de Bijbel,Prinses Margrietstraat,3,9744 CL,GRONINGEN,0014,GRONINGEN,0505530147,primary,53.21074272,6.49996598
Groningen,Basisschool Het Prisma - school met de Bijbel,Langelandsterweg,1,9982 BC,UITHUIZERMEEDEN,1966,HET HOGELAND,0595412990,primary,53.41903678,6.73273739
Groningen,Basisschool Het Baken - school met de Bijbel,Stuurboordlaan,1,9934 JN,DELFZIJL,1979,EEMSDELTA,0596612722,primary,53.32863285,6.91310443
Groningen,Basisschool Het Noorderlicht - school met de Bijbel,Maarsdreef,22,9501 AM,STADSKANAAL,0037,STADSKANAAL,0599612564,primary,52.99371548,6.94720099
Groningen,Basisschool Het Mozaiek - school met de Bijbel,Tussenziel,25,9753 EL,HAREN GN,0014,GRONINGEN,0505370087,primary,53.17266359,6.6285836
Groningen,Basisschool De Poort - school met de Bijbel,Emmerwolderweg,1,9791 JB,TEN BOER,0014,GRONINGEN,0503023072,primary,53.27981802,6.69527273
Groningen,Basisschool De Handpalm - school met de Bijbel,Prins Bernhardstraat,3,9965 RA,LEENS,1966,HET HOGELAND,0595572070,primary,53.35714991,6.37773488
Groningen,Basisschool Het Palet - school met de Bijbel,Froukemaheerd,1,9736 RA,GRONINGEN,0014,GRONINGEN,0505412919,primary,53.24604501,6.59718398
Groningen,Basisschool De Brug - school met de Bijbel,Boslaan,38,9801 HG,ZUIDHORN,1969,WESTERKWARTIER,0594502268,primary,53.2483678,6.4000114
Groningen,Basisschool De Springplank - school met de Bijbel,Oldenoert,55,9351 KV,LEEK,1969,WESTERKWARTIER,0594512720,primary,53.16642412,6.36700289
Groningen,Basisschool Onder de Wieken - school met de Bijbel,De Omloop,10,9883 PW,OLDEHOVE,1969,WESTERKWARTIER,0594591750,primary,53.30269263,6.39755978
Groningen,OBS de Woldstee,Slochterveldweg,1-A,9621 TD,SLOCHTEREN,1952,MIDDEN-GRONINGEN,0598421237,primary,53.20921013,6.80277922
Groningen,OBS Oetkomst,Hoofdweg,42,9615 AE,KOLHAM,1952,MIDDEN-GRONINGEN,0598397037,primary,53.1839024,6.75654116
Groningen,OBS Driespan,Dorpshuisweg,36,9617 BN,HARKSTEDE,1952,MIDDEN-GRONINGEN,0504041675,primary,53.21067364,6.69944676
Groningen,OBS de Achtbaan,Beetslaan,8,9602 AX,HOOGEZAND,1952,MIDDEN-GRONINGEN,0598703703,primary,53.16000037,6.74356179
Groningen,OBS Het Noorderlicht,Zuiderkroon,6,9602 MZ,HOOGEZAND,1952,MIDDEN-GRONINGEN,0598321376,primary,53.14625732,6.74967731
Groningen,OBS W.A. Scholtenschool,Pluvierstraat,13,9607 RJ,FOXHOL,1952,MIDDEN-GRONINGEN,0598393699,primary,53.16786515,6.72206694
Groningen,OBS Walstraschool,Woldweg,124,9606 PH,KROPSWOLDE,1952,MIDDEN-GRONINGEN,0598351677,primary,53.14641243,6.72268058
Groningen,OBS de Ontdekking,Jan Huitzingstraat,4,9601 AR,HOOGEZAND,1952,MIDDEN-GRONINGEN,0598396100,primary,53.16194647,6.75764895
Groningen,OBS Theo Thijssenschool,Boomgaard,37,9603 HL,HOOGEZAND,1952,MIDDEN-GRONINGEN,0598383080,primary,53.1559207,6.77249409
Groningen,OBS 't Heidemeer,Arie Bosscherstraat,32,9611 EN,SAPPEMEER,1952,MIDDEN-GRONINGEN,0598394045,primary,53.16497279,6.78774564
Groningen,IKC Hoi Pippeloi,Ds. Petersenstraat,3,9641 EM,VEENDAM,0047,VEENDAM,0598380522,primary,53.10942631,6.87452835
Groningen,Samenwerking Basisschool Pork,Zanglijster,38,9561 CB,TER APEL,1950,WESTERWOLDE,0599582647,primary,52.88243072,7.06584081
Groningen,St Gerardus Majella,Beetslaan,4,9602 AX,HOOGEZAND,1952,MIDDEN-GRONINGEN,0598321574,primary,53.15987664,6.74319398
Groningen,Willibrord-School,Esperantolaan,2,9501 CZ,STADSKANAAL,0037,STADSKANAAL,0599651712,primary,52.99147846,6.94841943
Groningen,Rooms Katholieke Basisschool Bonifatius,Kapelweg,15,9561 GA,TER APEL,1950,WESTERWOLDE,0599581890,primary,52.87665523,7.05530865
Groningen,Jenaplanschool 't Sterrenpad,Nieuweweg,57-B,9364 PB,NUIS,1969,WESTERKWARTIER,0594585810,primary,53.1520793,6.30928345
Groningen,Hoogholtje,Mernaweg,55-A,9964 AR,WEHE-DEN HOORN,1966,HET HOGELAND,0595571327,primary,53.35750926,6.4277597
Groningen,Rooms Katholieke Basisschool De Schelp,Oude Tilsterweg,2-C,9981 JT,UITHUIZEN,1966,HET HOGELAND,0595433036,primary,53.40176833,6.66977307
Groningen,RK Basisschool St Vitus,Dwingelooweg,19,9671 KA,WINSCHOTEN,1895,OLDAMBT,0597432996,primary,53.14646565,7.02955823
Groningen,Katholieke Daltonschool Sint Walfridus,Bazuinslaan,2,9781 HM,BEDUM,1966,HET HOGELAND,0503015467,primary,53.30139789,6.60509834
Groningen,Sint Willibrordusschool,Burgemeester Snaterlaan,68-C,9665 HS,OUDE PEKELA,0765,PEKELA,0597614008,primary,53.10241405,7.00111508
Groningen,St Antoniusschool,Boomgaard,31,9603 HL,HOOGEZAND,1952,MIDDEN-GRONINGEN,0598393114,primary,53.15555417,6.77207123
Groningen,Rooms Katholieke Basisschool Onze Lieve Vrouwe Sterre der Zee,Jachtlaan,9-A,9934 JA,DELFZIJL,1979,EEMSDELTA,0596613299,primary,53.32723409,6.90941966
Groningen,Basisschool St Antonius,Floralaan,41,9581 TZ,MUSSELKANAAL,0037,STADSKANAAL,0599413994,primary,52.93653943,7.01092859
Groningen,Basisschool Monseigneur Bekkers,Prins Bernhardlaan,87,9641 LT,VEENDAM,0047,VEENDAM,0598615375,primary,53.09815025,6.87188269
Groningen,Jenaplansch in de Manne,Steenstraat,30,9646 BA,VEENDAM,0047,VEENDAM,0598626371,primary,53.10892311,6.87056863
Groningen,De PIT Groningen,Wibenaheerd,24,9736 PB,GRONINGEN,0014,GRONINGEN, ,primary,53.24695038,6.60176561
Groningen,St Michaelschool,Butjesstraat,8,9712 EW,GRONINGEN,0014,GRONINGEN,0503125282,primary,53.22038102,6.5648739
Groningen,Katholieke Daltonschool Bisschop Bekkers,Siriusstraat,1,9742 KT,GRONINGEN,0014,GRONINGEN,0505779506,primary,53.22973522,6.53817332
Groningen,St. Franciscus,Star Numanstraat,52,9714 JS,GRONINGEN,0014,GRONINGEN,0502100282,primary,53.2325939,6.57931982
Groningen,Christelijke Basisschool De Borg,Wederikweg,19,9753 AA,HAREN GN,0014,GRONINGEN,0505348190,primary,53.17664438,6.62051703
Groningen,Anne Frankschool,De Sanstraat,13,9744 HW,GRONINGEN,0014,GRONINGEN,0505530336,primary,53.20533858,6.50486433
Groningen,Nassauschool,Nassaulaan,5,9717 CE,GRONINGEN,0014,GRONINGEN,0503180436,primary,53.22195827,6.55192596
Groningen,De Kleine Wereld,S.S. Rosensteinlaan,21,9713 AT,GRONINGEN,0014,GRONINGEN,0503181710,primary,53.22633436,6.57273955
Groningen,De Wegwijzer,Prunusstraat,76,9741 LE,GRONINGEN,0014,GRONINGEN,0505777681,primary,53.2347331,6.55032752
Groningen,De Hoeksteen,Siersteenlaan,480-1,9743 EZ,GRONINGEN,0014,GRONINGEN,0505791550,primary,53.22482824,6.52475274
Groningen,Het Kompas,Valreep,67-69,9732 EJ,GRONINGEN,0014,GRONINGEN,0505412289,primary,53.23613553,6.62058773
Groningen,De Tamarisk,Van Ketwich Verschuurln,90,9721 SW,GRONINGEN,0014,GRONINGEN,0505254159,primary,53.19298985,6.5735694
Groningen,De Heerdstee,Bentismaheerd,1,9736 EA,GRONINGEN,0014,GRONINGEN,0505417232,primary,53.24844566,6.59578968
Groningen,Dom Helder Camara Basisschool,Onnemaheerd,2,9736 AM,GRONINGEN,0014,GRONINGEN,0505412250,primary,53.25276283,6.59467789
Groningen,Samenwerkingsschool Meeroevers,Meeroeverslaan,312,9613 AE,MEERSTAD,0014,GRONINGEN,0502306061,primary,53.21979436,6.65640296
Groningen,Cbs Aquamarijn,Maresiusstraat,24,9746 BJ,GRONINGEN,0014,GRONINGEN,0502103434,primary,53.23122136,6.50638743
Groningen,IKC de Rietzee,Slenk,2,9746 RS,GRONINGEN,0014,GRONINGEN, ,primary,53.24164838,6.52080558
Groningen,Sint Nicolaasschool,Westerse Drift,98,9752 LK,HAREN GN,0014,GRONINGEN,0505346750,primary,53.16500716,6.60708725
Groningen,De Vrije School Groningen Onderbouw,Merwedestraat,41,9725 KA,GRONINGEN,0014,GRONINGEN,0505251663,primary,53.20752488,6.567452
Limburg,Basisschool De Zjwiek,Pastoor Hanraetsstraat,9,6088 EH,ROGGEL,1640,LEUDAL,0475491864,primary,51.26461193,5.92045345
Limburg,Basisschool Harlekijn,Dorpstraat,51,6095 AG,BAEXEM,1640,LEUDAL,0475451624,primary,51.22601895,5.88284634
Limburg,Basisschool De Kwir,Kloosterpad,14,6086 AK,NEER,1640,LEUDAL,0475591414,primary,51.25999458,5.98543567
Limburg,Basisschool De Verrekijker,Scheijvenstraat,12,6011 RL,ELL,1640,LEUDAL,0495551366,primary,51.2209795,5.79554025
Limburg,Cluster HIN,Begoniastraat,11,6014 BH,ITTERVOORT,1640,LEUDAL,0475565203,primary,51.17084945,5.81819046
Limburg,De Glundering,Ringoven,5,6081 GR,HAELEN,1640,LEUDAL,0475300989,primary,51.23816124,5.96119103
Limburg,Basisschool De Mussenberg,Voogdenstraat,2,6085 CH,HORN,1640,LEUDAL,0475581323,primary,51.210725,5.94347542
Limburg,Basisschool de Klink,Nassauplein,6,6096 AZ,GRATHEM,1640,LEUDAL,0475459008,primary,51.19360558,5.85814184
Limburg,Basissch De Neerakker,In de Neerakker,2,6093 JE,HEYTHUYSEN,1640,LEUDAL,0475497334,primary,51.25532091,5.90048891
Limburg,St Martinus Basisschool,Prinses Beatrixstraat,2,5911 BM,VENLO,0983,VENLO,0773200681,primary,51.37082274,6.17310505
Limburg,Al Andalous,Hulsterweg,1,5912 PL,VENLO,0983,VENLO,0778502939,primary,51.35543677,6.15590129
Limburg,Gereformeerde Basisschool Benjamin,Koolweg,9,6446 TM,BRUNSSUM,0899,BRUNSSUM,0455216561,primary,50.93435404,5.95061036
Limburg,Basisschool St Vitus,Kasteellaan,23,5855 AD,WELL LB,0893,BERGEN LB,0478501155,primary,51.55495207,6.09327392
Limburg,Stella Nova,Martinushof,21,6591 DM,GENNEP,0907,GENNEP,0485511783,primary,51.69938072,5.97408622
Limburg,Rooms Katholieke Basisschool De Drie Vijvers,Schoolstraat,2,6596 AP,MILSBEEK,0907,GENNEP,0485516566,primary,51.72513712,5.94976935
Limburg,Rooms Katholieke Basisschool 't Diekske,Langstraat,6-A,5851 BE,AFFERDEN LB,0893,BERGEN LB,0485531411,primary,51.63338163,6.01375751
Limburg,Rooms Katholieke Basisschool De Heggerank,Sleedoornstraat,3,6598 AX,HEIJEN,0907,GENNEP,0485512053,primary,51.67356031,5.98067341
Limburg,Basisschool De Fontein,Pieter de Hooghstraat,2,5854 ES,BERGEN LB,0893,BERGEN LB,0485341248,primary,51.60367908,6.05751933
Limburg,Basisschool De Grote Lier,Esdoornlaan,8,6584 BD,MOLENHOEK,0944,MOOK EN MIDDELAAR,0243880008,primary,51.76860029,5.87361718
Limburg,Basisschool de Vonder,Kerkvonder,3,6599 AK,VEN-ZELDERHEIDE,0907,GENNEP,0485518046,primary,51.71190941,6.02286339
Limburg,Rooms Katholieke Basisschool Sint Catharina,Catharinastraat,47,5856 AS,WELLERLOOI,0893,BERGEN LB,0478501876,primary,51.53612013,6.14008044
Limburg,Basisschool De Ratel,2e Dwarsweg,77,6591 XP,GENNEP,0907,GENNEP,0485540235,primary,51.69022301,5.9864312
Limburg,Basisschool De Maaskei,Koningin Julianastraat,5-A,6585 XP,MOOK,0944,MOOK EN MIDDELAAR,0246962763,primary,51.75111451,5.88434617
Limburg,Basisschool De Brink,Brink,20,6595 AN,OTTERSUM,0907,GENNEP,0485540932,primary,51.70404384,5.98188372
Limburg,Basisschool 't Kendelke,Kendelweg,1,5853 EL,SIEBENGEWALD,0893,BERGEN LB,0485441564,primary,51.65222943,6.09773694
Limburg,Sterrenschool EigenWijs,Bouwsteeg,1,6587 AW,MIDDELAAR,0944,MOOK EN MIDDELAAR,0246961202,primary,51.72442559,5.91599716
Limburg,El Wahda Islamitische Basisschool,Voskuilenweg,137,6416 AJ,HEERLEN,0917,HEERLEN,0455716152,primary,50.88835641,5.99835824
Limburg,Emile Wesly Basisschool,Keurmeestersdreef,129,6216 ED,MAASTRICHT,0935,MAASTRICHT,0433431821,primary,50.84504883,5.65751887
Limburg,RK Basisschool De Leeuwerik,Boschweg,70,6142 AD,EINIGHAUSEN,1883,SITTARD-GELEEN,0464810810,primary,51.00597803,5.82364853
Limburg,Basisschool De Kluis,Meeuwenlaan,4,6165 SW,GELEEN,1883,SITTARD-GELEEN,0464746031,primary,50.96217084,5.8318601
Limburg,Basisschool  Sterrenrijk,Molenstraat,42-A,6161 CV,GELEEN,1883,SITTARD-GELEEN,0464746016,primary,50.9661505,5.82542148
Limburg,Rooms Katholieke Basisschool De Lemborgh,Salviusstraat,2,6141 LK,LIMBRICHT,1883,SITTARD-GELEEN,0464111176,primary,51.01071938,5.83665981
Limburg,Basisschool 't Heuvelke,Dahliastraat,4,6163 CH,GELEEN,1883,SITTARD-GELEEN,0464743181,primary,50.98554721,5.815135
Limburg,Basisschool de Driesprong,Haesselderstraat,9,6166 EG,GELEEN,1883,SITTARD-GELEEN,0464759767,primary,50.97309244,5.84110558
Limburg,Basisschool Reuzepas,Verdistraat,25,6164 CK,GELEEN,1883,SITTARD-GELEEN,0464747207,primary,50.95482832,5.82914233
Limburg,Sterrenpad 't Ven,Noordervaartlaan,45,5916 SR,VENLO,0983,VENLO,0773511319,primary,51.3849751,6.19241893
Limburg,Talentencampus Venlo Basisonderwijs,Rijnbeekstraat,8,5913 GB,VENLO,0983,VENLO,0778500026,primary,51.37075027,6.18417659
Limburg,Basisschool De Zuidstroom,Pastoor Op Heijstraat,26,5912 BT,VENLO,0983,VENLO,0773517906,primary,51.36221337,6.16224353
Limburg,RK BSO De Meule,Molenstraat,21,5914 XS,VENLO,0983,VENLO,0773200788,primary,51.37651113,6.18167977
Limburg,Rooms Katholieke Basisschool Groeneveld,Wethouder Receveurlaan,5,5913 SR,VENLO,0983,VENLO,0263238811,primary,51.36079764,6.18196778
Limburg,Basisschool De Weiert,Burg V S-Jansbekenpln,1,5944 BN,ARCEN,0983,VENLO,0774731894,primary,51.47260714,6.18178597
Limburg,Basisschool De Wegwijzer,Kampstraat,21,5943 AR,LOMM,0983,VENLO,0774731500,primary,51.4479656,6.17006703
Limburg,BS Kleur - Rijk,Wolweversstraat,1,5914 PG,VENLO,0983,VENLO,0773514170,primary,51.38271447,6.17333812
Limburg,School aan de Vijver,Vijverhofstraat,2,5913 TV,VENLO,0983,VENLO,0773512259,primary,51.36617114,6.17611782
Limburg,De Startbaan,Schandeloseweg,1-C,5941 CP,VELDEN,0983,VENLO,0774721650,primary,51.41554567,6.16791944
Limburg,St Willibrordus School,Gulikstraat,196,5913 CZ,VENLO,0983,VENLO,0773513868,primary,51.37105054,6.18969969
Limburg,Venlose Montessorischool,Craneveldstraat,187,5914 SH,VENLO,0983,VENLO,0773545927,primary,51.37706841,6.17060647
Limburg,Montessorischool Weert,Wiekendreef,101,6003 BV,WEERT,0988,WEERT,0495543381,primary,51.2632285,5.70951149
Limburg,Montessorischool Venray,Boterbloem,45,5803 CN,VENRAY,0984,VENRAY,0478515750,primary,51.53390135,5.98820723
Limburg,Vrijeschool Christophorus,Schouwberg,27,6041 AG,ROERMOND,0957,ROERMOND,0475333160,primary,51.20802457,6.00628876
Limburg,Rudolf Steiner Educare,Zustersstraat,25,5914 XX,VENLO,0983,VENLO,0773543587,primary,51.37545326,6.1810744
Limburg,Bernard Lievegoed School,Leuvenlaan,35,6229 GX,MAASTRICHT,0935,MAASTRICHT,0433617398,primary,50.83709947,5.70774753
Limburg,Vrijeschool Helianthus,Kerkraderweg,7-B,6416 CC,HEERLEN,0917,HEERLEN,0455729236,primary,50.88582555,5.99397402
Limburg,Basisschool Jf Kennedy,Keurmeestersdreef,129,6216 ED,MAASTRICHT,0935,MAASTRICHT,0433440500,primary,50.84504883,5.65751887
Limburg,Basisonderwijs Scharn,Kloosterstraat,5-7,6226 BP,MAASTRICHT,0935,MAASTRICHT,0433620565,primary,50.84854335,5.72656634
Limburg,Basisschool St Oda,Pastoor Habetsstraat,40,6217 KM,MAASTRICHT,0935,MAASTRICHT,0433430970,primary,50.85080572,5.6756078
Limburg,Basisschool Petrus en Paulus,Felix Bockenplein,1,6213 HM,MAASTRICHT,0935,MAASTRICHT,0433431399,primary,50.83423938,5.65330063
Limburg,Basisschool Amby,Koninginnestraat,2,6225 BR,MAASTRICHT,0935,MAASTRICHT,0433620582,primary,50.8655058,5.72918891
Limburg,Kindcentrum Mosasaurus,Old Hickoryplein,100,6224 AZ,MAASTRICHT,0935,MAASTRICHT,0433623796,primary,50.85443723,5.709005
Limburg,Basisschool Het Mozaïek,Prestantstraat,40,6217 XX,MAASTRICHT,0935,MAASTRICHT,0433432804,primary,50.85953882,5.67055154
Limburg,Rooms Katholieke Basisschool de Maaskopkes,Schoolstraat,15,6223 BD,MAASTRICHT,0935,MAASTRICHT,0433632281,primary,50.87631043,5.68823351
Limburg,Basisschool Wijck,Wycker Grachtstraat,4-A,6221 CW,MAASTRICHT,0935,MAASTRICHT,0433218997,primary,50.85024166,5.69934727
Limburg,Rooms Katholieke Basisschool St Pieter,Bergweg,50,6212 CX,MAASTRICHT,0935,MAASTRICHT,0433212078,primary,50.83718378,5.69125128
Limburg,Basisschool De Vlinderboom,Kelvinstraat,3,6227 VA,MAASTRICHT,0935,MAASTRICHT,0433671335,primary,50.83990067,5.73260597
Limburg,Basisschool Sint Aloysius,Brusselsestraat,46,6211 PG,MAASTRICHT,0935,MAASTRICHT,0433210497,primary,50.85021745,5.68304575
Limburg,Montessori Basisschool,Capucijnenstraat,118,6211 RT,MAASTRICHT,0935,MAASTRICHT,0433215250,primary,50.85139704,5.68631122
Limburg,Integraal Kindcentrum De Geluksvogel,Balijeweg,101,6222 BE,MAASTRICHT,0935,MAASTRICHT,0433632065,primary,50.86520775,5.70973072
Limburg,Basisschool Anne Frank,De Beente,15,6229 AV,MAASTRICHT,0935,MAASTRICHT,0433612916,primary,50.831456,5.70622711
Limburg,Basisschool Manjefiek,Malbergsingel,68,6218 AV,MAASTRICHT,0935,MAASTRICHT,0433541400,primary,50.86354106,5.65413918
Limburg,Openbare Jenaplan Basisschool De Omnibus,Huissen,4,5991 PX,BAARLO LB,1894,PEEL EN MAAS,0774778239,primary,51.32619668,6.09203843
Limburg,OBS De Verhalentuin,Prins Bernhardstraat,5,6037 RW,KELPEN-OLER,1640,LEUDAL,0495651616,primary,51.22190973,5.82352739
Limburg,Openbare Basisschool De Samensprong,Leliestraat,8-A,5971 AN,GRUBBENVORST,1507,HORST AAN DE MAAS,0773662490,primary,51.41991386,6.13817171
Limburg,Openbare Basisschool Harlekijn,Ganzerikstraat,1,5925 BJ,VENLO,0983,VENLO,0773829037,primary,51.37766903,6.12809745
Limburg,Openbaar Kindcentrum De Toermalijn,Galgenvenstraat,70,5932 SV,TEGELEN,0983,VENLO,0773735345,primary,51.3315432,6.15422637
Limburg,Openbare Jenaplan Basisschool De Triolier,Sint Annastraat,31,5953 LR,REUVER,0889,BEESEL,0774769000,primary,51.28018369,6.08995503
Limburg,Openbare Jenaplanbasisschool De Krullevaar,Wilhelminastraat,3-A,5975 CK,SEVENUM,1507,HORST AAN DE MAAS,0774672065,primary,51.41058677,6.03413833
Limburg,Openbaar Kindcentrum Het Maasveld,Beekpunge,57,5931 DP,TEGELEN,0983,VENLO,0773260724,primary,51.3463088,6.13735914
Limburg,Integraal Kindcentrum De Koperwiek,Broekhofstraat,2,5912 TP,VENLO,0983,VENLO,0773200484,primary,51.35730661,6.17120592
Limburg,Openbaar Kindcentrum De Wereld,Kennedyplein,58-A,5993 BT,MAASBREE,1894,PEEL EN MAAS,0773200799,primary,51.35675799,6.04770858
Limburg,OBS Buggenum,Berikstraat,13,6082 AM,BUGGENUM,1640,LEUDAL,0475794031,primary,51.23158521,5.97356348
Limburg,Basisschool Elckerlyc,Martinushof,21,6591 DM,GENNEP,0907,GENNEP,0485516827,primary,51.69938072,5.97408622
Limburg,Openbare Daltonbasisschool De Klimop,Pieter de Hooghstraat,10,5854 ES,BERGEN LB,0893,BERGEN LB,0485342267,primary,51.60340814,6.05821109
Limburg,Basisschool De Draaiende Wieken,Streekelsweg,6,6061 EL,POSTERHOLT,1669,ROERDALEN,0475402865,primary,51.12521426,6.03246728
Limburg,Basisschool Ummer Clumme,Wil Houbenhof,1,6343 RR,KLIMMEN,0986,VOERENDAAL,0454051541,primary,50.87620693,5.88763963
Limburg,Rooms Katholieke Basisschool Bergop,Bostenstraat,21,6367 HK,VOERENDAAL,0986,VOERENDAAL,0455620255,primary,50.85484756,5.94575506
Limburg,Basisschool Franciscus,Schoollaan,2,6241 BM,BUNDE,0938,MEERSSEN,0433641508,primary,50.89437975,5.73042504
Limburg,Basisschool Keuningshofke,Karel V straat,45,6104 BR,KONINGSBOSCH,1711,ECHT-SUSTEREN,0475301274,primary,51.05118517,5.95530122
Limburg,Basisschool Sint Franciscus,Wijenweg,143-D,6446 AK,BRUNSSUM,0899,BRUNSSUM,0455220455,primary,50.93693308,5.94595342
Limburg,Cortemich Brede School Voerendaal,Cortemich,2,6367 CG,VOERENDAAL,0986,VOERENDAAL,0455751444,primary,50.88145695,5.93583635
Limburg,Basisschool De Bolster,Keelkampstraat,66,6361 XG,NUTH,1954,BEEKDAELEN,0455650101,primary,50.91605167,5.8882338
Limburg,Basisschool op de Top,Vijlenberg,139,6294 AT,VIJLEN,0981,VAALS,0433061785,primary,50.78830751,5.96390353
Limburg,Rooms Katholieke Basisschool De Wegwijzer,Mijnzetellaan,4,6412 EN,HEERLEN,0917,HEERLEN,0455720943,primary,50.89871228,5.95888452
Limburg,Rooms Katholieke Basisschool De Verrekijker,De Gyselaar,80,6436 AZ,AMSTENRADE,1954,BEEKDAELEN,0464422553,primary,50.94177261,5.9177833
Limburg,Basisschool St. Stefanus,Panhuysstraat,3,6363 BZ,WIJNANDSRADE,1954,BEEKDAELEN,0455650074,primary,50.90260986,5.88484775
Limburg,Basisschool St Dionysius,Oude Markt,15,6365 CJ,SCHINNEN,1954,BEEKDAELEN,0464431885,primary,50.9410706,5.88352992
Limburg,Basisschool het Avontuur,Ankersweg,52-C,6122 ET,BUCHTEN,1883,SITTARD-GELEEN,0464852338,primary,51.04276258,5.81589803
Limburg,Rooms Katholieke Basisschool Swentibold,Putstraat,107,6121 LH,BORN,1883,SITTARD-GELEEN,0464851562,primary,51.02947927,5.81038623
Limburg,Rooms Katholieke Basisschool A Hermkes,Schoolstraat,16,6285 BB,EPEN,1729,GULPEN-WITTEM,0434559044,primary,50.77477523,5.91431513
Limburg,Basisschool Triangel,Linnerhof,36,6067 EJ,LINNE,1641,MAASGOUW,0475462321,primary,51.15559018,5.93905224
Limburg,Basisschool Witheim,Hilleshagerweg,32,6281 AE,MECHELEN,1729,GULPEN-WITTEM,0434559059,primary,50.79700353,5.92913324
Limburg,Basisschool Heilig Hart,Schoolstraat,2,6301 AS,VALKENBURG LB,0994,VALKENBURG AAN DE GEUL,0436013139,primary,50.84241205,5.82709006
Limburg,Basisschool Windekind,Van Weerden Poelmanstr,192,6417 ES,HEERLEN,0917,HEERLEN,0455419761,primary,50.87240441,5.98460472
Limburg,R.K. BS De Kleine Wereld,Adelbertstraat,1-A,6291 HS,VAALS,0981,VAALS,0433061007,primary,50.77590813,6.01353871
Limburg,Basisschool Hulsberg,Schoolstraat,17,6336 AN,HULSBERG,1954,BEEKDAELEN,0454051377,primary,50.89091868,5.86047572
Limburg,Rooms Katholieke Basisschool Klavertje Vier,Kanariestraat,1,6287 BB,EYS,1729,GULPEN-WITTEM,0434511535,primary,50.82514534,5.9417639
Limburg,Basisschool Valkenburg,Plenkertstraat,42,6301 GM,VALKENBURG LB,0994,VALKENBURG AAN DE GEUL,0436013115,primary,50.86527534,5.82845103
Limburg,Basisschool Sint Theresia,Ransdalerstraat,62,6312 AJ,RANSDAAL,0986,VOERENDAAL,0434591682,primary,50.86360137,5.89290307
Limburg,Basisschool 't Kirkeveldsje,St. Remigiusstraat,1-A,6333 CW,SCHIMMERT,1954,BEEKDAELEN,0454041321,primary,50.90623044,5.82416743
Limburg,Basisschool De WereldSter,Past Dominicus Hexstraat,16,6231 HG,MEERSSEN,0938,MEERSSEN,0433642813,primary,50.88766709,5.75000473
Limburg,Basisschool de Triangel,Kasteelstraat,22,6235 BP,ULESTRATEN,0938,MEERSSEN,0433652729,primary,50.90615812,5.78093255
Limburg,Basisschool Ondersteboven,Hagendoornweg,2,6237 NP,MOORVELD,0938,MEERSSEN,0433641630,primary,50.92170041,5.76515396
Limburg,Basisschool de Lindegaerd,Pastoor Geelenplein,2,6231 BP,MEERSSEN,0938,MEERSSEN,0433642915,primary,50.8791717,5.73797037
Limburg,Basisschool De Triangel,Willem Vliegenstraat,7,6271 DA,GULPEN,1729,GULPEN-WITTEM,0434506150,primary,50.8159061,5.88602013
Limburg,Rooms Katholieke Basisschool Sint Martinus,Akerstraat,97,6417 BK,HEERLEN,0917,HEERLEN,0455711559,primary,50.881687,5.98486179
Limburg,Rooms Katholieke Basisschool Sint Tarcisius,Bekkerveld,30,6417 CM,HEERLEN,0917,HEERLEN,0455714263,primary,50.88019192,5.98107342
Limburg,Rooms Katholieke Basisschool De Windwijzer,Vullingsweg,64,6418 HV,HEERLEN,0917,HEERLEN,0455413805,primary,50.8688378,6.00588078
Limburg,Broederschool,Kerkraderweg,7,6416 CC,HEERLEN,0917,HEERLEN,0455716141,primary,50.88578405,5.99449323
Limburg,Rooms Katholieke Basisschool Eikenderveld,Sint Angelastraat,11,6411 TN,HEERLEN,0917,HEERLEN,0455713850,primary,50.88842524,5.96877794
Limburg,Rooms Katholieke Basisschool De Horizon,Grasbroekerweg,124,6412 BH,HEERLEN,0917,HEERLEN,0455720872,primary,50.89747208,5.9742097
Limburg,Kindcentrum Paulus,Laurierstraat,72,6413 RR,HEERLEN,0917,HEERLEN,0455212068,primary,50.92358441,5.94634652
Limburg,Rooms Katholieke Basisschool De Schakel,Zes Landenstraat,1,6414 GG,HEERLEN,0917,HEERLEN,0455212250,primary,50.92314353,5.96585812
Limburg,Jenaplanschool De Vlieger,Kleine Steeg,8,6131 KJ,SITTARD,1883,SITTARD-GELEEN,0464526667,primary,50.99613056,5.86141672
Limburg,De Harlekijn,Strijthagerweg,10,6372 AC,LANDGRAAF,0882,LANDGRAAF,0455325761,primary,50.88399665,6.01899821
Limburg,Basisschool Titus Brandsma,De Gasperistraat,5,6441 JJ,BRUNSSUM,0899,BRUNSSUM,0455251666,primary,50.95131367,5.96073391
Limburg,Basisschool de Caleidoscoop,Essenstraat,1,6444 CL,BRUNSSUM,0899,BRUNSSUM,0455251196,primary,50.94405023,5.96393644
Limburg,Basisschool Bocholtz,Wijngracht,11,6351 HJ,BOCHOLTZ,0965,SIMPELVELD,0455443614,primary,50.81598142,6.00462768
Limburg,Basisschool de Woanderboom,Kerkstraat,5,6447 BE,MERKELBEEK,1954,BEEKDAELEN,0464428036,primary,50.95393328,5.93922735
Limburg,Rooms Katholieke Basisschool Sint Ger Majella,Hei-Grindelweg,88,6414 BT,HEERLEN,0917,HEERLEN,0455285960,primary,50.91295128,5.97270362
Limburg,Oecumenische Basisschool De Wegwijzer,Veeweg,73,6374 AN,LANDGRAAF,0882,LANDGRAAF,0455315927,primary,50.91846782,6.04071598
Limburg,Basisschool De Schakel,Leliestraat,31,6466 XN,KERKRADE,0928,KERKRADE,0455411756,primary,50.86465061,6.03778694
Limburg,Basisschool Meander,De Insel,23,6442 AJ,BRUNSSUM,0899,BRUNSSUM,0455251183,primary,50.9494296,5.98297072
Limburg,Basisschool Bleijerheide,Bleijerheiderstraat,125,6462 AH,KERKRADE,0928,KERKRADE,0455452766,primary,50.85382291,6.06834205
Limburg,Basisschool de Spoorzoeker,Plein,36,6466 GG,KERKRADE,0928,KERKRADE,0455411367,primary,50.85425913,6.02629003
Limburg,Basisschool De Veldhof,Anselderlaan,10,6471 GL,EYGELSHOVEN,0928,KERKRADE,0455351434,primary,50.89260745,6.06087158
Limburg,Basisschool De Opstap,Prins Bernhardstraat,40-C,6441 AL,BRUNSSUM,0899,BRUNSSUM,0455252550,primary,50.94633326,5.97569575
Limburg,Basisschool De Regenboog,Weijenbergstraat,8,6431 AL,HOENSBROEK,0917,HEERLEN,0455214397,primary,50.93077228,5.92404256
Limburg,BS Steltloper,Dir van der Muhlenlaan,30,6463 VZ,KERKRADE,0928,KERKRADE,0455452429,primary,50.87277397,6.06968642
Limburg,Basisschool De Doorkijk,Singelweg,5,6467 CE,KERKRADE,0928,KERKRADE,0455413228,primary,50.86673135,6.0261493
Limburg,Basisschool An d r Put,Pastoor Scheepersstraat,9,6374 HR,LANDGRAAF,0882,LANDGRAAF,0455315814,primary,50.91649861,6.05373638
Limburg,Basisschool de Meridiaan,Scheelenstraat,100,6369 VZ,SIMPELVELD,0965,SIMPELVELD,0455442304,primary,50.83414605,5.97531002
Limburg,De Mheyster,Mgr. Nolensstraat,29,6431 JL,HOENSBROEK,0917,HEERLEN,0455214594,primary,50.9253717,5.93297215
Limburg,Rooms Katholieke Basisschool De Blokkenberg,Akkerheide,19,6463 DC,KERKRADE,0928,KERKRADE,0455453704,primary,50.87812532,6.06445677
Limburg,basisschool Mijn Spoor,Belemnieterf,10,6413 LZ,HEERLEN,0917,HEERLEN,0455233722,primary,50.91278879,5.95325999
Limburg,RK BS De Ganzerik,Caeciliastraat,19,6413 GM,HEERLEN,0917,HEERLEN,0455212447,primary,50.91651672,5.95468798
Limburg,Basisschool de Vlieger,Maria-Gewandenstraat,24,6432 CP,HOENSBROEK,0917,HEERLEN,0455234400,primary,50.9219431,5.91706313
Limburg,Basisschool Sint Ursula,O.L.Vrouwestraat,70,6461 BS,KERKRADE,0928,KERKRADE,0455455563,primary,50.86725219,6.07117956
Limburg,Basisschool De Diabolo,Meester Absilstraat,6,6461 EX,KERKRADE,0928,KERKRADE,0455452168,primary,50.86149737,6.06508071
Limburg,Bs Wonderwijs,Auvermoerstraat,2,6433 CC,HOENSBROEK,0917,HEERLEN,0455214497,primary,50.9173251,5.92913734
Limburg,BS de Vlindertuin,Ir. de Katstraat,33,6446 SR,BRUNSSUM,0899,BRUNSSUM,0455216650,primary,50.93531904,5.94064185
Limburg,Frans Postmaschool,Merwedestraat,16,6413 VV,HEERLEN,0917,HEERLEN,0455720933,primary,50.90692481,5.96232445
Limburg,Rooms Katholieke Basisschool Langeberg,Rembrandtstraat,2-A,6445 CW,BRUNSSUM,0899,BRUNSSUM,0455252958,primary,50.93347774,5.97616832
Limburg,Basisschool Schinveld,Kloosterlaan,7-E,6451 EN,SCHINVELD,1954,BEEKDAELEN,0455253553,primary,50.96659722,5.9819138
Limburg,Openbare Basisschool De Robbedoes,Aan de Ververij,31,6291 KC,VAALS,0981,VAALS,0433061192,primary,50.77524469,6.01417863
Limburg,Openbare Basisschool de Tovercirkel,Vullingsweg,68,6418 HV,HEERLEN,0917,HEERLEN,0455416142,primary,50.86830952,6.0063005
Limburg,OBS de Droomboom,Limburgiastraat,34,6415 VT,HEERLEN,0917,HEERLEN,0455722070,primary,50.89457292,5.99068895
Limburg,de Schatgraver,Pastoor Schattenstraat,25,6372 JA,LANDGRAAF,0882,LANDGRAAF,0455313579,primary,50.89231896,6.01296218
Limburg,Op Gen Hei,An de Voeegelsjtang,12,6373 BJ,LANDGRAAF,0882,LANDGRAAF,0455311451,primary,50.90866029,6.0276557
Limburg,Basisschool 'T Valder,Belvauer,62,6373 TT,LANDGRAAF,0882,LANDGRAAF,0455312762,primary,50.90288314,6.03697245
Limburg,Openbare Basisschool de Schatkist,Feldbiss,210-A,6462 HC,KERKRADE,0928,KERKRADE,0455670191,primary,50.85676801,6.07278576
Limburg,Openbare Basisschool De Speurneus,Haaselt,3,6374 NJ,LANDGRAAF,0882,LANDGRAAF,0455691510,primary,50.91613753,6.04101875
Limburg,OBS Wereldwijs,Baronstraat,11,6371 AR,LANDGRAAF,0882,LANDGRAAF,0455332700,primary,50.90410022,6.02038163
Limburg,Openbare Basisschool De Trampoline,Prins Bernhardstraat,40-B,6441 AL,BRUNSSUM,0899,BRUNSSUM,0455275277,primary,50.94610508,5.97566837
Limburg,Openbare Basisschool de Klimop,Dokter van de Wouwstraat,39,6031 HC,NEDERWEERT,0946,NEDERWEERT,0495631900,primary,51.28991181,5.74799456
Limburg,Basisschool Neel,Dominicushof,5,6042 NG,ROERMOND,0957,ROERMOND,0475322372,primary,51.19877736,6.01497381
Limburg,Basisschool De Steenen Brug,Bisschop Lindanussingel,41,6041 LV,ROERMOND,0957,ROERMOND,0475316536,primary,51.18964388,5.98360648
Limburg,Rooms Katholieke Basisschool De Berensprong,Bronneberg,31,6075 CW,HERKENBOSCH,1669,ROERDALEN,0475537137,primary,51.15782536,6.07178593
Limburg,Basisschool De Octopus,Abdissenstraat,1,6071 VP,SWALMEN,0957,ROERMOND,0475386158,primary,51.23739892,6.04757342
Limburg,Basisschool 't Kempke,Pastoor Ceijssensstraat,5,6077 AS,SINT ODILIENBERG,1669,ROERDALEN,0475532402,primary,51.14587265,6.00313359
Limburg,Sint Alfonsusschool voor Basisonderwijs,Herkenbosscherweg,22,6045 AR,ROERMOND,0957,ROERMOND,0475317923,primary,51.18052552,5.99954626
Limburg,De Springplank,Sportlaan,1,6063 AX,VLODROP,1669,ROERDALEN,0475407052,primary,51.13009003,6.07149707
Limburg,St. Hubertusschool,Louis Beelstraat,12,6049 HS,HERTEN,0957,ROERMOND,0475332285,primary,51.17726832,5.97060067
Limburg,Bredeschool De Achtbaan,John F. Kennedysingel,27,6074 AG,MELICK,1669,ROERDALEN,0475537079,primary,51.16192966,6.01808323
Limburg,De Zonnewijzer,Hendriklaan,86,6043 BT,ROERMOND,0957,ROERMOND,0475334231,primary,51.18630322,5.99865367
Limburg,Openbare Basisschool De Brink,Smedenerf,2,6043 SG,ROERMOND,0957,ROERMOND,0475324669,primary,51.18830554,6.02152151
Limburg,Basisschool Sint Theresia,Kerkweg,7,6071 AL,SWALMEN,0957,ROERMOND,0475501477,primary,51.21489704,6.04707605
Limburg,Basisschool t Mozaiek,Surinamestraat,2,6045 VA,ROERMOND,0957,ROERMOND,0475329604,primary,51.17645845,6.00983466
Limburg,Protestants Christelijke Basisschool Willem De Zwijgerschool,Minister Beversstraat,7,6042 BL,ROERMOND,0957,ROERMOND,0475315665,primary,51.19454625,6.00087509
Limburg,Openbare Basisschool De Stapsteen,Putkamp,2,6049 AK,HERTEN,0957,ROERMOND,0475316776,primary,51.17929469,5.9643304
Limburg,Basisschool De Hovenier,Sportlaan,7,6065 AJ,MONTFORT,1669,ROERDALEN,0475549017,primary,51.12277631,5.94719909
Limburg,Basisschool Leeve,Jan Amentstraat,24,6041 BE,ROERMOND,0957,ROERMOND,0475318601,primary,51.21062953,6.00039822
Limburg,Basisschool Lambertus,Meestersweg,5,6071 BN,SWALMEN,0957,ROERMOND,0475508144,primary,51.22720974,6.03585744
Limburg,Basisschool De Kasteeltuin,Kasteel Wassenbergstraat,2-4,6043 XM,ROERMOND,0957,ROERMOND,0475322418,primary,51.18864559,6.00929364
Limburg,Basisschool Vincent van Gogh,Donderbergweg,43,6044 SX,ROERMOND,0957,ROERMOND,0475322232,primary,51.18311403,6.00926668
Limburg,Montessori Basisschool Roermond,Achilleslaan,4,6042 JV,ROERMOND,0957,ROERMOND,0475322567,primary,51.19393016,6.01209262
Limburg,Openbare Basisschool aan de Roer,Hammerveldlaan,2,6041 VV,ROERMOND,0957,ROERMOND,0475331309,primary,51.18794667,5.9772554
Limburg,"Basisschool ""De Maasparel""",Nieuwendijk,22,6107 AW,STEVENSWEERT,1641,MAASGOUW,0475551618,primary,51.12975087,5.84990038
Limburg,Basisschool De Sleye,Sportparklaan,58,6097 CW,HEEL,1641,MAASGOUW,0475571586,primary,51.18436541,5.89844119
Limburg,Basisschool de Violier,Julianastraat,33,6101 HH,ECHT,1711,ECHT-SUSTEREN,0475481719,primary,51.10217153,5.87467648
Limburg,Rooms Katholieke Basisschool Sint Medardus,Het Schoor,1-A,6019 EC,WESSEM,1641,MAASGOUW,0475568068,primary,51.16154217,5.87770847
Limburg,Rooms Katholieke Basisschool Maria Goretti,Kantstraat,1,6111 AH,SINT JOOST,1711,ECHT-SUSTEREN,0475470168,primary,51.11707839,5.89837154
Limburg,Basisschool Koningsspil,Molenweg,8,6017 BM,THORN,1641,MAASGOUW,0475568011,primary,51.16493305,5.84303599
Limburg,Basisschool Patricius,Hubertusstraat,1,6102 AS,ECHT,1711,ECHT-SUSTEREN,0475482225,primary,51.09649221,5.8869673
Limburg,Basisschool 't Breerke,Ankerstraat,1,6051 GG,MAASBRACHT,1641,MAASGOUW,0475463197,primary,51.13717908,5.88659929
Limburg,Basisschool De Toermalijn,Neutrale Hoek,4,6051 KX,MAASBRACHT,1641,MAASGOUW,0475462026,primary,51.14269035,5.89496379
Limburg,Basisschool St Martinus,Leukenstraat,4,6099 AR,BEEGDEN,1641,MAASGOUW,0475571312,primary,51.19093562,5.91645057
Limburg,Islamitische Basisschool El Habib,Silexstraat,41,6216 XB,MAASTRICHT,0935,MAASTRICHT,0433437665,primary,50.8511382,5.65580225
Limburg,Brede school Markeent,Sint Jozefslaan,102,6006 JN,WEERT,0988,WEERT,0495534518,primary,51.24431137,5.70175297
Limburg,Brede school Moesel,Stadhouderslaan,21,6006 GJ,WEERT,0988,WEERT,0495536622,primary,51.24092932,5.71250078
Limburg,KindCentrum Altweerterheide,Herenvennenweg,2,6006 SW,WEERT,0988,WEERT,0495535174,primary,51.22043328,5.6785431
Limburg,Openbare Jenaplan Basisschool de Duizendpoot,Parklaan,24,6039 BD,STRAMPROY,0988,WEERT,0495563305,primary,51.19395623,5.71916723
Limburg,Openbare Basisschool De Graswinkel,Graswinkellaan,9,6005 KE,WEERT,0988,WEERT,0495540951,primary,51.24283251,5.7203664
Limburg,Openbare Basisschool Molenakker,Oude Laarderweg,15,6003 ME,WEERT,0988,WEERT,0495539067,primary,51.26514133,5.71296461
Limburg,De Bundeling,Kersenlaan,6,6241 BL,BUNDE,0938,MEERSSEN,0433646991,primary,50.89448315,5.72954696
Limburg,Katholieke basisschool de Den,Burgemeester Beckersweg,45,6261 NX,MHEER,1903,EIJSDEN-MARGRATEN,0434571516,primary,50.78430296,5.79729667
Limburg,RK Basisschool De Keerkring,Groenstraat,17,6267 EM,CADIER EN KEER,1903,EIJSDEN-MARGRATEN,0434071283,primary,50.82638541,5.77132151
Limburg,Basisschool Sint Martinus,Gronsvelder Kerkplein,8,6247 CM,GRONSVELD,1903,EIJSDEN-MARGRATEN,0434087180,primary,50.81224352,5.72864614
Limburg,Op de 10 Bunder,Tienbundersweg,1,6321 CP,WIJLRE,1729,GULPEN-WITTEM,0434506055,primary,50.83747605,5.89273652
Limburg,Openbare Basisschool Berg,Langen Akker,122,6325 CN,BERG EN TERBLIJT,0994,VALKENBURG AAN DE GEUL,0436040040,primary,50.86110047,5.79063651
Limburg,Rk Bs De Cramignon,Kramsvogel,42,6245 RE,EIJSDEN,1903,EIJSDEN-MARGRATEN,0434091583,primary,50.77829223,5.72133448
Limburg,Basisschool St Jozef,Sint Jozefstraat,38,6245 LN,EIJSDEN,1903,EIJSDEN-MARGRATEN,0434092121,primary,50.79398145,5.71589643
Limburg,Integraal Kindcentrum Dynamiek,Goudenweg,200,6216 TT,MAASTRICHT,0935,MAASTRICHT,0433430264,primary,50.84590613,5.65287314
Limburg,Rooms Katholieke Basisschool Maurice Rose,Beatrixlaan,2,6269 EX,MARGRATEN,1903,EIJSDEN-MARGRATEN,0434581507,primary,50.82584595,5.81907361
Limburg,IKC ZIEZO!,Borghaag,25,6228 EX,MAASTRICHT,0935,MAASTRICHT,0433611647,primary,50.82899123,5.72300211
Limburg,Kernkindcentrum De Loper,President Rooseveltlaan,213,6224 CP,MAASTRICHT,0935,MAASTRICHT,0433621716,primary,50.85125955,5.71146773
Limburg,Basisschool Sint Gertrudis,Schoolstraat,28,6265 AS,SINT GEERTRUID,1903,EIJSDEN-MARGRATEN,0434081761,primary,50.79599943,5.77169124
Limburg,Openbare Basisschool De Spiegel,Sorbonnelaan,190,6229 HD,MAASTRICHT,0935,MAASTRICHT,0433614472,primary,50.83295526,5.70949312
Limburg,Openbare Basisschool Binnenstad,Begijnenstraat,11,6211 JR,MAASTRICHT,0935,MAASTRICHT,0433216172,primary,50.84503896,5.69301196
Limburg,De Poort Montessori Basisschool,Kard van Rossumplein,99,6221 SZ,MAASTRICHT,0935,MAASTRICHT,0433214917,primary,50.84185817,5.70967998
Limburg,Openbare Basisschool Broekhem,Keelstraat,3,6301 XT,VALKENBURG LB,0994,VALKENBURG AAN DE GEUL,0436016793,primary,50.87401038,5.82665068
Limburg,Neutraal Bijzondere Basisschool Tangram,Kramsvogel,42,6245 RE,EIJSDEN,1903,EIJSDEN-MARGRATEN,0434094729,primary,50.77829223,5.72133448
Limburg,Basisschool De Driehoek,Helenaveenseweg,52,5766 PB,GRIENDTSVEEN,1507,HORST AAN DE MAAS,0493529468,primary,51.44232455,5.88005056
Limburg,Openbare Basisschool Mesch,Grijzegraaf,12,6245 KG,EIJSDEN,1903,EIJSDEN-MARGRATEN,0434091512,primary,50.76252182,5.73090917
Limburg,Basisschool Eigenwijs,Hoofdstraat,28,5808 AV,OIRLO,0984,VENRAY,0478571685,primary,51.50998163,6.03683053
Limburg,Basisschool De Hommel,Oostsingel,39,5802 AM,VENRAY,0984,VENRAY,0478550222,primary,51.52292452,5.98577219
Limburg,Basisschool De Meent,Kapelweg,3,5809 AJ,LEUNEN,0984,VENRAY,0478550125,primary,51.50965677,5.97811036
Limburg,Basisschool De Bongerd,Eikenlaan,1,5802 CS,VENRAY,0984,VENRAY,0478569711,primary,51.52066251,5.97970224
Limburg,Basisschool De Meulebeek,Watermolenstraat,3,5807 BJ,OOSTRUM,0984,VENRAY,0478550310,primary,51.52855673,6.0167106
Limburg,Basisschool De Lier,Grootdorp,99,5815 AN,MERSELO,0984,VENRAY,0478548009,primary,51.53178981,5.92584243
Limburg,Basisschool St Oda,Pater Tulpstraat,1,5813 CD,YSSELSTEYN,0984,VENRAY,0478545000,primary,51.4902112,5.89779357
Limburg,Basisschool de Krokodaris,Kiosk,13,5802 NP,VENRAY,0984,VENRAY,0478550224,primary,51.52226305,5.99280128
Limburg,Basisschool De Klimboom,Boterbloem,47,5803 CN,VENRAY,0984,VENRAY,0478550219,primary,51.53338501,5.9886114
Limburg,Petrus' Banden,Min.Charles Ruysstraat,1,5802 BC,VENRAY,0984,VENRAY,0478550351,primary,51.52678821,5.98176807
Limburg,JKC Talententuin,Tinnegieterstraat,6,5801 RK,VENRAY,0984,VENRAY,0478584796,primary,51.51696512,5.96563549
Limburg,Basisschool Coninxhof,Goudsmidstraat,9,5801 RE,VENRAY,0984,VENRAY,0478569233,primary,51.51668332,5.96623818
Limburg,Basisschool De Kruudwis,Klaproos,21,5803 HE,VENRAY,0984,VENRAY,0478582974,primary,51.53155137,5.99331695
Limburg,Basisschool Sint Anna,Plein,2,5863 AT,BLITTERSWIJCK,0984,VENRAY,0478531817,primary,51.53139052,6.10865128
Limburg,KC STip,Molenstraat,39,5866 AA,SWOLGEN,1507,HORST AAN DE MAAS,0478691500,primary,51.49184877,6.10632345
Limburg,Basisschool Megelsheim,Mgr Jenneskensstraat,13,5864 CS,MEERLO,1507,HORST AAN DE MAAS,0478692847,primary,51.51296139,6.09231967
Limburg,Rooms Katholieke Basisschool Onder de Wieken,Rector de Fauwestraat,26,5964 AE,METERIK,1507,HORST AAN DE MAAS,0773983497,primary,51.4554663,6.02143828
Limburg,Basisschool De Brink,Rector Mulderstraat,6,5962 AH,MELDERSLO,1507,HORST AAN DE MAAS,0773983273,primary,51.46123851,6.08572592
Limburg,Basisschool De Twister,Gebr. van Doornelaan,25,5961 BA,HORST,1507,HORST AAN DE MAAS,0773981005,primary,51.46095292,6.04835146
Limburg,Basisschool De Wouter,Gerard Smuldersstraat,1,5966 NR,AMERICA,1507,HORST AAN DE MAAS,0774641918,primary,51.4369346,5.976222
Limburg,Basisschool De Doolgaard,Doolgaardstraat,24,5961 TS,HORST,1507,HORST AAN DE MAAS,0773981714,primary,51.45202155,6.05717041
Limburg,Basisschool Onder De Linde,Past. Debijestraat,8,5963 AG,HEGELSOM,1507,HORST AAN DE MAAS,0773984777,primary,51.43719997,6.03952122
Limburg,Basisschool De Peddepoel,Gouverneur Houbenstraat,55,5861 CC,WANSSUM,0984,VENRAY,0478531714,primary,51.53840621,6.07035616
Limburg,Rooms Katholieke Basisschool De Schakel,Mgr. Schravenstraat,14,5871 AW,BROEKHUIZENVORST,1507,HORST AAN DE MAAS,0774631907,primary,51.49365418,6.15985751
Limburg,Openbaar Basisschool Weisterbeek,Zuster Olgahof,4,5961 KA,HORST,1507,HORST AAN DE MAAS,0773982846,primary,51.45639995,6.04386798
Limburg,Rooms Katholieke Basisschool De Bottel,Horsterdijk,2,5973 PN,LOTTUM,1507,HORST AAN DE MAAS,0774631992,primary,51.46213521,6.16019436
Limburg,Basisschool De Kameleon,Past Tijssenstraat,18-A,5971 VW,GRUBBENVORST,1507,HORST AAN DE MAAS,0773661578,primary,51.41777482,6.1444095
Limburg,Basisschool de Ezelsbrug,Den Eigen,18-A,5975 CB,SEVENUM,1507,HORST AAN DE MAAS,0774672100,primary,51.41045838,6.03459647
Limburg,Rooms Katholieke Basisschool de Kroevert,Meerweg,13,5976 NS,KRONENBERG,1507,HORST AAN DE MAAS,0774671557,primary,51.41361523,5.99692026
Limburg,BS Onder de Linden,Kanaalstraat,77,5986 AE,BERINGE,1894,PEEL EN MAAS,0773072933,primary,51.33747746,5.94609431
Limburg,Basisschool De Kemp,Kempstraat,36,5987 AH,EGCHEL,1894,PEEL EN MAAS,0773073636,primary,51.3139371,5.97041162
Limburg,Kindcentrum LEEF,Merwijckstraat,16,5995 XK,KESSEL,1894,PEEL EN MAAS,0774621431,primary,51.29232553,6.05604744
Limburg,KC Avonturier,Rect. Isidorusstraat,5,5984 NB,KONINGSLUST,1894,PEEL EN MAAS,0774651824,primary,51.35693766,5.99385538
Limburg,Basisschool De Horizon,Past. Kengenstraat,1,5985 PV,GRASHOEK,1894,PEEL EN MAAS,0773072856,primary,51.36000669,5.94260874
Limburg,Openbare Basisschool FavoRIET,Schoutenring,32,5981 DS,PANNINGEN,1894,PEEL EN MAAS,0773074223,primary,51.32292738,5.98638564
Limburg,Basisschool Eikerwijs,Schoolstraat,7,5995 NP,KESSEL,1894,PEEL EN MAAS,0774621262,primary,51.28001776,6.02465987
Limburg,KC NatuurTalent,Kloosterstraat,14,5988 CK,HELDEN,1894,PEEL EN MAAS,0773060900,primary,51.32182198,6.00937667
Limburg,Basisschool De Liaan,Past Knippenberghstraat,29,5988 CS,HELDEN,1894,PEEL EN MAAS,0773061062,primary,51.32289124,5.99817811
Limburg,Basisschool De Groenling,Steenbakkersstraat,76,5981 WV,PANNINGEN,1894,PEEL EN MAAS,0773072167,primary,51.32876447,5.97249047
Limburg,Basisschool De Bongerd,De Bengele,2,6031 TZ,NEDERWEERT,0946,NEDERWEERT,0495632747,primary,51.28117498,5.74209686
Limburg,Basisschool Swartbroek,Bertiliastraat,1,6005 PA,WEERT,0988,WEERT,0495551494,primary,51.2298219,5.77239088
Limburg,IKC Laar,Aldenheerd,10,6003 NW,WEERT,0988,WEERT,0495533058,primary,51.27395289,5.70526678
Limburg,BS Tungelder,Sint Barbaraplein,2-A,6005 SR,WEERT,0988,WEERT,0495561657,primary,51.21310129,5.73103903
Limburg,Basisschool Aan de Bron,Maaslandlaan,1,6004 GC,WEERT,0988,WEERT,0495452088,primary,51.25451901,5.71817301
Limburg,IKC de Kerneel,Speelhuijs,4,6031 HR,NEDERWEERT,0946,NEDERWEERT,0495631560,primary,51.28869776,5.74171753
Limburg,BS de Tweesprong,Sint Gerardusstraat,22,6034 SJ,NEDERWEERT-EIND,0946,NEDERWEERT,0495632712,primary,51.27517116,5.77923263
Limburg,Bs De Zonnehof,Pastoor de Fauwestraat,11,6091 NS,LEVEROY,0946,NEDERWEERT,0495654030,primary,51.2499381,5.84272771
Limburg,IKC Budschop,Ospelseweg,18,6031 AK,NEDERWEERT,0946,NEDERWEERT,0495632777,primary,51.28555727,5.75835852
Limburg,Basisschool De Kameleon,Marienhagelaan,2,6001 TP,WEERT,0988,WEERT,0495533086,primary,51.2519249,5.70139067
Limburg,Basisschool De Schrank,Siebenstraat,14,6035 BD,OSPEL,0946,NEDERWEERT,0495632156,primary,51.30001048,5.7841392
Limburg,IKC Leuken,Middelstestraat,77,6004 BH,WEERT,0988,WEERT,0495534143,primary,51.2525417,5.73533658
Limburg,IKC 3hoven,Anjelierstraat,9,6002 TP,WEERT,0988,WEERT,0495452877,primary,51.26379223,5.68343472
Limburg,Basisschool De Firtel,Parklaan,24,6039 BD,STRAMPROY,0988,WEERT,0495561750,primary,51.19395623,5.71916723
Limburg,Basisschool De Heihorst,Pater van Donstraat,2-A,6089 NP,HEIBLOEM,1640,LEUDAL,0475495037,primary,51.30087518,5.89487206
Limburg,Basisschool den Doelhof,Kerkstraat,7,5768 BH,MEIJEL,1894,PEEL EN MAAS,0774669210,primary,51.34554513,5.88744324
Limburg,Basisschool St Jozef,Grotestraat,142,5931 CZ,TEGELEN,0983,VENLO,0773260855,primary,51.34093718,6.13396624
Limburg,Rooms Katholieke Basisschool Het Spick,Kerkstraat,12-14,5954 BC,BEESEL,0889,BEESEL,0774743057,primary,51.26832388,6.03702084
Limburg,De Schalm,Sint Sebastianusstraat,10,5935 AX,STEYL,0983,VENLO,0773732875,primary,51.33238228,6.12328558
Limburg,Titus Brandsmabasisschool,1e Maasveldstraat,2,5921 JM,VENLO,0983,VENLO,0773240097,primary,51.36773865,6.15356546
Limburg,Basisschool De Violier,Kennedyplein,60,5993 BT,MAASBREE,1894,PEEL EN MAAS,0774657041,primary,51.35673447,6.04771464
Limburg,Basisschool De Springbeek,Hoverhofweg,35,5926 RC,VENLO,0983,VENLO,0773822200,primary,51.35893965,6.12571719
Limburg,Kom.Mijn,Prins Frederikstraat,67-A,5951 BR,BELFELD,0983,VENLO,0774758049,primary,51.30970093,6.1180444
Limburg,Basisschool De Diamant,Hertog van Gelrestraat,47,5991 BN,BAARLO LB,1894,PEEL EN MAAS,0774771785,primary,51.32594434,6.09411557
Limburg,Rooms Katholieke Basisschool de Regenboog,Albert Verweystraat,4,5921 AZ,VENLO,0983,VENLO,0773230080,primary,51.3684822,6.1427585
Limburg,BS Natuurlijk!,Vossenerlaan,57,5924 AC,VENLO,0983,VENLO,0773230414,primary,51.36625051,6.1300994
Limburg,Basisschool De Klingerberg,Klingerbergsingel,2,5925 AC,VENLO,0983,VENLO,0773871126,primary,51.3743096,6.12839116
Limburg,"Bosdael, Centrum voor het Kind",Meester Bosmanshof,1,5953 DM,REUVER,0889,BEESEL,0774748216,primary,51.28707024,6.074751
Limburg,Basisschool Mikado,Alberickstraat,5,5922 BL,VENLO,0983,VENLO,0773230033,primary,51.37451484,6.14197793
Limburg,Basisschool Meander,Sint Jozefweg,28,5953 JN,REUVER,0889,BEESEL,0774740140,primary,51.28602265,6.09357105
Limburg,PassePartout,Van Wevelickhovenstraat,5,5931 KS,TEGELEN,0983,VENLO,0773732768,primary,51.34447481,6.14486413
Limburg,Basisschool De Kring,Hubertusstraat,70,6191 PD,BEEK LB,0888,BEEK,0464280275,primary,50.92837972,5.81856962
Limburg,KC de Loft,Berkenlaan,52,6133 WZ,SITTARD,1883,SITTARD-GELEEN, ,primary,50.98902122,5.8589937
Limburg,KC Eigen Wijs,Musschenberg,26-B,6176 BD,SPAUBEEK,0888,BEEK,0464431632,primary,50.93844635,5.83659169
Limburg,Basisschool De Kingbeek,Sint Catharinaplantsoen,4,6127 BC,GREVENBICHT,1883,SITTARD-GELEEN,0464857261,primary,51.04026113,5.7758243
Limburg,Kindcentrum Aelse,Bandkeramiekersstraat,8,6181 CL,ELSLOO LB,0971,STEIN,0464360852,primary,50.94956129,5.7737518
Limburg,Basisschool De Bron,Beijensweide,19,6191 EK,BEEK LB,0888,BEEK,0464280955,primary,50.94716697,5.81119603
Limburg,Basisschool de Avonturijn,Kerkstraat,19,6129 BN,URMOND,0971,STEIN,0464260655,primary,51.00486584,5.76954227
Limburg,Basisschool de Duizendpoot,Frans Halsstraat,1,6165 TV,GELEEN,1883,SITTARD-GELEEN,0464231707,primary,50.961663,5.82832526
Limburg,Openbare Basisschool De Driepas,Mispelstraat,1,6101 MJ,ECHT,1711,ECHT-SUSTEREN,0475411970,primary,51.10936871,5.87634314
Limburg,Integraal Kindcentrum de triviant,De Halstraat,42,6171 HK,STEIN,0971,STEIN,0464331209,primary,50.96807853,5.76063848
Limburg,Basisschool Munstergeleen,Burg. Smeetsstraat,3,6151 GM,MUNSTERGELEEN,1883,SITTARD-GELEEN,0464515820,primary,50.97089289,5.86282313
Limburg,Basisschool De Bolleberg,Annendaalderweg,14,6105 AT,MARIA HOOP,1711,ECHT-SUSTEREN,0475301349,primary,51.09183214,5.96918024
Limburg,KC Baeks Kompas,Op de Windhaspel,4,6191 LC,BEEK LB,0888,BEEK,0464280500,primary,50.93525701,5.80016838
Limburg,Kindcentrum Carré,Leyenbroekerweg,105,6132 CD,SITTARD,1883,SITTARD-GELEEN,0464513138,primary,50.98694126,5.86642073
Limburg,Katholieke Basisschool De Sprong,In de Pollack,3,6438 GG,OIRSBEEK,1954,BEEKDAELEN,0464421825,primary,50.94809958,5.9041529
Limburg,Kindcentrum de Eik,Burg Willemeplein,2,6118 EA,NIEUWSTADT,1711,ECHT-SUSTEREN,0464853938,primary,51.04065353,5.86032408
Limburg,Rooms Katholieke Basisschool Petrus Canisius,Kerkweg,107,6155 KL,PUTH,1954,BEEKDAELEN,0464431589,primary,50.95292388,5.87153246
Limburg,Openbare Basisschool De Maaskei,Middenveld,1,6129 PR,URMOND,0971,STEIN,0464334968,primary,50.9885441,5.77433471
Limburg,Kindcentrum Angela,Harlindestraat,10,6101 DS,ECHT,1711,ECHT-SUSTEREN,0475410701,primary,51.10496382,5.86496396
Limburg,Kindcentrum Bonjour!,Langhaagweg,85,6171 BS,STEIN,0971,STEIN,0464260010,primary,50.97718818,5.7752219
Limburg,Katholieke Basisschool Overhoven,Geldersestraat,28,6136 AT,SITTARD,1883,SITTARD-GELEEN,0464512370,primary,51.00888723,5.86573764
Limburg,Katholieke Basisschool Lahrhof,Romeinenstraat,30,6132 GN,SITTARD,1883,SITTARD-GELEEN,0464525683,primary,50.99531588,5.89389375
Limburg,Basisschool In 't Park,Reinoud van Gelderstraat,63,6114 EA,SUSTEREN,1711,ECHT-SUSTEREN,0464493266,primary,51.06604768,5.86069645
Limburg,Kindcentrum Sittard,Vastradastraat,2,6137 AM,SITTARD,1883,SITTARD-GELEEN,0464515916,primary,50.99828957,5.8782765
Limburg,Openbare Basisschool aan de Meule,Kromstraat,31,6133 AA,SITTARD,1883,SITTARD-GELEEN,0464525294,primary,50.99011459,5.85537305
Limburg,Openbare Basisschool De Springdonk,Schoutlaan,2,6114 MC,SUSTEREN,1711,ECHT-SUSTEREN,0464494956,primary,51.06725065,5.85355568
Limburg,Openbare Basisschool de Wissel,Jan van Salmstraat,5-A,6121 NE,BORN,1883,SITTARD-GELEEN,0464810430,primary,51.03409382,5.811954
Limburg,Loedoes,Hulsestraat,1,6135 JK,SITTARD,1883,SITTARD-GELEEN,0464009266,primary,51.01110751,5.85443201
Noord-Brabant,Christelijke Basisschool De Brug,Brugstraat,2,5165 CA,WASPIK,0867,WAALWIJK,0416311379,primary,51.68659793,4.94055749
Noord-Brabant,Kindcentrum Platijn,Maatstok,1,5684 KE,BEST,0753,BEST,0499375750,primary,51.51191229,5.38289864
Noord-Brabant,Br!cks,Johannes Verleunstraat,29,5684 TT,BEST,0753,BEST,0499371216,primary,51.49509377,5.39717147
Noord-Brabant,De Zevensprong,Haktol,1,5683 LL,BEST,0753,BEST,0499330475,primary,51.50741205,5.40353144
Noord-Brabant,Kindcentrum de Kiezel,Secr L Jansenstraat,5,5682 AC,BEST,0753,BEST,0499371297,primary,51.51333634,5.39322403
Noord-Brabant,Kindcentrum De Heydonck,Max de Bossustraat,8,5684 CG,BEST,0753,BEST,0499372398,primary,51.50321095,5.38879376
Noord-Brabant,Kindcentrum Antonius,Vlinderhei,14,5685 GZ,BEST,0753,BEST,0499371250,primary,51.50273004,5.3752607
Noord-Brabant,De Klimboom,Paardenhei,1,5685 GW,BEST,0753,BEST,0499310265,primary,51.50218392,5.37524759
Noord-Brabant,Op 't Erf,Den Dries,17,5684 MD,BEST,0753,BEST,0499310281,primary,51.51345043,5.37498133
Noord-Brabant,Vrije School De Regenboog,Mimosaplein,1,5643 CJ,EINDHOVEN,0772,EINDHOVEN,0402110648,primary,51.42165224,5.49645537
Noord-Brabant,Stichting Jenaplan Onderwijs Boxmeer (De Peppels/De Canadas),Frans Halsstraat,33-35,5831 CA,BOXMEER,1982,LAND VAN CUIJK,0485571518,primary,51.6493514,5.9401396
Noord-Brabant,Basissch De Korenaar,Rector Heuvelsstraat,4,5704 AN,HELMOND,0794,HELMOND,0492511604,primary,51.45993852,5.70023905
Noord-Brabant,Kindcentrum De Vlier,Maaslaan,197,5704 LD,HELMOND,0794,HELMOND,0492513452,primary,51.4659547,5.70406546
Noord-Brabant,Kindcentrum Trudo,St. Trudostraat,2,5708 GL,HELMOND,0794,HELMOND,0492525391,primary,51.48654814,5.61616932
Noord-Brabant,Kindcentrum Westwijzer,Cortenbachstraat,70,5707 TJ,HELMOND,0794,HELMOND,0492523402,primary,51.47387815,5.64155731
Noord-Brabant,Brede basisschool De Vuurvogel,Prins Karelstraat,127,5701 VL,HELMOND,0794,HELMOND,0492597445,primary,51.48142868,5.66844384
Noord-Brabant,Kindcentrum Mozaïek,Nieuwveld,61,5702 HW,HELMOND,0794,HELMOND,0492525177,primary,51.49377036,5.67025615
Noord-Brabant,KC Talentrijk,Theo Driessenhof,35,5709 BA,HELMOND,0794,HELMOND,0492512223,primary,51.47465417,5.70706607
Noord-Brabant,Kindcentrum in het Hart van het Hout,Slegersstraat,2-A,5706 AX,HELMOND,0794,HELMOND,0492523701,primary,51.46761584,5.63368788
Noord-Brabant,Kindcentrum Dierdonk,Nijendaldreef,1,5709 RK,HELMOND,0794,HELMOND,0492512021,primary,51.49504185,5.69390703
Noord-Brabant,Kindcentrum De Vendelier,Schutsboom,67,5706 KH,HELMOND,0794,HELMOND,0492520434,primary,51.46131898,5.62207242
Noord-Brabant,Mondomijn,Abendonk,17,5706 WB,HELMOND,0794,HELMOND,0492662894,primary,51.45857676,5.60193704
Noord-Brabant,Tarieq Ibnoe Ziyad,Frankrijkstraat,79,5622 AE,EINDHOVEN,0772,EINDHOVEN,0402460356,primary,51.45446935,5.46610182
Noord-Brabant,Azzahraa,von Flotowlaan,1,5653 AD,EINDHOVEN,0772,EINDHOVEN, ,primary,51.42905433,5.45840766
Noord-Brabant,Basisschool Talente,Schoolstraat,5,4751 CN,OUD GASTEL,1655,HALDERBERGE,0165511695,primary,51.58827337,4.45441567
Noord-Brabant,Basisschool 't Bossche Hart,Mgr. Hopmanshof,2,4744 BX,BOSSCHENHOOFD,1655,HALDERBERGE,0165312756,primary,51.56039633,4.5430708
Noord-Brabant,RK Basisschool Vinkenbos,Hertogstraat,11,4714 BZ,SPRUNDEL,0840,RUCPHEN,0165383087,primary,51.53694401,4.60151563
Noord-Brabant,Rooms Katholieke Basisschool St Jozef,Bisschop Hopmansstraat,1-A,4759 BD,NOORDHOEK,1709,MOERDIJK,0168403464,primary,51.64245465,4.53300998
Noord-Brabant,Rooms katholieke Basisschool De Klinkert,Burg Van den Drieslaan,20,4731 EB,OUDENBOSCH,1655,HALDERBERGE,0165314257,primary,51.59159502,4.54688442
Noord-Brabant,Basisschool Uniek,'t Groot Stuk,3,4741 TX,HOEVEN,1655,HALDERBERGE,0165791011,primary,51.5788527,4.57613707
Noord-Brabant,RK bs Aventurijn,Antoniusstraat,2,4758 AM,STANDDAARBUITEN,1709,MOERDIJK,0165314077,primary,51.61373274,4.51427949
Noord-Brabant,RK Basisschool Mariadonk,Hoefstraat,13,4735 TA,ZEGGE,0840,RUCPHEN,0165536702,primary,51.55550221,4.51412975
Noord-Brabant,RK Basisschool St Martinus,Sint Martinusstraat,3,4715 AG,RUCPHEN,0840,RUCPHEN,0165348055,primary,51.53306497,4.55575274
Noord-Brabant,Rooms Katholieke Basisschool De Steiger,Havenstraat,2,4754 BE,STAMPERSGAT,1655,HALDERBERGE,0165518048,primary,51.61354503,4.44595928
Noord-Brabant,Rooms Katholieke Basisschool De Bukehof,Olmenstraat,1,4731 BC,OUDENBOSCH,1655,HALDERBERGE,0165313240,primary,51.58859977,4.54633897
Noord-Brabant,Sterrenschool De Schittering,St Annastraat,28-34,4731 HT,OUDENBOSCH,1655,HALDERBERGE,0165312459,primary,51.59060066,4.53075661
Noord-Brabant,Daltonschool De Vindplaats,Zoeksestraat,5,4721 AC,SCHIJF,0840,RUCPHEN,0165341636,primary,51.49620164,4.55931542
Noord-Brabant,Basisschool Heilinde,Past Bastiaansensingel,21,4711 EC,ST. WILLEBRORD,0840,RUCPHEN,0165382984,primary,51.55019043,4.58835756
Noord-Brabant,Basisschool Nour,Churchilllaan,82,5224 BW,'S-HERTOGENBOSCH,0796,S HERTOGENBOSCH,0733035660,primary,51.69583627,5.25921099
Noord-Brabant,Islam Basisschool Bedir,Klarinetstraat,4,5402 BE,UDEN,1991,MAASHORST,0413332349,primary,51.67081375,5.6164155
Noord-Brabant,Basisschool Mozaiek,Oude Litherweg,18,5346 RT,OSS,0828,OSS,0412691932,primary,51.77320954,5.51356342
Noord-Brabant,Islamitische Basisschool Salah Eddin El Ayyoubi,Venuslaan,29,5702 GA,HELMOND,0794,HELMOND,0492553941,primary,51.49718929,5.6716402
Noord-Brabant,Basisschool St Joan,Van Schaiklaan,9,6027 PL,SOERENDONK,1706,CRANENDONCK,0495591350,primary,51.30135205,5.5763025
Noord-Brabant,Rooms Katholieke Basisschool De Triangel,Kerkstraat,2,5595 CX,LEENDE,1658,HEEZE-LEENDE,0402065426,primary,51.34915525,5.55365906
Noord-Brabant,BS Fonkeltuin,Witrijtseweg,9-A,5571 XJ,BERGEIJK,1724,BERGEIJK,0497541281,primary,51.30699515,5.29025107
Noord-Brabant,Basisschool Sint Willibrordus,Schoolstraat,15,5561 AH,RIETHOVEN,1724,BERGEIJK,0402075299,primary,51.35441729,5.384248
Noord-Brabant,RK Basissch De Drijfveer,Willem Smuldersplein,5,5582 JJ,WAALRE,0866,WAALRE,0402233020,primary,51.39617743,5.47087076
Noord-Brabant,Basisschool Sint Jan,Sint Jan Baptistastraat,1,5595 GN,LEENDE,1658,HEEZE-LEENDE,0402062145,primary,51.33416767,5.54234646
Noord-Brabant,Basisschool And're wijze,Pater Ullingsstraat,3,6023 AM,BUDEL-SCHOOT,1706,CRANENDONCK,0495494343,primary,51.25190991,5.56430242
Noord-Brabant,Rooms Katholieke Basisschool Beisterveld,Hegmulder,6,5571 RK,BERGEIJK,1724,BERGEIJK,0497555006,primary,51.32296712,5.34559405
Noord-Brabant,Rooms Katholieke Basisschool De Klepper,Kapellerweg,4,5575 BG,LUYKSGESTEL,1724,BERGEIJK,0497541287,primary,51.2886509,5.31999536
Noord-Brabant,Basisschool de Ster,Dorpstraat,15,5563 BC,WESTERHOVEN,1724,BERGEIJK,0402012837,primary,51.33140749,5.39656753
Noord-Brabant,Basisschool De Talententoren,Beukenlaan,6,6029 PZ,STERKSEL,1658,HEEZE-LEENDE,0402240140,primary,51.35062399,5.60960967
Noord-Brabant,Prinses Beatrix - De Zonnesteen,Domineestraat,2,5571 EJ,BERGEIJK,1724,BERGEIJK,0497572781,primary,51.32148275,5.36226075
Noord-Brabant,Basisschool De Windroos,Haagstraat,134,5552 HP,VALKENSWAARD,0858,VALKENSWAARD,0402013623,primary,51.36035413,5.4544515
Noord-Brabant,Basisschool De Waterloop,Terlostraat,5,5571 KW,BERGEIJK,1724,BERGEIJK,0497571235,primary,51.30972173,5.3354276
Noord-Brabant,Basisschool De Pionier,Kromstraat,12,5554 NH,VALKENSWAARD,0858,VALKENSWAARD,0402070072,primary,51.34953263,5.45284221
Noord-Brabant,De Grasspriet,Van De Venstraat,9,5555 KK,VALKENSWAARD,0858,VALKENSWAARD,0402012908,primary,51.35081828,5.47156245
Noord-Brabant,Basisschool De Stapsteen,Kijkakkers,1-A2,6026 ER,MAARHEEZE,1706,CRANENDONCK,0495599264,primary,51.31274037,5.61119702
Noord-Brabant,De Smelen,De Smelen,109,5553 CT,VALKENSWAARD,0858,VALKENSWAARD,0402076656,primary,51.35664051,5.47032421
Noord-Brabant,Rooms Katholieke Basisschool Agnetendal,Helenadal,20,5551 BJ,VALKENSWAARD,0858,VALKENSWAARD,0402012347,primary,51.3535702,5.43009465
Noord-Brabant,Rooms Katholieke Basisschool Sint Martinus,Groenstraat,1,5551 AV,VALKENSWAARD,0858,VALKENSWAARD,0402017970,primary,51.34851665,5.43494149
Noord-Brabant,BS Schepelweyen,Hoefsmidwei,4,5551 PN,VALKENSWAARD,0858,VALKENSWAARD,0402019232,primary,51.36138064,5.43211212
Noord-Brabant,Basisschool de Wilderen,Meester Slootsweg,1-A,5581 AS,WAALRE,0866,WAALRE,0402213535,primary,51.3880905,5.43932782
Noord-Brabant,BS Aalsterbos,Maximiliaanlaan,1,5583 XG,WAALRE,0866,WAALRE,0402213498,primary,51.39566262,5.49182814
Noord-Brabant,Basisschool de Dorenhagen,Hert. Hendrikstraat,1,5552 KK,VALKENSWAARD,0858,VALKENSWAARD,0402013458,primary,51.35997588,5.45568568
Noord-Brabant,Basisschool De Schatkist,De Korenbloem,2,6021 LW,BUDEL,1706,CRANENDONCK,0495491933,primary,51.27436569,5.56838765
Noord-Brabant,Basisschool De Boogurt,Jan van Schoonvorststr,2,6021 BP,BUDEL,1706,CRANENDONCK,0495491600,primary,51.27036767,5.57670743
Noord-Brabant,Roomskatholieke Basisschool De Driesprong,Wolfsdonk,6,4861 BB,CHAAM,1723,ALPHEN-CHAAM,0161491693,primary,51.50648109,4.86384025
Noord-Brabant,Katholieke Basisschool De Vonder,Goirleseweg,3,5133 BC,RIEL,0785,GOIRLE,0135181590,primary,51.52471547,5.02462272
Noord-Brabant,Basisschool de Uilenpoort,Schoolstraat,8-10,5111 XP,BAARLE-NASSAU,0744,BAARLE-NASSAU,0135079453,primary,51.44648311,4.92621205
Noord-Brabant,Basisschool De Spindel,Pastoor Doensstraat,5,4854 CP,BAVEL,0758,BREDA,0161431593,primary,51.56730262,4.83143939
Noord-Brabant,Basisschool Bernardus,Bernardusstraat,13,5113 TG,ULICOTEN,0744,BAARLE-NASSAU,0135199345,primary,51.45592172,4.85827167
Noord-Brabant,Roomskatholiek Basisschool ST Willibrordus,Van Gaverenlaan,10-A,5131 CT,ALPHEN NB,1723,ALPHEN-CHAAM,0135081377,primary,51.48412877,4.95699994
Noord-Brabant,Mattheus-School,Sint Jacobsstraat,1-B,4855 AK,GALDER,1723,ALPHEN-CHAAM,0765612777,primary,51.51753758,4.77415603
Noord-Brabant,Kindcentrum Marimba,Steenovenstraat,2,5402 HM,UDEN,1991,MAASHORST,0413265292,primary,51.66817035,5.61710359
Noord-Brabant,IKC Den Dijk,Oudedijk,48,5409 AD,ODILIAPEEL,1991,MAASHORST,0413335343,primary,51.64412151,5.70643561
Noord-Brabant,Speel- leercentrum De Vlieger,Hertstraat,4,5408 XL,VOLKEL,1991,MAASHORST,0413335363,primary,51.64304358,5.65340301
Noord-Brabant,KC Florent,St. Annastraat,17,5401 AN,UDEN,1991,MAASHORST,0413332313,primary,51.65867164,5.60764666
Noord-Brabant,Kindcentrum De Palster,Germenzeel,500,5403 XC,UDEN,1991,MAASHORST,0413332353,primary,51.66555341,5.63583685
Noord-Brabant,IKC Raam,Bosveld,118,5403 AG,UDEN,1991,MAASHORST,0413332344,primary,51.65996796,5.63466118
Noord-Brabant,Kindcentrum Het Speleon,Klarinetstraat,4,5402 BE,UDEN,1991,MAASHORST,0413332337,primary,51.67081375,5.6164155
Noord-Brabant,Kindplein 't Centrum,Meerloseweg,1,5402 XH,UDEN,1991,MAASHORST,0413332318,primary,51.66129065,5.62053405
Noord-Brabant,Kindcentrum De Vlonder,Heufkens,502,5403 LV,UDEN,1991,MAASHORST,0413332333,primary,51.6723997,5.63671829
Noord-Brabant,Kindcentrum Vindingrijk,Horgetouw,1,5404 MA,UDEN,1991,MAASHORST,0413724906,primary,51.65207407,5.61622441
Noord-Brabant,Kindcentrum 't Mulderke,Wislaan,219,5406 AC,UDEN,1991,MAASHORST,0413248230,primary,51.64513475,5.61780113
Noord-Brabant,Speelleercentrum De Wijde Wereld,Helmteken,24,5406 DK,UDEN,1991,MAASHORST,0413245000,primary,51.64481238,5.637045
Noord-Brabant,Rooms Katholieke Basisschool Laurentius,Van Gaverenlaan,18,4835 CD,BREDA,0758,BREDA,0765640755,primary,51.57052946,4.7875632
Noord-Brabant,Kindcentrum  De Klimboom,Meester Hertsigstraat,7,5764 PR,DE RIPS,1652,GEMERT-BAKEL,0493599360,primary,51.55202209,5.81032163
Noord-Brabant,Kindcentrum De Kastanjelaar,Elsenstraat,3,5763 AP,MILHEEZE,1652,GEMERT-BAKEL,0492345223,primary,51.50233486,5.77785895
Noord-Brabant,Kindcentrum De Bakelaar,Schoolstraat,35,5761 BV,BAKEL,1652,GEMERT-BAKEL,0492341552,primary,51.50211264,5.74105568
Noord-Brabant,Kindcentrum Het Venster,Churchill-laan,18,5421 HA,GEMERT,1652,GEMERT-BAKEL,0492390151,primary,51.55166302,5.68658236
Noord-Brabant,Kindcentrum De Regenboog,Parkweg,10,5427 AL,BOEKEL,0755,BOEKEL,0492321909,primary,51.60574605,5.67589606
Noord-Brabant,Kindcentrum De Samenstroom,Predikant Swildensstraat,35,5421 VA,GEMERT,1652,GEMERT-BAKEL,0492361419,primary,51.56229015,5.69453194
Noord-Brabant,Kindcentrum Kleinerf,Oude-Molenweg,10,5425 VR,DE MORTEL,1652,GEMERT-BAKEL,0492390210,primary,51.53997319,5.71007561
Noord-Brabant,Kindcentrum Octopus,Parkweg,36,5427 AL,BOEKEL,0755,BOEKEL,0492326155,primary,51.60553622,5.67469536
Noord-Brabant,Kindcentrum De Dompelaar,St.-Janstraat,49-51,5424 TS,ELSENDORP,1652,GEMERT-BAKEL,0492359006,primary,51.58263718,5.77003906
Noord-Brabant,Kindcentrum Cornelius,Sint Josephplein,7,5428 GL,VENHORST,0755,BOEKEL,0492359036,primary,51.60780607,5.73864437
Noord-Brabant,Kindcentrum De Havelt,Johannes Keijzershof,2,5423 TX,HANDEL,1652,GEMERT-BAKEL,0492322080,primary,51.57865255,5.71325487
Noord-Brabant,Kindcentrum Berglaren,Groeskuilenstraat,32,5421 HW,GEMERT,1652,GEMERT-BAKEL,0492390818,primary,51.55341841,5.69474221
Noord-Brabant,Kindontwikkelcentrum De Rank,Koekoekstraat,1,5702 PM,HELMOND,0794,HELMOND,0492525418,primary,51.48968183,5.6624697
Noord-Brabant,Wilhelmina Basisschool,Bachlaan,9,5707 RM,HELMOND,0794,HELMOND,0492590175,primary,51.48523922,5.64627828
Noord-Brabant,Ds Johannes Groenewegenschool,Sportlaan,4,4251 GD,WERKENDAM,1959,ALTENA,0183501984,primary,51.80806572,4.89631878
Noord-Brabant,Rooms Katholieke Basisschool De Achthoek,Houtse Heuvel,3,4911 AT,DEN HOUT,0826,OOSTERHOUT,0162455472,primary,51.65747785,4.81210716
Noord-Brabant,Kindcentrum De Ontdekking,Kamerlingh Onneslaan,3,4904 KJ,OOSTERHOUT NB,0826,OOSTERHOUT,0162426990,primary,51.62122621,4.85550014
Noord-Brabant,Rooms Katholieke Basisschool Marcoen,Dennenlaan,71,4849 BD,DORST,0826,OOSTERHOUT,0161411376,primary,51.59149041,4.85601338
Noord-Brabant,RK Basisschool De Toekomst,Sperwerstraat,51,4901 AW,OOSTERHOUT NB,0826,OOSTERHOUT,0162471710,primary,51.64953409,4.85913777
Noord-Brabant,RK Basisschool St Jan,Schoolpad,4,4909 AW,OOSTEIND,0826,OOSTERHOUT,0162453114,primary,51.64445373,4.90190865
Noord-Brabant,RK Basisschool De Beiaard-Harlekijn,Krijtenberg,3,4904 PW,OOSTERHOUT NB,0826,OOSTERHOUT,0162470535,primary,51.62522701,4.84467121
Noord-Brabant,Openbare Basisschool Rubenshof,Rubenshof,8,4907 MX,OOSTERHOUT NB,0826,OOSTERHOUT,0162452361,primary,51.65867637,4.87633351
Noord-Brabant,Openbare Basisschool Sterrendonk,Sterrenlaan,25,4907 GH,OOSTERHOUT NB,0826,OOSTERHOUT,0162450332,primary,51.65590214,4.86594011
Noord-Brabant,Openbare Basisschool De Kameleon,Slotjesveld,9-C,4902 ZP,OOSTERHOUT NB,0826,OOSTERHOUT,0162453452,primary,51.63847917,4.86279804
Noord-Brabant,RK Basisschool De Westhoek,Nieuwe Bouwlingstraat,33,4901 KJ,OOSTERHOUT NB,0826,OOSTERHOUT,0162454352,primary,51.64161029,4.8517381
Noord-Brabant,RK Basisschool de Touwbaan,Touwbaan,16,4901 GG,OOSTERHOUT NB,0826,OOSTERHOUT,0162453706,primary,51.64450023,4.86722711
Noord-Brabant,Openbare Basisschool De Duizendpoot,Willem Dreeslaan,1,4908 CA,OOSTERHOUT NB,0826,OOSTERHOUT,0162428817,primary,51.66421581,4.86421515
Noord-Brabant,Openbare Basisschool de Pionier,Zeislaan,3,4904 VC,OOSTERHOUT NB,0826,OOSTERHOUT,0162437832,primary,51.64376964,4.83610846
Noord-Brabant,Rooms Katholieke Basisschool de Meander,Frits van Egtersstraat,1,4906 HB,OOSTERHOUT NB,0826,OOSTERHOUT,0162423875,primary,51.65207191,4.83569331
Noord-Brabant,Basisschool BoschAkker,Jozef Israelslaan,2-A,5642 KA,EINDHOVEN,0772,EINDHOVEN,0402811151,primary,51.43849353,5.51938002
Noord-Brabant,Basisschool De Sonnewijzer,Ruysdaelstraat,6,5691 EA,SON EN BREUGEL,0848,SON EN BREUGEL,0499490404,primary,51.51542996,5.48759432
Noord-Brabant,Basisschool De Stokland,Jupiterstraat,3,5694 TG,SON EN BREUGEL,0848,SON EN BREUGEL,0499490388,primary,51.52054707,5.50742814
Noord-Brabant,Basisschool Karel de Grote,Mendelssohnlaan,217,5653 BB,EINDHOVEN,0772,EINDHOVEN,0402512628,primary,51.4241022,5.45140856
Noord-Brabant,Basisschool De Boog,Koudenhovenseweg Zuid,202,5641 AC,EINDHOVEN,0772,EINDHOVEN,0402811760,primary,51.44904248,5.51651022
Noord-Brabant,St Antonius,Maasstraat,105,5626 BB,EINDHOVEN,0772,EINDHOVEN,0402621520,primary,51.4793809,5.42717882
Noord-Brabant,De Troubadour,Maria van Bourgondielaan,2-D,5616 EE,EINDHOVEN,0772,EINDHOVEN,0402512704,primary,51.43237745,5.46029422
Noord-Brabant,De Schakel,Johannes Buijslaan,41,5652 NJ,EINDHOVEN,0772,EINDHOVEN,0402514666,primary,51.44394668,5.43651733
Noord-Brabant,De Kimme,Weegschaalstraat,1,5632 CW,EINDHOVEN,0772,EINDHOVEN,0402428959,primary,51.47456843,5.50112961
Noord-Brabant,De Korenaar,Gerretsonlaan,17,5624 JL,EINDHOVEN,0772,EINDHOVEN,0402435728,primary,51.46903608,5.45998858
Noord-Brabant,'t Palet,Wenckenbachstraat,42,5621 HB,EINDHOVEN,0772,EINDHOVEN,0402359240,primary,51.45397242,5.46184008
Noord-Brabant,Rapenland,Generaal Boreelpad,29,5623 JZ,EINDHOVEN,0772,EINDHOVEN,0402439233,primary,51.4640834,5.47924295
Noord-Brabant,basisschool Beppino Sarto,St Petrus Canisiuslaan,47,5645 GC,EINDHOVEN,0772,EINDHOVEN,0402131530,primary,51.42713847,5.50912944
Noord-Brabant,Basisschool 't Startblok,Keverberg,5,5655 BA,EINDHOVEN,0772,EINDHOVEN,0402518710,primary,51.41789069,5.44059383
Noord-Brabant,De Bijenkorf,De Koppele,2,5632 LA,EINDHOVEN,0772,EINDHOVEN,0402414715,primary,51.47632584,5.49116379
Noord-Brabant,De Achtbaan,Cotentinlaan,1,5627 NV,EINDHOVEN,0772,EINDHOVEN,0402423267,primary,51.49043969,5.44373205
Noord-Brabant,Wethouder Van Eupen,Odysseuslaan,6,5631 JM,EINDHOVEN,0772,EINDHOVEN,0402446044,primary,51.4639591,5.4927626
Noord-Brabant,Basisschool Atalanta,Barrierweg,1,5622 CL,EINDHOVEN,0772,EINDHOVEN,0408489221,primary,51.46165543,5.46923
Noord-Brabant,Wilakkers,Piuslaan,68,5614 CM,EINDHOVEN,0772,EINDHOVEN,0402111844,primary,51.42662075,5.49682174
Noord-Brabant,Basisschool Trudo,St Trudostraat,10,5616 GB,EINDHOVEN,0772,EINDHOVEN,0402517585,primary,51.4400421,5.4541433
Noord-Brabant,De Kameleon,Bennekelstraat,135,5654 DD,EINDHOVEN,0772,EINDHOVEN,0402519520,primary,51.41930828,5.46045485
Noord-Brabant,De Handreiking,Veronapad,3,5632 TR,EINDHOVEN,0772,EINDHOVEN,0402411881,primary,51.48399624,5.50224695
Noord-Brabant,Bs De Talisman,Seringenstraat,9,5644 PK,EINDHOVEN,0772,EINDHOVEN,0402112316,primary,51.42110436,5.48982622
Noord-Brabant,De Springplank,Aldendriel,38,5653 PK,EINDHOVEN,0772,EINDHOVEN,0402521905,primary,51.42289363,5.4410963
Noord-Brabant,Basisschool Theresia,Zeelsterstraat,138,5652 EN,EINDHOVEN,0772,EINDHOVEN,0402512059,primary,51.4378346,5.43941089
Noord-Brabant,De Schelp,Zuiderzeelaan,3,5628 KC,EINDHOVEN,0772,EINDHOVEN,0402415166,primary,51.47743479,5.46412503
Noord-Brabant,Fellenoord,Hemelrijken,310,5612 WS,EINDHOVEN,0772,EINDHOVEN,0402432289,primary,51.44603287,5.4723097
Noord-Brabant,De Spaaihoeve,Heraultlaan,4,5627 DP,EINDHOVEN,0772,EINDHOVEN,0402622320,primary,51.48548859,5.43881102
Noord-Brabant,De Harlekijn,Zandstraat,35,5691 CD,SON EN BREUGEL,0848,SON EN BREUGEL,0499490370,primary,51.51048589,5.48794941
Noord-Brabant,Basisschool de Bloktempel,IJssellaan,6,5691 HB,SON EN BREUGEL,0848,SON EN BREUGEL,0499490380,primary,51.5232878,5.48443371
Noord-Brabant,De Boschuil,Kiplinglaan,1,5629 MK,EINDHOVEN,0772,EINDHOVEN,0402428917,primary,51.48739263,5.47458808
Noord-Brabant,'t Slingertouw,Grasland,1,5658 GA,EINDHOVEN,0772,EINDHOVEN,0402340699,primary,51.4372872,5.4157351
Noord-Brabant,Rooms Katholieke Basisschool Sint Marie,Boomstraat,5,4635 CX,HUIJBERGEN,0873,WOENSDRECHT,0164642525,primary,51.43226575,4.37790182
Noord-Brabant,RK Basisschool Het Palet,Frans Halsstraat,25,4625 BR,BERGEN OP ZOOM,0748,BERGEN OP ZOOM,0164258259,primary,51.47707173,4.30390638
Noord-Brabant,Rooms Katholieke Basisschool Op Dreef,Hogebergdreef,55-A,4645 EV,PUTTE,0873,WOENSDRECHT,0164602512,primary,51.36202325,4.39746171
Noord-Brabant,RK Basisschool De Wegwijzer,Wethouder Bogersstraat,1-A,4664 BA,LEPELSTRAAT,0748,BERGEN OP ZOOM,0164682314,primary,51.55017934,4.27782668
Noord-Brabant,RK Basisschool Merijntje,Kloosterstraat,4,4681 AT,NIEUW-VOSSEMEER,0851,STEENBERGEN,0167502694,primary,51.58844104,4.21709161
Noord-Brabant,Christelijke Basisschool De Springplank,Burg Elkhuizenlaan,55,4661 CJ,HALSTEREN,0748,BERGEN OP ZOOM,0164682786,primary,51.53666813,4.27108974
Noord-Brabant,Rooms Katholieke Basisschool De Zonneberg,West-Zandberg,47,4756 BP,KRUISLAND,0851,STEENBERGEN,0167532352,primary,51.5711486,4.41078773
Noord-Brabant,RK Basisschool Gummarus,Esdoornstraat,1,4651 KM,STEENBERGEN NB,0851,STEENBERGEN,0167507130,primary,51.57739835,4.31807929
Noord-Brabant,RK Basisschool Petrus en Paulus,Stoofdijk,1,4671 CP,DINTELOORD,0851,STEENBERGEN,0167528118,primary,51.63825939,4.37167533
Noord-Brabant,RK Basisschool Het Kompas,Galenuslaan,1,4624 XE,BERGEN OP ZOOM,0748,BERGEN OP ZOOM,0164237112,primary,51.48627632,4.31060836
Noord-Brabant,Fortuna,Fortuinstraat,28,4634 TD,WOENSDRECHT,0873,WOENSDRECHT,0164613911,primary,51.43113206,4.30717966
Noord-Brabant,Rooms Katholieke Basisschool 't Paviljoen,Meulenberg,6,4641 CL,OSSENDRECHT,0873,WOENSDRECHT,0164672266,primary,51.39402705,4.33205748
Noord-Brabant,RK Basisschool Pius X,Kapelaan Kockstraat,48,4651 XE,STEENBERGEN NB,0851,STEENBERGEN,0167563634,primary,51.57743608,4.32914411
Noord-Brabant,RK Basisschool Maria Regina,Waterlinie,1,4652 GB,STEENBERGEN NB,0851,STEENBERGEN,0167563346,primary,51.5915385,4.31494659
Noord-Brabant,RK Basisschool De Borghoek,Lambertijnenlaan,3,4614 EV,BERGEN OP ZOOM,0748,BERGEN OP ZOOM,0164236894,primary,51.50665682,4.29520543
Noord-Brabant,Groen v Prinsterer,Helfrichstraat,2,4671 AV,DINTELOORD,0851,STEENBERGEN,0167522728,primary,51.63280463,4.36910603
Noord-Brabant,Rooms Katholieke Basisschool De Biezenhof,Rode Schouw,85,4661 VE,HALSTEREN,0748,BERGEN OP ZOOM,0164683922,primary,51.52566516,4.28120258
Noord-Brabant,RK Basisschool Anton van Duinkerken,Smitsstraat,29,4623 XP,BERGEN OP ZOOM,0748,BERGEN OP ZOOM,0164240646,primary,51.49475665,4.31312517
Noord-Brabant,Rooms Katholieke Basisschool De Toermalijn,Rondsel,144,4661 TS,HALSTEREN,0748,BERGEN OP ZOOM,0164683188,primary,51.53403535,4.28883927
Noord-Brabant,RK Basisschool Klim-Op,Philomenahof,31,4631 NM,HOOGERHEIDE,0873,WOENSDRECHT,0164612400,primary,51.42427166,4.32593932
Noord-Brabant,RK Basisschool St Maarten,Vijverstraat,17,4661 JW,HALSTEREN,0748,BERGEN OP ZOOM,0164630373,primary,51.5271061,4.27362749
Noord-Brabant,Rooms Katholieke Basisschool De Welle,Groenplaats,31,4613 GP,BERGEN OP ZOOM,0748,BERGEN OP ZOOM,0164256125,primary,51.50999828,4.28364655
Noord-Brabant,RK Basisschool Sancta Maria,Kloosterstraat,73,4611 MB,BERGEN OP ZOOM,0748,BERGEN OP ZOOM,0164237160,primary,51.49267024,4.28963695
Noord-Brabant,Rooms Katholieke Basisschool Octopus,Zuiderdreef,322,4616 AJ,BERGEN OP ZOOM,0748,BERGEN OP ZOOM,0164854547,primary,51.48121434,4.28893991
Noord-Brabant,Basisschool Marco Polo,Florastraat,195,4613 CX,BERGEN OP ZOOM,0748,BERGEN OP ZOOM,0164253197,primary,51.50352454,4.28330669
Noord-Brabant,Christelijke Basisschool De Grebbe,Kastanjelaan,121,4621 HE,BERGEN OP ZOOM,0748,BERGEN OP ZOOM,0164233934,primary,51.4950616,4.29926262
Noord-Brabant,Rooms Katholieke Basisschool Lodijke,Ouderdinge,15,4617 NL,BERGEN OP ZOOM,0748,BERGEN OP ZOOM,0164252791,primary,51.47499262,4.27689334
Noord-Brabant,Brede School Bernadette,Mariastraat,31,5738 AH,MARIAHOUT,1659,LAARBEEK,0499425115,primary,51.54081323,5.56967538
Noord-Brabant,Basisschool De Rots,Amundsenstraat,53,5665 VS,GELDROP,1771,GELDROP-MIERLO,0407802554,primary,51.41792518,5.57748837
Noord-Brabant,Basissch St Jozef,Papenvoort,10,5663 AH,GELDROP,1771,GELDROP-MIERLO,0888001700,primary,51.41913059,5.54241871
Noord-Brabant,Kindentrum Vijblad,Linze,3,5667 AH,GELDROP,1771,GELDROP-MIERLO,0402801164,primary,51.42947837,5.55952315
Noord-Brabant,Kindcentrum de Wentelwiek,Jacobushoek,5,5672 HZ,NUENEN,0820,NUENEN CA,0402831130,primary,51.46424916,5.54552293
Noord-Brabant,Kindcentrum De Vlinder,Sint Jozefplein,3,5666 RL,GELDROP,1771,GELDROP-MIERLO,0402800600,primary,51.42464524,5.56808968
Noord-Brabant,Kindcentrum De Sprankel,Grotenhof,4,5737 CB,LIESHOUT,1659,LAARBEEK,0499421529,primary,51.51829219,5.59288749
Noord-Brabant,Kindcentrum Breinplein,Schoolstraat,1,5735 CG,AARLE-RIXTEL,1659,LAARBEEK,0492381214,primary,51.51141146,5.63986021
Noord-Brabant,Basisschool t Klokhuis,Hazelaar,47,5664 VE,GELDROP,1771,GELDROP-MIERLO,0402862964,primary,51.41505729,5.55868431
Noord-Brabant,Brede School Heuvelrijk,Heuvel,5,5674 RR,NUENEN,0820,NUENEN CA,0402831261,primary,51.48840002,5.56409451
Noord-Brabant,Dalton Kindcentruml Dommeldal,Beneden Beekloop,93,5662 HK,GELDROP,1771,GELDROP-MIERLO,0402800004,primary,51.42994139,5.54854129
Noord-Brabant,KC Beekrijk-locatie Dalton basisschool 't Otterke,Beverstraat,11,5741 KW,BEEK EN DONK,1659,LAARBEEK,0492462163,primary,51.53270326,5.62573442
Noord-Brabant,Basisschool Merlebos,De Spinner,6,5591 NG,HEEZE,1658,HEEZE-LEENDE,0402240055,primary,51.38466195,5.56519296
Noord-Brabant,Basisschool Sint Jozef,De Koppel,1,5674 NW,NUENEN,0820,NUENEN CA,0402831207,primary,51.4926121,5.52178461
Noord-Brabant,De Parel,Pastoor Gastlaan,2,5591 BM,HEEZE,1658,HEEZE-LEENDE,0402240059,primary,51.38815493,5.57972214
Noord-Brabant,Kindcentrum De Raagten,Otterweg,31,5741 BC,BEEK EN DONK,1659,LAARBEEK,0492461545,primary,51.53627445,5.62704528
Noord-Brabant,Brede school Dirk Hezius,Schoolstraat,1,5591 HK,HEEZE,1658,HEEZE-LEENDE,0402240035,primary,51.37963689,5.57549376
Noord-Brabant,Brainport school de Dassenburcht,Jacob Catsstraat,1-3,5671 VP,NUENEN,0820,NUENEN CA,0402831583,primary,51.47531026,5.54139491
Noord-Brabant,KC Beekrijk-locatie De Muldershof,Molenweg,5,5741 NA,BEEK EN DONK,1659,LAARBEEK,0492461309,primary,51.52662387,5.62722997
Noord-Brabant,Basisschool de Crijnsschool,Heikampen,3,5672 ST,NUENEN,0820,NUENEN CA,0402835349,primary,51.45994913,5.54931063
Noord-Brabant,Kindcentrum Puur Sang - Lucia,Haver,13,5731 LA,MIERLO,1771,GELDROP-MIERLO,0492661561,primary,51.43571868,5.62496375
Noord-Brabant,Kindcentrum De Nieuwe Linde,Van Duynhovenlaan,15,5673 AP,NUENEN,0820,NUENEN CA,0402838671,primary,51.47652689,5.56350135
Noord-Brabant,Kindcentrum De Kersentuin,Wersakker,55,5731 KE,MIERLO,1771,GELDROP-MIERLO,0492662899,primary,51.4401175,5.61043196
Noord-Brabant,Kindcentrum Puur Sang - Loeswijk,Biss van Mierlostraat,92,5731 GH,MIERLO,1771,GELDROP-MIERLO,0492662500,primary,51.44305827,5.62497419
Noord-Brabant,Nutsbasisschool Boeimeer,Jan Nieuwenhuyzenstraat,2,4818 RJ,BREDA,0758,BREDA,0765146101,primary,51.57910634,4.77438972
Noord-Brabant,Nutsbasisschool Dirk van Veen,Laan van Mecklenburg,30,4818 GD,BREDA,0758,BREDA,0853001222,primary,51.5773724,4.78686814
Noord-Brabant,Nutsbasisschool de Hoogakker,Wandelakker,60-62,4824 SG,BREDA,0758,BREDA,0765411469,primary,51.60481241,4.73832627
Noord-Brabant,Nutsbasisschool Burgst,Groene Hil,20,4822 RS,BREDA,0758,BREDA,0765439008,primary,51.61778006,4.73963754
Noord-Brabant,Nutsbasisschool Teteringen,Breeschot,18,4847 EW,TETERINGEN,0758,BREDA,0765428294,primary,51.60828456,4.82119104
Noord-Brabant,Jenaplanschool Antonius Abt,Oberon,17,5221 LT,'S-HERTOGENBOSCH,0796,S HERTOGENBOSCH,0738511200,primary,51.72883782,5.25560751
Noord-Brabant,Oecumenische Jenaplanschool Molenwijk,Achterberghstraat,12,5282 RP,BOXTEL,0757,BOXTEL,0411672048,primary,51.59617039,5.3178261
Noord-Brabant,Prinses Amaliaschool,Reginahof,3,5282 GC,BOXTEL,0757,BOXTEL,0411611450,primary,51.59721266,5.31749829
Noord-Brabant,Basisschool De Klim,Lennisheuvel,52,5281 LG,BOXTEL,0757,BOXTEL,0411674715,primary,51.57199853,5.3152377
Noord-Brabant,Basisschool De Springplank,St.-Elisabethstraat,19,5261 VK,VUGHT,0865,VUGHT,0736563606,primary,51.65579452,5.29668591
Noord-Brabant,Rooms Katholieke Basisschool De Leydraad,Voorstraat,17,5266 AV,CROMVOIRT,0865,VUGHT,0411641907,primary,51.66146325,5.23203211
Noord-Brabant,IKC De Avonturier,Lidwinastraat,12-A,5262 EP,VUGHT,0865,VUGHT,0736564019,primary,51.64535517,5.28774211
Noord-Brabant,De Vlindertuin/kindcentrum,Jac. van Looystraat,5,5216 SB,'S-HERTOGENBOSCH,0796,S HERTOGENBOSCH,0737820106,primary,51.68347332,5.33232854
Noord-Brabant,Rooms Katholieke Basisschool de Schalm,Theresialaan,34,5262 BN,VUGHT,0865,VUGHT,0736563678,primary,51.65167609,5.28221137
Noord-Brabant,RK Basissch Het Molenven,Koninginnelaan,1-C,5263 DP,VUGHT,0865,VUGHT,0736560129,primary,51.66678999,5.27813826
Noord-Brabant,Basisschool St Petrus,Burgakker,8,5281 CH,BOXTEL,0757,BOXTEL,0411672348,primary,51.58723994,5.32531411
Noord-Brabant,Basisschool De Beemden,Apollopad,99,5283 KG,BOXTEL,0757,BOXTEL,0411685083,primary,51.58445417,5.34771082
Noord-Brabant,Basisschool De Vorsenpoel,Hendrik Verheeslaan,40,5283 CV,BOXTEL,0757,BOXTEL,0411611484,primary,51.58841533,5.338709
Noord-Brabant,Basisschool De Hobbendonken,Beneluxlaan,4,5283 HD,BOXTEL,0757,BOXTEL,0411674576,primary,51.58683966,5.33388559
Noord-Brabant,Protestants Christelijke Basisschool De Bron,Zilverkruid,10,5237 HA,'S-HERTOGENBOSCH,0796,S HERTOGENBOSCH,0736449176,primary,51.72729643,5.29623109
Noord-Brabant,Rooms Katholieke Basisschool De Wegwijzer,Brouwerstraat,2,5271 XR,SINT-MICHIELSGESTEL,0845,SINT-MICHIELSGESTEL,0735941832,primary,51.66201976,5.37072273
Noord-Brabant,Basisschool Roald Dahl,Papaverstraat,31,5271 RA,SINT-MICHIELSGESTEL,0845,SINT-MICHIELSGESTEL,0735512798,primary,51.63617158,5.33470221
Noord-Brabant,Basisschool Herman Jozef,Pastoor Verlindenstraat,22,5258 HV,BERLICUM,0845,SINT-MICHIELSGESTEL,0735037265,primary,51.66147938,5.4191065
Noord-Brabant,Basisschool Klim-op,Sportlaantje,8,5076 AM,HAAREN,0824,OISTERWIJK,0411621209,primary,51.59738376,5.22566097
Noord-Brabant,Basisschool Dr Landman,Kloosterstraat,30,5268 AC,HELVOIRT,0865,VUGHT,0411645295,primary,51.63361968,5.23136745
Noord-Brabant,De Touwladder,Van Den Kerkhoffstraat,27,5271 CH,SINT-MICHIELSGESTEL,0845,SINT-MICHIELSGESTEL,0735530360,primary,51.6436797,5.35762608
Noord-Brabant,BS St Lambertus,St.Lambertusweg,112,5291 AD,GEMONDE,0845,SINT-MICHIELSGESTEL,0735530130,primary,51.61920225,5.35658877
Noord-Brabant,Basisschool Franciscus,Capucijnenstraat,19,5074 PE,BIEZENMORTEL,0855,TILBURG,0135111673,primary,51.62571838,5.17923378
Noord-Brabant,Basisschool De Parel,Schoolstraat,1,5258 CJ,BERLICUM,0845,SINT-MICHIELSGESTEL,0735031880,primary,51.67742698,5.40202959
Noord-Brabant,Basisschool Fonkel,Weidestraat,18,5275 AR,DEN DUNGEN,0845,SINT-MICHIELSGESTEL,0735944254,primary,51.66558925,5.37211814
Noord-Brabant,Basisschool Willibrordus,Postelstraat,19-A,5296 LM,ESCH,0757,BOXTEL,0411604019,primary,51.61317351,5.29131182
Noord-Brabant,Theresiaschool,Braakven,19,5258 AG,BERLICUM,0845,SINT-MICHIELSGESTEL,0735037117,primary,51.68285505,5.39837605
Noord-Brabant,Basisschool De Regenboog,Hertog Jan II Laan,58,5482 BJ,SCHIJNDEL,1948,MEIERIJSTAD,0735492826,primary,51.61389916,5.44994712
Noord-Brabant,Openbare Basisschool de Kring,Beemdstraat,3,5482 HA,SCHIJNDEL,1948,MEIERIJSTAD,0735474938,primary,51.61911469,5.44625894
Noord-Brabant,Basisschool 't Kwekkeveld,Cornelis Trompstraat,47,5481 GS,SCHIJNDEL,1948,MEIERIJSTAD,0735492783,primary,51.62673037,5.41739681
Noord-Brabant,Basisschool de Beemd,Beemdstraat,5,5482 HA,SCHIJNDEL,1948,MEIERIJSTAD,0735430990,primary,51.61953706,5.4464472
Noord-Brabant,Basisschool de Heycant,Conventstraat,10,5481 CP,SCHIJNDEL,1948,MEIERIJSTAD,0735493237,primary,51.61567855,5.4316717
Noord-Brabant,Rooms Katholieke Basisschool de Vossenberg,Jan van Amstelstraat,36,5481 HD,SCHIJNDEL,1948,MEIERIJSTAD,0735474334,primary,51.62673037,5.41739681
Noord-Brabant,Kindcentrum Torenlei,Dorpsstraat,8,5085 EG,ESBEEK,0798,HILVARENBEEK,0135169371,primary,51.46233527,5.13752468
Noord-Brabant,BS De Vonder,Kloosterlaan,32,5066 AN,MOERGESTEL,0824,OISTERWIJK,0137112411,primary,51.54775709,5.18178806
Noord-Brabant,BS De Tovervogel,Terburghtweg,1-A,5061 LA,OISTERWIJK,0824,OISTERWIJK,0135234236,primary,51.58070731,5.20229812
Noord-Brabant,Kindcentrum Starrebos,Schoolstraat,38,5081 VH,HILVARENBEEK,0798,HILVARENBEEK,0135052340,primary,51.48963933,5.13195958
Noord-Brabant,Kindcentrum Kamelot,Tamboerstraat,4,5051 JP,GOIRLE,0785,GOIRLE,0135342263,primary,51.51873262,5.05394058
Noord-Brabant,Kindcentrum de Vlinderakker,Biestsestraat,38,5084 HG,BIEST-HOUTAKKER,0798,HILVARENBEEK,0135051400,primary,51.50809604,5.15861004
Noord-Brabant,Kindcentrum de Doelakkers,Koningskruis,11,5081 XM,HILVARENBEEK,0798,HILVARENBEEK,0135051465,primary,51.48899647,5.14211551
Noord-Brabant,De Bunders,Frans Halsstraat,34,5062 LK,OISTERWIJK,0824,OISTERWIJK,0135230999,primary,51.57326012,5.18618735
Noord-Brabant,RK Basisschool Open Hof,Frankische Driehoek,1,5052 BL,GOIRLE,0785,GOIRLE,0135342432,primary,51.52631096,5.05252895
Noord-Brabant,RK Basisschool de Regenboog,Grobbendonckpark,43,5051 KR,GOIRLE,0785,GOIRLE,0640619972,primary,51.52696748,5.06873568
Noord-Brabant,De Coppele,Willem de Zwijgerlaan,59,5061 TB,OISTERWIJK,0824,OISTERWIJK,0135230828,primary,51.57383238,5.17480674
Noord-Brabant,De Groene Parel,Lavendel,1,5061 WB,OISTERWIJK,0824,OISTERWIJK,0135234346,primary,51.58239038,5.17527169
Noord-Brabant,Kindcentrum St. Jozef,Emmastraat,1,5089 NL,HAGHORST,0798,HILVARENBEEK,0135046159,primary,51.49636047,5.20768463
Noord-Brabant,Basisschool Den Bongerd,Frankische Driehoek,2-A,5052 BL,GOIRLE,0785,GOIRLE,0135345714,primary,51.52544741,5.05256018
Noord-Brabant,Kindcentrum Reizenrijk,Molenstraat,8,5087 BN,DIESSEN,0798,HILVARENBEEK,0135046165,primary,51.47464765,5.17758672
Noord-Brabant,Rooms Katholieke Basisschool De Bron,Waterput,54,5053 EJ,GOIRLE,0785,GOIRLE,0135346818,primary,51.53046443,5.07379804
Noord-Brabant,Basisschool 't Schrijverke,Guido Gezellelaan,137,5051 ML,GOIRLE,0785,GOIRLE,0135344455,primary,51.52672109,5.0785423
Noord-Brabant,Basisschool Berkeloo,Hazelaarlaan,32-34,5056 XN,BERKEL-ENSCHOT,0855,TILBURG,0135331144,primary,51.58807096,5.15019759
Noord-Brabant,Basissch Sint Agnes,Vaartweg,104,5106 NE,DONGEN,0766,DONGEN,0162315432,primary,51.64336681,4.96629053
Noord-Brabant,Jenaplanschool De Kleine Akkers,Burg Philipsenstraat,2,5051 CR,GOIRLE,0785,GOIRLE,0135342878,primary,51.52477497,5.06249151
Noord-Brabant,Rooms Katholieke Basisschool Sint Jan,Kastanjestraat,26,5104 CL,DONGEN,0766,DONGEN,0162386929,primary,51.61981674,4.94657119
Noord-Brabant,Rooms Katholieke Basisschool Achterberg,Sint Josephstraat,62,5104 EG,DONGEN,0766,DONGEN,0162312246,primary,51.62356281,4.95011042
Noord-Brabant,De Wildschut,Raadhuisstraat,3,5126 CK,GILZE,0784,GILZE EN RIJEN,0161455838,primary,51.54149441,4.94420397
Noord-Brabant,Kindcentrum de Mortel,Perweide,5,5071 AC,UDENHOUT,0855,TILBURG,0135112085,primary,51.612955,5.15027248
Noord-Brabant,Basisschool St Caecilia,Schoolmeesterstraat,2,5056 KK,BERKEL-ENSCHOT,0855,TILBURG,0135331360,primary,51.57522922,5.1302589
Noord-Brabant,De Cocon,Hoefstraat,173,5014 NK,TILBURG,0855,TILBURG,0135434277,primary,51.57096234,5.09072151
Noord-Brabant,Basisschool De Kring,Isabella van Spanjestr,2,5122 LE,RIJEN,0784,GILZE EN RIJEN,0161223987,primary,51.58842436,4.93259902
Noord-Brabant,Basisschool Den Bijstere,Daltonerf,8,5014 HZ,TILBURG,0855,TILBURG,0135423772,primary,51.56303414,5.09205069
Noord-Brabant,Basisschool Rennevoirt,Antonie van Dycklaan,1,5056 CP,BERKEL-ENSCHOT,0855,TILBURG,0135333565,primary,51.58287547,5.14049999
Noord-Brabant,Basisschool De Vlinderboom,Hortensiastraat,2,5102 XS,DONGEN,0766,DONGEN,0162312050,primary,51.63154326,4.92276091
Noord-Brabant,Basisschool De Regenboog,Dirigentenlaan,17,5049 EA,TILBURG,0855,TILBURG,0135470285,primary,51.58706241,5.0753218
Noord-Brabant,Basisschool De Wichelroede,Van Heeswijkstraat,1-B,5071 CT,UDENHOUT,0855,TILBURG,0135111692,primary,51.60998577,5.14064081
Noord-Brabant,Basisschool De Lochtenbergh,Perosistraat,150,5049 LP,TILBURG,0855,TILBURG,0135470160,primary,51.59191284,5.07422053
Noord-Brabant,Basisschool Heilig Hart,Schoolstraat,2,5104 JN,DONGEN,0766,DONGEN,0162313771,primary,51.63188447,4.93570084
Noord-Brabant,Basisschool de Vlashof,Bartokstraat,131,5011 JB,TILBURG,0855,TILBURG,0134551778,primary,51.59118639,5.08452026
Noord-Brabant,Basisschool Stelaertshoeve,Eilenbergstraat,258,5011 EC,TILBURG,0855,TILBURG,0134551292,primary,51.5855122,5.09438969
Noord-Brabant,Basisschool Den Hazennest,Vermeulenstraat,30,5012 HB,TILBURG,0855,TILBURG,0135470016,primary,51.58283265,5.09961378
Noord-Brabant,Basisschool Harten4,Cederstraat,4,5037 JD,TILBURG,0855,TILBURG,0134670771,primary,51.55979857,5.06215156
Noord-Brabant,Vereniging Basisschool Rode Schouw,Rode Schouw,87,4661 VE,HALSTEREN,0748,BERGEN OP ZOOM,0164682040,primary,51.52566081,4.2809332
Noord-Brabant,Eerste Montessorischool,Noordsingel,57,4611 SC,BERGEN OP ZOOM,0748,BERGEN OP ZOOM,0164251607,primary,51.4979597,4.28564093
Noord-Brabant,Basisschool Het Kompas,De Polderstraat,44,4794 AM,HEIJNINGEN,1709,MOERDIJK,0168463380,primary,51.65709918,4.40932636
Noord-Brabant,Basisschool De Aanloop,Frederik Maystraat,33,4614 EG,BERGEN OP ZOOM,0748,BERGEN OP ZOOM,0164210191,primary,51.50884517,4.29509843
Noord-Brabant,Kindcentrum Kiemkade,Kardinaal De Jonglaan,10,4624 ES,BERGEN OP ZOOM,0748,BERGEN OP ZOOM,0164236436,primary,51.48700116,4.30182505
Noord-Brabant,Basisschool De Krabbenkooi,Coehoornstraat,28,4611 KS,BERGEN OP ZOOM,0748,BERGEN OP ZOOM,0164210727,primary,51.49115946,4.28585308
Noord-Brabant,Kindcentrum Kiezelrijk,Stadshillen,36,4651 CX,STEENBERGEN NB,0851,STEENBERGEN,0167564504,primary,51.58296045,4.31685165
Noord-Brabant,Vrijeschool De Zeeridder,Frans Halsstraat,25,4625 BR,BERGEN OP ZOOM,0748,BERGEN OP ZOOM,0164249001,primary,51.47707173,4.30390638
Noord-Brabant,Kindcentrum de Plataan,Van Tuldenstraat,2,5688 DB,OIRSCHOT,0823,OIRSCHOT,0499550345,primary,51.50597099,5.31555049
Noord-Brabant,Kindcentrum De Linde,Spoordonkseweg,1,5688 KB,OIRSCHOT,0823,OIRSCHOT,0499550355,primary,51.5065677,5.30557303
Noord-Brabant,Dalton Kindcentrum AvontuurRijk,Montfortlaan,20,5688 NM,OIRSCHOT,0823,OIRSCHOT,0499550356,primary,51.50803212,5.33353742
Noord-Brabant,Kindcentrum de Vliertuin,St. Jorisstraat,1,5091 SC,OOST WEST EN MIDDELBEERS,0823,OIRSCHOT,0135146088,primary,51.46434575,5.24470489
Noord-Brabant,Speelleerplein de Fonkeling,Bernadettestraat,1,5688 KN,OIRSCHOT,0823,OIRSCHOT,0499550324,primary,51.51906332,5.26840399
Noord-Brabant,Het Beekdal,Bredaseweg,55-A,4861 TB,CHAAM,1723,ALPHEN-CHAAM,0161491738,primary,51.50793417,4.85322189
Noord-Brabant,Basisschool De Vijf Eiken,Van Duivenvoordestraat,75,5121 VR,RIJEN,0784,GILZE EN RIJEN,0161223541,primary,51.59052396,4.90718453
Noord-Brabant,Protestants Christelijke Basisschool De Wegwijzer,Grutterijstraat,27,5109 TD,'S GRAVENMOER,0766,DONGEN,0162312634,primary,51.65915845,4.94179687
Noord-Brabant,De Menorah,Krijtenberg,1,4904 PW,OOSTERHOUT NB,0826,OOSTERHOUT,0162455540,primary,51.62528954,4.84474252
Noord-Brabant,Anspach school,Hertog Janstraat,34,5104 EZ,DONGEN,0766,DONGEN,0162315500,primary,51.62242583,4.93653155
Noord-Brabant,Protestants Christelijke basisschool de Klankhof,Hobodreef,3,4876 XB,ETTEN-LEUR,0777,ETTEN-LEUR,0765034880,primary,51.56151072,4.63366228
Noord-Brabant,Vincent van Goghschool,Lambertusstraat,5,4872 XA,ETTEN-LEUR,0777,ETTEN-LEUR,0765012905,primary,51.5729512,4.63690181
Noord-Brabant,Protestants Christelijke Basisschool Dr de Visser,Burg Serrarislaan,32,4835 LH,BREDA,0758,BREDA,0765655842,primary,51.5701413,4.78012755
Noord-Brabant,De Fontein,Thomas Vincidorstraat,1,4827 GA,BREDA,0758,BREDA,0765872130,primary,51.60633872,4.79723046
Noord-Brabant,Montessorischool  Helmond,Dinkelstraat,65,5704 GK,HELMOND,0794,HELMOND,0492510017,primary,51.46987625,5.70074828
Noord-Brabant,Evangelische Basisschool Online,Jasonstraat,1,5631 JB,EINDHOVEN,0772,EINDHOVEN,0402691222,primary,51.46669684,5.48899243
Noord-Brabant,Rooms Katholieke Basisschool De Wegwijzer,Galileistraat,1,5756 AW,VLIERDEN,0762,DEURNE,0493311213,primary,51.44612642,5.7589
Noord-Brabant,Rooms Katholieke Basisschool Zeilberg,Margrietstraat,2,5754 AH,DEURNE,0762,DEURNE,0493314370,primary,51.45449492,5.81893497
Noord-Brabant,Gerardusschool,Klingerveld,6,5752 AK,DEURNE,0762,DEURNE,0493314144,primary,51.47445114,5.80878962
Noord-Brabant,Rooms Katholieke Basisschool Sint Jozef,Kerkendijk,81,5712 ET,SOMEREN,0847,SOMEREN,0493491654,primary,51.34912171,5.69668873
Noord-Brabant,Rooms Katholieke Basisschool De Zonnebloem,Het Hofke,12,5757 BB,LIESSEL,0762,DEURNE,0493341323,primary,51.41466508,5.81821887
Noord-Brabant,Antonius School,Heikamperweg,1,5725 AZ,HEUSDEN GEM ASTEN,0743,ASTEN,0493692039,primary,51.38224661,5.76487944
Noord-Brabant,Basisschool t Rendal,Offermansstraat,9,5715 AM,LIEROP,0847,SOMEREN,0492332419,primary,51.41933041,5.67853618
Noord-Brabant,Leerrijk,Van Gijselstraat,24,5712 HE,SOMEREN,0847,SOMEREN,0493492015,primary,51.38199058,5.70451051
Noord-Brabant,St Willibrordusschool,Dorpsstraat,11,5758 AM,NEERKANT,0762,DEURNE,0774663164,primary,51.36811178,5.86517601
Noord-Brabant,Rooms Katholieke Maria-School,Laan ten Roode,34,5711 GC,SOMEREN,0847,SOMEREN,0493491348,primary,51.38266524,5.71408208
Noord-Brabant,Kindcentrum De Ontdekking,Kruiskensweg,8,5721 KD,ASTEN,0743,ASTEN,0493692769,primary,51.40032994,5.74411323
Noord-Brabant,Basisschool Heiakker,Patrijs,33,5754 DJ,DEURNE,0762,DEURNE,0493311018,primary,51.46531299,5.80784152
Noord-Brabant,De Peelparel,Oude Peelstraat,10,5759 PC,HELENAVEEN,0762,DEURNE,0493539390,primary,51.38864996,5.91742742
Noord-Brabant,De Diamant Basisschool,Avennelaan,17,5711 BB,SOMEREN,0847,SOMEREN,0493492001,primary,51.38992307,5.70888719
Noord-Brabant,Rooms Katholieke Basisschool Voordeldonk,Bergweg,60,5721 JD,ASTEN,0743,ASTEN,0493691751,primary,51.40091513,5.76672166
Noord-Brabant,Basisschool De Piramide,Schelde,1,5751 VJ,DEURNE,0762,DEURNE,0493313422,primary,51.45700629,5.80416112
Noord-Brabant,Basisschool het Talent,Asterstraat,35,5721 EE,ASTEN,0743,ASTEN,0493670090,primary,51.40778378,5.74824396
Noord-Brabant,Basisschool De Vonder,Willem Alexanderlaan,3,5712 CA,SOMEREN,0847,SOMEREN,0493492130,primary,51.35502156,5.73383898
Noord-Brabant,Basisschool Tilli,Schutsboom,14,5751 JB,DEURNE,0762,DEURNE,0493312444,primary,51.45991847,5.78514321
Noord-Brabant,Kindcentrum D'n Bogerd,Keltenstraat,16,5753 GN,DEURNE,0762,DEURNE,0493314069,primary,51.45032439,5.78269541
Noord-Brabant,Basisschool De Lockaert,Bessenlaan,50-52,5345 JG,OSS,0828,OSS,0412691436,primary,51.76939786,5.50248889
Noord-Brabant,Rooms Katholieke Basisschool Emmaus,Dr Saal van Zwanenbergln,115,5384 BV,HEESCH,1721,BERNHEZE,0412452239,primary,51.73195987,5.53353883
Noord-Brabant,Basissch Maria,Brugstraat,2,5382 JD,VINKEL,0796,S HERTOGENBOSCH,0735341166,primary,51.70547726,5.46057864
Noord-Brabant,Rooms Katholieke Basisschool Op Weg,Eggerlaan,8,5476 KL,VORSTENBOSCH,1721,BERNHEZE,0413367439,primary,51.65344749,5.55001982
Noord-Brabant,Basisschool 't Maxend,Maxend,6,5388 GL,NISTELRODE,1721,BERNHEZE,0412611366,primary,51.69921149,5.55982007
Noord-Brabant,Basisschool Sint Albertus,Dorpsstraat,44,5471 NB,LOOSBROEK,1721,BERNHEZE,0413229645,primary,51.67932219,5.51201102
Noord-Brabant,Rooms Katholieke Basisschool De Meander,Marktplein,26,5397 EW,LITH,0828,OSS,0412485190,primary,51.80610967,5.43969226
Noord-Brabant,RK Basisschool St Antonius,Pastoor Roesweg,6,5398 HR,MAREN-KESSEL,0828,OSS,0412479383,primary,51.79474739,5.39423267
Noord-Brabant,Basisschool De Kiem,De Ploeg,101,5384 HL,HEESCH,1721,BERNHEZE,0412453655,primary,51.72848471,5.53887417
Noord-Brabant,Samenwerkingsschool Eikenwijs,'t Vijfeiken,36,5384 ES,HEESCH,1721,BERNHEZE,0412451467,primary,51.733338,5.52429673
Noord-Brabant,Basisschool De Beekgraaf,De Beekgraaf,60,5388 CV,NISTELRODE,1721,BERNHEZE,0412617356,primary,51.70454119,5.56483088
Noord-Brabant,BS De Kleine Weide,Kloosterstraat,3,5394 AK,OIJEN,0828,OSS,0412495069,primary,51.82448697,5.50300678
Noord-Brabant,Basisschool Hertogin Johanna,Aalbersestraat,4,5344 SV,OSS,0828,OSS,0412646284,primary,51.75748222,5.50602381
Noord-Brabant,Basisschool De Hoogakker,Schoolstraat,25,5391 AX,NULAND,0796,S HERTOGENBOSCH,0735322358,primary,51.72703535,5.43629751
Noord-Brabant,Basisschool De Wissel,Kloosterstraat,4,5386 AS,GEFFEN,0828,OSS,0735341005,primary,51.74311569,5.46341206
Noord-Brabant,Basisschool het Mozaiek,Pastoor Maasstraat,15,5473 CG,HEESWIJK-DINTHER,1721,BERNHEZE,0413291818,primary,51.65190471,5.47034997
Noord-Brabant,Basisschool 't Palet,Steen- en Stokstraat,2,5473 RN,HEESWIJK-DINTHER,1721,BERNHEZE,0413296377,primary,51.64985486,5.48492163
Noord-Brabant,Basisschool Sint Jozef,Langwijkstraat,6,5396 PP,LITHOIJEN,0828,OSS,0412485090,primary,51.80226283,5.46386236
Noord-Brabant,Basisschool de Nieuwe Link,Professor Regoutstraat,110,5348 AH,OSS,0828,OSS,0412627341,primary,51.77277451,5.53237023
Noord-Brabant,Hertogin Johanna locatie V,Vianenstraat,106,5342 AJ,OSS,0828,OSS,0412622217,primary,51.7615787,5.52147228
Noord-Brabant,Chr Basissch De Zaaier,Burgemeester Baxlaan,3,4281 KN,ANDEL,1959,ALTENA,0183441977,primary,51.78247107,5.05470136
Noord-Brabant,CBS De Parel,Kruisstraat,31,4284 EB,RIJSWIJK NB,1959,ALTENA,0183441983,primary,51.79461798,5.0279984
Noord-Brabant,CBS De Verrekijker,Waardhuizen,38,4287 LS,WAARDHUIZEN,1959,ALTENA,0183441303,primary,51.77669076,5.00881438
Noord-Brabant,Christelijke Basisschool De Ark,Dorpsstraat,62,4268 GK,MEEUWEN,1959,ALTENA,0416352341,primary,51.72785257,5.0129959
Noord-Brabant,Christelijke Basisschool De Sprankel,Wilhelminaplantsoen,1-B,4271 AX,DUSSEN,1959,ALTENA,0416391109,primary,51.73090724,4.9638165
Noord-Brabant,Protestants Christelijke Basisschool Het Fundament,Van Der Beekstraat,14-16,4265 HS,GENDEREN,1959,ALTENA,0416355074,primary,51.73547229,5.08330521
Noord-Brabant,Christelijke Basisschool Eben Haezer,Oude Ban,14,4285 TH,WOUDRICHEM,1959,ALTENA,0183309338,primary,51.81111066,4.99680611
Noord-Brabant,Basisschool de Uylenborch,De Borchgravestraat,54,4286 BN,ALMKERK,1959,ALTENA,0183401339,primary,51.77170968,4.95916607
Noord-Brabant,Christelijke School voor Primair Onderwijs De Regenboog,Hasselmanstraat,1,4255 HL,NIEUWENDIJK,1959,ALTENA,0183402855,primary,51.77557003,4.92207774
Noord-Brabant,Het Baken,Koelemaaier,1,4251 DT,WERKENDAM,1959,ALTENA,0183501486,primary,51.81189108,4.90584674
Noord-Brabant,Hervormde Basisschool 't Kompas,Hooftlanden,1,4251 BE,WERKENDAM,1959,ALTENA,0183501955,primary,51.80827684,4.89278341
Noord-Brabant,Basisschool Zilverlinde,Elisadonk,320,4707 EW,ROOSENDAAL,1674,ROOSENDAAL,0165560377,primary,51.51904938,4.47412077
Noord-Brabant,Vrijeschool De Strijene,Ganzendonk,4,4907 XZ,OOSTERHOUT NB,0826,OOSTERHOUT,0162456533,primary,51.65754255,4.86629756
Noord-Brabant,Vrijeschool De Zevenster,Bronkhorstsingel,7,5403 NA,UDEN,1991,MAASHORST,0413332911,primary,51.66651105,5.63004445
Noord-Brabant,Vrijeschool Peelland,Helmondselaan,71,5702 NM,HELMOND,0794,HELMOND,0492547628,primary,51.48835734,5.65856767
Noord-Brabant,Vrijeschool De Driestroom,Waalstraat,30,5215 CK,'S-HERTOGENBOSCH,0796,S HERTOGENBOSCH,0736139158,primary,51.68978384,5.33162495
Noord-Brabant,Vrijeschool Tiliander,Lange Nieuwstraat,189,5041 DB,TILBURG,0855,TILBURG,0135431963,primary,51.56325512,5.08311007
Noord-Brabant,Vrijeschool Brabant,Nuenenseweg,6,5631 KB,EINDHOVEN,0772,EINDHOVEN,0402452948,primary,51.46577136,5.50172981
Noord-Brabant,'t Kleurenbos,Rusheuvelstraat,75,5346 JH,OSS,0828,OSS,0412253111,primary,51.77803282,5.52126634
Noord-Brabant,Openbare Basisschool 't Karregat,Urkhovenseweg,6,5641 KE,EINDHOVEN,0772,EINDHOVEN,0402810326,primary,51.44503718,5.52284519
Noord-Brabant,Openbare Basisschool De Groene Vlinder,Mirabelweg,96,5632 PD,EINDHOVEN,0772,EINDHOVEN,0402410313,primary,51.48236384,5.49544909
Noord-Brabant,Openbare Basisschool de Opbouw,Pieter Poststraat,13-A,5624 BE,EINDHOVEN,0772,EINDHOVEN,0402441242,primary,51.46329359,5.45685418
Noord-Brabant,Salto basisschool Strijp Dorp,Apeldoornstraat,1,5651 EN,EINDHOVEN,0772,EINDHOVEN,0402514103,primary,51.44650812,5.4403752
Noord-Brabant,Openbare Basisschool de Hobbitstee,Schelluinen,2,5653 JM,EINDHOVEN,0772,EINDHOVEN,0402511441,primary,51.4223577,5.44131661
Noord-Brabant,Openbare Basisschool Cornelis Jetses,Samarialaan,1-A,5625 RA,EINDHOVEN,0772,EINDHOVEN,0402419848,primary,51.47059824,5.47998582
Noord-Brabant,Openbare Basisschool De Ontmoeting,Hettenheuvellaan,2-A,5628 DP,EINDHOVEN,0772,EINDHOVEN,0402414663,primary,51.4819457,5.46542192
Noord-Brabant,Openbare Basisschool de Klapwiek,Marseillelaan,100-A,5627 GM,EINDHOVEN,0772,EINDHOVEN,0402413340,primary,51.48118547,5.44361423
Noord-Brabant,Basisschool De Driestam,Schoenmakerstraat,2,5612 AD,EINDHOVEN,0772,EINDHOVEN,0402950840,primary,51.45203262,5.47675181
Noord-Brabant,Basisschool De Hanevoet,Oldengaarde,1-B,5655 CP,EINDHOVEN,0772,EINDHOVEN,0402518972,primary,51.41538928,5.43952664
Noord-Brabant,Basisschool De Klimboom,St Norbertuslaan,1,5643 PM,EINDHOVEN,0772,EINDHOVEN,0402112224,primary,51.42650439,5.5000565
Noord-Brabant,Basisschool Floralaan,Floralaan West,264,5644 BN,EINDHOVEN,0772,EINDHOVEN,0402112112,primary,51.41645097,5.49122614
Noord-Brabant,Basisschool De Tempel,Baarle Hertoglaan,1,5628 PM,EINDHOVEN,0772,EINDHOVEN,0402412671,primary,51.4791779,5.47740602
Noord-Brabant,Montessoribasisschool De Trinoom,Don Boscostraat,2,5611 KW,EINDHOVEN,0772,EINDHOVEN,0402950776,primary,51.43473696,5.47597623
Noord-Brabant,Salto-basisschool Reigerlaan,Reigerlaan,3,5613 CD,EINDHOVEN,0772,EINDHOVEN,0402433949,primary,51.44102423,5.49221186
Noord-Brabant,OBS Philipsdorp,Schouwbroekseweg,7,5616 NV,EINDHOVEN,0772,EINDHOVEN,0402528883,primary,51.44020984,5.46196481
Noord-Brabant,Openbare Basisschool de Hasselbraam,Tuinstraat,6,5611 PL,EINDHOVEN,0772,EINDHOVEN,0402114494,primary,51.43105447,5.4874979
Noord-Brabant,12e Openbare Basisschool de Vuurvlinder,Opera,60-A,5629 NC,EINDHOVEN,0772,EINDHOVEN,0402418144,primary,51.49252933,5.47940155
Noord-Brabant,Openbare Basisschool De St@rtbaan,Meerbos,16,5658 LA,EINDHOVEN,0772,EINDHOVEN,0408879020,primary,51.44255083,5.41194062
Noord-Brabant,Kindcentrum Mierlo-Hout,Mahoniehoutstraat,13,5706 VS,HELMOND,0794,HELMOND,0492523847,primary,51.46410861,5.63946499
Noord-Brabant,De Bundertjes,Basstraat,208,5702 SM,HELMOND,0794,HELMOND,0492525649,primary,51.49882024,5.66117842
Noord-Brabant,De Straap,Twentehof,200,5709 KG,HELMOND,0794,HELMOND,0492556313,primary,51.47736778,5.70011166
Noord-Brabant,Basisschool de Rakt,Baroniehof,212,5709 HD,HELMOND,0794,HELMOND,0492511157,primary,51.47346948,5.70155772
Noord-Brabant,Openbaar Kindcentrum de Stroom,Rijnlaan,103,5704 HZ,HELMOND,0794,HELMOND,0492592727,primary,51.46637933,5.70020644
Noord-Brabant,De Lindt,Sprengersstraat,1,5708 EV,HELMOND,0794,HELMOND,0492547043,primary,51.4886312,5.61585744
Noord-Brabant,Openbare Basisschool Brandevoort,De Plaetse,150,5708 ZJ,HELMOND,0794,HELMOND,0492667857,primary,51.45890218,5.60995959
Noord-Brabant,Kbs John F Kennedy,Molstraat,34,4826 KA,BREDA,0758,BREDA,0765874742,primary,51.60617159,4.78673204
Noord-Brabant,Kbs Weilust,Draaiboom,12,4817 WR,BREDA,0758,BREDA,0765876528,primary,51.58667681,4.81966993
Noord-Brabant,Kbs De Zandberg,Zandberglaan,60-62,4818 GL,BREDA,0758,BREDA,0765214109,primary,51.57804274,4.78910544
Noord-Brabant,Kbs De Griffioen,Schoolstraat,45,4841 XC,PRINSENBEEK,0758,BREDA,0765412948,primary,51.59977294,4.71155878
Noord-Brabant,Kbs De Werft,Raaimoeren,21,4824 KA,BREDA,0758,BREDA,0765410515,primary,51.60997988,4.74040629
Noord-Brabant,Kbs St Joseph,St. Josephstraat,5-7,4811 CL,BREDA,0758,BREDA,0765210360,primary,51.59428422,4.78767317
Noord-Brabant,Kbs De Liniedoorn,Baliendijk,78,4816 GG,BREDA,0758,BREDA,0765872838,primary,51.59918406,4.79669441
Noord-Brabant,Kbs De Rosmolen,De Roskam,50,4851 TE,ULVENHOUT,0758,BREDA,0765649666,primary,51.54758284,4.79969142
Noord-Brabant,KC De Wisselaar,Vlaanderenstraat,56,4826 AH,BREDA,0758,BREDA,0765871177,primary,51.61311822,4.78116158
Noord-Brabant,KC De Horizon,Kapelstraat,44,4841 GJ,PRINSENBEEK,0758,BREDA,0765413200,primary,51.60208776,4.71395493
Noord-Brabant,Kbs Jacinta,Viveslaan,3,4834 XV,BREDA,0758,BREDA,0765650261,primary,51.57518692,4.79374739
Noord-Brabant,Kbs De Burchtgaarde,Stoutenburgstraat,26,4834 LP,BREDA,0758,BREDA,0765650828,primary,51.5707307,4.80857162
Noord-Brabant,Kbs De Spoorzoeker,Pastoor Pottersplein,2,4815 BC,BREDA,0758,BREDA,0765710964,primary,51.59921984,4.77847198
Noord-Brabant,Kbs Olympia,Vlierenbroek,28,4822 XM,BREDA,0758,BREDA,0765418661,primary,51.60674651,4.72769722
Noord-Brabant,Kbs De Eerste Rith,Hovenierstraat,54,4813 GM,BREDA,0758,BREDA,0765149307,primary,51.57281151,4.73787394
Noord-Brabant,Kbs Kievitsloop,'t Blok,175,4823 JJ,BREDA,0758,BREDA,0765419404,primary,51.62618278,4.73663388
Noord-Brabant,Kbs Sinte Maerte,Doelen,13-C,4813 GP,BREDA,0758,BREDA,0765218558,primary,51.57551367,4.73862781
Noord-Brabant,KC De Avonturier,Effenseweg,15,4838 BA,BREDA,0758,BREDA,0765145944,primary,51.55338898,4.7325586
Noord-Brabant,Kbs De Boomgaard,Wegedoornpage,1,4814 TZ,BREDA,0758,BREDA,0765216105,primary,51.58855591,4.74884255
Noord-Brabant,Kbs De Weerijs,Weerijssingel,1,4814 EP,BREDA,0758,BREDA,0765217534,primary,51.58470219,4.76336973
Noord-Brabant,Kbs Petrus en Paulus,Roland Holststraat,16,4819 HR,BREDA,0758,BREDA,0765300006,primary,51.57629009,4.76751539
Noord-Brabant,Kbs De Parel,Mgr. Nolensplein,1,4812 JC,BREDA,0758,BREDA,0765146369,primary,51.57293359,4.75115675
Noord-Brabant,Kbs De Wegwijzer,Kriekenstraat,43,4847 HE,TETERINGEN,0758,BREDA,0765713495,primary,51.60720854,4.81274737
Noord-Brabant,Kbs Helder Camara,Zuringveld,1,4847 KS,TETERINGEN,0758,BREDA,0765713766,primary,51.61029962,4.82479979
Noord-Brabant,Kbs De Driezwing,Oeverzegge,1,4823 MS,BREDA,0758,BREDA,0765411769,primary,51.62087216,4.73273087
Noord-Brabant,RK Basisschool Teresia,Wilhelminastraat,6,5141 HK,WAALWIJK,0867,WAALWIJK,0416563668,primary,51.68854928,5.06954546
Noord-Brabant,Openbare Basisschool De Springplank,Grutterijstraat,22,5109 TG,'S GRAVENMOER,0766,DONGEN,0162318493,primary,51.65870868,4.94137839
Noord-Brabant,RK Basisschool De Blokkendoos,Ecliptica,26,5175 XJ,LOON OP ZAND,0809,LOON OP ZAND,0416362335,primary,51.62414018,5.08137748
Noord-Brabant,Basisschool De Veste,Prins Bernhardstraat,3,5165 TH,WASPIK,0867,WAALWIJK,0416315000,primary,51.6841811,4.94496305
Noord-Brabant,Rooms Katholieke Basisschool Besoyen,Van Duvenvoordestraat,13,5141 BP,WAALWIJK,0867,WAALWIJK,0416560525,primary,51.6878658,5.05307875
Noord-Brabant,RK Basisschool De Lage Weijkens,Doelen,1,5175 CP,LOON OP ZAND,0809,LOON OP ZAND,0416361594,primary,51.62938055,5.07298876
Noord-Brabant,Openbare Basisschool Villa Vlinderhof,Cornelis Verhoevenstraat,25,5146 DD,WAALWIJK,0867,WAALWIJK,0416333749,primary,51.67351864,5.03894597
Noord-Brabant,Openbare Basisschool Van der Heijden,Mendelssohnstraat,59,5144 GE,WAALWIJK,0867,WAALWIJK,0416336858,primary,51.67992316,5.06608262
Noord-Brabant,RK Basisschool De Vaert,Van Heeswijkstraat,55,5171 KJ,KAATSHEUVEL,0809,LOON OP ZAND,0416272166,primary,51.65623352,5.04810612
Noord-Brabant,Openbare basisschool De Krullevaar,Schrevelstraat,54,5161 AE,SPRANG-CAPELLE,0867,WAALWIJK,0416311778,primary,51.67914899,4.98008922
Noord-Brabant,Openbare Basisschool De Biezenkring,Bolkensteeg,9,5103 AA,DONGEN,0766,DONGEN,0162312927,primary,51.63194442,4.93837147
Noord-Brabant,Openbare Basisschool De Hoef - Hugo,Burg Teijssenlaan,33,5142 PG,WAALWIJK,0867,WAALWIJK,0416561600,primary,51.6908615,5.09459893
Noord-Brabant,Basisschool Westerkim,Vermeerstraat,1,5102 DC,DONGEN,0766,DONGEN,0162313836,primary,51.62972164,4.92402513
Noord-Brabant,Basisschool de Berk,Anjerstraat,4-A,5171 BM,KAATSHEUVEL,0809,LOON OP ZAND,0416272777,primary,51.658753,5.01854376
Noord-Brabant,RK Basisschool Meerdijk,Frans Halslaan,17,5143 GJ,WAALWIJK,0867,WAALWIJK,0416563963,primary,51.67580312,5.08121228
Noord-Brabant,Basisschool Pater van der Geld,Mendelssohnstraat,59,5144 GE,WAALWIJK,0867,WAALWIJK,0416561738,primary,51.67992316,5.06608262
Noord-Brabant,RK Basisschool Pieter Wijten,Kastanjestraat,2,5143 CZ,WAALWIJK,0867,WAALWIJK,0416650211,primary,51.68137959,5.08647908
Noord-Brabant,RK Basisschool Baardwijk,Balade,7,5142 WX,WAALWIJK,0867,WAALWIJK,0416760136,primary,51.69095052,5.08715018
Noord-Brabant,OBS de Touwladder,Hei-akker,34,5171 WS,KAATSHEUVEL,0809,LOON OP ZAND,0416275254,primary,51.65246311,5.03544581
Noord-Brabant,Basisschool De Vlinderboom,Tamboerstraat,1,5175 TE,LOON OP ZAND,0809,LOON OP ZAND,0416363432,primary,51.6237186,5.08168757
Noord-Brabant,Openbare Basisschool Den Bussel,Paulus Potterplein,2,5171 XJ,KAATSHEUVEL,0809,LOON OP ZAND,0416540520,primary,51.65523286,5.02439993
Noord-Brabant,RK Basisschool De Kinderboom,Vecht,15,5172 BS,KAATSHEUVEL,0809,LOON OP ZAND,0416279280,primary,51.65111589,5.02365741
Noord-Brabant,Rooms Katholieke Basisschool de Vrijhoeve,Heggewikke,23-25,5161 XS,SPRANG-CAPELLE,0867,WAALWIJK,0416543350,primary,51.67377528,5.02226389
Noord-Brabant,Basisschool Hartenaas,Gasthuishoeve,3,5361 HT,GRAVE,1982,LAND VAN CUIJK,0486473429,primary,51.75469638,5.74150356
Noord-Brabant,Basisschool Harlekijn,Dassenburcht,36-A,5431 JZ,CUIJK,1982,LAND VAN CUIJK,0485315163,primary,51.71892155,5.88751835
Noord-Brabant,Openbare Basisschool De Bonckert,Stationsweg,40-A,5831 CR,BOXMEER,1982,LAND VAN CUIJK,0485576960,primary,51.64177823,5.94367709
Noord-Brabant,Basisschool De Nienekes,Veldweg,23,5431 CH,CUIJK,1982,LAND VAN CUIJK,0485313482,primary,51.7267509,5.87754347
Noord-Brabant,Basisschool t Startblok,Robijnlaan,78,5431 ZR,CUIJK,1982,LAND VAN CUIJK,0485313088,primary,51.74229197,5.87018886
Noord-Brabant,Openbare Basisschool De Kameleon,Langenboomseweg,1-A,5451 JH,MILL,1982,LAND VAN CUIJK,0485455028,primary,51.6861505,5.7742856
Noord-Brabant,Kindcentrum Jij,Abtslaan,15,4844 SL,TERHEIJDEN,1719,DRIMMELEN,0765938218,primary,51.64420281,4.75952297
Noord-Brabant,Willem De Zwijger,mr. Jaap Burgerlaan,1,4797 CX,WILLEMSTAD,1709,MOERDIJK,0168472736,primary,51.68566672,4.43927196
Noord-Brabant,Openbare Basisschool De Baayaert,Braak,1,4724 DS,WOUW,1674,ROOSENDAAL,0165303370,primary,51.51797897,4.39277125
Noord-Brabant,Openbare Basisschool De Regenboog,Ruige Hoek,10,4731 VW,OUDENBOSCH,1655,HALDERBERGE,0165330170,primary,51.5837743,4.52845631
Noord-Brabant,Basisschool De Linde,Schoolstraat,3,4751 CN,OUD GASTEL,1655,HALDERBERGE,0165518065,primary,51.58801589,4.45448949
Noord-Brabant,De Klimroos,Platinadijk,25,4706 LK,ROOSENDAAL,1674,ROOSENDAAL,0165534287,primary,51.52385447,4.49036743
Noord-Brabant,Openbare Basisschool De Gezellehoek,Rodenbachlaan,31,4707 NH,ROOSENDAAL,1674,ROOSENDAAL,0165540358,primary,51.51676825,4.46549658
Noord-Brabant,De Singel,Burg Prinsensingel,87,4701 HL,ROOSENDAAL,1674,ROOSENDAAL,0165536760,primary,51.53346145,4.46188562
Noord-Brabant,Openbare Basisschool De Springplank,Lijsterstraat,2,4793 GZ,FIJNAART,1709,MOERDIJK,0168463257,primary,51.63692583,4.47372205
Noord-Brabant,Bs De Boemerang,De Meeren,1,4761 SB,ZEVENBERGEN,1709,MOERDIJK,0168323118,primary,51.64541982,4.59773542
Noord-Brabant,Kindcentrum De Expeditie,De Krijntjes,28,4715 AP,RUCPHEN,0840,RUCPHEN,0165341945,primary,51.53562141,4.55793512
Noord-Brabant,OMBS Ziezo,'t Zand,2,4707 VX,ROOSENDAAL,1674,ROOSENDAAL,0165541150,primary,51.5201529,4.48031635
Noord-Brabant,Kindcentrum BergOp,Hoveniersberg,37,4708 HD,ROOSENDAAL,1674,ROOSENDAAL,0165555811,primary,51.51605355,4.43433188
Noord-Brabant,Openbare Basisschool de Wingerd,Kersenberg,52,4708 KC,ROOSENDAAL,1674,ROOSENDAAL,0165564348,primary,51.51098871,4.43207355
Noord-Brabant,De Wending,Morelberg,102,4708 NL,ROOSENDAAL,1674,ROOSENDAAL,0165396584,primary,51.52396441,4.4337774
Noord-Brabant,Jan Ligthartschool Rendierhof,Professor Verbernelaan,5,5037 AD,TILBURG,0855,TILBURG,0134670809,primary,51.56266363,5.05593192
Noord-Brabant,Openbare basisschool De Kikkenduut,Burg. Verwielstraat,65,5062 GC,OISTERWIJK,0824,OISTERWIJK,0135230270,primary,51.57662681,5.19500447
Noord-Brabant,AZC-school Oisterwijk,Kievitsblekweg,4,5062 SV,OISTERWIJK,0824,OISTERWIJK,0135234785,primary,51.57601553,5.22739545
Noord-Brabant,Openbare Basisschool De Blaak,Grebbe,42,5032 RT,TILBURG,0855,TILBURG,0134689466,primary,51.54608202,5.04491381
Noord-Brabant,Openbare Basisschool de Sleutel,Eilenbergstraat,256,5011 EC,TILBURG,0855,TILBURG,0134553905,primary,51.58553263,5.09439602
Noord-Brabant,OBS De Fonkel,Bemmelstraat,6,5043 BE,TILBURG,0855,TILBURG,0135721427,primary,51.58128861,5.01850748
Noord-Brabant,Openbare Basisschool De Driehoek,Wagenmaker,1,5081 ER,HILVARENBEEK,0798,HILVARENBEEK,0135052761,primary,51.47977437,5.13701513
Noord-Brabant,Openbare Basisschool De Vuurvogel,Eikstraat,11,5038 ML,TILBURG,0855,TILBURG,0135423767,primary,51.55830252,5.0701325
Noord-Brabant,Openbare Basisschool Panta Rhei,Galjoenstraat,50,5017 CN,TILBURG,0855,TILBURG,0135437241,primary,51.55345169,5.09692005
Noord-Brabant,Openbare Basisschool De Bienekebolders,Kloosterlaan,26,5066 AN,MOERGESTEL,0824,OISTERWIJK,0135136228,primary,51.54768689,5.18187362
Noord-Brabant,OBS Hartevelden,Gendringenlaan,22,5043 LL,TILBURG,0855,TILBURG,0135702230,primary,51.58227551,5.00725167
Noord-Brabant,Kindercampus Oculus,Bankastraat,2,5014 BW,TILBURG,0855,TILBURG,0135434643,primary,51.56374054,5.10023156
Noord-Brabant,Openbare Basisschool Bibit,Millingenstraat,8,5045 JA,TILBURG,0855,TILBURG,0135711055,primary,51.58712811,4.99594911
Noord-Brabant,Openbare Basisschool Koolhoven,Koolhovenlaan,1-A,5036 TK,TILBURG,0855,TILBURG,0134565680,primary,51.57276922,4.98220251
Noord-Brabant,Jan Ligthartschool Driecant,Dalemdreef,25,5035 LZ,TILBURG,0855,TILBURG,0134557816,primary,51.57666055,4.98465642
Noord-Brabant,OBS Berkel-Enschot,Berkelseweg,14-01,5056 PN,BERKEL-ENSCHOT,0855,TILBURG,0132056010,primary,51.58744841,5.15726338
Noord-Brabant,OBS De Piramide,Van de Pollstraat,2,5262 XE,VUGHT,0865,VUGHT,0736843843,primary,51.653433,5.2857866
Noord-Brabant,Basisschool De Bolster,Ericastraat,33,5271 KL,SINT-MICHIELSGESTEL,0845,SINT-MICHIELSGESTEL,0735530272,primary,51.64148454,5.33760476
Noord-Brabant,Basisschool De Kleine Beer,Westerbroek,2,5258 SG,BERLICUM,0845,SINT-MICHIELSGESTEL,0735038020,primary,51.67542016,5.40176782
Noord-Brabant,De Lichtstraat,Brabantlaan,73,5262 JH,VUGHT,0865,VUGHT,0736563832,primary,51.63964317,5.2874043
Noord-Brabant,Basisschool Spelelier,Dr.de Brouwerlaan,74,5283 EE,BOXTEL,0757,BOXTEL,0411672459,primary,51.58717384,5.33753581
Noord-Brabant,Openbare Basisschool De Hasselbraam,Sportlaantje,8,5076 AM,HAAREN,0824,OISTERWIJK,0411622839,primary,51.59738376,5.22566097
Noord-Brabant,De Koningslinde,Koninginnelaan,1-B,5263 DP,VUGHT,0865,VUGHT,0732071901,primary,51.66700333,5.27865313
Noord-Brabant,De Halm,Wethouder Raamsstraat,1,4286 BV,ALMKERK,1959,ALTENA,0183401625,primary,51.77423133,4.96431191
Noord-Brabant,Immanuel,Van Lumeystraat,1,5684 CH,BEST,0753,BEST,0499373448,primary,51.50291931,5.38966444
Noord-Brabant,Basisschool De Belhamel,Rudolfusdal,60,5551 EG,VALKENSWAARD,0858,VALKENSWAARD,0402042588,primary,51.3577045,5.43146244
Noord-Brabant,De Trumakkers,De Spinner,2,5591 NG,HEEZE,1658,HEEZE-LEENDE,0402240033,primary,51.38482111,5.56551692
Noord-Brabant,Openbare Basisschool De Klimop,Dooleg,18,5541 GH,REUSEL,1667,REUSEL-DE MIERDEN,0497620008,primary,51.36754719,5.16211626
Noord-Brabant,Openbare Basisschool 'T Smelleken,Emmalaan,5,5554 JM,VALKENSWAARD,0858,VALKENSWAARD,0402016092,primary,51.34706616,5.45886709
Noord-Brabant,Basisschool 't Busseltje,Berkakkers,1-A,5521 GD,EERSEL,0770,EERSEL,0497514657,primary,51.36077997,5.32616372
Noord-Brabant,Openbare Basisschool de Korenbloem,Castaert,98,5688 PG,OIRSCHOT,0823,OIRSCHOT,0499550230,primary,51.51037289,5.31856746
Noord-Brabant,De Triolier,Weth. Van Hunselstraat,13,6021 KD,BUDEL,1706,CRANENDONCK,0495494171,primary,51.26384768,5.57394187
Noord-Brabant,Kindcentrum Heidevlinder,Dorpsstraat,57,5556 VL,VALKENSWAARD,0858,VALKENSWAARD,0402068951,primary,51.29961977,5.44478371
Noord-Brabant,De Ontdekking Openbare basisschool Maarheeze,Kijkakkers,1-A-5,6026 ER,MAARHEEZE,1706,CRANENDONCK,0495591628,primary,51.31274037,5.61119702
Noord-Brabant,OBS 't Lange,Stormgat,1,6028 SC,GASTEL,1706,CRANENDONCK,0495492416,primary,51.28564208,5.55488205
Noord-Brabant,OBS SamenWijs,August Vermeylenlaan,1,5531 TW,BLADEL,1728,BLADEL,0497360847,primary,51.37526677,5.21967913
Noord-Brabant,Basisschool De Regenboog,Tijmstraat,1,5571 HS,BERGEIJK,1724,BERGEIJK,0497574914,primary,51.31876776,5.35583878
Noord-Brabant,Openbare Basisschool Ekenrooi,Maximiliaanlaan,1,5583 XG,WAALRE,0866,WAALRE,0402213644,primary,51.39566262,5.49182814
Noord-Brabant,Openbare Basisschool Dick Bruna,Roek,19,5508 KE,VELDHOVEN,0861,VELDHOVEN,0402544129,primary,51.43080844,5.38710548
Noord-Brabant,Kindcentrum De Beuk,Beukenhaag,1,5091 DA,OOST WEST EN MIDDELBEERS,0823,OIRSCHOT,0132400005,primary,51.47273408,5.27033267
Noord-Brabant,"ATO, basisschool L W Beekman",vd Does de Willeboissngl,14,5211 CC,'S-HERTOGENBOSCH,0796,S HERTOGENBOSCH,0738225450,primary,51.68730657,5.29631543
Noord-Brabant,"ATO, basisschool Noorderlicht",Eerste Rompert,9,5233 EA,'S-HERTOGENBOSCH,0796,S HERTOGENBOSCH,0738511399,primary,51.71447062,5.31918019
Noord-Brabant,"ATO, basisschool De Hobbit",De Hoge Kamp,9,5247 WH,ROSMALEN,0796,S HERTOGENBOSCH,0738507720,primary,51.72591253,5.37114376
Noord-Brabant,"ATO, Kindcentrum Sterrenboom",Hengmeng,92,5235 JZ,'S-HERTOGENBOSCH,0796,S HERTOGENBOSCH,0738225250,primary,51.72926577,5.30252284
Noord-Brabant,ATO - kindcentrum Aan de Oosterplas,IJsselsingel,40-A,5215 CL,'S-HERTOGENBOSCH,0796,S HERTOGENBOSCH,0738225480,primary,51.68951632,5.33500875
Noord-Brabant,"ATO, jenaplan kindcentrum De Ontdekking",Rijzertlaan,242,5223 JR,'S-HERTOGENBOSCH,0796,S HERTOGENBOSCH,0738507730,primary,51.69343728,5.26714088
Noord-Brabant,"ATO, basisschool Het Rondeel",Acaciasingel,77,5213 VC,'S-HERTOGENBOSCH,0796,S HERTOGENBOSCH,0738511333,primary,51.69309449,5.32863407
Noord-Brabant,ATO-Kindcentrum De Pionier,Hambakendreef,2-A-B,5231 RJ,'S-HERTOGENBOSCH,0796,S HERTOGENBOSCH,0738225422,primary,51.71235678,5.30942764
Noord-Brabant,"ATO, basisschool Caleidoscoop",Fluitenkruid,8,5236 TL,'S-HERTOGENBOSCH,0796,S HERTOGENBOSCH,0738225432,primary,51.73305973,5.32969014
Noord-Brabant,"ATO, montessorischool Merlijn",Zilverkruid,12,5237 HA,'S-HERTOGENBOSCH,0796,S HERTOGENBOSCH,0736449523,primary,51.72740953,5.29688502
Noord-Brabant,ATO-Kindcentrum De Terp,Terpeborch,78,5241 KB,ROSMALEN,0796,S HERTOGENBOSCH,0735215005,primary,51.72173243,5.36102522
Noord-Brabant,"ATO, basisschool Meander",Braspenninglaan,171,5237 NS,'S-HERTOGENBOSCH,0796,S HERTOGENBOSCH,0736104533,primary,51.73296585,5.28388546
Noord-Brabant,"ATO, basisschool De Groote Wielen",Deltalaan,140,5247 JT,ROSMALEN,0796,S HERTOGENBOSCH,0738507710,primary,51.73582271,5.36418789
Noord-Brabant,"ATO, Kindcentrum De Hoven",Allegroweg,2,5245 AH,ROSMALEN,0796,S HERTOGENBOSCH,0738511120,primary,51.73021017,5.35203202
Noord-Brabant,Basisschool De Regenboog,Burg. Mr. H. Popstraat,2,4671 ES,DINTELOORD,0851,STEENBERGEN,0167523326,primary,51.63791738,4.3647439
Noord-Brabant,Openbare Basisschool De Noordster,Groenplaats,32,4613 GP,BERGEN OP ZOOM,0748,BERGEN OP ZOOM,0164256801,primary,51.51011965,4.28345777
Noord-Brabant,Openbare Basisschool de Kreek,Hinkelenoord,14,4617 NC,BERGEN OP ZOOM,0748,BERGEN OP ZOOM,0164234555,primary,51.47503685,4.2793725
Noord-Brabant,Openbare Basisschool De Dobbelsteen,Philomenahof,29,4631 NM,HOOGERHEIDE,0873,WOENSDRECHT,0164660707,primary,51.42393981,4.32646244
Noord-Brabant,Basisschool De Schittering,Burg Godwaldtstraat,4,4927 BB,HOOGE ZWALUWE,1719,DRIMMELEN,0168482371,primary,51.68501132,4.74779524
Noord-Brabant,Basisschool De Fijne Aarde,Prinses Irenestraat,1-3,4793 CW,FIJNAART,1709,MOERDIJK,0168462765,primary,51.63636845,4.46340384
Noord-Brabant,Basisschool De Neerhof,Bloedkoraal,1,4762 BJ,ZEVENBERGEN,1709,MOERDIJK,0168324788,primary,51.63673287,4.59948703
Noord-Brabant,Basisschool De Rietvest,Keenestraat,7,4791 AM,KLUNDERT,1709,MOERDIJK,0168402871,primary,51.66248988,4.53703907
Noord-Brabant,Basisschool De Grienden,Nieuwstraat,8,4926 AX,LAGE ZWALUWE,1719,DRIMMELEN,0168482535,primary,51.71093881,4.6996845
Noord-Brabant,Basisschool de Singel,Singel,1,4797 BJ,WILLEMSTAD,1709,MOERDIJK,0168472589,primary,51.68949173,4.4416408
Noord-Brabant,Basisschool De Regenboog,Regenboogstraat,1,4761 ZX,ZEVENBERGEN,1709,MOERDIJK,0168325997,primary,51.64270652,4.59267426
Noord-Brabant,Basisschool De Toren,Witte Arend,2,4761 JA,ZEVENBERGEN,1709,MOERDIJK,0168324185,primary,51.64927033,4.59795268
Noord-Brabant,Basisschool De Molenvliet,Graaf Florisstraat,1-A,4791 CA,KLUNDERT,1709,MOERDIJK,0168402982,primary,51.66735518,4.53918802
Noord-Brabant,Basisschool De Arenberg,Zandberg,70,4761 TW,ZEVENBERGEN,1709,MOERDIJK,0168370589,primary,51.64754535,4.59110106
Noord-Brabant,Basisschool Het Bastion,Von Kropffplein,2,4791 HW,KLUNDERT,1709,MOERDIJK,0168404444,primary,51.66418273,4.53025714
Noord-Brabant,Basisschool De Klaverhoek,Margrietstraat,28,4782 AH,MOERDIJK,1709,MOERDIJK,0168412533,primary,51.70038541,4.62678197
Noord-Brabant,Basisschool De Hoeksteen,Olavstraat,31,4765 CP,ZEVENBERGSCHEN HOEK,1709,MOERDIJK,0168452638,primary,51.67446067,4.67898948
Noord-Brabant,Ds Gisbertus Voetiusschool,Alb.Schweitzerlaan,6,4281 LT,ANDEL,1959,ALTENA,0183442780,primary,51.7804541,5.06081033
Noord-Brabant,"International School Eindhoven, Primary division",Oirschotsedijk,14-B,5651 GC,EINDHOVEN,0772,EINDHOVEN,0402519437,primary,51.45982671,5.43078559
Noord-Brabant,Nutsschool Beneden Beekloop School voor Basisonderwijs,Ziggenstraat,40,5662 RM,GELDROP,1771,GELDROP-MIERLO,0402863543,primary,51.42939281,5.55226893
Noord-Brabant,Nutsschool De Ganzebloem School voor Basisonderwijs,Saruman,1,5663 SK,GELDROP,1771,GELDROP-MIERLO,0402802217,primary,51.41225141,5.54642385
Noord-Brabant,BuitensteBinnen Basisschool,Doormanlaan,1,5694 EA,SON EN BREUGEL,0848,SON EN BREUGEL,0499490328,primary,51.51734745,5.50598017
Noord-Brabant,Openbare Basisschool De Horizon,Jan van der Diesduncstr,42,5721 VM,ASTEN,0743,ASTEN,0493670141,primary,51.40348491,5.73522775
Noord-Brabant,Openbare Basisschool De Bron,Spaarne,18,5751 WJ,DEURNE,0762,DEURNE,0493317234,primary,51.4557014,5.79848698
Noord-Brabant,Openbare Basisschool 't Schrijverke,Heer van Grevenbroeckweg,1,5731 EK,MIERLO,1771,GELDROP-MIERLO,0492664011,primary,51.43725337,5.61898272
Noord-Brabant,Het Mooiste Blauw,Pennekart,1,5674 CK,NUENEN,0820,NUENEN CA,0407370161,primary,51.4633441,5.53019666
Noord-Brabant,basisschool de Ruimte,Honingbij,1,5692 VE,SON EN BREUGEL,0848,SON EN BREUGEL,0499472867,primary,51.52985173,5.4857758
Noord-Brabant,Basisschool t Einder,Wetering,25,5422 AN,GEMERT,1652,GEMERT-BAKEL,0492365926,primary,51.55750464,5.70122167
Noord-Brabant,De Kleine Kapitein,Bernhardstraat,2-A,5761 BJ,BAKEL,1652,GEMERT-BAKEL,0492343023,primary,51.50532359,5.74095113
Noord-Brabant,Openbare Basisschool De Hasselbraam,Torteltuin,2,5754 HA,DEURNE,0762,DEURNE,0493312780,primary,51.46331042,5.81226958
Noord-Brabant,Openbare Basisschool De Rietpluim,Ouwlandsedijk,27,5673 PS,NUENEN,0820,NUENEN CA,0402841111,primary,51.46922981,5.56944755
Noord-Brabant,Openbare Basisschool Ranonkel,Dommel,20,5711 KT,SOMEREN,0847,SOMEREN,0493490441,primary,51.38457188,5.72007171
Noord-Brabant,Openbare Basisschool de Driehoek,Schoolstraat,1-B,5735 CG,AARLE-RIXTEL,1659,LAARBEEK,0492383003,primary,51.51124894,5.63990931
Noord-Brabant,Openbare Basisschool H Klokhuis,Wijnkelderweg,3-A,5741 ND,BEEK EN DONK,1659,LAARBEEK,0492465527,primary,51.52685803,5.62630086
Noord-Brabant,OBS Kleurrijk,Dionysiusstraat,4,5724 AC,OMMEL,0743,ASTEN,0493670017,primary,51.42123568,5.74772741
Noord-Brabant,OBS De Kleine Vos,Graspieper,10,5731 SP,MIERLO,1771,GELDROP-MIERLO, ,primary,51.44263541,5.60702441
Noord-Brabant,Islamitische Basisschool,Meidoornlaan,42,4621 BR,BERGEN OP ZOOM,0748,BERGEN OP ZOOM,0164255873,primary,51.4912531,4.30441815
Noord-Brabant,Basisschool Aboe El-Chayr,Dirigentenlaan,27,5049 EA,TILBURG,0855,TILBURG,0134562267,primary,51.58707444,5.07480047
Noord-Brabant,Islamitische Basisschool Okba Ibnoe Nafi,Hooilaan,3,4816 EM,BREDA,0758,BREDA,0765812764,primary,51.60116984,4.79256853
Noord-Brabant,IBS Aïsha,Heulberg,1,4708 HL,ROOSENDAAL,1674,ROOSENDAAL, ,primary,51.51442613,4.43910568
Noord-Brabant,IBS De Sahaba,Dragonstraat,11-13,5044 HR,TILBURG,0855,TILBURG,0133032380,primary,51.57695734,5.03651505
Noord-Brabant,Aboe Ayoeb Al Ansari,Slotjesveld,11,4902 ZP,OOSTERHOUT NB,0826,OOSTERHOUT, ,primary,51.63782308,4.86269555
Noord-Brabant,Openbare Basisschool De Klokkebei,Sterstraat,1,4851 BG,ULVENHOUT,0758,BREDA,0765640242,primary,51.54638956,4.80599605
Noord-Brabant,Openbare Basisschool De Tweesprong,Kapelstraat,15,4817 NX,BREDA,0758,BREDA,0765811575,primary,51.58911978,4.81379967
Noord-Brabant,Basisschool Het Noorderlicht,Cornelis Florisstraat,25,4827 CN,BREDA,0758,BREDA,0765871948,primary,51.60961762,4.79648025
Noord-Brabant,Basisschool De Springplank,Kraanvogel,22,4872 SB,ETTEN-LEUR,0777,ETTEN-LEUR,0765040422,primary,51.5758406,4.65653561
Noord-Brabant,Openbare Basisschool De Springplank,Groenstraat,5,4847 AE,TETERINGEN,0758,BREDA,0765812119,primary,51.61115014,4.81523721
Noord-Brabant,Basisschool De Toverlaars,Slagveld,55,4871 ND,ETTEN-LEUR,0777,ETTEN-LEUR,0765040287,primary,51.58980396,4.65097228
Noord-Brabant,Openbare Basisschool De Wildert,Twaalfbunder,2,4823 BJ,BREDA,0758,BREDA,0765414222,primary,51.62251395,4.73861535
Noord-Brabant,Montessori + Breda,Jan Nieuwenhuyzenstraat,15,4818 RH,BREDA,0758,BREDA,0765207779,primary,51.5783737,4.77492843
Noord-Brabant,Openbare Basisschool De Toermalijn,Pastoor Doensstraat,5,4854 CP,BAVEL,0758,BREDA,0161432987,primary,51.56730262,4.83143939
Noord-Brabant,De Leest,Gruiterstraat,1,4871 KS,ETTEN-LEUR,0777,ETTEN-LEUR,0765012603,primary,51.58794136,4.65761117
Noord-Brabant,Basisschool De Wilgenhoek,Steurstraat,1,4273 EN,HANK,1959,ALTENA,0162402947,primary,51.73449709,4.90048688
Noord-Brabant,Basisschool den Biekurf,Broeksestraat,4-A,4269 VA,BABYLONIENBROEK,1959,ALTENA,0416351622,primary,51.74313072,5.01791216
Noord-Brabant,Basisschool Prins Willem Alexander,Nieuwe Steeg,6,4266 EH,EETHEN,1959,ALTENA,0416351643,primary,51.72951155,5.05640995
Noord-Brabant,Basisschool J. Henri Dunant,Tulpstraat,9,4261 CL,WIJK EN AALBURG,1959,ALTENA,0416691621,primary,51.7585989,5.13090992
Noord-Brabant,Bs Burg Sigmond,H.J. Roubosstraat,5,4251 BZ,WERKENDAM,1959,ALTENA,0183501808,primary,51.808262,4.89274779
Noord-Brabant,Basisschool 't Ravelijn,Ravelijn,1,4285 EE,WOUDRICHEM,1959,ALTENA,0183301546,primary,51.80970728,5.00202488
Noord-Brabant,Verschoorschool,Esdoornlaan,2-A,4254 AV,SLEEUWIJK,1959,ALTENA,0183301507,primary,51.81413581,4.95091266
Noord-Brabant,Basisschool De Vuurvlinder,Elisabethstraat,1,4931 BD,GEERTRUIDENBERG,0779,GEERTRUIDENBERG,0162512702,primary,51.70259655,4.85831926
Noord-Brabant,Basisschool De Biekorf,Elisabethstraat,5,4931 BD,GEERTRUIDENBERG,0779,GEERTRUIDENBERG,0162514095,primary,51.70234344,4.85740937
Noord-Brabant,Kindcentrum 't Veer,Parklaan,1,4941 BA,RAAMSDONKSVEER,0779,GEERTRUIDENBERG,0162523933,primary,51.6888782,4.87213103
Noord-Brabant,Kindcentrum de Ruif,Burg Krijgsmangeerde,47,4942 AV,RAAMSDONKSVEER,0779,GEERTRUIDENBERG,0162514599,primary,51.70175284,4.8803595
Noord-Brabant,RK Basisschool De Bolderik,Beatrixstraat,68,4273 ET,HANK,1959,ALTENA,0162402431,primary,51.7350216,4.90041359
Noord-Brabant,RK Basisschool De Peppel,Wilhelminaplantsoen,1-A,4271 AX,DUSSEN,1959,ALTENA,0416391148,primary,51.73066011,4.96354767
Noord-Brabant,Protestants Christelijke School De Kroevendonk,Langdonk,39,4707 TG,ROOSENDAAL,1674,ROOSENDAAL,0165541809,primary,51.51754763,4.46835961
Noord-Brabant,Angelaschool,Baroniestraat,41,5281 JB,BOXTEL,0757,BOXTEL,0411672701,primary,51.58979806,5.31880264
Noord-Brabant,Misha de Vries,Lidwinastraat,55,5262 EN,VUGHT,0865,VUGHT,0733035384,primary,51.64380221,5.28331667
Noord-Brabant,Basisschool De Nieuwe Linde,Postelein,2,5063 EA,OISTERWIJK,0824,OISTERWIJK,0134700340,primary,51.58547392,5.17551702
Noord-Brabant,Kindcentrum `t Loont,Theobaldusweg,54,5825 BL,OVERLOON,1982,LAND VAN CUIJK,0478641614,primary,51.5736788,5.94819257
Noord-Brabant,Basisschool Sint Antonius,De Goeijstraat,1,5823 AH,MAASHEES,1982,LAND VAN CUIJK,0478636584,primary,51.57184704,6.03258458
Noord-Brabant,Sint Jozef-School,Gildestraat,29,5824 AA,HOLTHEES,1982,LAND VAN CUIJK,0478636305,primary,51.57356246,6.00286393
Noord-Brabant,Laurentiushof,Kloosterstraat,1,5821 BA,VIERLINGSBEEK,1982,LAND VAN CUIJK,0478631383,primary,51.59587222,6.01142214
Noord-Brabant,Sint Annaschool,Sint Cornelisstraat,14,5827 AL,VORTUM-MULLEM,1982,LAND VAN CUIJK,0485573518,primary,51.62097363,5.97940695
Noord-Brabant,Basisschool De Hoge Waai,Kerkstraat,33,4944 XB,RAAMSDONK,0779,GEERTRUIDENBERG,0162512055,primary,51.68641694,4.90562138
Noord-Brabant,Basisschool De Elsenhof,Van den Elsenplein,17,4845 EB,WAGENBERG,1719,DRIMMELEN,0765938130,primary,51.66489588,4.74910724
Noord-Brabant,Basisschool De Stuifhoek,Norbartstraat,55,4921 EB,MADE,1719,DRIMMELEN,0162670145,primary,51.67352401,4.78453582
Noord-Brabant,Basisschool Zonzeel,Polderstraat,110,4844 BK,TERHEIJDEN,1719,DRIMMELEN,0765938126,primary,51.64074471,4.75095575
Noord-Brabant,Basisschool Den Duin,Fazantenlaan,42,4921 VC,MADE,1719,DRIMMELEN,0162670135,primary,51.66978193,4.79101854
Noord-Brabant,Basisschool Zeggewijzer,Biezelaar,59,4844 RD,TERHEIJDEN,1719,DRIMMELEN,0765938135,primary,51.64425801,4.75579831
Noord-Brabant,Basisschool De Lage Weide,Julianastraat,1,4921 KM,MADE,1719,DRIMMELEN,0162683466,primary,51.68138666,4.79284665
Noord-Brabant,Rooms Katholieke Basisschool De Akkerwinde,Averbodelaan,1,5095 AS,HOOGE MIERDE,1667,REUSEL-DE MIERDEN,0135091229,primary,51.38832526,5.12831702
Noord-Brabant,Basisschool Het Palet,Oude Provincialeweg,17,5527 BM,HAPERT,1728,BLADEL,0497360384,primary,51.37068631,5.25335055
Noord-Brabant,Basisschool Wereldwijs,Pankenstraat,1,5521 VA,EERSEL,0770,EERSEL,0497512732,primary,51.3545087,5.31834433
Noord-Brabant,Basisschool ST Lambertus,Beemke,2,5534 AH,NETERSEL,1728,BLADEL,0497681991,primary,51.40369567,5.2099802
Noord-Brabant,Sint Clemensschool voor Basisonderwijs,Huisacker,9,5096 BW,HULSEL,1667,REUSEL-DE MIERDEN,0135091316,primary,51.38815919,5.17841403
Noord-Brabant,Basisschool De Torelaar,Beukenlaan,60,5541 VM,REUSEL,1667,REUSEL-DE MIERDEN,0497641785,primary,51.36656415,5.16669999
Noord-Brabant,Rooms Katholieke Basisschool Den Opstap,Broekkant,9,5094 GA,LAGE MIERDE,1667,REUSEL-DE MIERDEN,0135091500,primary,51.40704048,5.14595077
Noord-Brabant,Rooms Katholieke Basisschool Sint Jan,Smitseind,35,5525 AN,DUIZEL,0770,EERSEL,0497512228,primary,51.36876067,5.29890186
Noord-Brabant,Rooms Katholieke Basisschool De Vest,Hofveld,4,5528 AV,HOOGELOON,1728,BLADEL,0497681273,primary,51.39861413,5.2698916
Noord-Brabant,Daltonbasisschool Jacobus,Pankenstraat,3,5521 VA,EERSEL,0770,EERSEL,0497512279,primary,51.3545087,5.31834433
Noord-Brabant,RK Basisschool De Toermalijn,Herman Gorterlaan,4,5531 SR,BLADEL,1728,BLADEL,0497382288,primary,51.37340585,5.21627879
Noord-Brabant,Basisschool De Leilinde,Groeneweg,27,5541 AG,REUSEL,1667,REUSEL-DE MIERDEN,0497643456,primary,51.35713953,5.16281171
Noord-Brabant,KC Florent,Hofplein,1,5531 EV,BLADEL,1728,BLADEL,0497360058,primary,51.37009838,5.22273107
Noord-Brabant,Basisschool Bergmolen,Bergmolen,3,5531 EH,BLADEL,1728,BLADEL,0497381549,primary,51.36662151,5.22143896
Noord-Brabant,Sint Jansschool voor Basisonderwijs,Kerkstraat,37,5529 AK,CASTEREN,1728,BLADEL,0497681673,primary,51.39600099,5.23858009
Noord-Brabant,Basisschool Hasseltse Poorten,Hasseltstraat,198,5046 LP,TILBURG,0855,TILBURG,0135422281,primary,51.57099645,5.0737877
Noord-Brabant,Basisschool Pendula,Hoogvensestraat,49,5017 CA,TILBURG,0855,TILBURG,0135436388,primary,51.55529284,5.0981326
Noord-Brabant,Basisschool Armhoefse Akker,Spoordijk,68,5018 GH,TILBURG,0855,TILBURG,0135434237,primary,51.56130891,5.10645662
Noord-Brabant,Basisschool De Stappen,Schaepmanstraat,38,5041 AR,TILBURG,0855,TILBURG,0135424641,primary,51.56465721,5.0861293
Noord-Brabant,Basisschool Christoffel,Zouavenlaan,77,5037 MT,TILBURG,0855,TILBURG,0134672065,primary,51.55286897,5.05354382
Noord-Brabant,Basisschool Don Sarto,Oude Hilvarenbeekseweg,15,5022 EM,TILBURG,0855,TILBURG,0135421152,primary,51.54078896,5.0981188
Noord-Brabant,Basisschool De Vijf Hoeven,Hendrik van Tulderstraat,7,5046 NC,TILBURG,0855,TILBURG,0135421241,primary,51.56763184,5.06723853
Noord-Brabant,Basisschool De Borne,Grebbe,40,5032 RT,TILBURG,0855,TILBURG,0134675632,primary,51.54570927,5.0456878
Noord-Brabant,Basisschool Hubertus,Reitse Hoevenstraat,20,5042 EH,TILBURG,0855,TILBURG,0134672792,primary,51.57234262,5.06201414
Noord-Brabant,Basisschool De Alm,Groenewoudstraat,70,5022 GE,TILBURG,0855,TILBURG,0135425377,primary,51.53802222,5.09093642
Noord-Brabant,Jenaplanbasisschool Jeanne d'Arc,Le Bourgetstraat,21,5042 TG,TILBURG,0855,TILBURG,0134673785,primary,51.56917478,5.04974478
Noord-Brabant,Montessoribasisschool De Elzen,Elzenstraat,14-A,5038 HD,TILBURG,0855,TILBURG,0135435566,primary,51.5590555,5.07693839
Noord-Brabant,Basisschool Antares,Sabelhof,12,5044 JR,TILBURG,0855,TILBURG,0134672611,primary,51.57560658,5.04259195
Noord-Brabant,Basisschool Wandelbos,Auteurslaan,7,5044 MA,TILBURG,0855,TILBURG,0134675987,primary,51.57479197,5.03160758
Noord-Brabant,Basisschool voor Daltononderwijs Helen Parkhurst,Gramsbergenlaan,4,5043 LA,TILBURG,0855,TILBURG,0135702109,primary,51.58112122,5.01451278
Noord-Brabant,Basisschool Koningshaven,Fatimastraat,24-B,5021 AN,TILBURG,0855,TILBURG,0135425379,primary,51.55014937,5.1004032
Noord-Brabant,Basisschool De Triangel,Wassenaerlaan,36,5021 VS,TILBURG,0855,TILBURG,0135424143,primary,51.54874633,5.07955059
Noord-Brabant,Basisschool De Zuidwester,Staringstraat,10,5025 TX,TILBURG,0855,TILBURG,0134683504,primary,51.54926402,5.06523945
Noord-Brabant,Basisschool De Wegwijzer,Giekerkstraat,53,5043 MX,TILBURG,0855,TILBURG,0135720359,primary,51.58061872,5.00734521
Noord-Brabant,Basisschool De Sporckt,Meerssenstraat,1-B,5045 JB,TILBURG,0855,TILBURG,0135710843,primary,51.58649934,4.99665749
Noord-Brabant,Montessoribasisschool De Petteflet,Kamerikstraat,19,5045 TW,TILBURG,0855,TILBURG,0135713677,primary,51.57668443,4.9940142
Noord-Brabant,Basisschool Meander,Meddostraat,6,5045 EH,TILBURG,0855,TILBURG,0135720527,primary,51.59131558,4.98459634
Noord-Brabant,Basisschool De Bloemaert,Dalemdreef,23,5035 LZ,TILBURG,0855,TILBURG,0134566098,primary,51.57622497,4.98456124
Noord-Brabant,Basisschool De Boemerang,Rijperkerkstraat,2,5035 BR,TILBURG,0855,TILBURG,0134582330,primary,51.58959773,4.97615586
Noord-Brabant,Basisschool Klinkers,Woerdenstraat,60,5036 BL,TILBURG,0855,TILBURG,0135718240,primary,51.57213633,4.99409803
Noord-Brabant,Kindcentrum WillemsPoort,Anton Ebbenhof,90,5026 PN,TILBURG,0855,TILBURG,0132073998,primary,51.54227224,5.07136708
Noord-Brabant,Basisschool Het Telraam,Kerkstraat-zuid,24,5441 AK,OEFFELT,1982,LAND VAN CUIJK,0485361622,primary,51.69785197,5.93802146
Noord-Brabant,De Groene Wereld,Beukenlaan,6,5363 RA,VELP NB,1982,LAND VAN CUIJK,0486729001,primary,51.74643584,5.71087746
Noord-Brabant,'t Schrijverke,Wassenbergstraat,12,5373 CH,HERPEN,0828,OSS,0486411828,primary,51.76959639,5.64323172
Noord-Brabant,Basisschool De LenS,Langenboomseweg,1-B,5451 JH,MILL,1982,LAND VAN CUIJK,0485470150,primary,51.68611174,5.77468053
Noord-Brabant,Basisschool De Bongerd,Schoolstraat,8,5438 AC,GASSEL,1982,LAND VAN CUIJK,0486473462,primary,51.74071032,5.77856652
Noord-Brabant,Basisschool De Zevensprong,Dassenburcht,36-B,5431 JZ,CUIJK,1982,LAND VAN CUIJK,0485219005,primary,51.71887975,5.88736138
Noord-Brabant,Basissch De Waai,Bostulp,52,5432 HK,CUIJK,1982,LAND VAN CUIJK,0485311790,primary,51.73750559,5.85803448
Noord-Brabant,Basisschool De Klimop (Wilbertoord),Wethouder Lindersstraat,81,5455 GK,WILBERTOORD,1982,LAND VAN CUIJK,0485478675,primary,51.65380668,5.77432805
Noord-Brabant,Basisschool Pater Eymard,Pater Eymardstraat,8,5844 AK,STEVENSBEEK,1982,LAND VAN CUIJK,0485382270,primary,51.6019735,5.91817029
Noord-Brabant,Basisschool De Zonnewijzer,Schoolstraat,5,5843 AG,WESTERBEEK,1982,LAND VAN CUIJK,0485384248,primary,51.58344479,5.86354768
Noord-Brabant,Basissch Den Omgang,Bossestraat,8-B,5374 HT,SCHAIJK,1991,MAASHORST,0486461283,primary,51.74847823,5.62638378
Noord-Brabant,Basisschool Matthias,Deken Schmerlingstraat,17,5841 AM,OPLOO,1982,LAND VAN CUIJK,0485381839,primary,51.60590102,5.86953882
Noord-Brabant,Basisschool 't Stekske,Dominicanenstraat,22,5453 JN,LANGENBOOM,1982,LAND VAN CUIJK,0486431303,primary,51.69951829,5.73202231
Noord-Brabant,Bs De Vier Heemskinderen,Rondestraat,31,5352 LJ,DEURSEN-DENNENBURG,0828,OSS,0486414428,primary,51.80255109,5.62700578
Noord-Brabant,Jenaplanschool De Lindekring,Liesmortel,19,5435 XH,SINT AGATHA,1982,LAND VAN CUIJK,0485311611,primary,51.71160586,5.91379299
Noord-Brabant,De Eiber,Clarastraat,1,5366 AK,MEGEN,0828,OSS,0412462311,primary,51.82259323,5.56300667
Noord-Brabant,Basisschool Akkerwinde,Berkenkamp,2,5434 PD,VIANEN NB,1982,LAND VAN CUIJK,0485314957,primary,51.71648908,5.84930667
Noord-Brabant,De Groene Wereld Nieuwkomers,Beukenlaan,6,5363 RA,VELP NB,1982,LAND VAN CUIJK,0486422348,primary,51.74643584,5.71087746
Noord-Brabant,Basisschool De Schare,Wethouder Lemmenstraat,9,5454 GH,SINT HUBERT,1982,LAND VAN CUIJK,0485470154,primary,51.67839684,5.81090595
Noord-Brabant,Basisschool De Bongerd,Kerkstraat,7,5443 AA,HAPS,1982,LAND VAN CUIJK,0485315385,primary,51.68800778,5.86188648
Noord-Brabant,Basisschool De Kreek'l,Monseigneur Suijsstraat,6,5375 AG,REEK,1991,MAASHORST,0486420520,primary,51.74372223,5.68132485
Noord-Brabant,Basisschool De Sprankel,Gasthuishoeve,1,5361 HT,GRAVE,1982,LAND VAN CUIJK,0486472077,primary,51.75452667,5.74144748
Noord-Brabant,BS De Regenboog,Runstraat,16,5374 AC,SCHAIJK,1991,MAASHORST,0486461365,primary,51.74813632,5.6301879
Noord-Brabant,Basisschool Dr Jan De Quay,W P F Ghijssenstraat,2,5437 AP,BEERS,1982,LAND VAN CUIJK,0485315085,primary,51.72439734,5.82877762
Noord-Brabant,Onze Bouwsteen,Moerkamp,73,5835 BP,BEUGEN,1982,LAND VAN CUIJK,0485361683,primary,51.67314501,5.93495493
Noord-Brabant,Basisschool Klimop,Kerkveld,2,5447 AV,RIJKEVOORT,1982,LAND VAN CUIJK,0485371726,primary,51.65634863,5.88593421
Noord-Brabant,De Bakelgeert,Stationsweg,40,5831 CR,BOXMEER,1982,LAND VAN CUIJK,0485573386,primary,51.64177823,5.94367709
Noord-Brabant,Kindcentrum De Sprong,Lindenplein,17,5446 AV,WANROIJ,1982,LAND VAN CUIJK,0485470886,primary,51.65689436,5.82394678
Noord-Brabant,Basisschool De Regenboog,Eurodreef,1,5431 VG,CUIJK,1982,LAND VAN CUIJK,0485313429,primary,51.73483137,5.87238191
Noord-Brabant,De Raamdonk,Burgemeester Ficqlaan,4,5361 AX,GRAVE,1982,LAND VAN CUIJK,0486729000,primary,51.75762151,5.73155371
Noord-Brabant,Basisschool De Ester,St. Machutusweg,2-A,5364 RB,ESCHAREN,1982,LAND VAN CUIJK,0486472256,primary,51.74280121,5.74594872
Noord-Brabant,De Weijerwereld,Weijerstraat,2,5831 JV,BOXMEER,1982,LAND VAN CUIJK,0485571073,primary,51.65006421,5.95159994
Noord-Brabant,RK Basissch Vlasgaard,Kerkstraat,57-59,5411 EA,ZEELAND,1991,MAASHORST,0486451252,primary,51.6978909,5.67430002
Noord-Brabant,De Bolster,Grotestraat,68,5836 AH,SAMBEEK,1982,LAND VAN CUIJK,0485573330,primary,51.63479129,5.96647831
Noord-Brabant,Kindcentrum Leander,Remmensberg,33,5845 DD,SINT ANTHONIS,1982,LAND VAN CUIJK,0485381892,primary,51.62912085,5.88105897
Noord-Brabant,Basisschool De Bogaard,Stationssingel,10,5371 BB,RAVENSTEIN,0828,OSS,0486412236,primary,51.79557777,5.64727139
Noord-Brabant,Oranje Nassau,Hardenbergh,4,4264 SG,VEEN,1959,ALTENA,0416691350,primary,51.77716472,5.10950739
Noord-Brabant,Katholieke Basisschool De Pontus,Gruiterstraat,1,4871 KS,ETTEN-LEUR,0777,ETTEN-LEUR,0765012414,primary,51.58794136,4.65761117
Noord-Brabant,Katholieke Basisschool De Hasselbraam,Beukenlaan,45,4871 VG,ETTEN-LEUR,0777,ETTEN-LEUR,0765013627,primary,51.58273223,4.65251714
Noord-Brabant,Katholieke basisschool De 4 Heemskinderen,Heilig Hartstraat,4,4873 CZ,ETTEN-LEUR,0777,ETTEN-LEUR,0765012570,primary,51.56426641,4.64404383
Noord-Brabant,Katholieke Basisschool D'n Overkant,Edward Poppelaan,18,4874 NA,ETTEN-LEUR,0777,ETTEN-LEUR,0765012389,primary,51.57654816,4.63371869
Noord-Brabant,Katholieke Basisschool 't Carillon,Hobodreef,3,4876 XB,ETTEN-LEUR,0777,ETTEN-LEUR,0765016994,primary,51.56151072,4.63366228
Noord-Brabant,Katholieke Basisschool De Hofstee,Kraanvogel,22,4872 SB,ETTEN-LEUR,0777,ETTEN-LEUR,0765035581,primary,51.5758406,4.65653561
Noord-Brabant,Katholieke Basisschool De Aventurijn,Slagveld,55,4871 ND,ETTEN-LEUR,0777,ETTEN-LEUR,0765011480,primary,51.58980396,4.65097228
Noord-Brabant,Basisschool De Bron,Nieuwevaart,11,5161 AN,SPRANG-CAPELLE,0867,WAALWIJK,0416315390,primary,51.67844422,4.9842307
Noord-Brabant,Koningsschool,Burg van Casterenstraat,41,5146 GA,WAALWIJK,0867,WAALWIJK,0416274145,primary,51.67562176,5.03439967
Noord-Brabant,Juliana v Stolbergschool,Woeringenlaan,20,5144 CJ,WAALWIJK,0867,WAALWIJK,0416332287,primary,51.67778139,5.07374906
Noord-Brabant,Waldorf Breda,Minckelersstraat,27,4816 AD,BREDA,0758,BREDA,0765713646,primary,51.60037786,4.78082205
Noord-Brabant,Basisschool Silvester Bernadette,Dahliastraat,2,5701 ET,HELMOND,0794,HELMOND,0492523775,primary,51.47840622,5.67573263
Noord-Brabant,Kindcentrum de Anna,Schoolstraat,5,5124 RM,MOLENSCHOT,0784,GILZE EN RIJEN,0161411605,primary,51.572446,4.88283232
Noord-Brabant,Kindcentrum Kiem,Kerkstraat,112,5126 GD,GILZE,0784,GILZE EN RIJEN,0161451541,primary,51.54085157,4.94121284
Noord-Brabant,Katholieke Basisschool St Jozef,Tuinstraat,15,5121 EG,RIJEN,0784,GILZE EN RIJEN,0161222918,primary,51.5902486,4.9207264
Noord-Brabant,Het Fonkelbos,Catsstraat,2,5121 HT,RIJEN,0784,GILZE EN RIJEN,0161223075,primary,51.59474807,4.90943462
Noord-Brabant,Kindcentrum de Brakken,Burgemeester Sweensplein,7,5121 EM,RIJEN,0784,GILZE EN RIJEN,0161223074,primary,51.5932243,4.92145671
Noord-Brabant,De Goede Herder,Montgolfierstraat,71,5703 EB,HELMOND,0794,HELMOND,0492599745,primary,51.47959517,5.68503563
Noord-Brabant,Rooms Katholieke Basisschool De Oversteek,Dorpsstraat,28,5298 CB,LIEMPDE,0757,BOXTEL,0411637040,primary,51.56983557,5.3735132
Noord-Brabant,Basisschool Eerderwijs,Esdonkstraat,8,5466 RX,VEGHEL,1948,MEIERIJSTAD,0413364674,primary,51.60527595,5.4969089
Noord-Brabant,Basisschool Edith Stein,Past. Clercxstraat,52,5465 RJ,VEGHEL,1948,MEIERIJSTAD,0413365168,primary,51.59288332,5.54260999
Noord-Brabant,Basisschool Maria ter Heide,Ericastraat,21,5464 VR,VEGHEL,1948,MEIERIJSTAD,0413365284,primary,51.63387869,5.58231604
Noord-Brabant,Basisschool Nicolaas,Past van Schijndelstraat,28,5469 PT,ERP,1948,MEIERIJSTAD,0492461877,primary,51.56031997,5.62757244
Noord-Brabant,Basisschool de Ark,De Dintel,2,5463 NR,VEGHEL,1948,MEIERIJSTAD,0413319680,primary,51.60834842,5.54044942
Noord-Brabant,Basisschool De Vijfmaster,Witte de Withstraat,24-A,5463 ET,VEGHEL,1948,MEIERIJSTAD,0413310336,primary,51.61004178,5.55506274
Noord-Brabant,Basisschool Maria,Horstakker,38,5469 HH,ERP,1948,MEIERIJSTAD,0413211534,primary,51.60426058,5.60469952
Noord-Brabant,Basisschool Kienehoef,Mariannestraat,34-A,5491 JD,SINT-OEDENRODE,1948,MEIERIJSTAD,0413475242,primary,51.57421723,5.45600119
Noord-Brabant,Basisschool De Empel,Melkerstraat,1,5469 SL,ERP,1948,MEIERIJSTAD,0413211409,primary,51.59972989,5.60344119
Noord-Brabant,Franciscusschool voor Basisonderwijs,Ritaplein,3,5492 EH,SINT-OEDENRODE,1948,MEIERIJSTAD,0413472596,primary,51.55023573,5.42279825
Noord-Brabant,Odaschool voor Basisonderwijs,Laan ten Bogaerde,7,5491 GC,SINT-OEDENRODE,1948,MEIERIJSTAD,0413472517,primary,51.56884209,5.46115048
Noord-Brabant,Basisschool Eerschot,Eerschotsestraat,97-99,5491 AB,SINT-OEDENRODE,1948,MEIERIJSTAD,0413490546,primary,51.56869916,5.47297745
Noord-Brabant,Basisschool Bernadette,Vondelstraat,1,5462 CS,VEGHEL,1948,MEIERIJSTAD,0413310320,primary,51.61447847,5.54135915
Noord-Brabant,Basisschool De Sprongh,Pastoor Smitsstraat,40,5491 XP,SINT-OEDENRODE,1948,MEIERIJSTAD,0413473659,primary,51.58052037,5.40894739
Noord-Brabant,Basisschool Dommelrode,Mater Lemmensstraat,31,5492 BJ,SINT-OEDENRODE,1948,MEIERIJSTAD,0413472995,primary,51.56016782,5.45521916
Noord-Brabant,De Wijzelaar,De Langedonk,1,5467 CV,VEGHEL,1948,MEIERIJSTAD,0413366424,primary,51.62576352,5.5535039
Noord-Brabant,Basisschool De Sterjasmijn,Jasmijnstraat,11-A,5492 JS,SINT-OEDENRODE,1948,MEIERIJSTAD,0413472091,primary,51.55170077,5.48704982
Noord-Brabant,Basisschool de Pionier,Lookveld,1-5,5467 KE,VEGHEL,1948,MEIERIJSTAD,0413342122,primary,51.62604716,5.55974866
Noord-Brabant,Basisschool 't Ven,Moerven,323,5464 PG,VEGHEL,1948,MEIERIJSTAD,0413319944,primary,51.63222512,5.55782682
Noord-Brabant,Kindcentrum Het IJzeren Kind,Vincent van Goghlaan,28,5246 GB,ROSMALEN,0796,S HERTOGENBOSCH,0738225100,primary,51.69645945,5.34201187
Noord-Brabant,De Troubadour School voor Basisonderwijs,Mozartlaan,17,5242 HR,ROSMALEN,0796,S HERTOGENBOSCH,0738225333,primary,51.70705857,5.36263575
Noord-Brabant,Basisschool De Masten,Sint Jozefstraat,1,5248 AT,ROSMALEN,0796,S HERTOGENBOSCH,0738511400,primary,51.70820707,5.38415754
Noord-Brabant,Basisschool De Matrix,Kraanvogellaan,4,5221 GB,'S-HERTOGENBOSCH,0796,S HERTOGENBOSCH,0736330441,primary,51.72048265,5.26825942
Noord-Brabant,De Ontluiking,Luyckershofke,33,5243 WC,ROSMALEN,0796,S HERTOGENBOSCH,0738442580,primary,51.72140177,5.37137312
Noord-Brabant,Basisschool 't Wikveld,Meerwijkweg,2-4,5236 BM,'S-HERTOGENBOSCH,0796,S HERTOGENBOSCH,0738225400,primary,51.73234122,5.32181754
Noord-Brabant,Basisschool 't Ven,Mimosastraat,3,5241 XT,ROSMALEN,0796,S HERTOGENBOSCH,0738442500,primary,51.71808749,5.35408083
Noord-Brabant,Educatief Centrum 't Sparrenbos,Eikakkerhoeven,83,5242 KM,ROSMALEN,0796,S HERTOGENBOSCH,0738511115,primary,51.71535426,5.37944608
Noord-Brabant,Basisschool het Palet,Eekbrouwersweg,2,5233 VG,'S-HERTOGENBOSCH,0796,S HERTOGENBOSCH,0736450754,primary,51.70896059,5.31658519
Noord-Brabant,Basisschool de Haren,Ploossche Hof,85,5233 HG,'S-HERTOGENBOSCH,0796,S HERTOGENBOSCH,0736446560,primary,51.71592656,5.32711786
Noord-Brabant,Basisschool de Duizendpoot,Het Wielsem,1,5231 BV,'S-HERTOGENBOSCH,0796,S HERTOGENBOSCH,0738519955,primary,51.71428135,5.3035457
Noord-Brabant,Kindcentrum Westerbreedte,Jan Olieslagersstraat,51,5224 BD,'S-HERTOGENBOSCH,0796,S HERTOGENBOSCH,0738225210,primary,51.69866259,5.26337379
Noord-Brabant,Kindcentrum Het Stadshart,Kruisbroedershof,31,5211 GX,'S-HERTOGENBOSCH,0796,S HERTOGENBOSCH,0738225390,primary,51.68596292,5.29951428
Noord-Brabant,Basisschool Boon,Graafseweg,52,5213 AL,'S-HERTOGENBOSCH,0796,S HERTOGENBOSCH,0738519930,primary,51.6927054,5.31887626
Noord-Brabant,Rooms Katholieke Basisschool De Kwartiermaker,Heerendonklaan,4,5223 XB,'S-HERTOGENBOSCH,0796,S HERTOGENBOSCH,0738519900,primary,51.69010604,5.28188414
Noord-Brabant,Rooms Katholieke Basisschool 't Boschveld,Zernikestraat,2,5223 CD,'S-HERTOGENBOSCH,0796,S HERTOGENBOSCH,0738225360,primary,51.69392758,5.29149011
Noord-Brabant,Rooms Katholieke Basisschool t Schrijverke,Patagonstraat,1,5237 NE,'S-HERTOGENBOSCH,0796,S HERTOGENBOSCH,0736421903,primary,51.73028698,5.28883708
Noord-Brabant,Wittering.nl,Deltalaan,140,5247 JT,ROSMALEN,0796,S HERTOGENBOSCH,0738507750,primary,51.73582271,5.36418789
Noord-Brabant,Campus aan De Lanen,Korte Beemden,2,5245 CX,ROSMALEN,0796,S HERTOGENBOSCH,0738442550,primary,51.73808861,5.35572499
Noord-Brabant,Kindcentrum Zuiderster,Liviusstraat,4,5216 CD,'S-HERTOGENBOSCH,0796,S HERTOGENBOSCH,0738225320,primary,51.67902031,5.31562357
Noord-Brabant,Rooms Katholieke Basisschool Berkenveld,Herelsestraat,110,4726 AH,HEERLE,1674,ROOSENDAAL,0165301806,primary,51.51921224,4.36283303
Noord-Brabant,Basisschool Heilig Hart,Plantagebaan,228,4725 AG,WOUWSE PLANTAGE,1674,ROOSENDAAL,0165379441,primary,51.4822494,4.38864402
Noord-Brabant,KPO Kindcentrum De Stappen,Kloosterstraat,17,4724 EE,WOUW,1674,ROOSENDAAL,0165302226,primary,51.52003122,4.3908962
Noord-Brabant,RK Basisschool O.L.V. van Fatima,Doctor Schaepmanlaan,101,4702 GW,ROOSENDAAL,1674,ROOSENDAAL,0165535114,primary,51.53368073,4.4746266
Noord-Brabant,RK Basisschool Joseph,Meidoornlaan,1,4702 AZ,ROOSENDAAL,1674,ROOSENDAAL,0165541425,primary,51.52768859,4.46721586
Noord-Brabant,Rooms Katholieke Basisschool De Blokwei,Boulevard Antverpia,9-A,4703 AV,ROOSENDAAL,1674,ROOSENDAAL,0165540845,primary,51.5294843,4.44814837
Noord-Brabant,RK basisschool Het Talent,Luciadonk,65,4707 VK,ROOSENDAAL,1674,ROOSENDAAL,0165541894,primary,51.51758806,4.47442283
Noord-Brabant,Rooms Katholieke Basisschool Vondel,Vondellaan,44,4707 AG,ROOSENDAAL,1674,ROOSENDAAL,0165521732,primary,51.52156522,4.45405613
Noord-Brabant,Rooms Katholieke Basisschool De Watermolen,Pootlaan,84,4707 JE,ROOSENDAAL,1674,ROOSENDAAL,0165541529,primary,51.51455316,4.45666566
Noord-Brabant,Rooms Katholieke Basisschool Jeroen Bosch,Kloosterstraat,13,4701 KH,ROOSENDAAL,1674,ROOSENDAAL,0165537091,primary,51.5357486,4.45838044
Noord-Brabant,Basisschool De Vlindertuin,Rector Hellemonsstraat,3,4702 RG,ROOSENDAAL,1674,ROOSENDAAL,0165540011,primary,51.5437149,4.47674917
Noord-Brabant,Rooms Katholieke Basisschool De Linde,Dorpsstraat,71,4709 AB,NISPEN,1674,ROOSENDAAL,0165366503,primary,51.48346143,4.46174745
Noord-Brabant,Rooms Katholieke Basisschool De Saffier,Diamantdijk,262,4706 HM,ROOSENDAAL,1674,ROOSENDAAL,0165536235,primary,51.53138504,4.49236357
Noord-Brabant,Rooms Katholieke Basisschool De Klaverweide,Lavadijk,183,4706 KZ,ROOSENDAAL,1674,ROOSENDAAL,0165545370,primary,51.52392468,4.49760454
Noord-Brabant,Rooms Katholieke Basisschool De Appel,Van Goghlaan,9-A,4703 JA,ROOSENDAAL,1674,ROOSENDAAL,0165571676,primary,51.5384725,4.44533886
Noord-Brabant,Rooms Katholieke Basisschool De Heiberg,Enclaveberg,172,4708 EC,ROOSENDAAL,1674,ROOSENDAAL,0165556091,primary,51.51488604,4.44159467
Noord-Brabant,Rooms Katholieke Basisschool Lavoor,Heulberg,71,4708 HL,ROOSENDAAL,1674,ROOSENDAAL,0165548442,primary,51.51361024,4.43385201
Noord-Brabant,Protestants Christelijke Basisschool De Morgenster,Esdoornlaan,6,4254 AV,SLEEUWIJK,1959,ALTENA,0183309028,primary,51.81410516,4.950286
Noord-Brabant,Openbare Basisschool De Bolderik,Het Geleer,33,5473 PG,HEESWIJK-DINTHER,1721,BERNHEZE,0413293055,primary,51.65472247,5.47658117
Noord-Brabant,Basisschool Pius X,Wilhelminalaan,20,5342 GH,OSS,0828,OSS,0412691611,primary,51.75585531,5.53678774
Noord-Brabant,Daltonschool De Evenaar,Rusheuvelstraat,75,5346 JH,OSS,0828,OSS,0412691166,primary,51.77803282,5.52126634
Noord-Brabant,Openbare Basisschool 'T Ravelijn,Stationssingel,7,5371 BB,RAVENSTEIN,0828,OSS, ,primary,51.79545606,5.64768165
Noord-Brabant,Kindcentrum Nicolaas,Schelversakker,1,5341 AJ,OSS,0828,OSS,0412623604,primary,51.7709548,5.51855135
Noord-Brabant,Openbare Basisschool De Uilenbrink,Melisselaar,1,5467 BM,VEGHEL,1948,MEIERIJSTAD,0413310578,primary,51.62046292,5.55717871
Noord-Brabant,Openbare basisschool De Klimboom,St. Annastraat,17,5401 AN,UDEN,1991,MAASHORST, ,primary,51.65867164,5.60764666
Noord-Brabant,Openbare Basisschool Kompas,De Leest,43,5463 JA,VEGHEL,1948,MEIERIJSTAD,0413367961,primary,51.60850229,5.54136727
Noord-Brabant,Basisschool De Teugelaar,Berghemseweg,16,5348 CJ,OSS,0828,OSS,0412691680,primary,51.77008065,5.53131204
Noord-Brabant,Basisschool De Fonkeling,Knolgroenveld,1,5351 LB,BERGHEM,0828,OSS,0412401219,primary,51.76610068,5.57435247
Noord-Brabant,OBS Camelot,Germenzeel,500,5403 XC,UDEN,1991,MAASHORST,0413270953,primary,51.66555341,5.63583685
Noord-Brabant,Basisschool Het Molenveld,Wilhelminasingel,78,5351 CC,BERGHEM,0828,OSS,0412401256,primary,51.77389642,5.57981739
Noord-Brabant,Integraal Kindcentrum Regenboog,Lijsterlaan,2,5348 HL,OSS,0828,OSS,0412623181,primary,51.76933218,5.54176922
Noord-Brabant,Daltonschool de Polderhof,Kersenlaan,1,5345 JK,OSS,0828,OSS,0412690353,primary,51.76951807,5.49978241
Noord-Brabant,De Aventurijn,Grindlaan,6,5345 TA,OSS,0828,OSS,0412691605,primary,51.76287629,5.49951887
Noord-Brabant,OBS De Springplank,Wilhelminastraat,19-C,5491 JL,SINT-OEDENRODE,1948,MEIERIJSTAD,0413473038,primary,51.57279458,5.45659591
Noord-Brabant,Montessorischool Elzeneind,Staringstraat,6-10,5343 GH,OSS,0828,OSS,0412691620,primary,51.74884593,5.51606168
Noord-Brabant,Kindcentrum Sterrebos,Verdistraat,79,5343 VC,OSS,0828,OSS,0412631368,primary,51.7528354,5.51745655
Noord-Brabant,Basisschool De Blinkerd,Troelstrastraat,13,5344 GK,OSS,0828,OSS,0412691635,primary,51.75488362,5.50242475
Noord-Brabant,OBS Uilenspiegel,Parkweg,10,5427 AL,BOEKEL,0755,BOEKEL,0492326025,primary,51.60574605,5.67589606
Noord-Brabant,Openbare Jenaplan Basisschool De Ieme,Lavasveld,32,5467 KR,VEGHEL,1948,MEIERIJSTAD,0413351894,primary,51.62692349,5.56417481
Noord-Brabant,Openbare Basisschool De Cirkel,Wislaan,221,5406 AC,UDEN,1991,MAASHORST,0413256659,primary,51.6453925,5.61844476
Noord-Brabant,Openbare Basisschool Mettegeupel,Litherweg,4,5346 JD,OSS,0828,OSS,0412628004,primary,51.77538914,5.51247214
Noord-Brabant,Openbare Basisschool De Wizzert,Kerkstraat,57-59,5411 EA,ZEELAND,1991,MAASHORST,0486424833,primary,51.6978909,5.67430002
Noord-Brabant,Jenaplanschool De Pandelaar,St.-Michaelstraat,30,5421 NK,GEMERT,1652,GEMERT-BAKEL,0492364031,primary,51.56234939,5.67776187
Noord-Brabant,Basisschool De Hoeksteen,Kerkverreweide,61,4261 LL,WIJK EN AALBURG,1959,ALTENA,0416692101,primary,51.7626041,5.12300206
Noord-Brabant,Basisschool EigenWijs,Sterrenlaan,5,5503 BG,VELDHOVEN,0861,VELDHOVEN,0402534527,primary,51.41458829,5.39801854
Noord-Brabant,Bs de  Disselboom,Kerkstraat,12,5513 AP,WINTELRE,0770,EERSEL,0402051580,primary,51.44432384,5.34108796
Noord-Brabant,Sint Lambertusschool voor Rooms Katholiek Basisonderwijs,Servatiusstraat,4-4A,5512 AJ,VESSEM,0770,EERSEL,0497591598,primary,51.41836151,5.28823372
Noord-Brabant,Rooms Katholieke Basisschool De Berckacker,Norenberg,23,5508 DJ,VELDHOVEN,0861,VELDHOVEN,0402540270,primary,51.42481107,5.38674451
Noord-Brabant,Rooms Katholieke Basisschool Sint Jan Baptist,Oude Kerkstraat,27,5507 LA,VELDHOVEN,0861,VELDHOVEN,0402051303,primary,51.42367537,5.36714593
Noord-Brabant,Meester Gijbelsschool,Steenselseweg,8,5511 AG,KNEGSEL,0770,EERSEL,0402051537,primary,51.39775613,5.34828775
Noord-Brabant,Rooms Katholieke Basisschool Sinte Lucij,Hoogeind,4,5524 BL,STEENSEL,0770,EERSEL,0497515460,primary,51.37599237,5.35469573
Noord-Brabant,aan 't Heike,Heike,19,5508 PA,VELDHOVEN,0861,VELDHOVEN,0402532774,primary,51.42464403,5.39613645
Noord-Brabant,Rooms Katholieke Basisschool Op Dreef,Pastoor Jansenplein,15,5504 BS,VELDHOVEN,0861,VELDHOVEN,0402532834,primary,51.40485152,5.39618314
Noord-Brabant,Rooms Katholieke Basisschool De Brembocht,De Messenmaker,10,5506 CG,VELDHOVEN,0861,VELDHOVEN,0402536489,primary,51.41672468,5.38731578
Noord-Brabant,De Meerhoef,Raadhuisstraat,1,5503 CS,VELDHOVEN,0861,VELDHOVEN,0402534003,primary,51.41434037,5.41468159
Noord-Brabant,Rooms Katholieke Basisschool Zeelsterhof,Blaarthemseweg,24,5502 JV,VELDHOVEN,0861,VELDHOVEN,0402532382,primary,51.42472555,5.41820234
Noord-Brabant,Protestants Christelijke Basisschool de Rank,Eikebeek,2,5501 CN,VELDHOVEN,0861,VELDHOVEN,0402533916,primary,51.42031081,5.40054442
Noord-Brabant,Rooms Katholieke Basisschool De Heiacker,Weldsehei,2,5508 WR,VELDHOVEN,0861,VELDHOVEN,0402535729,primary,51.4269387,5.39991192
Noord-Brabant,RK Basisschool De Wegwijzer,Van Den Berghstraat,2-B,4885 AH,ACHTMAAL,0879,ZUNDERT,0765987155,primary,51.45304347,4.58435101
Noord-Brabant,Basisschool St. Bavo,Sint Bavostraat,5,4891 CG,RIJSBERGEN,0879,ZUNDERT,0765961970,primary,51.51499517,4.69778664
Noord-Brabant,RK Basisschool Sint Antonius,Klein Zundertseweg,58,4882 BH,KLEIN ZUNDERT,0879,ZUNDERT,0765973598,primary,51.48127172,4.65451256
Noord-Brabant,RK Basisschool St Anna,Berkenlaan,156,4881 XE,ZUNDERT,0879,ZUNDERT,0765973502,primary,51.46867622,4.64953032
Noord-Brabant,RK Basisschool St Jozef,Diepstraat,4,4884 AB,WERNHOUT,0879,ZUNDERT,0765973059,primary,51.45505361,4.64149801
Noord-Brabant,Basisschool Zonnebloem Zundert,Burgemeester Manderslaan,45,4881 EH,ZUNDERT,0879,ZUNDERT,0765972501,primary,51.46942321,4.6640402
Noord-Brabant,Rooms Katholieke Basisschool t Kompas,Nieuwkuijksestraat,98,5253 AJ,NIEUWKUIJK,0797,HEUSDEN,0735113165,primary,51.69128594,5.17951574
Noord-Brabant,Rooms Katholieke Basisschool H Lambertus,Mari van Eschstraat,2,5254 JE,HAARSTEEG,0797,HEUSDEN,0735114666,primary,51.71240033,5.19833503
Noord-Brabant,Rooms Katholieke Basisschool Th J Rijken,Hertog Janstraat,16,5154 AL,ELSHOUT,0797,HEUSDEN,0416320800,primary,51.69928373,5.13941266
Noord-Brabant,Rooms Katholieke Basisschool de Bussel,Wilhelminastraat,19-C,5251 ER,VLIJMEN,0797,HEUSDEN,0735113042,primary,51.69861066,5.22158555
Noord-Brabant,OBS De Groene Bogen,Irissenstraat,2,5151 TN,DRUNEN,0797,HEUSDEN,0416373363,primary,51.69219014,5.1354677
Noord-Brabant,Rooms Katholieke Basisschool Vijfhoeven,Kuyperlaan,2,5252 BS,VLIJMEN,0797,HEUSDEN,0735117656,primary,51.69972577,5.2114115
Noord-Brabant,Rooms Katholieke Basisschool t Palet,Jan Steenstraat,2-A,5251 NG,VLIJMEN,0797,HEUSDEN,0735130514,primary,51.69086713,5.20061579
Noord-Brabant,BS JPS,Demer,19,5256 AB,HEUSDEN GEM HEUSDEN,0797,HEUSDEN,0416665211,primary,51.73311906,5.14133493
Noord-Brabant,BS De Dromenvanger,Kasteellaan,40,5156 CJ,OUDHEUSDEN,0797,HEUSDEN,0416665144,primary,51.7252995,5.13719482
Noord-Brabant,RK Basisschool De Duinsprong,Schimmelpenninckstraat,22,5151 CL,DRUNEN,0797,HEUSDEN,0416320281,primary,51.68244145,5.13410059
Noord-Brabant,Openbare Basisschool De Wilgen,Van Limburg Stirumlaan,2,5252 AW,VLIJMEN,0797,HEUSDEN,0735114178,primary,51.69909615,5.21153604
Noord-Brabant,Rooms Katholieke Basisschool Olof Palme,Azielaan,49,5152 JB,DRUNEN,0797,HEUSDEN,0416320082,primary,51.68296481,5.12249248
Noord-Brabant,Christelijke Basisschool De Rank,Willem de Zwijgerstraat,29,5161 HB,SPRANG-CAPELLE,0867,WAALWIJK,0416273311,primary,51.67074013,5.01496788
Noord-Brabant,Nutsscholen de Meent,Anemonelaan,2,5582 GC,WAALRE,0866,WAALRE,0402233038,primary,51.39807453,5.46826536
Noord-Brabant,Basisschool Oudendijk,Oudendijk,62-A,4285 WL,WOUDRICHEM,1959,ALTENA,0183303349,primary,51.81058147,4.98052009
Noord-Holland,G.Th. Rietveldschool,Edisonstraat,3,1171 AL,BADHOEVEDORP,0394,HAARLEMMERMEER,0206593683,primary,52.34145709,4.77450459
Noord-Holland,Dik Tromschool,Wormerstraat,25,2131 AX,HOOFDDORP,0394,HAARLEMMERMEER,0235613311,primary,52.31092331,4.690054
Noord-Holland,Ywegschool,Sparresholm,197,2133 BM,HOOFDDORP,0394,HAARLEMMERMEER,0235631425,primary,52.3105599,4.66170472
Noord-Holland,OBS Het Palet,Kalslagerring,15-17,2151 TA,NIEUW-VENNEP,0394,HAARLEMMERMEER,0252626627,primary,52.26145962,4.62072694
Noord-Holland,Openbare Montessorischool De Boog,Johannis Bogaardstraat,16-A,2151 CV,NIEUW-VENNEP,0394,HAARLEMMERMEER,0252675655,primary,52.26426475,4.62541885
Noord-Holland,Openbare Basisschool Kindcentrum Westwijs,Pampusstraat,28,1435 LJ,RIJSENHOUT,0394,HAARLEMMERMEER,0297327842,primary,52.2618374,4.71033134
Noord-Holland,De Zwanebloem,Noppenstraat,92-94,2136 AK,ZWAANSHOEK,0394,HAARLEMMERMEER,0235846316,primary,52.31441492,4.61802951
Noord-Holland,Openbare Daltonschool De Zwaan,Wilgenlaan,83,1161 JL,ZWANENBURG,0394,HAARLEMMERMEER,0204974985,primary,52.37677666,4.7538292
Noord-Holland,Basisschool De Bosrank,Liesbos,18-20,2134 SB,HOOFDDORP,0394,HAARLEMMERMEER,0235635936,primary,52.31731412,4.65690359
Noord-Holland,De Tovercirkel,Zandbos,46,2134 DE,HOOFDDORP,0394,HAARLEMMERMEER,0235654960,primary,52.31154267,4.64903619
Noord-Holland,Twickel,Schuilenburg,7,2135 GJ,HOOFDDORP,0394,HAARLEMMERMEER,0235654960,primary,52.30497722,4.65692528
Noord-Holland,Openbare Basisschool de Octopus,Femina Mullerstraat,78,2135 MS,HOOFDDORP,0394,HAARLEMMERMEER,0235622819,primary,52.29580677,4.67001984
Noord-Holland,Openbare Basisschool Joppe,Vossestein,15,2151 KK,NIEUW-VENNEP,0394,HAARLEMMERMEER,0252689098,primary,52.27306401,4.61287064
Noord-Holland,Openbare Basisschool De Optimist,Deltaweg,109,2134 XS,HOOFDDORP,0394,HAARLEMMERMEER,0235640999,primary,52.31024987,4.63884272
Noord-Holland,Openbare Basisschool De Dijkwerkers,Slotlaan,52,1693 KT,WERVERSHOOF,0420,MEDEMBLIK,0228583520,primary,52.73423547,5.15235031
Noord-Holland,Openbare Basisschool De Piramide,Flamingolaan,35,1619 VC,ANDIJK,0420,MEDEMBLIK,0228591609,primary,52.74301684,5.21789051
Noord-Holland,Basisschool't Skitteljacht,Nachtegaal,1,1616 HB,HOOGKARSPEL,0498,DRECHTERLAND,0228561876,primary,52.69467535,5.17011162
Noord-Holland,'t Padland,Padland,2,1606 NL,VENHUIZEN,0498,DRECHTERLAND,0228541937,primary,52.66682254,5.21570147
Noord-Holland,Openbare Basisschool De Tweemaster,Korte Westerstraat,7,1601 RH,ENKHUIZEN,0388,ENKHUIZEN,0228312118,primary,52.70322627,5.28345089
Noord-Holland,Roelof van Wienesse,Molenweg,27,1608 EC,WIJDENES,0498,DRECHTERLAND,0229501306,primary,52.6416264,5.16504888
Noord-Holland,Openbare Basisschool Het Driespan,Klaverweid,25,1602 LR,ENKHUIZEN,0388,ENKHUIZEN,0228313174,primary,52.71234845,5.27412161
Noord-Holland,Openbare Basisschool 't Vierspan,Kloosterpoort,3,1613 EV,GROOTEBROEK,0532,STEDE BROEC,0228512200,primary,52.68913117,5.22405837
Noord-Holland,IBS De Eenheid,Prinses Christinastraat,1,2033 TZ,HAARLEM,0392,HAARLEM,0233030191,primary,52.37660982,4.66014687
Noord-Holland,Kindcentrum De Driessen,F. Wiedijk Jznstraat,1,1843 JS,GROOTSCHERMER,0361,ALKMAAR,0299671378,primary,52.58119229,4.84914909
Noord-Holland,Basisschool Eigenduins,Dr Jac P Thijsseweg,24,2041 BM,ZANDVOORT,0473,ZANDVOORT,0235730625,primary,52.37988839,4.54264927
Noord-Holland,ASVO,Frederiksplein,37,1017 XL,AMSTERDAM,0363,AMSTERDAM,0206269005,primary,52.3608478,4.90100533
Noord-Holland,Basisschool Rosj Pina,Nieuw Herlaer,18-20,1083 BD,AMSTERDAM,0363,AMSTERDAM,0206427644,primary,52.32645634,4.88703539
Noord-Holland,Schoolvereniging Willemspark,Willem Witsenstraat,12,1077 AZ,AMSTERDAM,0363,AMSTERDAM,0206719806,primary,52.35108966,4.86980553
Noord-Holland,Katholieke Basisschool Montessorischool,J.J.H. Verhulstlaan,13,1401 CS,BUSSUM,1942,GOOISE MEREN,0356911011,primary,52.28105745,5.18103909
Noord-Holland,Protestants Christelijk Basisschool De Hoeksteen,De Weid,24,1991 ET,VELSERBROEK,0453,VELSEN,0235378198,primary,52.43580815,4.66313547
Noord-Holland,Basisschool De Vryheit,Dorpsduinen,14,1949 EG,WIJK AAN ZEE,0375,BEVERWIJK,0251374443,primary,52.49564046,4.59242359
Noord-Holland,Protestants Christelijke Basisschool De Ark,Elbestraat,4,1966 XJ,HEEMSKERK,0396,HEEMSKERK,0251231569,primary,52.49596095,4.67512357
Noord-Holland,Katholieke Basisschool De Sleutelbloem,Hoflanderweg,45,1947 ZB,BEVERWIJK,0375,BEVERWIJK,0251223840,primary,52.48936698,4.66404859
Noord-Holland,Katholieke Basisschool De Lunetten,Maerten v Heemskerckstr,146,1965 GG,HEEMSKERK,0396,HEEMSKERK,0251231684,primary,52.49985907,4.6594242
Noord-Holland,Katholieke Basisschool De Anjelier,Anjelierenlaan,6,1943 DA,BEVERWIJK,0375,BEVERWIJK,0251228765,primary,52.48794083,4.64559454
Noord-Holland,Protestants Christelijke Basisschool Bethel,Noorderwijkweg,92,1943 DM,BEVERWIJK,0375,BEVERWIJK,0251223671,primary,52.48734609,4.6472548
Noord-Holland,De Plataan,Heirweg,2-B,1951 CD,VELSEN-NOORD,0453,VELSEN,0251224074,primary,52.46919161,4.64535886
Noord-Holland,Rooms Katholieke Basisschool de Wilgeroos,Wilgenhoflaan,2,1944 TD,BEVERWIJK,0375,BEVERWIJK,0251221114,primary,52.48957312,4.65370928
Noord-Holland,De Westbroek,Platbodem,201,1991 NN,VELSERBROEK,0453,VELSEN,0235374664,primary,52.4287268,4.65904613
Noord-Holland,Basisschool Panta Rhei,Pieter Cheeuwenlaan,8,1948 DD,BEVERWIJK,0375,BEVERWIJK,0251233977,primary,52.48995351,4.68690483
Noord-Holland,Jozefschool,Sint Lucasstraat,2,1606 BP,VENHUIZEN,0498,DRECHTERLAND,0228541456,primary,52.66327622,5.20199155
Noord-Holland,Rooms Katholieke Basisschool Pancratius,Pennekamplaan,58,1696 CD,OOSTERBLOKKER,0498,DRECHTERLAND,0229261270,primary,52.66976551,5.1174267
Noord-Holland,Rooms Katholieke Basisschool Mr Spigt,Duijvenbrug,15,1616 PD,HOOGKARSPEL,0498,DRECHTERLAND,0228561809,primary,52.69643007,5.17892938
Noord-Holland,Het Kerspel,Nachtegaal,1,1616 HB,HOOGKARSPEL,0498,DRECHTERLAND,0228561661,primary,52.69467535,5.17011162
Noord-Holland,Uilenburcht,Zesstedenweg,182,1613 KD,GROOTEBROEK,0532,STEDE BROEC,0228511669,primary,52.69823948,5.22085888
Noord-Holland,Basisschool de Hussel,Dam,20-A,1613 AL,GROOTEBROEK,0532,STEDE BROEC,0228520610,primary,52.6897498,5.22964673
Noord-Holland,Basisschool de Molenwiek,Korenmolenlaan,4,1611 XE,BOVENKARSPEL,0532,STEDE BROEC,0228512080,primary,52.6927176,5.24564007
Noord-Holland,Basissch Willibrordus,De Bouw,64,1611 JH,BOVENKARSPEL,0532,STEDE BROEC,0228513251,primary,52.70015971,5.24083262
Noord-Holland,De Baskuul,Horn,15,1614 LS,LUTJEBROEK,0532,STEDE BROEC,0228511616,primary,52.69880377,5.20345537
Noord-Holland,Eerste Openluchtschool voor het Gezonde Kind,Cliostraat,40,1077 KJ,AMSTERDAM,0363,AMSTERDAM,0206799012,primary,52.34793688,4.87437725
Noord-Holland,Tweede Openluchtschool voor het Gezonde Kind,Fred. Roeskestraat,76,1076 ED,AMSTERDAM,0363,AMSTERDAM,0206793858,primary,52.34144407,4.86080167
Noord-Holland,Jozefschool Rooms Katholiek Basisonderwijs,Gerberastraat,2,1431 SG,AALSMEER,0358,AALSMEER,0297326291,primary,52.26468016,4.75384658
Noord-Holland,Rooms Katholieke Basisschool Antonius,Zonnedauwlaan,59,1433 WB,KUDELSTAART,0358,AALSMEER,0297322819,primary,52.23928909,4.75411314
Noord-Holland,Rooms Katholieke Basisschool Oosteinder,Catharina-Amalialaan,66-B,1432 JT,AALSMEER,0358,AALSMEER,0297368092,primary,52.276778,4.80039644
Noord-Holland,Jan van Rijckenborghschool,Trompenburg,49,1852 CC,HEILOO,0399,HEILOO,0725338286,primary,52.60600269,4.70142202
Noord-Holland,Buitenveldertse Montessorisch,Sandenburch,1-3,1082 GN,AMSTERDAM,0363,AMSTERDAM,0206448446,primary,52.32555094,4.87915374
Noord-Holland,De Evenaar,Van der Waalslaan,33,2105 TC,HEEMSTEDE,0397,HEEMSTEDE,0235472737,primary,52.35150014,4.60629407
Noord-Holland,Shri Laksmi School,Janusz Korczakstraat,73,1102 JR,AMSTERDAM,0363,AMSTERDAM,0206950368,primary,52.3189828,4.95668349
Noord-Holland,Basisschool Al Maes,Jan van Riebeekstraat,11-13,1057 ZW,AMSTERDAM,0363,AMSTERDAM,0206180838,primary,52.37058534,4.85788986
Noord-Holland,al Yaqoet,Wildrijkstraat,2,1024 CL,AMSTERDAM,0363,AMSTERDAM,0206180838,primary,52.39675326,4.95615924
Noord-Holland,al Jawhara,Sumatraplantsoen,15,1095 HW,AMSTERDAM,0363,AMSTERDAM,0206180838,primary,52.360734,4.94294865
Noord-Holland,De Gooische School,Oud Blaricummerweg,21-A,1251 GV,LAREN NH,0417,LAREN,0355382234,primary,52.26350967,5.22747263
Noord-Holland,Oecumenische basisschool Het Spectrum,Volkerakweg,1,1628 XH,HOORN NH,0405,HOORN,0229263254,primary,52.65242153,5.10688205
Noord-Holland,De Wingerd,Sint Martinusstraat,1,1689 GN,ZWAAG,0405,HOORN,0229237696,primary,52.66701682,5.07611472
Noord-Holland,St Jozef,Westerblokker,77,1695 AB,BLOKKER,0405,HOORN,0229247011,primary,52.66257233,5.09304849
Noord-Holland,Rooms Katholieke Basisschool Maria,Eikstraat,3,1623 LP,HOORN NH,0405,HOORN,0229275431,primary,52.64437497,5.06278075
Noord-Holland,Oecumenische Ichthusschool,Grote Beer,1,1622 ES,HOORN NH,0405,HOORN,0229216084,primary,52.63831799,5.03494502
Noord-Holland,Rooms Katholieke Bernardus van Bockxmeerschool,Tweeboomlaan,104,1624 EH,HOORN NH,0405,HOORN,0229215279,primary,52.6493559,5.06441263
Noord-Holland,Het Kompas,De Huesmolen,61,1625 HZ,HOORN NH,0405,HOORN,0229230076,primary,52.6594929,5.05382636
Noord-Holland,Interconfessionele Basisschool De Ceder,Ceder,1,1628 ME,HOORN NH,0405,HOORN,0229272342,primary,52.65216861,5.09026358
Noord-Holland,De Rank,De Opgang,3,1689 KZ,ZWAAG,0405,HOORN,0229277095,primary,52.66641933,5.05043282
Noord-Holland,Roald Dahl School,Meetketting,1,1689 XD,ZWAAG,0405,HOORN,0229845002,primary,52.67142395,5.0932564
Noord-Holland,Koorschool van het Muziekinstituut van de Kathedraal,Westergracht,61,2013 ZL,HAARLEM,0392,HAARLEM,0235311054,primary,52.37826478,4.6208475
Noord-Holland,Gooilandschool,Meentweg,44,1405 JB,BUSSUM,1942,GOOISE MEREN,0356915994,primary,52.27374787,5.15291289
Noord-Holland,Christelijk Instituut Groen van Prinsterer,Dalweg,11,1217 HX,HILVERSUM,0402,HILVERSUM,0356245991,primary,52.23125621,5.16897542
Noord-Holland,Brede School Omnibus,Pandora,8,1183 KK,AMSTELVEEN,0362,AMSTELVEEN,0206419271,primary,52.30274922,4.87945193
Noord-Holland,Roelof Venemaschool voor Protestants Christelijk Basisonderwijs,Laan Rozenburg,17,1181 ER,AMSTELVEEN,0362,AMSTELVEEN,0206432385,primary,52.31625628,4.8629722
Noord-Holland,Amstelschool,Reijgershof,4,1191 CS,OUDERKERK AAN DE AMSTEL,0437,OUDER-AMSTEL,0204964935,primary,52.29774107,4.91120111
Noord-Holland,Horizon,Landtong,8,1186 GP,AMSTELVEEN,0362,AMSTELVEEN,0205404378,primary,52.28828679,4.87295319
Noord-Holland,Rooms Katholieke BasisschoolHet Kofschip,Turfstekerspad,1,1191 GW,OUDERKERK AAN DE AMSTEL,0437,OUDER-AMSTEL,0204963305,primary,52.29658301,4.91491026
Noord-Holland,De Cirkel,Orion,7,1188 AM,AMSTELVEEN,0362,AMSTELVEEN,0206450125,primary,52.28169736,4.85559078
Noord-Holland,Het Palet,Benderslaan,2,1185 EK,AMSTELVEEN,0362,AMSTELVEEN,0206412386,primary,52.29627384,4.85688513
Noord-Holland,Willem Alexanderschool,Orion,15-17,1188 AM,AMSTELVEEN,0362,AMSTELVEEN,0206437980,primary,52.28110475,4.85482289
Noord-Holland,Rooms Katholieke Basisschool Triangel,Zeelandiahoeve,5-7,1187 KR,AMSTELVEEN,0362,AMSTELVEEN,0206453825,primary,52.28036131,4.8258541
Noord-Holland,Karel Eykman School,Jane Addamslaan,13,1187 DA,AMSTELVEEN,0362,AMSTELVEEN,0206419998,primary,52.27899902,4.82180235
Noord-Holland,Brede School Rembrandt,Mr. P.J.M. Aalberselaan,2,1181 XJ,AMSTELVEEN,0362,AMSTELVEEN,0206415463,primary,52.30584376,4.85877433
Noord-Holland,Safae,Jan van Galenstraat,35,1272 BA,HUIZEN,0406,HUIZEN, ,primary,52.29825353,5.22404328
Noord-Holland,Crescendo,Kortvoort,61-C,1104 NA,AMSTERDAM,0363,AMSTERDAM,0206957178,primary,52.31508981,4.97140121
Noord-Holland,Rk Bs Beekvliet,De Weid,20,1991 ET,VELSERBROEK,0453,VELSEN,0235378273,primary,52.43643622,4.66279578
Noord-Holland,De Toermalijn,Driehuizerkerkweg,121,1985 HB,DRIEHUIS,0453,VELSEN,0255516443,primary,52.44544914,4.63468226
Noord-Holland,Basisschool de Parnassia,Wulverderlaan,3,2071 BG,SANTPOORT-NOORD,0453,VELSEN,0235375268,primary,52.43010126,4.63746336
Noord-Holland,Sint Franciscus-School,Franciscuspad,15,1971 PE,IJMUIDEN,0453,VELSEN,0255516309,primary,52.45781289,4.6250056
Noord-Holland,Basisschool De Zefier,Eenhoornstraat,2-D,1973 XT,IJMUIDEN,0453,VELSEN,0255820993,primary,52.45201677,4.59952126
Noord-Holland,Basisschool het Kompas,Stephensonstraat,70-A,1972 RR,IJMUIDEN,0453,VELSEN,0255512579,primary,52.45882942,4.60886509
Noord-Holland,Basisschool De Klipper,Koningsplein,7,1975 DR,IJMUIDEN,0453,VELSEN,0255511988,primary,52.46212655,4.5999914
Noord-Holland,De Rozenbeek,Floraronde,289,1991 LB,VELSERBROEK,0453,VELSEN,0235389325,primary,52.43126857,4.65467542
Noord-Holland,Algemeen Bijzondere Basisschool Icarus,Kerklaan,90-92,2101 HS,HEEMSTEDE,0397,HEEMSTEDE,0235470982,primary,52.35177724,4.614934
Noord-Holland,El-Amien Islamitische Basisschool,Saaftingestraat,312,1069 BW,AMSTERDAM,0363,AMSTERDAM,0206199970,primary,52.3610152,4.79025283
Noord-Holland,Islamitische Basisschool El Amien II,Wiltzanghlaan,93,1061 HB,AMSTERDAM,0363,AMSTERDAM,0204889409,primary,52.38158827,4.84051548
Noord-Holland,TVH Montessorischool De Flierefluiter,Akkerwinde,57,1689 NV,ZWAAG,0405,HOORN,0229232342,primary,52.66717437,5.04767326
Noord-Holland,Islamitische Basisschool As Soeffah,EGoli,10,1103 AC,AMSTERDAM,0363,AMSTERDAM,0206002743,primary,52.32286714,4.95960877
Noord-Holland,Islamitische Basisschool El Kadisia,Piet Mondriaanplein,2,1061 SC,AMSTERDAM,0363,AMSTERDAM,0206138648,primary,52.36689615,4.83724614
Noord-Holland,Al Wafa,Louis Couperusstraat,131,1064 CE,AMSTERDAM,0363,AMSTERDAM,0204861638,primary,52.37588618,4.82434353
Noord-Holland,Al Ikhlaas,Spijkerboorpad,4,2037 EA,HAARLEM,0392,HAARLEM,0235335540,primary,52.35963278,4.662934
Noord-Holland,Basisschool Het Startnest Jenaplan School,Arthur van Schendellaan,100-E,1422 LE,UITHOORN,0451,UITHOORN,0297521590,primary,52.24711404,4.83075118
Noord-Holland,RK Basisschool De Zon,Anjerlaan,1,1424 AM,DE KWAKEL,0451,UITHOORN,0297564643,primary,52.24076975,4.79011961
Noord-Holland,Basisschool De Vuurvogel,Arthur van Schendellaan,53,1422 LB,UITHOORN,0451,UITHOORN,0297521755,primary,52.24893351,4.8310605
Noord-Holland,Kwikstaart,Randhoornweg,33,1422 WX,UITHOORN,0451,UITHOORN,0297522740,primary,52.25101689,4.80535619
Noord-Holland,het Duet,Prinses Christinalaan,120,1421 BN,UITHOORN,0451,UITHOORN,0297500666,primary,52.23888674,4.82360001
Noord-Holland,De Springschans,Eendracht,8,1423 ET,UITHOORN,0451,UITHOORN,0297523397,primary,52.23323812,4.81657463
Noord-Holland,Basisschool Montessori Landsmeer,Burgemeester Postweg,88,1121 JC,LANDSMEER,0415,LANDSMEER,0204823353,primary,52.42653702,4.90888498
Noord-Holland,Watergraafsmeerse Schoolvereniging,Mr. P.N. Arntzeniusweg,90,1098 GT,AMSTERDAM,0363,AMSTERDAM,0206947481,primary,52.35420302,4.93662897
Noord-Holland,Montessori Basisschool de Eilanden,Grote Bickersstraat,102,1013 KS,AMSTERDAM,0363,AMSTERDAM,0206209608,primary,52.3867768,4.89005673
Noord-Holland,Europaschool,Hygieaplein,8,1076 RT,AMSTERDAM,0363,AMSTERDAM,0205854811,primary,52.34709546,4.86285164
Noord-Holland,basisschool De Verwondering,Avegaar,86,1141 JL,MONNICKENDAM,0852,WATERLAND,0299208003,primary,52.45159762,5.03509658
Noord-Holland,DENISE,Piet Mondriaanstraat,140,1061 TT,AMSTERDAM,0363,AMSTERDAM,0205854811,primary,52.36605965,4.83710968
Noord-Holland,Jozefschool,Dammerweg,7,1394 GM,NEDERHORST DEN BERG,1696,WIJDEMEREN,0294253336,primary,52.26564809,5.04619096
Noord-Holland,St. Antoniusschool,Zuidsingel,50,1241 HC,KORTENHOEF,1696,WIJDEMEREN,0356561067,primary,52.23611182,5.11771597
Noord-Holland,De Wilge,Cornelis Drebbelstraat,64,1222 SC,HILVERSUM,0402,HILVERSUM,0356460088,primary,52.23379953,5.18633587
Noord-Holland,De Binckhorst-St. Jan,Eemnesserweg,17,1251 NA,LAREN NH,0417,LAREN,0355382501,primary,52.25595477,5.22909946
Noord-Holland,Rooms Katholieke Basisschool Sint Vitus,Sint Vitusstraat,2,1404 HS,BUSSUM,1942,GOOISE MEREN,0356939582,primary,52.27229378,5.16448285
Noord-Holland,Montessorischool Centrum,Naarderstraat,100,1211 AM,HILVERSUM,0402,HILVERSUM,0356247597,primary,52.22956058,5.1772507
Noord-Holland,Joseph Lokinschool,Hollands End,8,1244 NR,ANKEVEEN,1696,WIJDEMEREN,0356561370,primary,52.26883735,5.10201461
Noord-Holland,KBS De Pionier,Levensboom,8,1261 MX,BLARICUM,0376,BLARICUM,0355233207,primary,52.28753543,5.26684876
Noord-Holland,Montessorischool Zuid,J.P. Coenstraat,41,1215 KN,HILVERSUM,0402,HILVERSUM,0356215057,primary,52.21075539,5.15985376
Noord-Holland,IKC Bloemrijk,Irisstraat,2,1214 ET,HILVERSUM,0402,HILVERSUM,0356246916,primary,52.21493883,5.16753278
Noord-Holland,Titus Brandsmaschool,Lopes Diaslaan,87,1222 VC,HILVERSUM,0402,HILVERSUM,0356460088,primary,52.24136185,5.1791141
Noord-Holland,Augustinusschool,Kloosterlaan,11,1216 NH,HILVERSUM,0402,HILVERSUM,0356216430,primary,52.21838609,5.13553732
Noord-Holland,KinderCampus Hilversum,Willem Bontekoestraat,34,1212 CB,HILVERSUM,0402,HILVERSUM,0356469421,primary,52.2167323,5.1951795
Noord-Holland,Kindcentrum de Branding,Pastoor van Kleefstraat,19,1931 BL,EGMOND AAN ZEE,0373,BERGEN NH,0726069995,primary,52.6201824,4.62833495
Noord-Holland,Kindcentrum Visser t Hooft,Kemphaan,17,1902 KA,CASTRICUM,0383,CASTRICUM,0251655906,primary,52.5558917,4.68602609
Noord-Holland,De Windhoek,Herenweg,72-A,1935 AG,EGMOND-BINNEN,0373,BERGEN NH,0725070888,primary,52.59753952,4.65622899
Noord-Holland,Kindcentrum het Rinket,Bachstraat,20,1962 BD,HEEMSKERK,0396,HEEMSKERK,0251231093,primary,52.51369547,4.67165383
Noord-Holland,Bosschool,Rondelaan,30,1861 ED,BERGEN NH,0373,BERGEN NH,0725813195,primary,52.67209733,4.69195009
Noord-Holland,Christelijke Basisschool Willem Alexander,Kapelweidtje,2,1861 JH,BERGEN NH,0373,BERGEN NH,0725813142,primary,52.67365195,4.70148576
Noord-Holland,Kindcentrum het Baken,Bovenweg,68,1834 CG,SINT PANCRAS,1980,DIJK EN WAARD,0725642417,primary,52.66254016,4.78375458
Noord-Holland,Kindcentrum de Vlinder,Frankrijklaan,2,1966 VD,HEEMSKERK,0396,HEEMSKERK,0251237766,primary,52.49435122,4.6799689
Noord-Holland,Kindcentrum Paulusburcht,Eerste Groenelaan,88,1901 TE,CASTRICUM,0383,CASTRICUM,0251650565,primary,52.55495515,4.66926921
Noord-Holland,Kindcentrum de Otterkolken,Prof ten Doesschatestr,119-A,1963 AS,HEEMSKERK,0396,HEEMSKERK,0251232688,primary,52.51744609,4.68388863
Noord-Holland,Kindcentrum Cornelis,Meidoornstraat,21,1911 BS,UITGEEST,0450,UITGEEST,0251310173,primary,52.53169282,4.71272292
Noord-Holland,Chr. Kindcentrum Het Mozaïek,Museumweg,1,1721 BW,BROEK OP LANGEDIJK,1980,DIJK EN WAARD,0226342322,primary,52.68037997,4.80730237
Noord-Holland,Kindcentrum De Duif,Marienstein,180,1852 SN,HEILOO,0399,HEILOO,0725320874,primary,52.60215901,4.6919426
Noord-Holland,Kindcentrum St. Leonardus,Kerkweg,225,1964 KJ,HEEMSKERK,0396,HEEMSKERK,0251232410,primary,52.51548656,4.65829416
Noord-Holland,Basisschool Cunera,Vondelstraat,25,1901 HT,CASTRICUM,0383,CASTRICUM,0251650860,primary,52.5571066,4.65989849
Noord-Holland,Kindcentrum de Binnenmeer,Langebuurt,31,1911 AS,UITGEEST,0450,UITGEEST,0251312715,primary,52.52748809,4.71503406
Noord-Holland,Kindcentrum Helmgras,Het Korte Land,3,1902 BA,CASTRICUM,0383,CASTRICUM,0251650864,primary,52.54636375,4.67807655
Noord-Holland,Anne Frankschool,Jan van Kuikweg,97,1964 BC,HEEMSKERK,0396,HEEMSKERK,0251231650,primary,52.5060599,4.67647081
Noord-Holland,Kindcentrum Durf,Elgerweg,39,1825 KA,ALKMAAR,0361,ALKMAAR,0725628060,primary,52.65913194,4.74876406
Noord-Holland,Kindcentrum de Bareel,Waddenlaan,1,1967 EH,HEEMSKERK,0396,HEEMSKERK,0251230468,primary,52.49747236,4.69184939
Noord-Holland,Kindcentrum Kornak,Benningskamplaan,60,1911 LP,UITGEEST,0450,UITGEEST,0251707227,primary,52.51465968,4.70513467
Noord-Holland,Vondelschool,Oud-Bussummerweg,22,1401 SP,BUSSUM,1942,GOOISE MEREN,0356912698,primary,52.27643394,5.16669386
Noord-Holland,Interconfessionele Basisschool de Tweemaster,Amersfoortsestraatweg,12-A,1411 HC,NAARDEN,1942,GOOISE MEREN,0356943184,primary,52.29110276,5.16971948
Noord-Holland,De Vijfsprong,Baarsjesweg,1,2141 VJ,VIJFHUIZEN,0394,HAARLEMMERMEER,0235581245,primary,52.35203993,4.68300163
Noord-Holland,Aloysiusschool voor Basisonderwijs,Zandvoorterpad,8,2051 BC,OVERVEEN,0377,BLOEMENDAAL,0235277379,primary,52.38756171,4.60861107
Noord-Holland,Basisschool De Paradijsvogel,Henk Lensenlaan,1,2114 ER,VOGELENZANG,0377,BLOEMENDAAL,0235846648,primary,52.31699774,4.57265413
Noord-Holland,Rooms Katholieke Basisschool Sint Theresia,Dennenweg,14,2061 HX,BLOEMENDAAL,0377,BLOEMENDAAL,0235257924,primary,52.41216096,4.62510893
Noord-Holland,Het Mozaïek,Nieuwstraat,43,2152 BE,NIEUW-VENNEP,0394,HAARLEMMERMEER,0252672694,primary,52.26700989,4.63353362
Noord-Holland,De Franciscus,Kerklaan,12,2121 VE,BENNEBROEK,0377,BLOEMENDAAL,0235846654,primary,52.31867135,4.6017569
Noord-Holland,Sparrenbosschool,Kleine Sparrenlaan,7,2121 CJ,BENNEBROEK,0377,BLOEMENDAAL,0235846429,primary,52.32151799,4.59504247
Noord-Holland,Triade,Dreef,1-A,1431 WC,AALSMEER,0358,AALSMEER,0297748319,primary,52.25755652,4.76487459
Noord-Holland,De Kameleon,Kinheim,8,1161 AP,ZWANENBURG,0394,HAARLEMMERMEER,0204973970,primary,52.38137,4.73414478
Noord-Holland,Rooms Katholieke Basisschool De Reiger,Azollastraat,47,2165 XP,LISSERBROEK,0394,HAARLEMMERMEER,0252412128,primary,52.25845269,4.57429311
Noord-Holland,Hannie Schaft Basisschool,Louis Davidscarre,1,2042 LZ,ZANDVOORT,0473,ZANDVOORT,0235712862,primary,52.37187794,4.53354537
Noord-Holland,Jong Geleerd,Schoolstraat,5,1165 HB,HALFWEG,0394,HAARLEMMERMEER,0204975391,primary,52.38263252,4.75346995
Noord-Holland,Rooms Katholieke Basisschool Sint Antonius,Ridderspoorstraat,24,2153 BV,NIEUW-VENNEP,0394,HAARLEMMERMEER,0252672705,primary,52.2609516,4.63860319
Noord-Holland,De LinQ,Kalslagerring,7-13,2151 TA,NIEUW-VENNEP,0394,HAARLEMMERMEER,0252674036,primary,52.26196498,4.62035134
Noord-Holland,Openbare Basisschool De Zeevonk,Dr Jac P Thijsseweg,24,2041 BM,ZANDVOORT,0473,ZANDVOORT,0235740000,primary,52.37988839,4.54264927
Noord-Holland,Rooms Katholieke Basisschool De Ark,Van der Waalslaan,37,2105 TC,HEEMSTEDE,0397,HEEMSTEDE,0235472184,primary,52.35220414,4.60679941
Noord-Holland,Crayenester-Basisschool,Crayenestersingel,37,2101 AN,HEEMSTEDE,0397,HEEMSTEDE,0235474147,primary,52.35877738,4.62098044
Noord-Holland,Basisschool De Brug,Catharina-Amalialaan,66-D,1432 JT,AALSMEER,0358,AALSMEER,0297341887,primary,52.27715421,4.80113696
Noord-Holland,Kindcentrum De Molenwerf,Molenwerfslaan,7,2103 TC,HEEMSTEDE,0397,HEEMSTEDE,0235472575,primary,52.34418107,4.6263868
Noord-Holland,KC De Ruimte,Schweitzerstraat,136,1433 AN,KUDELSTAART,0358,AALSMEER,0297329100,primary,52.23400998,4.75145352
Noord-Holland,Voorweg Basisschool,Voorweg,24,2103 ST,HEEMSTEDE,0397,HEEMSTEDE,0235286380,primary,52.34216035,4.62375247
Noord-Holland,Rooms Katholieke Basisschool Jacoba,Lanckhorstlaan,9,2101 BA,HEEMSTEDE,0397,HEEMSTEDE,0235475371,primary,52.35686214,4.62288988
Noord-Holland,Openbare Basisschool Bornwaterschool,Ign. Bispincklaan,1,2061 EM,BLOEMENDAAL,0377,BLOEMENDAAL,0235252068,primary,52.402471,4.6207661
Noord-Holland,Openbare Basisschool Julianaschool,Willem de Zwijgerlaan,120,2051 KK,OVERVEEN,0377,BLOEMENDAAL,0233238844,primary,52.39177394,4.61638214
Noord-Holland,Openbare Basisschool Vondel-School,Juliana van Stolberglaan,25,2111 CJ,AERDENHOUT,0377,BLOEMENDAAL,0235241076,primary,52.36959463,4.59637185
Noord-Holland,De Wikkeling,Laan van Gildestein,76,2151 HV,NIEUW-VENNEP,0394,HAARLEMMERMEER,0252681240,primary,52.2724104,4.61319037
Noord-Holland,RKBS 't Venne,Sarabande,9,2152 TB,NIEUW-VENNEP,0394,HAARLEMMERMEER,0252675997,primary,52.28083013,4.61877413
Noord-Holland,PC BS Opmaat,Sarabande,5,2152 TB,NIEUW-VENNEP,0394,HAARLEMMERMEER,0252620825,primary,52.28040316,4.61787942
Noord-Holland,Gereformeerde Basisschool De Wegwijzer,Sumatralaan,40,1217 GS,HILVERSUM,0402,HILVERSUM,0356248295,primary,52.23475332,5.17444284
Noord-Holland,Evangelische Basisschool De Morgenster,Holendrechtplein,42,1106 LP,AMSTERDAM,0363,AMSTERDAM,0206961238,primary,52.29930307,4.9651424
Noord-Holland,Basisschool De Hoeksteen,Calkoenstraat,15,1121 XA,LANDSMEER,0415,LANDSMEER,0204820660,primary,52.4305813,4.91570928
Noord-Holland,Rk Bs St Sebastianus,Gruttostraat,5,1452 XH,ILPENDAM,0852,WATERLAND,0204361272,primary,52.46606015,4.95137083
Noord-Holland,Oecumenische Basisschool De Trimaran,Stellingmolen,19-21,1135 KA,EDAM,0385,EDAM-VOLENDAM,0299351351,primary,52.50934385,5.05910172
Noord-Holland,De Rietlanden,Buurterstraat,3,1156 AP,MARKEN,0852,WATERLAND,0299601317,primary,52.45840644,5.10583932
Noord-Holland,De Blauwe Ster,Karn,96-A,1141 JV,MONNICKENDAM,0852,WATERLAND,0299653588,primary,52.45102595,5.0345707
Noord-Holland,Oecumenische Basisschool De Binnendijk,Oude Zijds Burgwal,8,1141 AA,MONNICKENDAM,0852,WATERLAND,0299650392,primary,52.45895014,5.03363949
Noord-Holland,Oecumenische basisschool Trifolium,Pinksterbloem,67-69,1441 RJ,PURMEREND,0439,PURMEREND,0299660717,primary,52.49547056,4.95009115
Noord-Holland,Basisschool 't Prisma,Gasinjetstraat,1,1442 WN,PURMEREND,0439,PURMEREND,0299421982,primary,52.5136156,4.96280816
Noord-Holland,Basisschool De Toermalijn,Hoefsmidhof,1-4,1445 KD,PURMEREND,0439,PURMEREND,0299641699,primary,52.50154302,4.98252119
Noord-Holland,Basisschool Klim Op,Karekietpark,28,1444 HV,PURMEREND,0439,PURMEREND,0299421969,primary,52.52249529,4.96451037
Noord-Holland,Oecumenisch Basisschool Het Baken,Grevelingenmeer,62,1447 AS,PURMEREND,0439,PURMEREND,0299646648,primary,52.49714884,4.97364805
Noord-Holland,Montessori De Beleving,Salland,38,1447 BT,PURMEREND,0439,PURMEREND,0299646589,primary,52.49794913,4.97064029
Noord-Holland,Kindcentrum De Vlieger,Persijnlaan,47,1447 EN,PURMEREND,0439,PURMEREND,0299641270,primary,52.49076849,4.96272195
Noord-Holland,Basisschool De Marimba,Limbostraat,5,1448 TP,PURMEREND,0439,PURMEREND,0299472274,primary,52.49970683,4.936786
Noord-Holland,De Wilgenhoek,Middenpad,1,1461 BW,ZUIDOOSTBEEMSTER,0439,PURMEREND, ,primary,52.51788552,4.94049545
Noord-Holland,St. Petrusschool,Ouddiemerlaan,106-108,1111 HL,DIEMEN,0384,DIEMEN,0206981832,primary,52.34226214,4.96545265
Noord-Holland,A. Bekemaschool,Meteoor,55,1115 VW,DUIVENDRECHT,0437,OUDER-AMSTEL,0206993100,primary,52.33190188,4.93545715
Noord-Holland,Dr. Plesmanschool,Papegaaistraat,4,1171 TK,BADHOEVEDORP,0394,HAARLEMMERMEER,0204490761,primary,52.33480859,4.78119806
Noord-Holland,Basisschool Het Wespennest,Breedveld,6,1025 PZ,AMSTERDAM,0363,AMSTERDAM,0206370555,primary,52.3956921,4.93494265
Noord-Holland,Basisschool 't Koggeschip,Abraham Kuyperplein,2,1067 DE,AMSTERDAM,0363,AMSTERDAM,0205061980,primary,52.38292574,4.80253074
Noord-Holland,Jozefschool Muiden,Kloosterstraat,14,1398 AM,MUIDEN,1942,GOOISE MEREN,0294270111,primary,52.32895613,5.06941286
Noord-Holland,Admiraal De Ruyterschool,Bestevaerstraat,42-44,1056 HP,AMSTERDAM,0363,AMSTERDAM,0206182180,primary,52.37396512,4.85999353
Noord-Holland,Brede school Fiep Westendorp,Overschiestraat,168,1062 XK,AMSTERDAM,0363,AMSTERDAM,0204080513,primary,52.34919448,4.839047
Noord-Holland,Basisschool De Bienkorf,Mariendaal,11,1025 BT,AMSTERDAM,0363,AMSTERDAM,0206367067,primary,52.40227082,4.94162906
Noord-Holland,Basisschool De Henricus,Louis Naarstigstraat,1,1063 EN,AMSTERDAM,0363,AMSTERDAM,0206133854,primary,52.383482,4.82838915
Noord-Holland,Kindcentrum Bekkers,Volendammerweg,160,1024 JR,AMSTERDAM,0363,AMSTERDAM,0206365923,primary,52.3918908,4.95909011
Noord-Holland,Basisschool St. Augustinus,De Gouwe,21,1121 GC,LANDSMEER,0415,LANDSMEER,0204821581,primary,52.43207021,4.92508256
Noord-Holland,Montessorischool de Regenboog,Woudrichemstraat,3-5,1107 NE,AMSTERDAM,0363,AMSTERDAM,0206972176,primary,52.29387814,4.98688822
Noord-Holland,St. Jozefschool,Kalfjeslaan,370,1081 JA,AMSTERDAM,0363,AMSTERDAM,0206432020,primary,52.32219698,4.86031468
Noord-Holland,Basisschool De Botteloef,Overslag,1,1034 RR,AMSTERDAM,0363,AMSTERDAM,0206317184,primary,52.41087004,4.91804892
Noord-Holland,IKC De Boomgaard,Gibraltarstraat,61,1055 NK,AMSTERDAM,0363,AMSTERDAM,0206822270,primary,52.38384281,4.85003501
Noord-Holland,Basisschool De Bron,Van Beuningenstraat,141,1051 XM,AMSTERDAM,0363,AMSTERDAM,0206864913,primary,52.38234236,4.87447878
Noord-Holland,St. Janschool,Kortenaerstraat,30,1057 JN,AMSTERDAM,0363,AMSTERDAM,0206187481,primary,52.36938275,4.86232391
Noord-Holland,Alan Turingschool,Poolstraat,2,1018 LR,AMSTERDAM,0363,AMSTERDAM,0206224584,primary,52.37075311,4.92133659
Noord-Holland,Lukasschool,Osdorper Ban,134,1069 ZR,AMSTERDAM,0363,AMSTERDAM,0206190966,primary,52.36123585,4.79465159
Noord-Holland,IKC Tuindorp,Kometensingel,52-54,1033 BW,AMSTERDAM,0363,AMSTERDAM,0204930431,primary,52.41495487,4.89424767
Noord-Holland,Lidwinaschool,Linnaeushof,45,1098 KM,AMSTERDAM,0363,AMSTERDAM,0206650769,primary,52.35201618,4.93588794
Noord-Holland,Basisschool De Achthoek,Baron G.A. Tindalplein,12,1019 TJ,AMSTERDAM,0363,AMSTERDAM,0204185562,primary,52.3733421,4.942514
Noord-Holland,Basisschool de Mijlpaal,Westmallepad,11-A,1066 PP,AMSTERDAM,0363,AMSTERDAM,0206692488,primary,52.34729044,4.80643441
Noord-Holland,Willibrordschool,Diemerparklaan,11,1087 EM,AMSTERDAM,0363,AMSTERDAM,0203981540,primary,52.35445971,4.99349028
Noord-Holland,Basisschool Het Bovenland,Akersluis,1-A,1066 ER,AMSTERDAM,0363,AMSTERDAM,0204084686,primary,52.34402351,4.7946784
Noord-Holland,De Archipel,Emmy Andriessestraat,56,1087 MJ,AMSTERDAM,0363,AMSTERDAM,0203140280,primary,52.34958201,5.00526023
Noord-Holland,Dalton Kindcentrum De IJsbreker,Chrysantenstraat,26,1031 HT,AMSTERDAM,0363,AMSTERDAM,0206369643,primary,52.39184152,4.90624787
Noord-Holland,Jozefschool Weesp,Fort Diemerdamstraat,69,1384 AH,WEESP,0363,AMSTERDAM,0294743050,primary,52.3172161,5.04416595
Noord-Holland,Kindcentrum Muiderkring,Kruitmolen,1,1398 HA,MUIDEN,1942,GOOISE MEREN,0294261973,primary,52.33224439,5.0622166
Noord-Holland,Kindcentrum De Baanbreker,Papaverweg,257,1032 KE,AMSTERDAM,0363,AMSTERDAM,0202400685,primary,52.39898899,4.89824105
Noord-Holland,Basisschool Rembrandt,Mozartlaan,65,1921 XC,AKERSLOOT,0383,CASTRICUM,0251313623,primary,52.55767635,4.73022794
Noord-Holland,De Overhael,Driehuizen,36,1844 KL,DRIEHUIZEN,0361,ALKMAAR,0299673371,primary,52.57815615,4.80682346
Noord-Holland,Openbare Basisschool Teun De Jager,Molenweg,11,1871 CD,SCHOORL,0373,BERGEN NH,0725091460,primary,52.70632047,4.69608893
Noord-Holland,Basisschool De Tweemaster,Jan Ploegerlaan,1-B,1483 VR,DE RIJP,0361,ALKMAAR,0299673396,primary,52.5539557,4.84868947
Noord-Holland,OBS Saenewijs,Zakedijkje,38-A,1862 HB,BERGEN NH,0373,BERGEN NH,0725895295,primary,52.66823064,4.71942083
Noord-Holland,Openbare Basisschool Vinckhuysen,Kanaaldijk,3,1486 MG,WEST-GRAFTDIJK,0361,ALKMAAR,0756411387,primary,52.55047179,4.80540704
Noord-Holland,Openbare Basisschool de Wiekslag,Erf,1,1841 GR,STOMPETOREN,0361,ALKMAAR,0725039416,primary,52.61377147,4.82175016
Noord-Holland,De Zuidwester,Boekenstein,43,1852 WS,HEILOO,0399,HEILOO,0725320308,primary,52.59967001,4.68622178
Noord-Holland,Basisschool Juliana van Stolberg,Juliana van Stolbergstr,3,1901 CE,CASTRICUM,0383,CASTRICUM,0251651250,primary,52.55273699,4.66667009
Noord-Holland,OBS de Kustlijn,Rooseveltlaan,1,1902 DH,CASTRICUM,0383,CASTRICUM,0251651656,primary,52.54974954,4.68140224
Noord-Holland,Basisschool de Driemaster,Admiraal de Ruyterweg,2,1931 VE,EGMOND AAN ZEE,0373,BERGEN NH,0725061661,primary,52.6175937,4.62969378
Noord-Holland,Basisschool Montessori,Sokkerwei,4,1901 KZ,CASTRICUM,0383,CASTRICUM,0251654888,primary,52.55556082,4.66505333
Noord-Holland,De Springschans,Breedelaan,6,1851 MA,HEILOO,0399,HEILOO,0725331327,primary,52.60019075,4.70656618
Noord-Holland,Openbare Basisschool Meander,De Hucht,2,1851 ZC,HEILOO,0399,HEILOO,0725339935,primary,52.59007653,4.71138103
Noord-Holland,Openbare Basisschool De Wissel,De Hoop,3,1911 KX,UITGEEST,0450,UITGEEST,0251880707,primary,52.51950053,4.7036825
Noord-Holland,Basisschool Toermalijn,Noordeinde,80,1521 PB,WORMERVEER,0479,ZAANSTAD,0752010118,primary,52.49741106,4.79366312
Noord-Holland,Christelijke Basisschool De Korenaar,Dokter de Boerstraat,42,1511 VH,OOSTZAAN,0431,OOSTZAAN,0752010115,primary,52.44126094,4.87832763
Noord-Holland,Christelijke Basisschool Wij-land,J.J. Allanstraat,149,1551 RD,WESTZAAN,0479,ZAANSTAD,0752010126,primary,52.44938568,4.77571136
Noord-Holland,Rooms Katholieke Jenaplanschool De Bijenkorf,Saenredamstraat,36,1566 KM,ASSENDELFT,0479,ZAANSTAD,0752010121,primary,52.49351571,4.75802797
Noord-Holland,icbs het Zaanplein,Lijns Tewisz Roggeplein,1,1502 VL,ZAANDAM,0479,ZAANSTAD,0752010135,primary,52.44344667,4.82711319
Noord-Holland,De Golfbreker,Papiermolen,18,1541 RT,KOOG AAN DE ZAAN,0479,ZAANSTAD,0752010123,primary,52.45896425,4.79945155
Noord-Holland,De Hoeksteen,Rosariumpark,182,1561 TZ,KROMMENIE,0479,ZAANSTAD,0752010124,primary,52.50500279,4.76365284
Noord-Holland,Christelijke Basisschool De Evenaar,Jupiterstraat,139,1562 WP,KROMMENIE,0479,ZAANSTAD,0752010122,primary,52.50130608,4.75087539
Noord-Holland,Paus Joannesschool,De Weer,25,1504 AH,ZAANDAM,0479,ZAANSTAD,0752010114,primary,52.43642402,4.84485309
Noord-Holland,De Regenboog,Brandakkerstraat,8,1566 XD,ASSENDELFT,0479,ZAANSTAD,0752010127,primary,52.46896248,4.74644216
Noord-Holland,Interconfessionele Basisschool de Windroos,Galeistraat,2,1503 TJ,ZAANDAM,0479,ZAANSTAD,0752010129,primary,52.44880583,4.84417181
Noord-Holland,Basisschool de Piramide,Boschjesstraat,66,1541 KL,KOOG AAN DE ZAAN,0479,ZAANSTAD,0752010125,primary,52.46687333,4.80674851
Noord-Holland,Christelijke Basisschool Kleurenpracht,Klipperstraat,4,1503 AM,ZAANDAM,0479,ZAANSTAD,0752010117,primary,52.44270562,4.85061509
Noord-Holland,Interconfessionele Basisschool De Vuurvogel,Eemmeer,15-B,1509 GL,ZAANDAM,0479,ZAANSTAD,0752010113,primary,52.46950969,4.84011708
Noord-Holland,Christelijke Basisschool Tamarinde,Schaarsven,2-A,1504 AS,ZAANDAM,0479,ZAANSTAD,0752010134,primary,52.43417,4.84526303
Noord-Holland,Interconfessionele Basisschool Wormer Wieken,De Balk,2-B,1531 PS,WORMER,0880,WORMERLAND,0752010128,primary,52.49126024,4.80788249
Noord-Holland,Chr Basisschool Het Baken,P.A. van Meverstraat,9-11,1507 XE,ZAANDAM,0479,ZAANSTAD,0752010120,primary,52.44770663,4.80023357
Noord-Holland,RK Basisschool de Rietvink,P.A. van Meverstraat,3,1507 XE,ZAANDAM,0479,ZAANSTAD,0752010119,primary,52.44806888,4.80078773
Noord-Holland,Interconfessionele Basisschool Octant,Blauwe Ring,89,1566 MX,ASSENDELFT,0479,ZAANSTAD,0752010147,primary,52.48394017,4.76071108
Noord-Holland,Het SchatRijk,Rooswijkplein,10,1544 VZ,ZAANDIJK,0479,ZAANSTAD,0752010130,primary,52.47484427,4.79743012
Noord-Holland,De Oceaan,Parkrijklaan,121-A,1567 HD,ASSENDELFT,0479,ZAANSTAD,0752010132,primary,52.48810323,4.75092022
Noord-Holland,icbs Het Koraal,Beemdgras,5,1567 MM,ASSENDELFT,0479,ZAANSTAD,0752010112,primary,52.49439316,4.74487104
Noord-Holland,ICBS Campus Olympia,Willem Prinsplein,4,1509 AV,ZAANDAM,0479,ZAANSTAD,0752010111,primary,52.46349335,4.82631428
Noord-Holland,Islamitische Basisschool De Horizon,Zuidervaart,2-B,1504 BA,ZAANDAM,0479,ZAANSTAD,0756162009,primary,52.43198662,4.84813611
Noord-Holland,Basisschool de Wereldburger,Koos Vorrinkweg,5,1069 JR,AMSTERDAM,0363,AMSTERDAM,0206138482,primary,52.35355169,4.79983514
Noord-Holland,Basisschool Van der Brugghenschool,Thorbeckestraat,2,1272 HC,HUIZEN,0406,HUIZEN,0355251365,primary,52.29310277,5.23225355
Noord-Holland,Basisschool De Parel,Holleblok,6,1273 EG,HUIZEN,0406,HUIZEN,0355257155,primary,52.30192694,5.25518219
Noord-Holland,Rehobothschool,Studiostraat,45,1276 NA,HUIZEN,0406,HUIZEN,0355252982,primary,52.29114762,5.24902099
Noord-Holland,Basisschool de Ark,Salland,2,1274 KL,HUIZEN,0406,HUIZEN,0355266835,primary,52.29432581,5.27026437
Noord-Holland,PCBS Beatrixschool,Jacob van Wassenaerstr,5,1272 BP,HUIZEN,0406,HUIZEN,0355253276,primary,52.29681454,5.22562766
Noord-Holland,Adriaan Roland Holstschool,Prins Hendriklaan,56,1862 EL,BERGEN NH,0373,BERGEN NH,0725813613,primary,52.672652,4.71207248
Noord-Holland,Vrije Basisschool Parcival,Lindenlaan,336,1185 NK,AMSTELVEEN,0362,AMSTELVEEN,0206438556,primary,52.29406216,4.85964582
Noord-Holland,Westfriese Vrije School Parcival,Nachtegaal,146,1628 DJ,HOORN NH,0405,HOORN,0229231011,primary,52.65552558,5.08307253
Noord-Holland,Vrije School Zaanstreek,Galjoenstraat,111-B,1503 AR,ZAANDAM,0479,ZAANSTAD,0756174047,primary,52.44238839,4.84607428
Noord-Holland,Vrije Schoolgemeenschap Geert Groote School,Hygieaplein,47,1076 RS,AMSTERDAM,0363,AMSTERDAM,0206716090,primary,52.34772259,4.86442926
Noord-Holland,Geert Groote School,Fred. Roeskestraat,82,1076 ED,AMSTERDAM,0363,AMSTERDAM,0206750419,primary,52.34149887,4.86100859
Noord-Holland,Vrije School Kennemerland,Weltevredenstraat,9,2022 VA,HAARLEM,0392,HAARLEM,0235373578,primary,52.40116641,4.65056312
Noord-Holland,Rudolf Steinerschool,Sperwerstraat,1,1826 KL,ALKMAAR,0361,ALKMAAR,0725618602,primary,52.66454392,4.77111432
Noord-Holland,Rudolf Steinerschool,Engelandlaan,2,2034 NA,HAARLEM,0392,HAARLEM,0235361378,primary,52.36532395,4.64323306
Noord-Holland,Waterlandschool,Reigersbek,2-4,1441 SZ,PURMEREND,0439,PURMEREND,0299421672,primary,52.49663624,4.95308376
Noord-Holland,Vrije school Castricum,Dokter van Nieveltweg,20,1901 GD,CASTRICUM,0383,CASTRICUM,0235272550,primary,52.54857008,4.66991106
Noord-Holland,De Zijderoute,Hertspieghelweg,55,1055 KK,AMSTERDAM,0363,AMSTERDAM,0207794160,primary,52.38182288,4.85054416
Noord-Holland,Vrije School Kleverpark,Wouwermanstraat,49-A,2023 XD,HAARLEM,0392,HAARLEM,0232023235,primary,52.39133604,4.62833093
Noord-Holland,Vrije School Thula,Obiplein,115,1094 RB,AMSTERDAM,0363,AMSTERDAM,0208208645,primary,52.36046675,4.93881146
Noord-Holland,Vrijeschool Schagen,Kastanjestraat,1,1741 WK,SCHAGEN,0441,SCHAGEN, ,primary,52.79806576,4.80197873
Noord-Holland,IKC Sint Joseph,Rozenhoutstraat,3,1704 CD,HEERHUGOWAARD,1980,DIJK EN WAARD,0725715314,primary,52.70721734,4.85042595
Noord-Holland,IKC Het Vogelnest,Sperwer,1,1834 XN,SINT PANCRAS,1980,DIJK EN WAARD,0725643023,primary,52.65352993,4.78158999
Noord-Holland,IKC Waterrijk,Schoolstraat,29,1723 AA,NOORD-SCHARWOUDE,1980,DIJK EN WAARD,0226315206,primary,52.69736475,4.80712255
Noord-Holland,IKC Oudkarspel,Voorburggracht,425,1724 NZ,OUDKARSPEL,1980,DIJK EN WAARD,0226343131,primary,52.71339117,4.80366065
Noord-Holland,De Phoenix,Keppelsloot,6,1721 HJ,BROEK OP LANGEDIJK,1980,DIJK EN WAARD,0226313821,primary,52.68158041,4.80101656
Noord-Holland,De Wijde Veert,Platteven,44,1723 AB,NOORD-SCHARWOUDE,1980,DIJK EN WAARD,0226340827,primary,52.69973354,4.80818601
Noord-Holland,IKC de Poolster,Plutolaan,2-A,1702 CB,HEERHUGOWAARD,1980,DIJK EN WAARD,0725714872,primary,52.67072021,4.83372019
Noord-Holland,IKC de Helix,Oosterweg Noord,41,1706 AA,HEERHUGOWAARD,1980,DIJK EN WAARD,0725714458,primary,52.67107702,4.86310177
Noord-Holland,IKC de Schatkist,Smaragd,27,1703 GA,HEERHUGOWAARD,1980,DIJK EN WAARD,0725715774,primary,52.66128776,4.81725624
Noord-Holland,Kindcentrum Atalanta,Zonnegloren,1,1704 ZE,HEERHUGOWAARD,1980,DIJK EN WAARD,0725347115,primary,52.64800028,4.80369283
Noord-Holland,Rooms Katholieke Basisschool De Koolvlet,Keppelsloot,8,1721 HJ,BROEK OP LANGEDIJK,1980,DIJK EN WAARD,0226344760,primary,52.68163571,4.80129679
Noord-Holland,Openbare Basisschool De Hasselbraam,Anna Polaktuin,26,1705 JS,HEERHUGOWAARD,1980,DIJK EN WAARD,0725726786,primary,52.64641407,4.82692294
Noord-Holland,Openbare Basisschool het Kompas,Drechtstraat,9,1946 AZ,BEVERWIJK,0375,BEVERWIJK,0251231291,primary,52.49082529,4.67295906
Noord-Holland,Openbare Basisschool De Sterrenkijker,Van Der Hoopstraat,54,1945 TT,BEVERWIJK,0375,BEVERWIJK,0251243816,primary,52.49712701,4.66808524
Noord-Holland,Pleiaden-School,Pleiadenplantsoen,63,1973 BS,IJMUIDEN,0453,VELSEN,0255511233,primary,52.45319018,4.59656461
Noord-Holland,De Vliegende Hollander,Casembrootstraat,58,1972 CC,IJMUIDEN,0453,VELSEN,0255514471,primary,52.46088738,4.61967763
Noord-Holland,Bosbeekschool,Burg Enschedelaan,66,2071 AW,SANTPOORT-NOORD,0453,VELSEN,0624208298,primary,52.42811883,4.64226734
Noord-Holland,Jan Campertschool,Driehuizerkerkweg,34,1985 EL,DRIEHUIS,0453,VELSEN,0255514354,primary,52.45010319,4.63783206
Noord-Holland,Brederode Daltonschool,Willem de Zwijgerlaan,110,2082 BD,SANTPOORT-ZUID,0453,VELSEN,0235377038,primary,52.41868123,4.63057819
Noord-Holland,KC Zevenhoeven,Maerelaan,248-A,1963 KH,HEEMSKERK,0396,HEEMSKERK,0251234506,primary,52.51543869,4.68687512
Noord-Holland,Bs Het Avontuur,Rameaustraat,6,1962 CA,HEEMSKERK,0396,HEEMSKERK,0251230972,primary,52.51676132,4.67558856
Noord-Holland,Kindcentrum De Marel,Duitslandlaan,7,1966 XA,HEEMSKERK,0396,HEEMSKERK,0251234444,primary,52.49808184,4.67698804
Noord-Holland,Openbare Basisschool De Pionier,Floraronde,293,1991 LB,VELSERBROEK,0453,VELSEN,0235389381,primary,52.43163116,4.65495452
Noord-Holland,Openbare Basisschool De Zeester,Pieter Cheeuwenlaan,6,1948 DD,BEVERWIJK,0375,BEVERWIJK,0251205661,primary,52.49042537,4.68614644
Noord-Holland,Bussumse Montessorischool,Busken Huetlaan,16,1401 BC,BUSSUM,1942,GOOISE MEREN,0356913684,primary,52.28170105,5.17786387
Noord-Holland,Schoolvereniging De Larense Montessorischool,De Leemkuil,4,1251 AR,LAREN NH,0417,LAREN,0355383054,primary,52.26224971,5.22275335
Noord-Holland,Curtevenne-Basisschool,Parklaan,3,1241 BG,KORTENHOEF,1696,WIJDEMEREN,0356561019,primary,52.24216368,5.11351676
Noord-Holland,Dr Maria Montessorischool,Vd Duyn van Maasdamlaan,30,1272 EM,HUIZEN,0406,HUIZEN,0355252643,primary,52.29413392,5.22743652
Noord-Holland,De Gooische Montessorischool,Holleblok,10,1273 EG,HUIZEN,0406,HUIZEN,0355252772,primary,52.30170233,5.25411655
Noord-Holland,Openbare Basisschool De Triangel,Singel,6,1381 AT,WEESP,0363,AMSTERDAM,0294413509,primary,52.3054031,5.03800752
Noord-Holland,Godelindeschool,Godelindeweg,14-C,1412 HD,NAARDEN,1942,GOOISE MEREN,0356957811,primary,52.28699372,5.17173046
Noord-Holland,Comeniusschool voor Basisonderwijs,Cort van der Lindenlaan,1,1412 BW,NAARDEN,1942,GOOISE MEREN,0356941362,primary,52.28779964,5.1488252
Noord-Holland,Montessorischool Gouden Kraal,Hoofdweg,107,1275 AB,HUIZEN,0406,HUIZEN,0355257271,primary,52.29225731,5.26445752
Noord-Holland,Basisschool Wisperweide,Schoolpad,1,1383 EA,WEESP,0363,AMSTERDAM,0294418435,primary,52.29951785,5.0430117
Noord-Holland,Openbare Basisschool Kamperfoelie,Delta,37-39,1273 LC,HUIZEN,0406,HUIZEN,0355252561,primary,52.29990151,5.26450172
Noord-Holland,Meester Kremer-School,Reigerlaan,7,1394 CK,NEDERHORST DEN BERG,1696,WIJDEMEREN,0294251522,primary,52.25578013,5.04479746
Noord-Holland,Basisschool Bijvanck,Levensboom,4,1261 MX,BLARICUM,0376,BLARICUM,0355233534,primary,52.28698505,5.26692877
Noord-Holland,Basisschool Dorp,Eemnesserweg,18-A,1261 HG,BLARICUM,0376,BLARICUM,0355334999,primary,52.27039174,5.24356046
Noord-Holland,Samenwerkingschool De Catamaran,Bleekveld,1,1231 PR,LOOSDRECHT,1696,WIJDEMEREN,0355821557,primary,52.20766711,5.08713144
Noord-Holland,Kindcentrum De Haven,Lindelaan,54,1231 CM,LOOSDRECHT,1696,WIJDEMEREN,0355823005,primary,52.20043197,5.13738167
Noord-Holland,Basisschool Koningin Emma,Graaf Florislaan,2,1405 BT,BUSSUM,1942,GOOISE MEREN,0352062020,primary,52.27970767,5.15201518
Noord-Holland,Basisschool De Ploeg,Melkweg,42,1251 PT,LAREN NH,0417,LAREN,0355334355,primary,52.25235851,5.23578005
Noord-Holland,Basisschool de Speelwagen,Conferencelaan,1,1687 RA,WOGNUM,0420,MEDEMBLIK,0229571837,primary,52.68550912,5.01415753
Noord-Holland,Openbare Basisschool De Meridiaan,Schuitevoerderslaan,18,1671 JZ,MEDEMBLIK,0420,MEDEMBLIK,0227542215,primary,52.76281742,5.10534032
Noord-Holland,Openbare Basisschool De Kelderswerf,Weerestraat,70,1713 VC,OBDAM,1598,KOGGENLAND,0226451967,primary,52.67617287,4.89646464
Noord-Holland,De Adelaar,Burg Heymansstraat,8,1718 AN,HOOGWOUD,0432,OPMEER,0226352325,primary,52.71399681,4.93744019
Noord-Holland,De Akker,Meibloem,46-48,1716 VA,OPMEER,0432,OPMEER,0226352410,primary,52.70558676,4.94231778
Noord-Holland,Openbare Basisschool de Dubbele Punt,Koetenburg,14,1719 AR,AARTSWOUD,0432,OPMEER,0229582068,primary,52.74332007,4.95180668
Noord-Holland,Basisschool de Klaverwoid,Beukenlaan,79,1676 GS,TWISK,0420,MEDEMBLIK,0227542443,primary,52.74123311,5.05348079
Noord-Holland,Openbare Basisschool de Plaats,Schoolwerf,1,1657 LD,ABBEKERK,0420,MEDEMBLIK,0229581278,primary,52.73133449,5.01606591
Noord-Holland,De Grosthuizer Basisschool,Grosthuizen,74,1633 EP,AVENHORN,1598,KOGGENLAND,0229541273,primary,52.61764023,4.97494542
Noord-Holland,Openbare Basisschool de Koet,Tripkouw,36,1679 GJ,MIDWOUD,0420,MEDEMBLIK,0229201528,primary,52.72397796,5.07639218
Noord-Holland,Basisschool de Ieveling,Buitenroede,12,1633 GZ,AVENHORN,1598,KOGGENLAND,0229343500,primary,52.62280793,4.95431207
Noord-Holland,Openbare Basisschool de Kraaienboom,Kreek,14,1654 JX,BENNINGBROEK,0420,MEDEMBLIK,0229591408,primary,52.7030175,5.01346459
Noord-Holland,Basisschool De Geert Holle,Kerkebuurt,156,1647 MD,BERKHOUT,1598,KOGGENLAND,0229551357,primary,52.63942223,4.99876833
Noord-Holland,Basisschool Wijdewormer,Wijdewormerplein,1,1456 CB,WIJDEWORMER,0880,WORMERLAND,0299425477,primary,52.50797264,4.91515403
Noord-Holland,Ds Jl De Wagemakerschool,Poortwachtersweg,1,1121 JX,LANDSMEER,0415,LANDSMEER,0204824741,primary,52.42973444,4.90978601
Noord-Holland,De Bloeiende Perelaar,Middenpad,1,1461 BW,ZUIDOOSTBEEMSTER,0439,PURMEREND,0299422271,primary,52.51788552,4.94049545
Noord-Holland,Openbare Basisschool De Stap,Dr. M.L. Kingstraat,2,1121 CP,LANDSMEER,0415,LANDSMEER,0204821930,primary,52.42783087,4.91397644
Noord-Holland,De Blauwe Morgenster,Nicolaas Cromhoutlaan,2,1462 JL,MIDDENBEEMSTER,0439,PURMEREND,0299681480,primary,52.55058328,4.90854907
Noord-Holland,Openbare Basisschool H M van Randwijk,Gruttostraat,3,1452 XH,ILPENDAM,0852,WATERLAND,0204361817,primary,52.4659623,4.95058408
Noord-Holland,Openbare Basisschool De Fuik,Den Ilp,88-A,1127 PH,DEN ILP,0415,LANDSMEER,0204824225,primary,52.45223197,4.90865301
Noord-Holland,Openbare Basisschool Willem Eggert,Jan van Egmondstraat,14,1441 HM,PURMEREND,0439,PURMEREND,0299421385,primary,52.50421392,4.95058918
Noord-Holland,Openbare Basisschool Wheermolen,Luitstraat,4,1443 XA,PURMEREND,0439,PURMEREND,0299423648,primary,52.50680751,4.97370612
Noord-Holland,Openbare Basisschool 't Carrousel,Flevostraat,2,1442 PZ,PURMEREND,0439,PURMEREND,0299421990,primary,52.51610233,4.96082238
Noord-Holland,Openbare Basisschool De Ranonkel,Boterbloem,3,1441 TT,PURMEREND,0439,PURMEREND,0299435595,primary,52.49342241,4.95121156
Noord-Holland,Openbaar Dalton Kindcentrum het Parelhof,Zichthof,11,1445 HC,PURMEREND,0439,PURMEREND,0299640610,primary,52.50758097,4.98468439
Noord-Holland,Openbare Basisschool Noorderlicht,Jachtwagenstraat,64,1445 NM,PURMEREND,0439,PURMEREND,0299643876,primary,52.49988319,4.97740852
Noord-Holland,De Harpoen,Weiver,2,1546 LB,JISP,0880,WORMERLAND,0756423839,primary,52.5044258,4.84794551
Noord-Holland,Basisschool De Fuut,Avegaar,85,1141 JL,MONNICKENDAM,0852,WATERLAND,0299653577,primary,52.45149088,5.03375792
Noord-Holland,Basisschool De Havenrakkers,Nieuwland,32,1151 BA,BROEK IN WATERLAND,0852,WATERLAND,0204031847,primary,52.43511759,4.99726277
Noord-Holland,Openbare Basisschool De Kweekvijver,Paling,2,1511 LK,OOSTZAAN,0431,OOSTZAAN,0756841332,primary,52.43762095,4.86907277
Noord-Holland,Basisschool De Overhaal,Zuiderwouder Dorpsstraat,41,1153 PD,ZUIDERWOUDE,0852,WATERLAND,0204033291,primary,52.43072989,5.03783048
Noord-Holland,Basisschool De Rietkraag,Rietschoot,342,1511 WV,OOSTZAAN,0431,OOSTZAAN,0756848430,primary,52.4358361,4.88279104
Noord-Holland,Openbare basisschool De Gouwzee,Wilhelminalaan,58,1141 CW,MONNICKENDAM,0852,WATERLAND,0299653532,primary,52.4554846,5.03579321
Noord-Holland,Openbare Basisschool De Eendragt,Zandweg,15,1531 AJ,WORMER,0880,WORMERLAND,0756423611,primary,52.49680364,4.80771918
Noord-Holland,Openbare Basisschool Noorderschool,De Haal,44,1511 AS,OOSTZAAN,0431,OOSTZAAN,0756843784,primary,52.45803576,4.87083583
Noord-Holland,Openbare Basisschool Weremere,Kameelstraat,24,1531 EK,WORMER,0880,WORMERLAND,0756421420,primary,52.4961003,4.81315933
Noord-Holland,Openbare Basisschool 't Tilletje,Warder,126-128,1473 PH,WARDER,0385,EDAM-VOLENDAM,0299401303,primary,52.56430824,5.03033867
Noord-Holland,Openbare Basisschool De Koningsspil,Seevancksweg,93,1474 HT,OOSTHUIZEN,0385,EDAM-VOLENDAM,0299403128,primary,52.56538915,4.99748763
Noord-Holland,Openbare Basisschool Middelie,Middelie,92,1472 GT,MIDDELIE,0385,EDAM-VOLENDAM,0299621777,primary,52.53393339,5.01656181
Noord-Holland,Openbare Basisschool Prinses Beatrix,Kwadijk,92,1471 CE,KWADIJK,0385,EDAM-VOLENDAM,0299621760,primary,52.52743482,4.98226294
Noord-Holland,Openbare Basisschool Meester Haye,Beets,52,1475 JD,BEETS,0385,EDAM-VOLENDAM,0299401458,primary,52.58859035,4.97900317
Noord-Holland,Openbare Basisschool De Delta Delfland,Delfland,2,1447 AV,PURMEREND,0439,PURMEREND,0299477443,primary,52.4963909,4.96738276
Noord-Holland,Openbare Basisschool Weidevogels,Loirestraat,7,1448 JJ,PURMEREND,0439,PURMEREND,0299414847,primary,52.50496243,4.94261306
Noord-Holland,Openbare Basisschool De Delta Beethoven,Beethovenstraat,62-64,1447 RS,PURMEREND,0439,PURMEREND,0299460207,primary,52.48766699,4.96739866
Noord-Holland,Openbare Basisschool De Koempoelan,Gangeslaan,59,1448 BV,PURMEREND,0439,PURMEREND,0299472048,primary,52.49288163,4.94559645
Noord-Holland,Openbare Basisschool De Nieuwe Wereld,Yellowstone,11,1448 XW,PURMEREND,0439,PURMEREND,0299647374,primary,52.49785591,4.93066027
Noord-Holland,Openbare Basisschool Oeboentoe,Zambezilaan,278,1448 PN,PURMEREND,0439,PURMEREND,0299480681,primary,52.49188937,4.93347063
Noord-Holland,De Driewerf,'s-Gravesandelaan,15,1222 SX,HILVERSUM,0402,HILVERSUM,0356832913,primary,52.23345934,5.18037068
Noord-Holland,Fabritiusschool,Fabritiuslaan,52,1213 CT,HILVERSUM,0402,HILVERSUM,0356211702,primary,52.21213604,5.17619122
Noord-Holland,Goudenregenschool,Goudenregenlaan,1,1214 NC,HILVERSUM,0402,HILVERSUM,0356243152,primary,52.20795628,5.16585605
Noord-Holland,Openbare Basisschool Elckerlyc,Van Hogendorplaan,1-A,1215 EG,HILVERSUM,0402,HILVERSUM,0356249150,primary,52.21637347,5.15746753
Noord-Holland,Sterrenschool Hilversum,Huygensstraat,35,1222 TJ,HILVERSUM,0402,HILVERSUM,0356851919,primary,52.2318201,5.18148333
Noord-Holland,Dr Ir C Lelyschool,Lopes Diaslaan,85,1222 VC,HILVERSUM,0402,HILVERSUM,0356420980,primary,52.24088866,5.17913471
Noord-Holland,De Windkanter,Oude Amersfoortseweg,196,1212 AL,HILVERSUM,0402,HILVERSUM,0356851776,primary,52.21857481,5.197857
Noord-Holland,Lorentzschool,Lorentzweg,135,1223 HN,HILVERSUM,0402,HILVERSUM,0356855823,primary,52.22850944,5.19542548
Noord-Holland,De Gooise Daltonschool,Vuurvlindermeent,56,1218 GZ,HILVERSUM,0402,HILVERSUM,0356912446,primary,52.27101249,5.13619144
Noord-Holland,Violenschool,Violenstraat,3,1214 CJ,HILVERSUM,0402,HILVERSUM,0356211703,primary,52.21851923,5.16861724
Noord-Holland,Villa Vrolik,Harry Banninkstraat,3,1223 MP,HILVERSUM,0402,HILVERSUM,0356426020,primary,52.22314312,5.20725707
Noord-Holland,Reformatorische Basisschool De Akker,Landtong,6,1186 GP,AMSTELVEEN,0362,AMSTELVEEN,0206451908,primary,52.28832936,4.87255758
Noord-Holland,Openbare Basisschool Samen Een,Schoolstraat,15,1431 BG,AALSMEER,0358,AALSMEER,0297325246,primary,52.26939023,4.74863729
Noord-Holland,Openbare Basisschool de Zuidooster,Catharina-Amalialaan,66-A,1432 JT,AALSMEER,0358,AALSMEER,0297366663,primary,52.27668856,4.7999503
Noord-Holland,Openbare Basisschool Toermalijn,Randhoornweg,35,1422 WX,UITHOORN,0451,UITHOORN,0297303478,primary,52.2509909,4.80527278
Noord-Holland,Obs De Kajuit,Eendracht,2,1423 ET,UITHOORN,0451,UITHOORN,0297568067,primary,52.23358009,4.81631508
Noord-Holland,De Slotermeerschool,Burgemeester Fockstraat,85,1063 CW,AMSTERDAM,0363,AMSTERDAM,0206132233,primary,52.3820347,4.83215273
Noord-Holland,Burgemeester De Vlugtschool,Jan de Louterstraat,11,1063 KX,AMSTERDAM,0363,AMSTERDAM,0206130013,primary,52.37945011,4.81830782
Noord-Holland,Einsteinschool,Staalmanpark,10,1066 BR,AMSTERDAM,0363,AMSTERDAM,0207600061,primary,52.34914577,4.83129674
Noord-Holland,Goeman Borgesiusschool,Aalbersestraat,35,1067 EZ,AMSTERDAM,0363,AMSTERDAM,0206131807,primary,52.37696894,4.79725253
Noord-Holland,Brede School Huizinga,Jacob Geelstraat,42,1065 VT,AMSTERDAM,0363,AMSTERDAM,0206152523,primary,52.36071341,4.83026343
Noord-Holland,Louis Bouwmeesterschool,Louis Bouwmeesterstraat,14,1065 KW,AMSTERDAM,0363,AMSTERDAM,0206150381,primary,52.35570058,4.82076839
Noord-Holland,OBS de Toekomst,August Allebeplein,7,1062 AA,AMSTERDAM,0363,AMSTERDAM,0206152400,primary,52.36308312,4.83866173
Noord-Holland,"7e Montessorischool, Openbare School voor Basisonderwijs",Nachtwachtlaan,35,1058 EB,AMSTERDAM,0363,AMSTERDAM,0206836646,primary,52.36060875,4.84395965
Noord-Holland,Pieter Jelles Troelstraschool,Dr. H. Colijnstraat,2,1067 CG,AMSTERDAM,0363,AMSTERDAM,0206135296,primary,52.37529812,4.80659072
Noord-Holland,Openbare Basisschool De Punt,Kwelderweg,5,1069 VP,AMSTERDAM,0363,AMSTERDAM,0206199743,primary,52.3551899,4.78469454
Noord-Holland,Osdorpse Montessori School,Hoekenes,59,1068 MR,AMSTERDAM,0363,AMSTERDAM,0206190914,primary,52.35397648,4.80260393
Noord-Holland,Openbare Basisschool De Globe,Evertsweertplantsoen,3,1069 RK,AMSTERDAM,0363,AMSTERDAM,0204101627,primary,52.35604318,4.79347571
Noord-Holland,Openbare Basisschool de Vlaamse Reus,Hechtelstraat,49,1066 KK,AMSTERDAM,0363,AMSTERDAM,0206177499,primary,52.34748044,4.81779129
Noord-Holland,Openbare Daltonbasisschool De Horizon,Pieter Calandlaan,768,1060 TZ,AMSTERDAM,0363,AMSTERDAM,0206672281,primary,52.35020295,4.78849023
Noord-Holland,Openbare Basisschool Jan Hekman,Schoolweg,7,1191 JP,OUDERKERK AAN DE AMSTEL,0437,OUDER-AMSTEL,0204963476,primary,52.29343212,4.9010318
Noord-Holland,De Verrekijker,Laan Rozenburg,6,1181 ER,AMSTELVEEN,0362,AMSTELVEEN,0206431596,primary,52.31670279,4.8675853
Noord-Holland,Openbare Basisschool Piet Hein,Dr. Schaepmanlaan,2,1182 GM,AMSTELVEEN,0362,AMSTELVEEN,0206416065,primary,52.30425623,4.84946694
Noord-Holland,MKC Mio Mondo,Burgemeester Haspelslaan,137,1181 NC,AMSTELVEEN,0362,AMSTELVEEN,0206416117,primary,52.30639972,4.8668159
Noord-Holland,Kindercampus King,Oostelijk Halfrond,441,1183 EZ,AMSTELVEEN,0362,AMSTELVEEN,0206417799,primary,52.31255241,4.87838357
Noord-Holland,Montessorischool de Linde,Lindenlaan,334,1185 NK,AMSTELVEEN,0362,AMSTELVEEN,0206453502,primary,52.29396865,4.85875368
Noord-Holland,Openbare Basisschool de Pioniers,Orion,11,1188 AM,AMSTELVEEN,0362,AMSTELVEEN,0206437623,primary,52.28162658,4.85466509
Noord-Holland,Openbare Basisschool de Westwijzer,Noorddammerweg,51,1187 ZS,AMSTELVEEN,0362,AMSTELVEEN,0208208175,primary,52.28926305,4.83059296
Noord-Holland,KC de Meerstroom,Tesselschadelaan,75,1399 HX,MUIDERBERG,1942,GOOISE MEREN,0294263475,primary,52.32451394,5.12335084
Noord-Holland,Oecumenische Basisschool De Ark,Schelpenhoek,170,1112 DM,DIEMEN,0384,DIEMEN,0206994484,primary,52.33531045,4.95894046
Noord-Holland,Openbare Basisschool De Octopus,Schoolpad,6,1111 CS,DIEMEN,0384,DIEMEN,0206904133,primary,52.34111207,4.95860028
Noord-Holland,De Grote Beer,Astronautenweg,30,1115 VV,DUIVENDRECHT,0437,OUDER-AMSTEL,0206994997,primary,52.3315973,4.93520995
Noord-Holland,Openbare Basisschool Het Atelier,Jac. P. Thijsselaan,100,1112 XV,DIEMEN,0384,DIEMEN,0204166435,primary,52.3267984,4.95805081
Noord-Holland,v.d. Muelen Vastwykschool,Singel,4,1381 AT,WEESP,0363,AMSTERDAM,0294412919,primary,52.30561479,5.03767672
Noord-Holland,Brede School Kors Breijer,Papelaan,122-A,1382 RP,WEESP,0363,AMSTERDAM,0294412050,primary,52.31389428,5.03398637
Noord-Holland,OBS De Jaargetijden,Jaargetijden,4,1109 AR,AMSTERDAM,0363,AMSTERDAM,0294450190,primary,52.30543408,5.01937804
Noord-Holland,Noorderbreedte,Vogelweg,4,1111 WD,DIEMEN,0384,DIEMEN,0207605234,primary,52.34883006,4.97386053
Noord-Holland,Brede School Weesperrijk,Fort Diemerdamstraat,73,1384 AH,WEESP,0363,AMSTERDAM,0294224048,primary,52.31697555,5.0439851
Noord-Holland,De Kersenboom,Sportlaan,2,1111 PX,DIEMEN,0384,DIEMEN,0207531123,primary,52.33751586,4.97836955
Noord-Holland,De Rank,Gabriel Metsulaan,36,1816 EP,ALKMAAR,0361,ALKMAAR,0725156218,primary,52.63459315,4.72248057
Noord-Holland,Veerkracht,Slotermeerlaan,160,1063 JW,AMSTERDAM,0363,AMSTERDAM,0206136666,primary,52.38362571,4.82178173
Noord-Holland,De Lichtlijn,Lekstraat,1,1784 VJ,DEN HELDER,0400,DEN HELDER,0223613902,primary,52.94581762,4.74496451
Noord-Holland,Floriant,Grote Buitendijk,48,1991 BZ,VELSERBROEK,0453,VELSEN,0235391688,primary,52.43872079,4.66249956
Noord-Holland,Bos en Lommerschool,Meimorgenstraat,2,1061 BN,AMSTERDAM,0363,AMSTERDAM,0206862518,primary,52.37903452,4.84002579
Noord-Holland,Basisschool Westerpark,Van Hogendorpplein,11,1051 AX,AMSTERDAM,0363,AMSTERDAM,0206860144,primary,52.38488793,4.87703452
Noord-Holland,Joop Westerweel School,Balboaplein,44,1057 VS,AMSTERDAM,0363,AMSTERDAM,0206125539,primary,52.36886108,4.8561925
Noord-Holland,Corantijn,Corantijnstraat,4,1058 DD,AMSTERDAM,0363,AMSTERDAM,0206184430,primary,52.36192082,4.85111693
Noord-Holland,Brede School De kinkerbuurt,Borgerstraat,109,1053 PE,AMSTERDAM,0363,AMSTERDAM,0206120177,primary,52.36466138,4.86575659
Noord-Holland,Rosa Boekdrukker,Vancouverstraat,3,1056 DT,AMSTERDAM,0363,AMSTERDAM,0206128000,primary,52.3731714,4.85534793
Noord-Holland,Basisschool Het Winterkoninkje 2e Montessori-School,Hasebroekstraat,113,1053 CS,AMSTERDAM,0363,AMSTERDAM,0206188563,primary,52.36500295,4.86170036
Noord-Holland,Basisschool De Meidoorn 10e Montessori-School,Chassestraat,59,1057 JA,AMSTERDAM,0363,AMSTERDAM,0206160106,primary,52.36905503,4.86138806
Noord-Holland,De Vindplaats,Jan den Haenstraat,41,1055 WC,AMSTERDAM,0363,AMSTERDAM,0206122266,primary,52.37925113,4.86043737
Noord-Holland,Basisschool Annie M G Schmidt,Pieter Langendijkstraat,44,1054 ZB,AMSTERDAM,0363,AMSTERDAM,0206182988,primary,52.36036036,4.86059559
Noord-Holland,De Waterkant,Bilderdijkpark,18,1052 SC,AMSTERDAM,0363,AMSTERDAM,0206120122,primary,52.37166373,4.86800905
Noord-Holland,Openbare Basisschool Multatuli-School,Sara Burgerhartstraat,5,1055 KV,AMSTERDAM,0363,AMSTERDAM,0206841740,primary,52.38278283,4.84818249
Noord-Holland,De Zeeheld,Roggeveenstraat,14,1013 PV,AMSTERDAM,0363,AMSTERDAM,0203445060,primary,52.38988189,4.88681946
Noord-Holland,Brede School De Spaarndammerhout,Revaleiland,1-B,1014 ZG,AMSTERDAM,0363,AMSTERDAM,0206829114,primary,52.39306748,4.87884881
Noord-Holland,Tijl Uilenspiegel,Tijl Uilenspiegelstraat,11,1055 CK,AMSTERDAM,0363,AMSTERDAM,0206843954,primary,52.37790194,4.84947348
Noord-Holland,IKC Nelson Mandela,Kortvoort,61-E,1104 NA,AMSTERDAM,0363,AMSTERDAM,0206907305,primary,52.31509885,4.97141579
Noord-Holland,Polsstok,EGoli,2,1103 AC,AMSTERDAM,0363,AMSTERDAM,0206951360,primary,52.32246493,4.96022869
Noord-Holland,Oecumenische Basisschool Achtsprong,Huntum,14,1102 JA,AMSTERDAM,0363,AMSTERDAM,0206967257,primary,52.30881631,4.95994224
Noord-Holland,Knotwilg,Vreeswijkpad,5,1106 DV,AMSTERDAM,0363,AMSTERDAM,0206973510,primary,52.29762799,4.98475432
Noord-Holland,Samenspel,Kantershof,636,1104 HJ,AMSTERDAM,0363,AMSTERDAM,0204165195,primary,52.31921043,4.98563333
Noord-Holland,Klaverblad,Darlingstraat,1,1102 MX,AMSTERDAM,0363,AMSTERDAM,0206950062,primary,52.31976822,4.94979199
Noord-Holland,Mobiel,Reigersbos,313,1107 EZ,AMSTERDAM,0363,AMSTERDAM,0206973735,primary,52.29401966,4.97574659
Noord-Holland,De Blauwe Lijn,Kortvoort,61,1104 NA,AMSTERDAM,0363,AMSTERDAM,0206907360,primary,52.31508971,4.97137188
Noord-Holland,IKC De Brink,Mijehof,302,1106 HW,AMSTERDAM,0363,AMSTERDAM,0206972685,primary,52.30066562,4.96919045
Noord-Holland,Bijlmerhorst,EGoli,12,1103 AC,AMSTERDAM,0363,AMSTERDAM,0206908186,primary,52.32326354,4.95986898
Noord-Holland,Openbare basisschool Wereldwijs,Geerdinkhof,696,1103 RP,AMSTERDAM,0363,AMSTERDAM,0206981078,primary,52.32484161,4.98178328
Noord-Holland,Holendrecht,Holendrechtplein,40,1106 LP,AMSTERDAM,0363,AMSTERDAM,0204531549,primary,52.29912411,4.965364
Noord-Holland,IKC Brasa,Leksmondplein,31,1108 EL,AMSTERDAM,0363,AMSTERDAM,0206964563,primary,52.30880347,4.98062456
Noord-Holland,De Rozemarn,Huntum,16,1102 JA,AMSTERDAM,0363,AMSTERDAM,0206965752,primary,52.309236,4.96100463
Noord-Holland,De Schakel,Alexander Dumaslaan,9,1102 WD,AMSTERDAM,0363,AMSTERDAM,0206906577,primary,52.32367433,4.94208719
Noord-Holland,De Tamboerijn,Reigersbos,301,1107 EZ,AMSTERDAM,0363,AMSTERDAM,0204528156,primary,52.294348,4.97712145
Noord-Holland,IKC Metropool,Hogehilweg,10,1101 CC,AMSTERDAM,0363,AMSTERDAM,0202250037,primary,52.30594969,4.94669273
Noord-Holland,De Windvaan,Hogerbeetsstraat,14,1624 XJ,HOORN NH,0405,HOORN,0229216526,primary,52.64945486,5.06048142
Noord-Holland,Universum,Orionstraat,135,1622 BR,HOORN NH,0405,HOORN,0229217169,primary,52.64105528,5.03783318
Noord-Holland,De Zonnewyzer,Het Gangwerk,58,1622 HC,HOORN NH,0405,HOORN,0229218330,primary,52.63964266,5.03224487
Noord-Holland,OBS KlimOp,Akkerwinde,74,1689 NW,ZWAAG,0405,HOORN,0229230989,primary,52.66751639,5.04718266
Noord-Holland,Het Ooievaarsnest,Kalbstraat,1,1689 EB,ZWAAG,0405,HOORN,0229237330,primary,52.66530902,5.06876285
Noord-Holland,Basisschool De Bussel,James Grievelaan,23-A,1695 HZ,BLOKKER,0405,HOORN,0229233532,primary,52.66150264,5.08763599
Noord-Holland,Openbare Montessorischool,Gravenstraat,19,1621 CR,HOORN NH,0405,HOORN,0229214284,primary,52.6413739,5.06198429
Noord-Holland,Openbare Basisschool de Klipper,Dubloen,98,1628 RV,HOORN NH,0405,HOORN,0229291919,primary,52.6487276,5.09408231
Noord-Holland,Aldoende,Tweede Boerhaavestraat,22,1091 AN,AMSTERDAM,0363,AMSTERDAM,0206652663,primary,52.35889407,4.91122924
Noord-Holland,Openbare Basisschool De Kaap,Christiaan de Wetstraat,23,1091 NG,AMSTERDAM,0363,AMSTERDAM,0206939375,primary,52.35446737,4.91905626
Noord-Holland,Openbare Basisschool De Dapper,Pieter Nieuwlandstraat,3,1093 XG,AMSTERDAM,0363,AMSTERDAM,0206939100,primary,52.36149669,4.92616097
Noord-Holland,Flevoparkschool,Soembawastraat,61,1095 VX,AMSTERDAM,0363,AMSTERDAM,0206942591,primary,52.36355994,4.94396273
Noord-Holland,Basisschool D Pinksterbloem 4e Montessori-School,Weesperzijde,57,1091 EG,AMSTERDAM,0363,AMSTERDAM,0206941189,primary,52.35474853,4.90845543
Noord-Holland,5e Montessorischool Watergraafsmeer,Herschelstraat,4,1098 JA,AMSTERDAM,0363,AMSTERDAM,0206946208,primary,52.35432621,4.93830105
Noord-Holland,Brede Daltonschool De Meer,Van 't Hofflaan,50,1097 EP,AMSTERDAM,0363,AMSTERDAM,0206945700,primary,52.34712379,4.93367465
Noord-Holland,De Indische Buurt School,Bankastraat,18,1094 ED,AMSTERDAM,0363,AMSTERDAM,0206650252,primary,52.36472212,4.93283702
Noord-Holland,De Kraal,Paradijsplein,2,1093 NJ,AMSTERDAM,0363,AMSTERDAM,0206941138,primary,52.35755564,4.9319856
Noord-Holland,Montessorischool Op de Kade,Borneokade,103,1019 KZ,AMSTERDAM,0363,AMSTERDAM,0206922542,primary,52.37050696,4.93906239
Noord-Holland,De Kleine Kapitein,Cruquiusweg,88,1019 AJ,AMSTERDAM,0363,AMSTERDAM,0204198983,primary,52.36823708,4.94916042
Noord-Holland,Openbare basisschool Steigereiland,John Hadleystraat,4,1086 WB,AMSTERDAM,0363,AMSTERDAM,0204161677,primary,52.36099163,4.98220175
Noord-Holland,Laterna Magica,Eva Besnyostraat,491,1087 LG,AMSTERDAM,0363,AMSTERDAM,0204161911,primary,52.35008821,5.00795852
Noord-Holland,.Kindcentrum De Optimist,Faas Wilkesstraat,451,1095 MD,AMSTERDAM,0363,AMSTERDAM,0203039559,primary,52.37238837,4.96997527
Noord-Holland,De Amstel,Welnastraat,845,1096 GJ,AMSTERDAM,0363,AMSTERDAM,0203706705,primary,52.33972138,4.91879664
Noord-Holland,De Schatkaart,Srefidensiplein,419,1087 VE,AMSTERDAM,0363,AMSTERDAM,0202184371,primary,52.35195548,5.01417386
Noord-Holland,Notenkraker,Theophile de Bockstraat,100-D,1058 VC,AMSTERDAM,0363,AMSTERDAM,0206178128,primary,52.35516343,4.84619876
Noord-Holland,Dr E Boekman,Korte Lepelstraat,81,1018 ZA,AMSTERDAM,0363,AMSTERDAM,0206229785,primary,52.36352663,4.90996099
Noord-Holland,Burght,Herengracht,34,1015 BL,AMSTERDAM,0363,AMSTERDAM,0206246947,primary,52.37823442,4.89097523
Noord-Holland,Pieter Bakkumschool Daltonschool,Willem Witsenstraat,10,1077 AZ,AMSTERDAM,0363,AMSTERDAM,0206736925,primary,52.35142264,4.86990439
Noord-Holland,Kindcentrum Sarphati,Van Ostadestraat,203,1073 TN,AMSTERDAM,0363,AMSTERDAM,0206624480,primary,52.35311304,4.89753799
Noord-Holland,Dongeschool,Dintelstraat,5-7,1078 VN,AMSTERDAM,0363,AMSTERDAM,0206641288,primary,52.3457439,4.89340741
Noord-Holland,Merkelbach,Arent Janszoon Ernststr,128,1082 LP,AMSTERDAM,0363,AMSTERDAM,0206428845,primary,52.33270818,4.87775145
Noord-Holland,Basisschool De Wielewaal 1e Montessori-School,Corellistraat,1,1077 HA,AMSTERDAM,0363,AMSTERDAM,0206736193,primary,52.34928946,4.87957186
Noord-Holland,Basisschool Anne Frank 6e Montessori-School,Niersstraat,41,1078 VJ,AMSTERDAM,0363,AMSTERDAM,0206640482,primary,52.34280737,4.8939977
Noord-Holland,Openbare Basisschool Jordaan,Elandsstraat,99,1016 RX,AMSTERDAM,0363,AMSTERDAM,0206239900,primary,52.37045248,4.8809449
Noord-Holland,Nicolaas Maes,Nicolaas Maesstraat,124-126,1071 RH,AMSTERDAM,0363,AMSTERDAM,0208201124,primary,52.35401878,4.87580416
Noord-Holland,De Witte Olifant,Nieuwe Uilenburgerstraat,96,1011 LX,AMSTERDAM,0363,AMSTERDAM,0206245000,primary,52.3702799,4.9041764
Noord-Holland,Basisschool Oscar Carre,1e Jan vd Heijdenstr,161,1072 TS,AMSTERDAM,0363,AMSTERDAM,0206799402,primary,52.35386784,4.89317024
Noord-Holland,Olympia,Stadionkade,113,1076 BN,AMSTERDAM,0363,AMSTERDAM,0204712265,primary,52.34304068,4.86256201
Noord-Holland,Theo Thijssen,Anjeliersstraat,157,1015 NG,AMSTERDAM,0363,AMSTERDAM,0206266674,primary,52.37712921,4.88067777
Noord-Holland,Basisschool Oostelijke Eilanden,Kraijenhoffstraat,10,1018 RK,AMSTERDAM,0363,AMSTERDAM,0206391045,primary,52.36851702,4.92871628
Noord-Holland,Kindercampus Zuidas,N en Lili Boulangerplnts,700,1083 HT,AMSTERDAM,0363,AMSTERDAM,0207230788,primary,52.33570455,4.88064176
Noord-Holland,15e Montessorischool Maas en Waal,Uiterwaardenstraat,544,1079 AZ,AMSTERDAM,0363,AMSTERDAM,0206447173,primary,52.34350851,4.90053487
Noord-Holland,Basisschool De Kleine Nicolaas,Cornelis Krusemanstraat,10,1075 NL,AMSTERDAM,0363,AMSTERDAM,0208204438,primary,52.35154638,4.86329809
Noord-Holland,Openbare Basisschool De Dorpsakker,Brandakkerstraat,4,1566 XD,ASSENDELFT,0479,ZAANSTAD,0756874208,primary,52.46843622,4.74718561
Noord-Holland,Openbare Basisschool Het Eiland,P.A. van Meverstraat,1,1507 XE,ZAANDAM,0479,ZAANSTAD,0756354699,primary,52.44806888,4.80078773
Noord-Holland,Openbare Basisschool De Watermolen,Molenwerf,3,1541 WR,KOOG AAN DE ZAAN,0479,ZAANSTAD,0756352239,primary,52.45876652,4.79945293
Noord-Holland,Openbare Basisschool De Overhaal,Krommeniedijk,13,1562 GH,KROMMENIE,0479,ZAANSTAD,0756211463,primary,52.51441696,4.76755629
Noord-Holland,Openbare Basisschool De Komeet,Jupiterstraat,141,1562 WP,KROMMENIE,0479,ZAANSTAD,0756283240,primary,52.50024529,4.75341096
Noord-Holland,Openbare Basisschool De Kroosduiker,Torenstraat,5,1551 BK,WESTZAAN,0479,ZAANSTAD,0756285761,primary,52.4633052,4.77111233
Noord-Holland,Openbare Basisschool Theo Thijssen,Piet Kuiperlaan,3,1525 PK,WESTKNOLLENDAM,0479,ZAANSTAD,0756287958,primary,52.51363405,4.78481777
Noord-Holland,Openbare Basisschool De Pionier,Kerkstraat,52,1521 JP,WORMERVEER,0479,ZAANSTAD,0756283845,primary,52.49565398,4.78737476
Noord-Holland,Openbare Basisschool De Jagersplas,Brasemermeer,23-B,1509 GE,ZAANDAM,0479,ZAANSTAD,0756156194,primary,52.46938386,4.83949933
Noord-Holland,Openbare Basisschool Over De Brug,Boerenpad,22,1506 HK,ZAANDAM,0479,ZAANSTAD,0756166169,primary,52.44941208,4.81821598
Noord-Holland,De Kernschool,Wibautstraat,73,1505 CB,ZAANDAM,0479,ZAANSTAD,0756312616,primary,52.43422514,4.83965978
Noord-Holland,Openbare Basisschool De Spiegel,Brikstraat,6,1503 BK,ZAANDAM,0479,ZAANSTAD,0756164781,primary,52.44566409,4.84721496
Noord-Holland,Openbare Basisschool Kogerveld,Perzikkruidweg,4,1508 AW,ZAANDAM,0479,ZAANSTAD,0756160814,primary,52.45823741,4.83137353
Noord-Holland,Openbare Basisschool De Dijk,Adriaan Roggestraat,48,1507 BE,ZAANDAM,0479,ZAANSTAD,0756171772,primary,52.43389472,4.80954123
Noord-Holland,Openbare Basisschool De Voorzaan,Baltischestraat,25,1506 NM,ZAANDAM,0479,ZAANSTAD,0756166349,primary,52.42836358,4.83158682
Noord-Holland,Openbare Basisschool Herman Gorter,D. Doniastraat,18,1501 TX,ZAANDAM,0479,ZAANSTAD,0344634948,primary,52.43666563,4.83296791
Noord-Holland,Openbare Basisschool Et Buut,Anna de Waalstraat,17,1506 WW,ZAANDAM,0479,ZAANSTAD,0756165701,primary,52.44326982,4.81417887
Noord-Holland,Openbare Basisschool De Zoeker,Fortuinweg,12,1544 VX,ZAANDIJK,0479,ZAANSTAD,0756287146,primary,52.47442428,4.79611107
Noord-Holland,Openbare basisschool De Meander,Parkrijklaan,121-D,1567 HD,ASSENDELFT,0479,ZAANSTAD,0756216617,primary,52.48831646,4.75046074
Noord-Holland,Openbare basisschool De Delta,Kreekrijklaan,4,1567 LP,ASSENDELFT,0479,ZAANSTAD,0757717980,primary,52.49596085,4.7491474
Noord-Holland,Openbare Basisschool Bos en Vaart,Florapark,14,2012 HK,HAARLEM,0392,HAARLEM,0235325625,primary,52.37217162,4.62599012
Noord-Holland,Openbare Basisschool De Kring/Hannie Schaft School,Parklaan,108,2011 KZ,HAARLEM,0392,HAARLEM,0235310428,primary,52.38545398,4.64260486
Noord-Holland,Openbare Basisschool De Cirkel,Atjehstraat,35-A,2022 BL,HAARLEM,0392,HAARLEM,0235254380,primary,52.39729821,4.64693885
Noord-Holland,Openbare Basisschool Ter Cleeff,Santpoorterplein,28,2023 DN,HAARLEM,0392,HAARLEM,0235261492,primary,52.39509757,4.63058343
Noord-Holland,Openbare Basisschool De Wilgenhoek,Wilgenstraat,81,2023 NN,HAARLEM,0392,HAARLEM,0235252369,primary,52.40318737,4.63229154
Noord-Holland,Openbare Basisschool Beatrix,Blinkertpad,3,2015 EX,HAARLEM,0392,HAARLEM,0235242255,primary,52.38482315,4.60954959
Noord-Holland,Openbare Basisschool De Dolfijn,Gijsbrecht v Aemstelstr,118,2026 VJ,HAARLEM,0392,HAARLEM,0235374787,primary,52.41795921,4.65300174
Noord-Holland,Openbare Basisschool De Zonnewijzer,Planetenlaan,9,2024 EN,HAARLEM,0392,HAARLEM,0235255519,primary,52.40691096,4.64210502
Noord-Holland,Openbare Basisschool De Zuidwester,Ohmstraat,2,2014 EB,HAARLEM,0392,HAARLEM,0235442424,primary,52.36967688,4.60996512
Noord-Holland,OBS M.L. King,Van Zeggelenplein,31-A,2032 KA,HAARLEM,0392,HAARLEM,0235352279,primary,52.37884207,4.65866612
Noord-Holland,Basisschool Camelot,Vrijheidsweg,84,2033 CE,HAARLEM,0392,HAARLEM,0235333516,primary,52.37696232,4.66934826
Noord-Holland,OBS De Globe,Semmelweisstraat,5,2035 CT,HAARLEM,0392,HAARLEM,0235330297,primary,52.36388533,4.66032362
Noord-Holland,De Molenwiek Dalton,Betuwelaan,2,2036 GV,HAARLEM,0392,HAARLEM,0235336213,primary,52.34937148,4.65361083
Noord-Holland,Openbare Basisschool De Spaarneschool,Kerklaan,37-C,2063 JK,SPAARNDAM GEM. HAARLEM,0392,HAARLEM,0235371720,primary,52.41269137,4.6762543
Noord-Holland,Openbare Basisschool De Peppelaer,Leidseplein,33,2013 PW,HAARLEM,0392,HAARLEM,0235510422,primary,52.38000022,4.62414361
Noord-Holland,Basisschool De Zevensprong,Sint-Hubertpad,6,1066 HN,AMSTERDAM,0363,AMSTERDAM,0204081571,primary,52.34426328,4.81789126
Noord-Holland,Het Gein,Cornelis Aarnoutsstraat,80,1106 ZG,AMSTERDAM,0363,AMSTERDAM,0206974522,primary,52.29877167,4.99348511
Noord-Holland,Piet Hein,Oostelijke Handelskade,6,1019 BM,AMSTERDAM,0363,AMSTERDAM,0204195242,primary,52.37486182,4.9309122
Noord-Holland,De Zuiderzee,Brigantijnkade,51,1086 VB,AMSTERDAM,0363,AMSTERDAM,0204165862,primary,52.36274288,4.98752576
Noord-Holland,abbs Elzenhagen,N. Lansdorpstraat,2,1022 KB,AMSTERDAM,0363,AMSTERDAM,0206373848,primary,52.40494427,4.92991062
Noord-Holland,Basisschool Comenius,Celebesstraat,7,1782 TC,DEN HELDER,0400,DEN HELDER,0223613864,primary,52.95763258,4.74973175
Noord-Holland,Prinses Margriet School,Weth W de Boerstraat,8,1788 AT,JULIANADORP,0400,DEN HELDER,0223690081,primary,52.89633275,4.75036034
Noord-Holland,De Kluft,Javastraat,23,1782 DA,DEN HELDER,0400,DEN HELDER,0223613681,primary,52.95730473,4.75179099
Noord-Holland,De Dijk,Heiligharn,424,1785 SX,DEN HELDER,0400,DEN HELDER,0223660846,primary,52.93388664,4.77348158
Noord-Holland,Dr. J.P. Thijsse,Stakman Bossestraat,39,1781 SW,DEN HELDER,0400,DEN HELDER,0223613772,primary,52.95379989,4.76937318
Noord-Holland,IKC Haven48,Californiestraat,48,1781 GN,DEN HELDER,0400,DEN HELDER,0223615398,primary,52.95968254,4.7659052
Noord-Holland,Meerwerf basisschool Duynvaerder,IJsselmeerstraat,90,1784 MA,DEN HELDER,0400,DEN HELDER,0223660796,primary,52.93730831,4.74793945
Noord-Holland,Basisschool De Vloedlijn,Drooghe Bol,1005,1788 VA,JULIANADORP,0400,DEN HELDER,0223690079,primary,52.8851418,4.74249065
Noord-Holland,Openbare Basisschool Jules Verne,Tochtwaard,12,1824 EZ,ALKMAAR,0361,ALKMAAR,0725610095,primary,52.64203789,4.75209311
Noord-Holland,Openbare Basisschool Liereland,Toscanestraat,4,1827 DM,ALKMAAR,0361,ALKMAAR,0725621672,primary,52.66500243,4.76112052
Noord-Holland,Openbare Basisschool De Fontein,Heilooerdijk,136,1814 LS,ALKMAAR,0361,ALKMAAR,0725115900,primary,52.61895455,4.74261423
Noord-Holland,Openbare Basisschool De Zes Wielen,Munnikenweg,18,1823 DC,ALKMAAR,0361,ALKMAAR,0725110291,primary,52.6373487,4.76468508
Noord-Holland,Openbare Basisschool De Vlieger,Sneeuwgansstraat,18,1826 GP,ALKMAAR,0361,ALKMAAR,0725615499,primary,52.65980232,4.76399311
Noord-Holland,Openbare Basisschool De Sterrenwachter,Stempelmakerstraat,19,1825 DP,ALKMAAR,0361,ALKMAAR,0725613233,primary,52.65260565,4.74734421
Noord-Holland,Openbare Basisschool Zandloper,Schoolstraat,15,1831 CC,KOEDIJK,0361,ALKMAAR,0725614496,primary,52.67487796,4.75201311
Noord-Holland,Openbare Basisschool De Kennemerpoort,Hofdijkstraat,12,1814 EC,ALKMAAR,0361,ALKMAAR,0725116997,primary,52.62811472,4.74406321
Noord-Holland,Openbare Basisschool Nicolaas Beets,Beethovensingel,17,1817 HJ,ALKMAAR,0361,ALKMAAR,0725116934,primary,52.64167924,4.7340767
Noord-Holland,Openbare Basisschool de Cocon,Pater Schiphorststraat,1,1827 NJ,ALKMAAR,0361,ALKMAAR,0725614336,primary,52.67228668,4.76641152
Noord-Holland,OBS IJplein,Gedempte Insteekhaven,85,1021 RA,AMSTERDAM,0363,AMSTERDAM,0206341046,primary,52.38160622,4.9135264
Noord-Holland,De Weidevogel,Dorpsweg Ransdorp,31,1028 BK,AMSTERDAM,0363,AMSTERDAM,0204904415,primary,52.39238131,4.99429945
Noord-Holland,De Buikslotermeer,Breedveld,7,1025 PZ,AMSTERDAM,0363,AMSTERDAM,0206371265,primary,52.39625317,4.93579022
Noord-Holland,De Poolster,Plejadenplein,40,1033 VL,AMSTERDAM,0363,AMSTERDAM,0206315870,primary,52.41319943,4.88628291
Noord-Holland,Fusieschool De Vier Windstreken / Zeven zeeën,Parlevinker,11,1034 PX,AMSTERDAM,0363,AMSTERDAM,0206313592,primary,52.41099324,4.92194235
Noord-Holland,Montessorischool Boven 't IJ,Kampina,5,1025 DD,AMSTERDAM,0363,AMSTERDAM,0206371194,primary,52.40339675,4.94011114
Noord-Holland,Montessorischool Azalea,Azaleastraat,19,1032 BT,AMSTERDAM,0363,AMSTERDAM,0206341726,primary,52.39536813,4.91622958
Noord-Holland,OBS Twiske,Pandorinastraat,7-A,1035 VR,AMSTERDAM,0363,AMSTERDAM,0206312540,primary,52.41901116,4.90201343
Noord-Holland,Blijhaven,Papaverweg,259,1032 KE,AMSTERDAM,0363,AMSTERDAM,0206368100,primary,52.39874752,4.89823002
Noord-Holland,IJdoorn-School,Alkmaarstraat,14,1024 TT,AMSTERDAM,0363,AMSTERDAM,0206363914,primary,52.39501141,4.95053518
Noord-Holland,Montessori Kindcentrum Oostzanerwerf,Molenwijk,8,1035 EE,AMSTERDAM,0363,AMSTERDAM,0206311560,primary,52.41986804,4.89189038
Noord-Holland,OBS NoordRijk IKC,Braeburnstraat,1,1036 LD,AMSTERDAM,0363,AMSTERDAM,0203372192,primary,52.40800966,4.90337729
Noord-Holland,IKC Overhoeks,Grasweg,3,1031 HW,AMSTERDAM,0363,AMSTERDAM,0206304770,primary,52.38822396,4.90312768
Noord-Holland,Kindercampus Mokum,J.H. Hisgenpad,394,1025 WK,AMSTERDAM,0363,AMSTERDAM,0202250034,primary,52.40014874,4.9259952
Noord-Holland,Rooms Katholieke basisschool St. Willibrordus,Hoofdweg,2034,2158 MC,BUITENKAAG,0394,HAARLEMMERMEER,0252544308,primary,52.22020809,4.55923972
Noord-Holland,Integraal Kindcentrum De Lente,Langerak,42,2157 PG,ABBENES,0394,HAARLEMMERMEER,0252544359,primary,52.23738935,4.59092006
Noord-Holland,Christelijke Basisschool Oranje Nassau,Burg Amersfoordtlaan,61,1171 DM,BADHOEVEDORP,0394,HAARLEMMERMEER,0204491111,primary,52.33900163,4.78546938
Noord-Holland,Rooms Katholieke Basisschool Klimop,Burgemeester Pabstlaan,5,2132 XE,HOOFDDORP,0394,HAARLEMMERMEER,0235613216,primary,52.30558262,4.69887844
Noord-Holland,Interconfessionele Basisschool De Caleidoscoop,Hammarskjoldstraat,236,2131 VN,HOOFDDORP,0394,HAARLEMMERMEER,0235614777,primary,52.30050299,4.67804019
Noord-Holland,IKC Wereldwijs,Graan voor Visch,14402,2132 VH,HOOFDDORP,0394,HAARLEMMERMEER,0235615029,primary,52.29522181,4.69149761
Noord-Holland,Rooms Katholieke Basisschool Klippeholm,Skagerrak,184,2133 DW,HOOFDDORP,0394,HAARLEMMERMEER,0235611502,primary,52.30859126,4.6709267
Noord-Holland,IKC Braambos,Waddenweg,83,2134 XL,HOOFDDORP,0394,HAARLEMMERMEER,0235577663,primary,52.31741813,4.64943152
Noord-Holland,Rooms Katholieke Basisschool de Bosbouwers,Liesbos,12,2134 SB,HOOFDDORP,0394,HAARLEMMERMEER,0235553290,primary,52.31802185,4.65653074
Noord-Holland,Christelijke Basisschool Vesterhavet,Skagerrak,170,2133 DW,HOOFDDORP,0394,HAARLEMMERMEER,0235611503,primary,52.30859208,4.67261045
Noord-Holland,Kindcentrum Natuurlijk!,Van den Berghlaan,82,2132 AV,HOOFDDORP,0394,HAARLEMMERMEER,0235653280,primary,52.30392899,4.70263813
Noord-Holland,Interconfessionele Basisschool De Vredeburg,Schuilenburg,88,2135 GM,HOOFDDORP,0394,HAARLEMMERMEER,0235617654,primary,52.30434456,4.6582831
Noord-Holland,ICBS De Bloesem,Femina Mullerstraat,74,2135 MS,HOOFDDORP,0394,HAARLEMMERMEER,0235622855,primary,52.29639402,4.67150676
Noord-Holland,Buitenplaats Nassaupark,Femina Mullerstraat,177,2135 MH,HOOFDDORP,0394,HAARLEMMERMEER,0681024176,primary,52.29692476,4.67160184
Noord-Holland,Klavertje vier,Dussenstraat,38,2134 DL,HOOFDDORP,0394,HAARLEMMERMEER,0235619050,primary,52.30579323,4.63990644
Noord-Holland,Christelijke Basisschool De Brandaris,Dussenstraat,34,2134 DL,HOOFDDORP,0394,HAARLEMMERMEER,0235618610,primary,52.30611835,4.64040103
Noord-Holland,IBS Elif Zuid,Winterdijkstraat,10,1079 GT,AMSTERDAM,0363,AMSTERDAM,0203620889,primary,52.34369244,4.90374664
Noord-Holland,IBS Elif Noord,Banneplein,111,1034 DN,AMSTERDAM,0363,AMSTERDAM,0203038318,primary,52.40674308,4.91664736
Noord-Holland,IBS Elif Amstelveen,Schweitzerlaan,6,1187 JD,AMSTELVEEN,0362,AMSTELVEEN,0207300952,primary,52.28534137,4.82176614
Noord-Holland,IBS Elif Zaandam,Jachtenlaan,9,1503 HS,ZAANDAM,0479,ZAANSTAD, ,primary,52.44654204,4.83468286
Noord-Holland,School of Understanding,Pandora,4-A-5,1183 KK,AMSTELVEEN,0362,AMSTELVEEN,0202201900,primary,52.30207026,4.87962072
Noord-Holland,De Eigen Wijs,De Balk,2-A,1531 PS,WORMER,0880,WORMERLAND,0752073001,primary,52.49126024,4.80788249
Noord-Holland,Basisschool De Westwijzer,Dres,4,1617 JX,WESTWOUD,0498,DRECHTERLAND,0228561714,primary,52.68387442,5.13403156
Noord-Holland,Klein Amsterdam,Tuinderijlaan,2,1036 LM,AMSTERDAM,0363,AMSTERDAM,0202420400,primary,52.40471394,4.90186583
Noord-Holland,IBS De Olijfboom,Zandbos,48,2134 DE,HOOFDDORP,0394,HAARLEMMERMEER,0232084021,primary,52.31181826,4.64864309
Noord-Holland,IBS De Vijgenboom,President Brandstraat,27-29,1091 XD,AMSTERDAM,0363,AMSTERDAM,0202117486,primary,52.35442776,4.91813194
Noord-Holland,De Dadelpalm,Van Moerkerkenstraat,89,1064 KC,AMSTERDAM,0363,AMSTERDAM,0207371215,primary,52.37862283,4.81031257
Noord-Holland,IBS De Lotus,Anne Franklaan,22,2135 HA,HOOFDDORP,0394,HAARLEMMERMEER, ,primary,52.29968351,4.66823135
Noord-Holland,IKC Cadans Weesp,Papelaan,99,1382 RK,WEESP,0363,AMSTERDAM,0850081958,primary,52.31211034,5.03464003
Noord-Holland,De Werf,Koperslagerstraat,2,1544 CA,ZAANDIJK,0479,ZAANSTAD,0756283426,primary,52.47928749,4.80748136
Noord-Holland,Rooms Katholieke Basisschool St Joseph,Bispinckpark,31,2061 SG,BLOEMENDAAL,0377,BLOEMENDAAL,0235255589,primary,52.40123955,4.61936206
Noord-Holland,Amsterdamse Montessorischool,Willem Witsenstraat,14,1077 AZ,AMSTERDAM,0363,AMSTERDAM,0203057878,primary,52.35096621,4.87035003
Noord-Holland,Enderun Hisar Amsterdam,Buskenblaserstraat,65,1055 AG,AMSTERDAM,0363,AMSTERDAM,0626722486,primary,52.37756085,4.84815784
Noord-Holland,De Hoeksteen,H. Kamerlingh Onnesweg,74,1402 EK,BUSSUM,1942,GOOISE MEREN,0356915423,primary,52.27224146,5.1823651
Noord-Holland,Rooms Katholieke Minister Cals-School,Johan Willem Frisolaan,33,1412 AG,NAARDEN,1942,GOOISE MEREN,0356941387,primary,52.28987102,5.14660252
Noord-Holland,De Zwerm,Dorpsstraat,9-A,1744 KJ,SINT MAARTEN,0441,SCHAGEN,0224561101,primary,52.7725286,4.74460299
Noord-Holland,Sint Joseph-School,Den Gouden Hoeck,6,1754 KL,BURGERBRUG,0441,SCHAGEN,0226381615,primary,52.74932365,4.70253389
Noord-Holland,Heilige Henricus-School,Elft,53,1777 AC,HIPPOLYTUSHOEF,1911,HOLLANDS KROON,0227239000,primary,52.9069718,4.96946981
Noord-Holland,Rooms Katholieke Basisschool St Jan,Past. Verhoeffpark,110,1764 GS,BREEZAND,1911,HOLLANDS KROON,0223521646,primary,52.89245102,4.80941146
Noord-Holland,Jozefschool,Emmalaan,47,1791 AT,DEN BURG,0448,TEXEL,0222312319,primary,53.05049731,4.79854304
Noord-Holland,OBS De Meertuin,Koningin Beatrixlaan,1,1774 BK,SLOOTDORP,1911,HOLLANDS KROON,0227581753,primary,52.84659559,4.97103731
Noord-Holland,Basisschool De Windwijzer,Pasteurstraat,4-A,1782 JD,DEN HELDER,0400,DEN HELDER,0223616991,primary,52.95477794,4.75543163
Noord-Holland,Rooms Katholieke Basisschool Don Bosco,Terppad,1,1771 RZ,WIERINGERWERF,1911,HOLLANDS KROON,0227602204,primary,52.84957005,5.0264531
Noord-Holland,Rooms Katholieke Basisschool De Vogelweid,Merelstraat,46,1742 JM,SCHAGEN,0441,SCHAGEN,0224213208,primary,52.78482515,4.78445629
Noord-Holland,IKC Driemaster,Burg Houwingsingel,2,1781 XD,DEN HELDER,0400,DEN HELDER,0223613153,primary,52.95111386,4.76327051
Noord-Holland,R.K.B.S. de Marinx,Zwarteweg,13-B,1735 GK,'T VELD,1911,HOLLANDS KROON,0226421890,primary,52.74005535,4.85270476
Noord-Holland,Titus Brandsma,Pienterpad,2,1775 AX,MIDDENMEER,1911,HOLLANDS KROON,0227501135,primary,52.80892882,4.99430469
Noord-Holland,St Aloysius,Langestraat,3,1741 HB,SCHAGEN,0441,SCHAGEN,0224850384,primary,52.78836604,4.8000935
Noord-Holland,De Tweewegen,Populierenlaan,27,1766 JD,WIERINGERWAARD,1911,HOLLANDS KROON,0224221631,primary,52.83560814,4.86624978
Noord-Holland,RK BS St. Antoniusschool,De Meet,1,1733 AZ,NIEUWE NIEDORP,1911,HOLLANDS KROON,0226411365,primary,52.74862404,4.90019934
Noord-Holland,De Rank,Iepenlaan,54,1741 TG,SCHAGEN,0441,SCHAGEN,0224212999,primary,52.79678006,4.79838965
Noord-Holland,Basisschool Op Avontuur,Sportstraat,3,1767 CD,KOLHORN,1911,HOLLANDS KROON,0224531236,primary,52.79202366,4.88851085
Noord-Holland,Basisschool De Kei,Elft,53,1777 AC,HIPPOLYTUSHOEF,1911,HOLLANDS KROON,0227591937,primary,52.9069718,4.96946981
Noord-Holland,De Snip,Dorpsstraat,146,1733 AR,NIEUWE NIEDORP,1911,HOLLANDS KROON,0226411488,primary,52.73623582,4.88999478
Noord-Holland,Basisschool de Vlieberg,Baljuwstraat,237,1785 SH,DEN HELDER,0400,DEN HELDER,0223660855,primary,52.93388143,4.77105569
Noord-Holland,Julianaschool,Julianalaan,2,1741 CL,SCHAGEN,0441,SCHAGEN,0224212788,primary,52.78469089,4.79690848
Noord-Holland,Basisschool 't Span,Robbenoordstraat,11,1779 BJ,DEN OEVER,1911,HOLLANDS KROON,0227511787,primary,52.93282369,5.03043624
Noord-Holland,Basisschool de Hofstee,Drooghe Bol,1004,1788 VA,JULIANADORP,0400,DEN HELDER,0223690073,primary,52.88504775,4.74364391
Noord-Holland,De Keerkring,Kastanjestraat,1,1741 WK,SCHAGEN,0441,SCHAGEN,0224212854,primary,52.79806576,4.80197873
Noord-Holland,OBS De Mient,De Meet,1,1733 AZ,NIEUWE NIEDORP,1911,HOLLANDS KROON,0226767008,primary,52.74862404,4.90019934
Noord-Holland,De Wielewaal,Merelstraat,46,1742 JM,SCHAGEN,0441,SCHAGEN,0224296008,primary,52.78482515,4.78445629
Noord-Holland,Openbare Basisschool de Peppel,Pienterpad,1,1775 AX,MIDDENMEER,1911,HOLLANDS KROON,0227501989,primary,52.8092433,4.99428704
Noord-Holland,Openbare Basisschool de Zilvermeeuw,Vogelzwin,23,1771 JG,WIERINGERWERF,1911,HOLLANDS KROON,0227600032,primary,52.85367018,5.03253994
Noord-Holland,Openbare Basisschool Triangel,Terpstraat,42,1771 AD,WIERINGERWERF,1911,HOLLANDS KROON,0227601954,primary,52.85369268,5.02204703
Noord-Holland,IKC Spoorbuurt,Nieuweweg,19,1761 EC,ANNA PAULOWNA,1911,HOLLANDS KROON,0223531460,primary,52.86610943,4.81461602
Noord-Holland,IKC de Bloeikas,Kemphaanweg,1,1756 BB,'T ZAND,0441,SCHAGEN,0224244000,primary,52.83476862,4.75903484
Noord-Holland,De Trimaran PC en RK Basisschool,Marsdiepstraat,278,1784 AW,DEN HELDER,0400,DEN HELDER,0223613191,primary,52.94350028,4.74078869
Noord-Holland,Basisschool De Kameleon,Middelzand,3501,1788 ES,JULIANADORP,0400,DEN HELDER,0223690078,primary,52.89614606,4.74613255
Noord-Holland,Openbare Basisschool Frankendael,Van Brederodestraat,2,1759 VJ,CALLANTSOOG,0441,SCHAGEN,0224581670,primary,52.83653652,4.70142513
Noord-Holland,Basisschool Torenven,Doorbraak,24,1749 AM,WARMENHUIZEN,0441,SCHAGEN,0226216020,primary,52.72120984,4.74621283
Noord-Holland,De Meerkoet,Schoolstraat,9,1746 AP,DIRKSHORN,0441,SCHAGEN,0224551624,primary,52.74784833,4.78108578
Noord-Holland,IKC De Kroon,De Verwachting,2,1761 VM,ANNA PAULOWNA,1911,HOLLANDS KROON,0223540903,primary,52.8613802,4.81710097
Noord-Holland,OBS De Zandhorst,De Verwachting,5,1761 VM,ANNA PAULOWNA,1911,HOLLANDS KROON,0223521462,primary,52.86133319,4.81723201
Noord-Holland,Openbare Basisschool De Brug,Maarten Breetstraat,1-B,1752 AG,SINT MAARTENSBRUG,0441,SCHAGEN,0224561790,primary,52.78236259,4.72471823
Noord-Holland,Openbare Basisschool 't Zwanenest,Jochem Blaauboerstraat,4,1751 CJ,SCHAGERBRUG,0441,SCHAGEN,0224571626,primary,52.80031591,4.76100323
Noord-Holland,Basisschool De Springschans,Schoolstraat,2,1755 NE,PETTEN,0441,SCHAGEN,0226381920,primary,52.76708026,4.66491799
Noord-Holland,Peetersschool,Richard Holstraat,8,1071 SM,AMSTERDAM,0363,AMSTERDAM,0206625997,primary,52.35213917,4.87761649
Noord-Holland,Basisschool M Wiegman,Zakedijkje,38,1862 HB,BERGEN NH,0373,BERGEN NH,0725894716,primary,52.66825297,4.71902777
Noord-Holland,Rooms Katholieke Basisschool St Adelbertus,Nieuwlandersingel,40,1814 CJ,ALKMAAR,0361,ALKMAAR,0725112562,primary,52.62721825,4.74673915
Noord-Holland,Rooms Katholieke Basisschool De Regenboog,Tochtwaard,14,1824 EZ,ALKMAAR,0361,ALKMAAR,0725610722,primary,52.64216479,4.75264633
Noord-Holland,Basisschool De Stek,Amalia van Solmsstraat,91,1814 NE,ALKMAAR,0361,ALKMAAR, ,primary,52.61868481,4.74058428
Noord-Holland,Rooms Katholieke Basisschool De Kring,Koornlaan,2,1815 GE,ALKMAAR,0361,ALKMAAR,0725117973,primary,52.63234031,4.73941938
Noord-Holland,Rooms Katholieke Basisschool St Matthias,Spieghelplein,45,1813 XV,ALKMAAR,0361,ALKMAAR,0725403606,primary,52.62465519,4.755902
Noord-Holland,Rooms katholieke Basisschool De Driemaster,Gabriel Metsulaan,36,1816 EP,ALKMAAR,0361,ALKMAAR,0725121006,primary,52.63459315,4.72248057
Noord-Holland,Rooms Katholieke Basisschool 't Baeken,Faktorij,123,1825 HC,ALKMAAR,0361,ALKMAAR,0725623275,primary,52.66060774,4.75964997
Noord-Holland,Rooms Katholieke Basisschool De Burijn,Stempelmakerstraat,20,1825 DP,ALKMAAR,0361,ALKMAAR,0725616433,primary,52.65300624,4.74763869
Noord-Holland,Rooms Katholieke Basisschool Het Kompas,Kofschipstraat,11,1826 CG,ALKMAAR,0361,ALKMAAR,0725614660,primary,52.65368784,4.7636044
Noord-Holland,Rooms Katholieke Basisschool Erasmus,J.M.P.de Biestraat,2-4,1827 PA,ALKMAAR,0361,ALKMAAR,0725624215,primary,52.67140318,4.76634467
Noord-Holland,De Lispeltuut,Damakker,3,1822 RP,ALKMAAR,0361,ALKMAAR,0725644596,primary,52.65627008,4.7710818
Noord-Holland,Antoniusschool voor Basisonderwijs,Teding van Berkhoutlaan,20,2111 ZC,AERDENHOUT,0377,BLOEMENDAAL,0235240508,primary,52.35924588,4.59852349
Noord-Holland,Basisschool De Scheepswerf,Christiaan v Abkoudestr,103,1132 AB,VOLENDAM,0385,EDAM-VOLENDAM,0299367767,primary,52.49962523,5.05068618
Noord-Holland,Sint Petrusbasisschool,Schoklandstraat,73,1131 KX,VOLENDAM,0385,EDAM-VOLENDAM,0229363955,primary,52.5041093,5.06755026
Noord-Holland,Basisschool de Blokwhere,Oosterom,1,1132 NA,VOLENDAM,0385,EDAM-VOLENDAM,0299363499,primary,52.50883038,5.07905758
Noord-Holland,Sint Jozef Basisschool,C J Conijnstraat,23,1131 DZ,VOLENDAM,0385,EDAM-VOLENDAM,0299364718,primary,52.49502447,5.07483118
Noord-Holland,De Samensprong,Edammerweg,54,1131 DR,VOLENDAM,0385,EDAM-VOLENDAM,0299363264,primary,52.49670815,5.06920886
Noord-Holland,'t Kofschip,Franekerlaan,23,1132 LE,VOLENDAM,0385,EDAM-VOLENDAM,0299320147,primary,52.51110569,5.06911998
Noord-Holland,Kindcentrum De Kiem,Prinses Marijkelaan,1,1934 EA,EGMOND AAN DEN HOEF,0373,BERGEN NH,0725061694,primary,52.62195725,4.65190337
Noord-Holland,Lourdesschool,Jisperweg,52,1464 NG,WESTBEEMSTER,0439,PURMEREND,0299681256,primary,52.5760607,4.89866466
Noord-Holland,De Hoge Akker,Dorpsstraat,35,1747 HA,TUITJENHORN,0441,SCHAGEN,0226391778,primary,52.73787698,4.74863587
Noord-Holland,Basisschool Sint Jan,Volleringweg,24,1738 BT,WAARLAND,0441,SCHAGEN,0226421461,primary,52.72498236,4.82914467
Noord-Holland,De Balein (Basisschool De Balein),Jan Ploegerlaan,1-A,1483 VR,DE RIJP,0361,ALKMAAR,0299671889,primary,52.55412379,4.84833512
Noord-Holland,Basisschool De Brug,Buurtweg,20,1921 CK,AKERSLOOT,0383,CASTRICUM,0251313761,primary,52.56403644,4.73157383
Noord-Holland,Basisschool Het Klimduin,Korhoendersweg,4,1873 JA,GROET,0373,BERGEN NH,0725091356,primary,52.72369859,4.67046353
Noord-Holland,Interconfessionele basisschool De Bonte Mol,Zuidje,10,1636 XC,SCHERMERHORN,0361,ALKMAAR,0725021201,primary,52.60024183,4.89003693
Noord-Holland,Familieschool,Jan Glijnisweg,61,1702 PA,HEERHUGOWAARD,1980,DIJK EN WAARD,0725714721,primary,52.65207095,4.84584033
Noord-Holland,Basisschool De Kerkuil,Lage Weide,2,1906 XC,LIMMEN,0383,CASTRICUM,0725057570,primary,52.57272037,4.70152332
Noord-Holland,St Radboud,Slimpad,18,1851 LB,HEILOO,0399,HEILOO,0725332530,primary,52.600587,4.70688837
Noord-Holland,Rooms Katholieke Basisschool De Doorbraak,Doorbraak,24,1749 AM,WARMENHUIZEN,0441,SCHAGEN,0226392673,primary,52.72120984,4.74621283
Noord-Holland,Rooms Katholieke Basisschool Benedictus,J.P. Hasebroekweg,21,1851 CK,HEILOO,0399,HEILOO,0725331857,primary,52.60464034,4.71875134
Noord-Holland,PJ Smitschool,Dreef,12-A,1701 GP,HEERHUGOWAARD,1980,DIJK EN WAARD,0725715730,primary,52.67006468,4.85089345
Noord-Holland,Rooms Katholieke Basisschool Sint Willibrord,Boekenstein,47,1852 WS,HEILOO,0399,HEILOO,0725320503,primary,52.60027827,4.68738996
Noord-Holland,RK Basissch De Paperclip,Van Eedenplein,7,1702 GW,HEERHUGOWAARD,1980,DIJK EN WAARD,0725715787,primary,52.66714397,4.8377867
Noord-Holland,Basisschool de Boomladder,Rozenlaan,6,1702 TG,HEERHUGOWAARD,1980,DIJK EN WAARD,0725715577,primary,52.66286397,4.83953576
Noord-Holland,Daltonschool Columbus,Weegbree,2,1705 RA,HEERHUGOWAARD,1980,DIJK EN WAARD,0725727111,primary,52.64153569,4.81751368
Noord-Holland,Kindcentrum De Vaart,Standerdmolen,2-8,1703 NK,HEERHUGOWAARD,1980,DIJK EN WAARD,0725716488,primary,52.65606822,4.82882011
Noord-Holland,Zevensprong,Saenredamlaan,2,1701 MD,HEERHUGOWAARD,1980,DIJK EN WAARD,0725717081,primary,52.67756381,4.85075367
Noord-Holland,Kindcentrum De Ontdekkers,De Hucht,6,1851 ZC,HEILOO,0399,HEILOO,0725339815,primary,52.59001828,4.71190588
Noord-Holland,De Zonnewijzer,Middenweg,30-A,1703 RC,HEERHUGOWAARD,1980,DIJK EN WAARD,0725721509,primary,52.65339464,4.81771189
Noord-Holland,Rooms-Katholieke Basisschool De Zeppelin,Anna Polaktuin,27,1705 JS,HEERHUGOWAARD,1980,DIJK EN WAARD,0725726782,primary,52.64625697,4.82661408
Noord-Holland,Basisschool Reflector,Keerkring,49,1705 SP,HEERHUGOWAARD,1980,DIJK EN WAARD,0725346226,primary,52.6467545,4.80718845
Noord-Holland,De Vlindertuin,Cornelia van Arkeldijk,24,1705 NP,HEERHUGOWAARD,1980,DIJK EN WAARD,0725720341,primary,52.64493947,4.82073379
Noord-Holland,Het Kleurenorkest,Hogeweg,55,1906 CC,LIMMEN,0383,CASTRICUM,0725054606,primary,52.56916329,4.68776283
Noord-Holland,De Nieuwe Draai,Oosterweg,49,1706 BT,HEERHUGOWAARD,1980,DIJK EN WAARD,0722040448,primary,52.66221771,4.85793903
Noord-Holland,RK Basissch Tweemaster,Holleblok,8,1273 EG,HUIZEN,0406,HUIZEN,0355250955,primary,52.30170562,5.25479852
Noord-Holland,De Springplank,Aristoteleslaan,135,1277 AV,HUIZEN,0406,HUIZEN,0355256960,primary,52.29842881,5.27982596
Noord-Holland,Rooms Katholieke Basisschool De Hoeksteen,Roerdompplein,9,1602 RW,ENKHUIZEN,0388,ENKHUIZEN,0228313662,primary,52.71125781,5.2803541
Noord-Holland,Jozefschool,Zandbergen,2,1671 MA,MEDEMBLIK,0420,MEDEMBLIK,0227542146,primary,52.76169872,5.10351052
Noord-Holland,St Nicolaas school,Ganker,1,1688 CR,NIBBIXWOUD,0420,MEDEMBLIK,0229571627,primary,52.69080227,5.05850218
Noord-Holland,RK Basisschool de Caegh,Laan van Meerweijde,2,1713 BM,OBDAM,1598,KOGGENLAND,0226451375,primary,52.67353587,4.90931313
Noord-Holland,Basisschool Gerardus Majella,Sportlaan,12,1693 CZ,WERVERSHOOF,0420,MEDEMBLIK,0228582338,primary,52.74352707,5.14065966
Noord-Holland,Basisschool De Schelp,Europasingel,110,1693 GV,WERVERSHOOF,0420,MEDEMBLIK,0228581761,primary,52.73338441,5.15472778
Noord-Holland,BAVO-School,Middengouw,13,1645 PN,URSEM,1598,KOGGENLAND,0725021422,primary,52.62689507,4.89388386
Noord-Holland,Rooms Katholieke Basisschool Sint Lidwina,Zwaagdijk,423,1685 PD,ZWAAGDIJK-WEST,0420,MEDEMBLIK,0229573134,primary,52.67337334,5.05404987
Noord-Holland,Rooms Katholieke Basisschool Sint Jozef,Zwaagdijk,204,1682 NP,ZWAAGDIJK-OOST,0420,MEDEMBLIK,0228581424,primary,52.70204346,5.12469495
Noord-Holland,Petrus Canisiusschool,Vekenweg,4,1663 BA,DE WEERE,0432,OPMEER,0229581335,primary,52.72125126,5.00000817
Noord-Holland,Rooms Katholieke Basisschool St Bernadette,Zuidermeerweg,58,1652 CV,ZUIDERMEER,1598,KOGGENLAND,0229561456,primary,52.66430571,4.97441221
Noord-Holland,Jozef en Mariaschool,Pieter Koppesstraat,14,1641 LS,SPIERDIJK,1598,KOGGENLAND,0229561493,primary,52.65054467,4.94190834
Noord-Holland,Rooms Katholieke Basisschool Pancratius,Doelenstraat,17,1601 GL,ENKHUIZEN,0388,ENKHUIZEN,0228312846,primary,52.70276447,5.28857708
Noord-Holland,Basisschool Maria,Bagijnhof,39,1671 CC,MEDEMBLIK,0420,MEDEMBLIK,0227541488,primary,52.771849,5.10311173
Noord-Holland,Basisschool Sint Hieronymus,Kerkweg,16,1687 PJ,WOGNUM,0420,MEDEMBLIK,0229571539,primary,52.68526034,5.01424098
Noord-Holland,Rooms Katholieke Basisschool De Bangert,Hooijschuurstraat,2,1619 CT,ANDIJK,0420,MEDEMBLIK,0228592361,primary,52.73787004,5.17976925
Noord-Holland,Rooms Katholieke Basisschool De stek,Veldstralaan,4,1715 EP,SPANBROEK,0432,OPMEER,0226351217,primary,52.69954088,4.94790805
Noord-Holland,Rooms Katholieke Basisschool De Ark,Burgemeester Kooimanweg,1,1711 KK,HENSBROEK,1598,KOGGENLAND,0226452072,primary,52.65862023,4.88626342
Noord-Holland,Basisschool St Werenfridus,Dorpsstraat,75-77,1693 AC,WERVERSHOOF,0420,MEDEMBLIK,0228581739,primary,52.72981668,5.15898702
Noord-Holland,De Sprankeling,Buitenroede,12,1633 GZ,AVENHORN,1598,KOGGENLAND,0229343500,primary,52.62280793,4.95431207
Noord-Holland,Basisschool St Wulfram,Burg Heymansstraat,8,1718 AN,HOOGWOUD,0432,OPMEER,0226355843,primary,52.71399681,4.93744019
Noord-Holland,Julianaschool,Willem Kalfflaan,3,1401 CL,BUSSUM,1942,GOOISE MEREN,0356911994,primary,52.27805326,5.18110525
Noord-Holland,Christelijke Nationale Basisschool Warin,Overmeerseweg,36,1394 BD,NEDERHORST DEN BERG,1696,WIJDEMEREN,0294251351,primary,52.2614542,5.04547739
Noord-Holland,Protestants Christelijke Basisschool De Regenboog,Elbert Mooijlaan,86,1241 BE,KORTENHOEF,1696,WIJDEMEREN,0356560408,primary,52.24264044,5.11368953
Noord-Holland,IKC-Wereldwijs,Laan van Eikenrode,51,1231 BN,LOOSDRECHT,1696,WIJDEMEREN,0355821848,primary,52.20344633,5.13900317
Noord-Holland,Rehobothschool,Westwalstraat,49,1411 PD,NAARDEN,1942,GOOISE MEREN,0356946240,primary,52.29396009,5.16011911
Noord-Holland,De Zonnewijzer,Lange Heul,149-B,1403 NH,BUSSUM,1942,GOOISE MEREN,0356989339,primary,52.26336956,5.16853059
Noord-Holland,Christelijke Basisschool Avonturijn,De Melkfabriek,5,1221 CE,HILVERSUM,0402,HILVERSUM,0356859913,primary,52.22987947,5.18674485
Noord-Holland,Flore,Banckertlaan,130,1215 RH,HILVERSUM,0402,HILVERSUM,0356244375,primary,52.21077817,5.15059548
Noord-Holland,Nassauschool,Merelstraat,45,1223 NS,HILVERSUM,0402,HILVERSUM,0356858172,primary,52.22349288,5.19447325
Noord-Holland,Wilhelminaschool,Gijsbrecht van Amstelstr,4,1213 CK,HILVERSUM,0402,HILVERSUM,0356215840,primary,52.21600797,5.18150748
Noord-Holland,Julianaschool Kwartellaan,Kwartellaan,4,1403 BE,BUSSUM,1942,GOOISE MEREN,0356911278,primary,52.26980205,5.18782971
Noord-Holland,Stichting Joodse Kindergemeenschap Cheider,Zeelandstraat,11,1082 BV,AMSTERDAM,0363,AMSTERDAM,0206465564,primary,52.3267993,4.87893409
Noord-Holland,Eerste Montessorischool,Kaj Munkweg,45,2131 RV,HOOFDDORP,0394,HAARLEMMERMEER,0235611500,primary,52.30930561,4.67883994
Noord-Holland,Montessorischool Floriande,Deltaweg,103,2134 XS,HOOFDDORP,0394,HAARLEMMERMEER,0235619792,primary,52.30952833,4.6377748
Noord-Holland,Lubertischool,Brink,29,1796 AH,DE KOOG,0448,TEXEL,0222317778,primary,53.09674252,4.75985444
Noord-Holland,Protestant Christelijke Basisschool De Fontein,Emmalaan,47,1791 AT,DEN BURG,0448,TEXEL,0222313598,primary,53.05049731,4.79854304
Noord-Holland,Gideonschool Basisschool Protestants Christelijk Onderwijs,Princenhof,2,1611 WS,BOVENKARSPEL,0532,STEDE BROEC,0228520344,primary,52.68967033,5.23786391
Noord-Holland,De Wegwijzer-Basisschool School met de Bijbel,Hazepad,4,1674 NP,OPPERDOES,0420,MEDEMBLIK,0227543553,primary,52.75955181,5.07567465
Noord-Holland,Protestants Christelijke Basisschool De Regenboog,Stroet,72,1744 GL,SINT MAARTEN,0441,SCHAGEN,0224551652,primary,52.75206807,4.76250779
Noord-Holland,Basisschool Het Koggeschip,Koggenlaan,35,1671 KH,MEDEMBLIK,0420,MEDEMBLIK,0227542948,primary,52.76489229,5.10870492
Noord-Holland,Idenburgschool,Dijkweg,30,1619 HB,ANDIJK,0420,MEDEMBLIK,0228591463,primary,52.7437595,5.242736
Noord-Holland,Dr A Kuyperschool,Buttervin,1,1619 DB,ANDIJK,0420,MEDEMBLIK,0228592983,primary,52.74647544,5.21636209
Noord-Holland,Protestants Christelijke Basisschool Enkhuizen,Toereppel,21,1602 KG,ENKHUIZEN,0388,ENKHUIZEN,0228314808,primary,52.71259709,5.26855858
Noord-Holland,De Ark,Vincent van Goghlaan,2,1741 JR,SCHAGEN,0441,SCHAGEN,0224212933,primary,52.79206891,4.7973493
Noord-Holland,Protestants Christelijke Basisschool het Baken,Sternstraat,29,1771 AN,WIERINGERWERF,1911,HOLLANDS KROON,0227603466,primary,52.8535584,5.02649863
Noord-Holland,Basisschool De Wegwijzer,Pienterpad,3,1775 AX,MIDDENMEER,1911,HOLLANDS KROON,0227502113,primary,52.80873288,4.99484034
Noord-Holland,Het Creiler Woud,Bollenstraat,66,1773 AK,KREILEROORD,1911,HOLLANDS KROON,0227663536,primary,52.84400658,5.08356957
Noord-Holland,Basisschool Schoter Duyn,Heiligharn,125,1785 SZ,DEN HELDER,0400,DEN HELDER,0683544639,primary,52.93391219,4.77429025
Noord-Holland,Basisschool Koningin Juliana,Lombokstraat,2-B,1782 SR,DEN HELDER,0400,DEN HELDER,0223619293,primary,52.95809375,4.7503136
Noord-Holland,Basisschool De Fontein,IJsselmeerstraat,184,1784 MA,DEN HELDER,0400,DEN HELDER,0223660731,primary,52.9371703,4.74820081
Noord-Holland,Basisschool De Rank,Drooghe Bol,1007,1788 VA,JULIANADORP,0400,DEN HELDER,0223690075,primary,52.88522034,4.74164825
Noord-Holland,Basisschool De Verrekijker,Vogelzand,4104,1788 MJ,JULIANADORP,0400,DEN HELDER,0223690074,primary,52.89240784,4.73753467
Noord-Holland,Montessori Bassisschool,Admiraliteitsweg,40,1601 ED,ENKHUIZEN,0388,ENKHUIZEN,0228203000,primary,52.69987166,5.28061846
Noord-Holland,Dr J P Thijsseschool,Emmalaan,47,1791 AT,DEN BURG,0448,TEXEL,0222313879,primary,53.05049731,4.79854304
Noord-Holland,Openbare Basisschool Durperhonk,Klimpstraat,27,1795 AL,DE COCKSDORP,0448,TEXEL,0222316516,primary,53.15551926,4.86726761
Noord-Holland,De Vliekotter,Vliestraat,26,1794 AV,OOSTEREND NH,0448,TEXEL,0222318903,primary,53.08571747,4.87111418
Noord-Holland,De Bruinvis,Trompstraat,1,1792 BJ,OUDESCHILD,0448,TEXEL,0222313893,primary,53.03600115,4.8465444
Noord-Holland,Vrije School Stella Maris,Emmalaan,47,1791 AT,DEN BURG,0448,TEXEL,0222312073,primary,53.05049731,4.79854304
Noord-Holland,Jenaplanschool De Nieuwe Kring,Prinses Beatrixlaan,156-C,1111 GH,DIEMEN,0384,DIEMEN,0206954488,primary,52.33945164,4.96858117
Noord-Holland,Oecumenische daltonschool De Rivieren,Lekstraat,35-37,1079 EM,AMSTERDAM,0363,AMSTERDAM,0206641267,primary,52.3439442,4.90358896
Noord-Holland,Oecumenische basisschool De Catamaran,Bentinckstraat,78,1051 GN,AMSTERDAM,0363,AMSTERDAM,0206840200,primary,52.38325446,4.8713397
Noord-Holland,Oecumenische basisschool Het Museumkwartier,Van de Veldestraat,10,1071 CW,AMSTERDAM,0363,AMSTERDAM,0206795827,primary,52.35897068,4.87990151
Noord-Holland,Oecumenische Basisschool Frankendael,Hogeweg,61,1098 CA,AMSTERDAM,0363,AMSTERDAM,0204638100,primary,52.35634428,4.93484575
Noord-Holland,Oecumenische basisschool Oranje Nassau,Ribesstraat,13-15,1032 JR,AMSTERDAM,0363,AMSTERDAM,0206360005,primary,52.39349238,4.91536438
Noord-Holland,Oecumenische basisschool Nautilus,Theophile de Bockstraat,100-C,1058 VC,AMSTERDAM,0363,AMSTERDAM,0206173656,primary,52.35515411,4.84612548
Noord-Holland,Oecumenische basisschool De Driemaster,Binnenvaart,1,1034 SG,AMSTERDAM,0363,AMSTERDAM,0206319882,primary,52.40769951,4.92086004
Noord-Holland,Oecumenische basisschool De Immanuel,Jan de Louterstraat,92,1063 KX,AMSTERDAM,0363,AMSTERDAM,0206131883,primary,52.3802633,4.8180097
Noord-Holland,Oecumenische basisschool Onze Amsterdamse School,Revaleiland,1-A,1014 ZG,AMSTERDAM,0363,AMSTERDAM,0206829907,primary,52.39264819,4.87845386
Noord-Holland,Oecumenische basisschool de Visserschool,Columbusplein,34,1057 VB,AMSTERDAM,0363,AMSTERDAM,0206180481,primary,52.3668077,4.85526272
Noord-Holland,Oecumenische basisschool Ichthus,Louis Davidsstraat,101,1068 SJ,AMSTERDAM,0363,AMSTERDAM,0206191243,primary,52.3525595,4.81056333
Noord-Holland,Oecumenische basisschool Dr Rijk Kramer,Nassaukade,124,1052 EC,AMSTERDAM,0363,AMSTERDAM,0206820837,primary,52.37378567,4.8743868
Noord-Holland,IKC Het Talent,Notweg,36,1068 LL,AMSTERDAM,0363,AMSTERDAM,0206190094,primary,52.36343512,4.80096597
Noord-Holland,Oecumenische basisschool Timotheusschool,Sam van Houtenstraat,2,1067 JM,AMSTERDAM,0363,AMSTERDAM,0206132699,primary,52.37947935,4.80535199
Noord-Holland,Oecumenische basisschool Pro Rege,Hemsterhuisstraat,87-A,1065 JX,AMSTERDAM,0363,AMSTERDAM,0206152736,primary,52.36092523,4.82322676
Noord-Holland,Oecumenische basisschool De Johannes,Evertsweertplantsoen,3-B,1069 RK,AMSTERDAM,0363,AMSTERDAM,0206190466,primary,52.35605217,4.79347559
Noord-Holland,Oecumenische basisschool Pro Rege Noorderhof,Louis Couperusstraat,129,1064 CE,AMSTERDAM,0363,AMSTERDAM,0206133545,primary,52.37572349,4.82466649
Noord-Holland,Oecumenische  basisschool Atlantis,Schuitenhuisstraat,5,1069 WK,AMSTERDAM,0363,AMSTERDAM,0206670001,primary,52.3575251,4.78683469
Noord-Holland,Oecumenische basisschool De Kinderboom,Adelaarsweg,113,1021 BZ,AMSTERDAM,0363,AMSTERDAM,0206368172,primary,52.38860742,4.92026762
Noord-Holland,Oecumenische basisschool DOK10,Rode Kruisstraat,10,1025 KN,AMSTERDAM,0363,AMSTERDAM,0206367723,primary,52.39470441,4.93223093
Noord-Holland,Oecumenische basisschool De Vijf Sterren,Markengouw,245-A,1024 EA,AMSTERDAM,0363,AMSTERDAM,0206367624,primary,52.39429711,4.95911825
Noord-Holland,Oecumenische basisschool De Odyssee,Cycladenlaan,2-A,1060 LW,AMSTERDAM,0363,AMSTERDAM,0206671762,primary,52.34883887,4.7930452
Noord-Holland,Oecumenische basisschool De Poseidon,Franz Zieglerstraat,7,1087 HN,AMSTERDAM,0363,AMSTERDAM,0204167238,primary,52.35334042,5.00708215
Noord-Holland,Hildebrand Van Loonschool,Hondecoeterstraat,6,1071 LR,AMSTERDAM,0363,AMSTERDAM,0206760625,primary,52.35462004,4.87767608
Noord-Holland,De Nieuwe School Basisschool,Voorhaven,114,1135 BT,EDAM,0385,EDAM-VOLENDAM,0299371035,primary,52.51313773,5.05309276
Noord-Holland,Vrije School Michael,Esther de Boer-V Rijkln,24,1403 GD,BUSSUM,1942,GOOISE MEREN,0356931967,primary,52.26668544,5.18595673
Noord-Holland,Elckerlyc Basisschool voor Freinetonderwijs,Boekenstein,45,1852 WS,HEILOO,0399,HEILOO,0725321585,primary,52.59954231,4.68711059
Noord-Holland,Koningin Wilhelmina-School Protestants Christelijk Onderwijs,Dompvloedslaan,114,2051 NG,OVERVEEN,0377,BLOEMENDAAL,0235256266,primary,52.39376692,4.61740529
Noord-Holland,Sint Adalbertusschool voor Basisonderwijs,Claes van Kietenstraat,2,2064 XT,SPAARNDAM,0394,HAARLEMMERMEER,0235372423,primary,52.41261298,4.68643788
Noord-Holland,I H van Eeghenschool voor Christelijk Basisonderwijs,Van Lennepweg,2,2111 HV,AERDENHOUT,0377,BLOEMENDAAL,0235242981,primary,52.36082732,4.59174216
Noord-Holland,Willinkschool,Rijksstraatweg,89,2121 AD,BENNEBROEK,0377,BLOEMENDAAL,0235846505,primary,52.32154186,4.59190312
Noord-Holland,Basisschool Bos en Duin,Bos en Duinlaan,1-A,2061 VM,BLOEMENDAAL,0377,BLOEMENDAAL,0235257876,primary,52.40689871,4.61761295
Noord-Holland,Prinses Beatrixschool voor Christelijk Basisonderwijs,Von Brucken Focklaan,2,2102 XC,HEEMSTEDE,0397,HEEMSTEDE,0235471931,primary,52.35186632,4.63101549
Noord-Holland,Nicolaas Beetsschool voor Christelijk Basisonderwijs,Sportparklaan,1,2103 VR,HEEMSTEDE,0397,HEEMSTEDE,0235286244,primary,52.33866401,4.62352354
Noord-Holland,Valeo,Alexander Flemingstraat,39,2035 EC,HAARLEM,0392,HAARLEM,0235335723,primary,52.36216627,4.65874323
Noord-Holland,De Meer,Erasmuslaan,1,2037 LA,HAARLEM,0392,HAARLEM,0235337374,primary,52.3542113,4.66447607
Noord-Holland,Dreefschool voor Protestants Christelijk Basisonderwijs,Dreef,20,2012 HS,HAARLEM,0392,HAARLEM,0235312912,primary,52.37330718,4.62964457
Noord-Holland,De Ark,Velserstraat,17,2023 EA,HAARLEM,0392,HAARLEM,0235250033,primary,52.39240016,4.63213736
Noord-Holland,Willem van Oranjeschool voor Protestants Christelijkg Basisonderwijs,Rozenhagenstraat,15,2021 CG,HAARLEM,0392,HAARLEM,0235251133,primary,52.38871734,4.64576864
Noord-Holland,Koningin Emmaschool,Roerdompplein,19,2025 CS,HAARLEM,0392,HAARLEM,0235370413,primary,52.41102217,4.65387902
Noord-Holland,Dr H Bavinckschool,Ambachtstraat,1,2024 EB,HAARLEM,0392,HAARLEM,0235257306,primary,52.40686813,4.64799287
Noord-Holland,Oranje Nassauschool,Lijsterstraat,1,2042 CH,ZANDVOORT,0473,ZANDVOORT,0235714325,primary,52.36944999,4.53340582
Noord-Holland,Rooms Katholieke Basisschool St Bernardus,Bernard Zweersstraat,1,2033 DE,HAARLEM,0392,HAARLEM,0235333337,primary,52.37506887,4.65401525
Noord-Holland,Rooms katholieke Basisschool Don Bosco,Floris van Adrichemlaan,100,2035 VD,HAARLEM,0392,HAARLEM,0235330376,primary,52.36430416,4.6624571
Noord-Holland,Basisschool St Franciscus,Nagtzaamstraat,88,2032 TH,HAARLEM,0392,HAARLEM,0235402376,primary,52.37814542,4.64948578
Noord-Holland,Rooms Katholieke Basisschool Mgr Huibers,Vilniusstraat,2,2034 EM,HAARLEM,0392,HAARLEM,0235361331,primary,52.35593263,4.64463787
Noord-Holland,Rooms katholieke Basisschool Veronica,Antoniestraat,28,2011 CR,HAARLEM,0392,HAARLEM,0235364092,primary,52.37796185,4.63986557
Noord-Holland,Rooms katholiek Basisschool St Bavo,Eemstraat,15,2025 RD,HAARLEM,0392,HAARLEM,0235378108,primary,52.41302185,4.64936566
Noord-Holland,Rooms katholieke Basisschool St Liduina,Timorstraat,17,2022 RA,HAARLEM,0392,HAARLEM,0235256131,primary,52.40078133,4.6460541
Noord-Holland,Cornelis Vrijschool voor Basisonderwijs,Van de Veldestraat,3,1071 CW,AMSTERDAM,0363,AMSTERDAM,0206623754,primary,52.35959043,4.87980634
Noord-Holland,Montessori Basisschool,Laan van Blois,100,1943 MN,BEVERWIJK,0375,BEVERWIJK,0251227069,primary,52.48961177,4.64403525
Noord-Holland,Bloemendaalse Schoolvereniging,Lage Duin en Daalseweg,17,2061 BB,BLOEMENDAAL,0377,BLOEMENDAAL,0235256205,primary,52.40568592,4.610688
Noord-Holland,Haarlemse Montessorischool voor Basisonderwijs,Louise de Colignylaan,3,2012 SR,HAARLEM,0392,HAARLEM,0235281624,primary,52.36392992,4.63218448
Noord-Holland,Hilversumse Schoolvereniging,Frans Halslaan,70,1213 BM,HILVERSUM,0402,HILVERSUM,0356245076,primary,52.21650981,5.18083923
Noord-Holland,Godelindeschool voor Basisonderwijs,Mozartlaan,6,1217 CN,HILVERSUM,0402,HILVERSUM,0356242220,primary,52.23647915,5.15711257
Noord-Holland,Flevo school,Bovenlangewijnseweg,4,1272 BX,HUIZEN,0406,HUIZEN,0355253410,primary,52.29578243,5.22236588
Overijssel,Terrawijs Deventer,Splithofstraat,1,7415 CD,DEVENTER,0150,DEVENTER, ,primary,52.26816465,6.15772646
Overijssel,Kindcentrum Het Palet,Spijkerpad,1,7415 AR,DEVENTER,0150,DEVENTER,0570606755,primary,52.26398792,6.16094978
Overijssel,Openbare Basisschool De Schakel,Lindenlaan,62,7681 RG,VROOMSHOOP,1700,TWENTERAND,0546642431,primary,52.46591741,6.55886478
Overijssel,Kindcentrum Montessori,Jan Janslaan,4,7602 VV,ALMELO,0141,ALMELO,0546870924,primary,52.37125349,6.66304644
Overijssel,Interconfessionele Basisschool Wereldwijzer,Eikvaren,41,7422 NR,DEVENTER,0150,DEVENTER,0570652743,primary,52.24592524,6.21160732
Overijssel,Daltonschool Reggewinde,Morgenster,2,7443 LA,NIJVERDAL,0163,HELLENDOORN,0548617316,primary,52.37835558,6.48309972
Overijssel,Kindcentrum Widerode,Marjoleinlaan,41,7641 EN,WIERDEN,0189,WIERDEN,0546572642,primary,52.35883082,6.60509494
Overijssel,Interconfessionele Basisschool De Windroos,Broederenstraat,16,7411 LB,DEVENTER,0150,DEVENTER,0570611216,primary,52.2540647,6.15716198
Overijssel,Openbare Basisschool Blokstoeke,Oranjestraat,2-B,7676 BH,WESTERHAAR-VRIEZENV WIJK,1700,TWENTERAND,0546659418,primary,52.45758223,6.62164632
Overijssel,De Steenuil,Wezenland,582,7415 JM,DEVENTER,0150,DEVENTER,0570625441,primary,52.27256633,6.16951495
Overijssel,Basisschool Dijkerhoek,Dijkerhoekseweg,30,7451 LV,HOLTEN,1742,RIJSSEN-HOLTEN,0548363602,primary,52.28064557,6.35055532
Overijssel,OBS Weemewereld,Koningshof,8,7672 GE,VRIEZENVEEN,1700,TWENTERAND,0546562340,primary,52.41559937,6.62172757
Overijssel,Rooms Katholieke Basisschool Adwaita,Jacob van Deventerstraat,10,7412 EV,DEVENTER,0150,DEVENTER,0570616678,primary,52.26562906,6.14212737
Overijssel,Openbare Daltonbasisschool de Holterenk,Dorsmolen,1,7451 AW,HOLTEN,1742,RIJSSEN-HOLTEN,0548363916,primary,52.28341727,6.42993728
Overijssel,Haarschool,Koningin Wilhelminastr,15,7451 DZ,HOLTEN,1742,RIJSSEN-HOLTEN,0548362847,primary,52.27789203,6.41512361
Overijssel,Kindcentrum Kleurrijk,Zwaluwenburg,6,7423 DS,DEVENTER,0150,DEVENTER,0570651321,primary,52.25460042,6.20818327
Overijssel,Kindcentrum de Zonnewijzer,Molenweg,53,7431 BH,DIEPENVEEN,0150,DEVENTER,0570591588,primary,52.29322201,6.14779988
Overijssel,Daltonschool Reggewijs,P C Stamstraat,2-B,7442 ZC,NIJVERDAL,0163,HELLENDOORN,0548616706,primary,52.35624183,6.47467466
Overijssel,Kindcentrum TROTZ!,De Koolmees,57,7671 VW,VRIEZENVEEN,1700,TWENTERAND,0546563968,primary,52.40275782,6.61462033
Overijssel,Basisschool Sint Egbertus,Arendsboerweg,5,7601 BA,ALMELO,0141,ALMELO,0546815056,primary,52.34761758,6.66267488
Overijssel,De Noorderborch,Havezathe,99,7608 CL,ALMELO,0141,ALMELO,0546862244,primary,52.38055549,6.68628692
Overijssel,Basisschool De Wereldboom,Bosrand,6,7602 CH,ALMELO,0141,ALMELO,0546865366,primary,52.36519387,6.65899569
Overijssel,Kindcentrum De Compaan,Maardijk,83-A,7606 KT,ALMELO,0141,ALMELO,0546456714,primary,52.3425963,6.64726769
Overijssel,Katholieke basisschool de Vijf-er,Leonard Springerlaan,310,7424 DE,DEVENTER,0150,DEVENTER,0570657002,primary,52.26445767,6.22143903
Overijssel,Daltonschool de Rank,Andriessenplein,12,7425 GX,DEVENTER,0150,DEVENTER,0570657056,primary,52.25976225,6.22572382
Overijssel,Rehoboth,Jan van Nassaustraat,3,8281 ZC,GENEMUIDEN,1896,ZWARTEWATERLAND,0383854847,primary,52.62231034,6.04344576
Overijssel,Eben Haezerschool,Greente,87,8281 KN,GENEMUIDEN,1896,ZWARTEWATERLAND,0383856619,primary,52.62547309,6.03327494
Overijssel,Basisschool De Albatros,Kievitstraat,63,7471 EL,GOOR,1735,HOF VAN TWENTE,0547273806,primary,52.23903098,6.57330834
Overijssel,Basisschool Heeckeren,Kloosterlaan,60,7471 BC,GOOR,1735,HOF VAN TWENTE,0547261418,primary,52.23888795,6.59332826
Overijssel,Rooms Katholieke Petrusschool,Bekkampstraat,49,7496 AH,HENGEVELDE,1735,HOF VAN TWENTE,0547333420,primary,52.19879146,6.63542855
Overijssel,Basisschool Paus Joannes,Benninkstraat,12,7481 DL,HAAKSBERGEN,0158,HAAKSBERGEN,0535721808,primary,52.15772409,6.74535668
Overijssel,Basisschool Pius X,W.H.Jordaansingel,20,7481 GP,HAAKSBERGEN,0158,HAAKSBERGEN,0535721396,primary,52.15056461,6.73632722
Overijssel,Basisschool Sint Bonifatius,Lijsterstraat,11,7481 BD,HAAKSBERGEN,0158,HAAKSBERGEN,0535722379,primary,52.16281745,6.75265941
Overijssel,Basisschool De Kameleon,Bartokstraat,56,7482 TW,HAAKSBERGEN,0158,HAAKSBERGEN,0535722874,primary,52.1648416,6.74415446
Overijssel,Basisschool Het palet,Adriaen Brouwerstraat,2,7482 ZK,HAAKSBERGEN,0158,HAAKSBERGEN,0535723993,primary,52.16093822,6.72792821
Overijssel,Basisschool Honesch,Hasseltweg,10,7481 VB,HAAKSBERGEN,0158,HAAKSBERGEN,0535721548,primary,52.1404482,6.73429751
Overijssel,Basisschool Buurse,De Noor,101,7481 RL,HAAKSBERGEN,0158,HAAKSBERGEN,0535696363,primary,52.14671319,6.83226811
Overijssel,Basisschool Sint Bonifacius,Beckummerweg,9,7482 SR,HAAKSBERGEN,0158,HAAKSBERGEN,0743575357,primary,52.17815618,6.70170409
Overijssel,Basisschool Los Hoes,Hassinkborgh,16,7483 CT,HAAKSBERGEN,0158,HAAKSBERGEN,0535743822,primary,52.17021554,6.74016713
Overijssel,IKC Magenta,Langestraat,118-B,7491 AK,DELDEN,1735,HOF VAN TWENTE,0743762350,primary,52.26122655,6.70229502
Overijssel,OEC Basisschool De Welp,J. Ooststraat,13,7475 CX,MARKELO,1735,HOF VAN TWENTE,0547361885,primary,52.23843083,6.5012806
Overijssel,IKC Bentelwijz,Burg Buijvoetsplein,70,7497 LD,BENTELO,1735,HOF VAN TWENTE,0547292492,primary,52.22328463,6.68101734
Overijssel,Prins Constantynschool voor Basisonderwijs,Rozenstraat,4,7471 JN,GOOR,1735,HOF VAN TWENTE,0547272090,primary,52.23284085,6.59011353
Overijssel,Basisschool St. Aegidius,Hertmerweg,26,7626 LW,HERTME,0147,BORNE,0742664946,primary,52.32027506,6.76050625
Overijssel,Basisschool De Optimist,Fioringras,4,7623 DR,BORNE,0147,BORNE,0742672050,primary,52.3074339,6.75862809
Overijssel,IKC Erve Hooyerinck,Hooijerinksplein,9,7491 DP,DELDEN,1735,HOF VAN TWENTE,0743762046,primary,52.25791261,6.7150268
Overijssel,Basisschool Letteborg,Anemoon,26,7621 AZ,BORNE,0147,BORNE,0742662286,primary,52.30023538,6.74320847
Overijssel,De Bron,Henry Woodstraat,70,7558 CP,HENGELO OV,0164,HENGELO,0742771928,primary,52.28593615,6.82909153
Overijssel,Beekpark,Bongerdsweg,2,7623 AJ,BORNE,0147,BORNE,0742663313,primary,52.29931263,6.77041888
Overijssel,Rooms Katholieke Basisschool Flora,Meidoornhof,2,7621 CL,BORNE,0147,BORNE,0742672030,primary,52.29380578,6.74204989
Overijssel,Rooms Katholieke Basisschool de Wheele,Welemanstraat,21,7622 HB,BORNE,0147,BORNE,0742661804,primary,52.29286571,6.76484769
Overijssel,Protestants Christelijke Basisschool de Rank,Elritsplein,100,7559 HR,HENGELO OV,0164,HENGELO,0742782970,primary,52.29473799,6.81600242
Overijssel,Katholieke Basisschool de Vonder,H.F. Roetgerinklaan,1,7623 AX,BORNE,0147,BORNE,0742659111,primary,52.29952874,6.77252894
Overijssel,Willem De Zwijgerschool,Bergerslag,22,7951 DS,STAPHORST,0180,STAPHORST,0522462139,primary,52.64207763,6.2134151
Overijssel,Ds Harmen Doornveldschool,Jan Arendsland,5,7951 LD,STAPHORST,0180,STAPHORST,0522462633,primary,52.64681038,6.19513688
Overijssel,Prins Mauritsschool,Gemeenteweg,326-A,7951 PE,STAPHORST,0180,STAPHORST,0522461325,primary,52.65295729,6.23047862
Overijssel,Willem Alexanderschool,Adm WG van Nesstraat,12,7951 AL,STAPHORST,0180,STAPHORST,0522461616,primary,52.64897825,6.202132
Overijssel,Dr Maarten Lutherschool,Mr JB Kanlaan,32,7715 PM,PUNTHORST,0180,STAPHORST,0529481264,primary,52.61234504,6.26458674
Overijssel,Christelijke Basisschool De Driester,Kamperzeedijk,18,8281 PG,GENEMUIDEN,1896,ZWARTEWATERLAND,0383446550,primary,52.59819979,6.00340979
Overijssel,Nederlandsche Islamitische Basisschool Al Ummah,Javastraat,6,7512 ZJ,ENSCHEDE,0153,ENSCHEDE,0534319935,primary,52.21300006,6.89697663
Overijssel,de Zonnebloem,Andriessenplein,22,7425 GX,DEVENTER,0150,DEVENTER,0570671813,primary,52.26025909,6.22499437
Overijssel,Christelijke Nationale School Windesheim,Kloosterdijk,150,7693 PR,SIBCULO,0160,HARDENBERG,0523241318,primary,52.48369581,6.62980973
Overijssel,Christelijke Nationale School Ommerkanaal,Ommerkanaal Oost,30,7731 TT,OMMEN,0175,OMMEN,0523613164,primary,52.56409366,6.43387497
Overijssel,Christelijke Nationale School voor Basisonderwijs,Staphorster Kerkweg,38,7951 JS,STAPHORST,0180,STAPHORST,0522461632,primary,52.63706989,6.21758717
Overijssel,Montessorischool Haaksbergen,Weertseriet,19,7481 BC,HAAKSBERGEN,0158,HAAKSBERGEN,0535724076,primary,52.16479215,6.75368462
Overijssel,Dr Schaepman-School,Triangel,22,8265 RG,KAMPEN,0166,KAMPEN,0383326602,primary,52.54380297,5.90787408
Overijssel,Rooms Katholieke Basisschool Sint Martinus,Wheeme,12,8325 AE,VOLLENHOVE,1708,STEENWIJKERLAND,0527241670,primary,52.67843608,5.94669221
Overijssel,Monseigneur Zwijsen-School,Oudestraat,244,8261 CB,KAMPEN,0166,KAMPEN,0383314722,primary,52.56208502,5.91290537
Overijssel,Basisschool Sint Nicolaas,Lierderholthuisweg,49,8144 RG,LIERDERHOLTHUIS,0177,RAALTE,0572392017,primary,52.43712186,6.19165574
Overijssel,Katholieke Basisschool De IJsselster,Groenendael,227,8271 EM,IJSSELMUIDEN,0166,KAMPEN,0383319033,primary,52.564983,5.94076027
Overijssel,Rooms Katholieke Basisschool Sint Clemens,Molenstraat,25,8331 HP,STEENWIJK,1708,STEENWIJKERLAND,0521512820,primary,52.78586283,6.11830576
Overijssel,Basisschool De Zaaier,Zandspeur,11,7711 HE,NIEUWLEUSEN,0148,DALFSEN,0529482575,primary,52.58829707,6.28141903
Overijssel,Basisschool De Meele,Meeleweg,120,7711 EP,NIEUWLEUSEN,0148,DALFSEN,0529427337,primary,52.57690343,6.21112764
Overijssel,Basisschool St Bernardus,Frieseweg,6,8375 AJ,OLDEMARKT,1708,STEENWIJKERLAND,0561451888,primary,52.819255,5.97774354
Overijssel,Rooms Katholieke Basisschool Don Bosco,Gelderingen,60,8341 PZ,STEENWIJKERWOLD,1708,STEENWIJKERLAND,0521588432,primary,52.80034605,6.05463935
Overijssel,St Bernardusschool,Nering Bogelstraat,3,7731 EL,OMMEN,0175,OMMEN,0529452781,primary,52.52168954,6.42036842
Overijssel,De Kwinkslag,Vergouwlaan,5,7776 BA,SLAGHAREN,0160,HARDENBERG,0523684768,primary,52.62925709,6.55723905
Overijssel,Het Kompas,Petersweg,2,7711 GC,NIEUWLEUSEN,0148,DALFSEN,0529483317,primary,52.56353934,6.25703409
Overijssel,Basisschool De Polhaar,Van Ittersumstraat,7,7721 DL,DALFSEN,0148,DALFSEN,0529432760,primary,52.5112034,6.25651
Overijssel,De Wegwijzer,Meidoornstraat,10,7711 KV,NIEUWLEUSEN,0148,DALFSEN,0529481356,primary,52.5753214,6.28906451
Overijssel,De Wilgenburg,Waallaan,7,8032 GZ,ZWOLLE,0193,ZWOLLE,0384533955,primary,52.53389928,6.10172642
Overijssel,Basisschool De Wingerd,Stokmeesterslaan,5,8014 GM,ZWOLLE,0193,ZWOLLE,0384651577,primary,52.48863812,6.11833978
Overijssel,Basisschool Geert Grote,Van Hille Gaerthestraat,86,8023 CC,ZWOLLE,0193,ZWOLLE,0384532895,primary,52.51294333,6.11898416
Overijssel,OEC.Basisschool De Kubus,Erfgenamenweg,14-A,8026 PS,ZWOLLE,0193,ZWOLLE,0529401369,primary,52.49277403,6.16659984
Overijssel,Sprankel,Prinses Margrietstraat,6,8152 BM,LEMELERVELD,0148,DALFSEN,0572372010,primary,52.44411855,6.33725137
Overijssel,Katholieke Jenaplanschool de Phoenix,Zalmkolk,2,8017 PA,ZWOLLE,0193,ZWOLLE,0384650932,primary,52.49623588,6.09378905
Overijssel,Katholieke Basisschool De Vlieger,Ingelandhof,1,8043 EC,ZWOLLE,0193,ZWOLLE,0384510097,primary,52.53671638,6.05823968
Overijssel,Basisschool 't PuzzelsTuk voor algemeen neutraal bijzonder onderwijs,J. H. W. Pasmanweg,2-A,8334 RR,TUK,1708,STEENWIJKERLAND,0521854379,primary,52.79461808,6.09917896
Overijssel,Kindcentrum Kasteelhoeve,Buckhorstlaan,50,8043 RL,ZWOLLE,0193,ZWOLLE,0383031008,primary,52.53253562,6.04989647
Overijssel,Ijsselwijs,Watertorenstraat,5,8121 BR,OLST,1773,OLST-WIJHE,0570561710,primary,52.3400522,6.11356123
Overijssel,Kindcentrum Sancta Maria,Bathmenseweg,39,7434 PX,LETTELE,0150,DEVENTER,0570551390,primary,52.27725255,6.27143529
Overijssel,Sint Bernadette,Weseperweg,2,8111 PK,HEETEN,0177,RAALTE,0572381519,primary,52.33436851,6.2803053
Overijssel,Het Sterrenrijk,Grote Beukelaer,2,8141 BP,HEINO,0177,RAALTE,0572392140,primary,52.43828309,6.22737478
Overijssel,Basisschool Oostenwind,Monumentstraat,60,8102 AM,RAALTE,0177,RAALTE,0572363454,primary,52.39057825,6.27213873
Overijssel,Sint Antonius,Nijverdalseweg,14,8106 AC,MARIENHEEM,0177,RAALTE,0572362737,primary,52.3809798,6.31888916
Overijssel,Sint Jozefschool,Zwarteweg,2,8112 AD,NIEUW HEETEN,0177,RAALTE,0572321565,primary,52.3209942,6.35126384
Overijssel,Kindcentrum St. Cyriacus,Kerkstraat,11,7722 LR,DALFSEN,0148,DALFSEN,0529401495,primary,52.48636008,6.22945746
Overijssel,Basisschool Esmoreit,Wispelweg,15,8105 AA,LUTTENBERG,0177,RAALTE,0572301623,primary,52.40578305,6.36821877
Overijssel,Mijnpleinschool Wijhe,Stationsweg,7,8131 DG,WIJHE,1773,OLST-WIJHE,0570521523,primary,52.39184985,6.13890014
Overijssel,Rooms Katholieke Basisschool Sint Gerardus Majellaschool,Van Dongenstraat,22,8107 AG,BROEKLAND,0177,RAALTE,0570531886,primary,52.36334704,6.19777507
Overijssel,Rooms Katholieke Basisschool De Bolster,Kastanjelaan,2,8102 JH,RAALTE,0177,RAALTE,0572362220,primary,52.37968815,6.27224466
Overijssel,Rooms Katholieke Basisschool de Korenbloem,Jan van Arkelstraat,7,8101 EN,RAALTE,0177,RAALTE,0572362690,primary,52.38266678,6.2669863
Overijssel,Kindcentrum de Rietkraag,Winterkoninkje,26,8103 BM,RAALTE,0177,RAALTE,0572362688,primary,52.3934138,6.29060426
Overijssel,De Linderte,Richterambtweg,1,8103 HX,RAALTE,0177,RAALTE,0572362649,primary,52.4002633,6.28223605
Overijssel,Pax Christi,Hoofdstraat,68,7586 BV,OVERDINKEL,0168,LOSSER,0535360754,primary,52.24100881,7.03026829
Overijssel,Rooms Katholieke Basisschool Veldzijde,Ericahof,1,7581 VZ,LOSSER,0168,LOSSER,0535360766,primary,52.26892243,7.00974014
Overijssel,Rooms Katholieke Basisschool De Verrekijker,Jan Jansstraat,2,7582 BG,LOSSER,0168,LOSSER,0535360771,primary,52.25910833,7.00251454
Overijssel,Martinus School,Keizerskroon,5,7581 TX,LOSSER,0168,LOSSER,0535360767,primary,52.26799883,6.99687916
Overijssel,De Wegwijzer,Sperwerstraat,1,7581 EP,LOSSER,0168,LOSSER,0535360757,primary,52.25698422,7.01045172
Overijssel,Basisschool De Duyvencamp,Eikenlaan,23,8024 CA,ZWOLLE,0193,ZWOLLE,0384531031,primary,52.52235466,6.13312564
Overijssel,De Ichthus,Zwarteweg,74,8017 AZ,ZWOLLE,0193,ZWOLLE,0384650556,primary,52.49479614,6.1011953
Overijssel,PC Basisschool De Ark,Gedeputeerdenlaan,47,8016 AX,ZWOLLE,0193,ZWOLLE,0384603258,primary,52.48225239,6.10378477
Overijssel,Chr. Basisschool Het Mozaiek,Hortensiastraat,31,8013 AA,ZWOLLE,0193,ZWOLLE,0384219583,primary,52.50111345,6.10950056
Overijssel,Chr. Basisschool Het Carillon,Bachlaan,2,8031 HL,ZWOLLE,0193,ZWOLLE,0384214718,primary,52.52582046,6.07722539
Overijssel,Chr. Daltonschool Koningin Emma,Jacob Catsstraat,1,8023 AE,ZWOLLE,0193,ZWOLLE,0384533767,primary,52.51552418,6.1122798
Overijssel,Christelijke Basisschool De Morgenster,Korianderplein,4-6,8042 HM,ZWOLLE,0193,ZWOLLE,0384214108,primary,52.51989907,6.04801482
Overijssel,Het Stroomdal,Botlek,56,8032 CG,ZWOLLE,0193,ZWOLLE,0384533619,primary,52.52849108,6.10800122
Overijssel,De Aquarel,Waallaan,6,8032 GZ,ZWOLLE,0193,ZWOLLE,0384537622,primary,52.53460159,6.10137176
Overijssel,PC Basisschool Talentum,IJsselcentraleweg,65,8014 BK,ZWOLLE,0193,ZWOLLE,0384601665,primary,52.47531741,6.11341575
Overijssel,PC Daltonschool De Zevensprong,Mannagras,30,8043 KD,ZWOLLE,0193,ZWOLLE,0384201840,primary,52.5350136,6.05173623
Overijssel,CBS De Wendakker,Vuurtorenstraat,2,8043 VW,ZWOLLE,0193,ZWOLLE,0384202228,primary,52.531422,6.05447754
Overijssel,Kindcentrum De Akker,Goudenregenstraat,75,7783 AB,GRAMSBERGEN,0160,HARDENBERG,0524561367,primary,52.61195541,6.67084998
Overijssel,Kindcentrum Balkbrug,De Omloop,2,7707 DZ,BALKBRUG,0160,HARDENBERG,0523656478,primary,52.60043888,6.39627931
Overijssel,Kindcentrum De Spreng-El,De Steeghe,7,7784 CG,ANE,0160,HARDENBERG,0524562466,primary,52.61178293,6.64506708
Overijssel,Kindcentrum Bruchterveld,Wijkstraat,2,7695 TJ,BRUCHTERVELD,0160,HARDENBERG,0523231210,primary,52.53031244,6.66026491
Overijssel,Kindcentrum De Koningsberger,Kanaalweg-West,58,7691 CA,BERGENTHEIM,0160,HARDENBERG,0523232093,primary,52.52719787,6.61951707
Overijssel,IKC Rheezerveen,Bouwmansweg,3,7797 HM,RHEEZERVEEN,0160,HARDENBERG,0523638308,primary,52.56649099,6.52323667
Overijssel,Kindcentrum De Bron,Prins-Bernhardstraat,1,7782 RV,DE KRIM,0160,HARDENBERG,0524571268,primary,52.65036217,6.62064406
Overijssel,Kindcentrum De Vlinder,Rembrandtstraat,31,7771 XE,HARDENBERG,0160,HARDENBERG,0523271434,primary,52.56600991,6.6053912
Overijssel,Kindcentrum De Elzenhof,Ondermaat,13,7772 JA,HARDENBERG,0160,HARDENBERG,0523271574,primary,52.58608713,6.63897795
Overijssel,Kindcentrum De MarsWeijde,Erve Odinck,5,7773 DE,HARDENBERG,0160,HARDENBERG,0523261092,primary,52.58166463,6.60508434
Overijssel,Kindcentrum De Ark,Adelaarweg,15-17,7701 KK,DEDEMSVAART,0160,HARDENBERG,0523615353,primary,52.59544411,6.45771623
Overijssel,Kindcentrum De Groen,Langewijk,436,7701 AT,DEDEMSVAART,0160,HARDENBERG,0523612881,primary,52.60802744,6.48485629
Overijssel,Kindcentrum De Regenboog,Krikkenstraat,6,7701 CW,DEDEMSVAART,0160,HARDENBERG,0523613728,primary,52.60147018,6.46198851
Overijssel,Kindcentrum De Bloemenhof,Floralaan,18,7772 LL,HARDENBERG,0160,HARDENBERG,0523260468,primary,52.57570657,6.64107769
Overijssel,Nutsschool voor Basisonderwijs,Hengelosestraat,31,7572 BM,OLDENZAAL,0173,OLDENZAAL,0541530963,primary,52.31058476,6.92344748
Overijssel,Protestants Christelijke Basisschool Prinses Juliana,Zwolseweg,103,8275 AC,'S-HEERENBROEK,0166,KAMPEN,0383557263,primary,52.53443281,6.01670224
Overijssel,Ds Johan v d Wendeschool,Heultjesweg,4,8267 AH,KAMPEN,0166,KAMPEN,0383388336,primary,52.5843404,5.8896914
Overijssel,School Met De Bijbel,Hogeweg,47,8278 BC,KAMPERVEEN,0166,KAMPEN,0383636216,primary,52.5082013,5.93023278
Overijssel,Protestants Christelijke Basisschool De Regenboog,Westenbergstraat,28,8274 AR,WILSUM,0166,KAMPEN,0383557318,primary,52.52907138,5.96601926
Overijssel,Protestants Christelijke School voor Basisonderwijs Oranjeschool,Burg van Vleutenstraat,10,8276 AL,ZALK,0166,KAMPEN,0383636503,primary,52.52156677,6.01042246
Overijssel,Christelijke Nationale School De Groenling,Lijnpad,2,8271 LB,IJSSELMUIDEN,0166,KAMPEN,0383333533,primary,52.56008287,5.93573535
Overijssel,IRIS Kindcentrum Marnix,Bovensingel,19,8266 BS,KAMPEN,0166,KAMPEN,0383318675,primary,52.54964918,5.9160514
Overijssel,cbs De Ontdekking,Ooievaarstraat,14,8262 AN,KAMPEN,0166,KAMPEN,0383318987,primary,52.56332001,5.89710755
Overijssel,Willem van Oranjeschool,Gevers van Endegeeststr,4,8265 ZD,KAMPEN,0166,KAMPEN,0383318651,primary,52.54552654,5.910932
Overijssel,KC Bonte Haven,Ommelandsingel,66,8262 TZ,KAMPEN,0166,KAMPEN,0383333833,primary,52.56102356,5.90181967
Overijssel,De Morgenster,Akelei,3,8265 KA,KAMPEN,0166,KAMPEN,0383316321,primary,52.55000425,5.89650642
Overijssel,Basisschool de Wegwijzer,Winde,37,8265 ED,KAMPEN,0166,KAMPEN,0383316610,primary,52.55543735,5.90253168
Overijssel,Basisschool Rehobothschool,Populierenstraat,18,8266 BK,KAMPEN,0166,KAMPEN,0383315460,primary,52.54666072,5.91805402
Overijssel,Het Stroomdal,Bouwkamp,2,8266 KL,KAMPEN,0166,KAMPEN,0383334666,primary,52.5346371,5.92971291
Overijssel,IKC Weidse Blik,De Vaart,39,8269 AB,KAMPEN,0166,KAMPEN,0383333898,primary,52.53103308,5.88526701
Overijssel,Evangelische Kindcentrum De Olijfboom,Enkdwarsstraat,2,7413 TV,DEVENTER,0150,DEVENTER,0570820225,primary,52.26087428,6.153972
Overijssel,Kindcentrum De Veste,Juliana van Stolbergstr,1,8356 ER,BLOKZIJL,1708,STEENWIJKERLAND,0527291289,primary,52.72663774,5.96282027
Overijssel,Christelijk Kindcentrum De Buuzekaemp,Kerklaan,5,8066 PJ,BELT-SCHUTSLOOT,1708,STEENWIJKERLAND,0383867227,primary,52.66970064,6.0626331
Overijssel,Christelijk Kindcentrum Het Kompas,Godfried van Rhenenlaan,1,8325 EV,VOLLENHOVE,1708,STEENWIJKERLAND,0527241367,primary,52.67835431,5.95899727
Overijssel,Christelijk Kindcentrum De Ark,Burgemeester Kuiperslaan,17,8375 BJ,OLDEMARKT,1708,STEENWIJKERLAND,0561451860,primary,52.81822067,5.97445311
Overijssel,Christelijk Kindcentrum Immanuël,Ten Holtheweg,3-B,8341 PD,STEENWIJKERWOLD,1708,STEENWIJKERLAND,0521588267,primary,52.80532388,6.07065705
Overijssel,Christelijk Kindcentrum De Wiedewereld,Kloosterweg,32,8326 CE,SINT JANSKLOOSTER,1708,STEENWIJKERLAND,0527246431,primary,52.67872131,6.00698126
Overijssel,Christelijk Kindcentrum Ichthus,Schoolstraat,1,8281 EA,GENEMUIDEN,1896,ZWARTEWATERLAND,0383855226,primary,52.62090889,6.04171184
Overijssel,Christelijk Kindcentrum Het Kompas,Oostwijkstraat,90,8331 EG,STEENWIJK,1708,STEENWIJKERLAND,0521512930,primary,52.78507955,6.12038942
Overijssel,Christelijk Kindcentrum De Wijngaard,Kraggelaan,2,8064 CT,ZWARTSLUIS,1896,ZWARTEWATERLAND,0383867701,primary,52.64416113,6.07477017
Overijssel,Christelijk Kindcentrum Bernhard,Wilhelminastraat,47,8331 ME,STEENWIJK,1708,STEENWIJKERLAND,0521514686,primary,52.7827323,6.11880191
Overijssel,Christelijk Kindcentrum Willem Alexander,Admiraal de Ruyterstraat,6,8331 RV,STEENWIJK,1708,STEENWIJKERLAND,0521512731,primary,52.783603,6.10568392
Overijssel,Christelijk Kindcentrum Johan Friso,Schaepmanstraat,5,8331 AW,STEENWIJK,1708,STEENWIJKERLAND,0521513706,primary,52.78458375,6.13899163
Overijssel,Christelijk Kindcentrum Claus,Middenweg,6,8332 CZ,STEENWIJK,1708,STEENWIJKERLAND,0521514187,primary,52.79028673,6.13530928
Overijssel,Christelijk Kindcentrum Eben Haëzer,Schoolstraat,8,8376 HB,OSSENZIJL,1708,STEENWIJKERLAND,0561477326,primary,52.80937459,5.91962359
Overijssel,CBS Prins Willem-Alexander,Prinses Marijkestraat,1,8061 JM,HASSELT,1896,ZWARTEWATERLAND,0384771358,primary,52.58766133,6.09741388
Overijssel,Christelijke Basisschool De Driemaster,De Bagijnenkamp,19,8061 AW,HASSELT,1896,ZWARTEWATERLAND,0384773105,primary,52.59557333,6.10401637
Overijssel,Christelijke Basisschool Het Anker,Dr HAW van der Vechtlaan,7,8061 HJ,HASSELT,1896,ZWARTEWATERLAND,0384771596,primary,52.58904331,6.10186215
Overijssel,PC Basisschool Het Laar,Eikenlaan,3,7642 GA,WIERDEN,0189,WIERDEN,0546572478,primary,52.35543307,6.59722128
Overijssel,Basisschool De Veerkracht,Havezathe,97,7608 CL,ALMELO,0141,ALMELO,0546492337,primary,52.3814549,6.68541727
Overijssel,Het Letterveld,Hedeveld,3,7603 TK,ALMELO,0141,ALMELO,0546491549,primary,52.36621522,6.68332647
Overijssel,Windhoek,Windslaan,14,7607 PB,ALMELO,0141,ALMELO,0546454180,primary,52.35105729,6.67456074
Overijssel,Basisschool De Weier,Vissedijk,35-C,7602 CP,ALMELO,0141,ALMELO,0546491218,primary,52.36459782,6.65842064
Overijssel,De Pionier,De Kolibrie,24,7609 GP,ALMELO,0141,ALMELO,0546456733,primary,52.33473196,6.63363311
Overijssel,Openbare Basisschool de Kubus,Hoornbladstraat,35,7601 SZ,ALMELO,0141,ALMELO,0546455040,primary,52.34409125,6.67454941
Overijssel,De Klimboom,Apollolaan,1-C,7604 EH,ALMELO,0141,ALMELO,0546539766,primary,52.35768945,6.64545032
Overijssel,De Heemde,Hanzelaan,2,7607 NM,ALMELO,0141,ALMELO,0546539459,primary,52.35299115,6.67195991
Overijssel,Basisschool Wijzer,Suze Robertsonlaan,2,7606 HZ,ALMELO,0141,ALMELO,0546818357,primary,52.34623255,6.641735
Overijssel,De Telgenborch,Everlo,12,7608 BW,ALMELO,0141,ALMELO,0546491969,primary,52.38077075,6.68386962
Overijssel,Protestants Christelijke Basisschool De Mare,De Rotsduif,22,7609 VK,ALMELO,0141,ALMELO,0546538703,primary,52.33214535,6.646164
Overijssel,OBS de Bonkelaar,Jan Tooropstraat,47,7606 JS,ALMELO,0141,ALMELO,0546538123,primary,52.34262493,6.64373163
Overijssel,Openbare Basisschool Bredeschool De Springplank,Koningin Julianastraat,3,8141 ET,HEINO,0177,RAALTE,0572391521,primary,52.43711534,6.23599583
Overijssel,Openbare basisschool Opwaardz,Ter Stegestraat,23,8121 XB,OLST,1773,OLST-WIJHE,0570561805,primary,52.33967774,6.11455574
Overijssel,Openbare basisschool Dijkzicht,Kerklaan,22-A,8196 KW,WELSUM,1773,OLST-WIJHE,0570561821,primary,52.33491116,6.08939827
Overijssel,Openbare basisschool A Bosschool,Scholtensweg,44,8124 AJ,WESEPE,1773,OLST-WIJHE,0570531610,primary,52.3309272,6.21594723
Overijssel,Openbare basisschool de Wije,Kolkweiden,2,8131 WE,WIJHE,1773,OLST-WIJHE,0570522377,primary,52.38167294,6.13931503
Overijssel,Openbare basisschool De Vogelaar,Kwartel,19,8103 EA,RAALTE,0177,RAALTE,0572358993,primary,52.39410727,6.28806198
Overijssel,Brede School Kwintijn,Oude Molenweg,3,8101 EK,RAALTE,0177,RAALTE,0572363606,primary,52.38091034,6.26866215
Overijssel,Openbare School Dr M L Kingschool,Clematisstraat,39,7591 XJ,DENEKAMP,1774,DINKELLAND,0541351743,primary,52.37967713,7.00156684
Overijssel,Het Kompas,Prins Hendrikstraat,1,7586 BG,OVERDINKEL,0168,LOSSER,0535362333,primary,52.23875481,7.03503715
Overijssel,Basisschool De Imenhof,Markeweg,37,7582 BZ,LOSSER,0168,LOSSER,0535361631,primary,52.25910833,7.00251454
Overijssel,De Saller,Keizerskroon,7,7581 TX,LOSSER,0168,LOSSER,0535361078,primary,52.26767542,6.99687942
Overijssel,Openbare basisschool Molenbeek,Boekelerschoolpad,1,7548 AH,ENSCHEDE,0153,ENSCHEDE,0534281543,primary,52.20286688,6.80125861
Overijssel,Openbare basisschool Prinseschool Staringstraat,Staringstraat,15,7514 DE,ENSCHEDE,0153,ENSCHEDE,0534368109,primary,52.22643106,6.89910865
Overijssel,Openbare Basisschool De Spinner,Spinnerstraat,29,7545 TP,ENSCHEDE,0153,ENSCHEDE,0534319591,primary,52.21182253,6.87541526
Overijssel,Openbare Basisschool Roombeek,Bosuilstraat,3,7523 BJ,ENSCHEDE,0153,ENSCHEDE,0534364369,primary,52.23192595,6.89612155
Overijssel,WereldWijs,Bultsweg,170,7532 XJ,ENSCHEDE,0153,ENSCHEDE,0534611364,primary,52.22088435,6.96568819
Overijssel,Openbare Basisschool Europa,Belgielaan,75,7543 ZJ,ENSCHEDE,0153,ENSCHEDE,0534763169,primary,52.20275366,6.87596767
Overijssel,Alles in één school De Zuidsprong,Het Lang,78,7544 XC,ENSCHEDE,0153,ENSCHEDE,0534783833,primary,52.19574097,6.88257941
Overijssel,Openbare Basisschool De Uitvinding,Velveweg,52,7533 XK,ENSCHEDE,0153,ENSCHEDE,0534319223,primary,52.22050356,6.91840449
Overijssel,Openbare Basisschool Dalton Lonneker,Dorpsstraat,104,7524 CK,ENSCHEDE,0153,ENSCHEDE,0534355993,primary,52.25084609,6.91385414
Overijssel,Openbare Basisschool De Broekheurne,De Posten,147,7544 LR,ENSCHEDE,0153,ENSCHEDE,0534760117,primary,52.18664512,6.88028963
Overijssel,Openbare Basisschool Het Zeggelt Montessori-School,Dr. Benthemstraat,14,7514 CM,ENSCHEDE,0153,ENSCHEDE,0534358682,primary,52.22500523,6.89386344
Overijssel,WereldWijs,Ouverturestraat,70,7534 CP,ENSCHEDE,0153,ENSCHEDE,0534613236,primary,52.21072277,6.97327096
Overijssel,Openbare Basisschool Park Stokhorst,Hoge Boekelerweg,135,7531 EC,ENSCHEDE,0153,ENSCHEDE,0534362404,primary,52.22761707,6.92450727
Overijssel,Openbare Basisschool Prinseschool,Prinsestraat,10,7513 AL,ENSCHEDE,0153,ENSCHEDE,0534319652,primary,52.21866125,6.88506931
Overijssel,Openbare Basisschool Harry Bannink,Het Bijvank,111,7544 DA,ENSCHEDE,0153,ENSCHEDE,0534760642,primary,52.19533069,6.87334355
Overijssel,Obs Het Palet,Gerard Terborghstraat,9,7545 BV,ENSCHEDE,0153,ENSCHEDE,0534313414,primary,52.21301183,6.85758
Overijssel,Openbare Basisschool La Res,Rozenstraat,98,7514 ZR,ENSCHEDE,0153,ENSCHEDE,0534358052,primary,52.22765654,6.90674599
Overijssel,Obs Het Stroink,Het Stroink,66,7542 GT,ENSCHEDE,0153,ENSCHEDE,0534766581,primary,52.18888477,6.90156089
Overijssel,Openbare Basisschool Willem Wilmink,Hendrik Smeltweg,44,7541 XL,ENSCHEDE,0153,ENSCHEDE,0534319598,primary,52.20936132,6.90038244
Overijssel,Het Vastert Opb Basisschool,Vastertlanden,167,7542 LR,ENSCHEDE,0153,ENSCHEDE,0534783818,primary,52.19449042,6.90022785
Overijssel,Openbare Basisschool Het Wooldrik,Celsiusstraat,10,7535 DK,ENSCHEDE,0153,ENSCHEDE,0534316711,primary,52.21656477,6.92283186
Overijssel,OBS De Sterrenborgh,Runenberghoek,5,7546 EG,ENSCHEDE,0153,ENSCHEDE,0534774970,primary,52.19400129,6.85272319
Overijssel,De Linde,Zandhorstlaan,99,7576 VR,OLDENZAAL,0173,OLDENZAAL,0541534407,primary,52.31626754,6.90170451
Overijssel,Openbare Basisschool De Wielerbaan Montessori-School,Batshoek,5,7546 LC,ENSCHEDE,0153,ENSCHEDE,0534768761,primary,52.19857609,6.85699533
Overijssel,Openbare Basisschool De Esmarke,Esmarkelaan,201,7534 JZ,ENSCHEDE,0153,ENSCHEDE,0534618000,primary,52.21537036,6.95062295
Overijssel,Basisschool De Reflector,Castorweg,171,7557 KJ,HENGELO OV,0164,HENGELO,0742439070,primary,52.27473557,6.80916684
Overijssel,Basisschool Guido De Bres,Patrijsstraat,4,7731 ZL,OMMEN,0175,OMMEN,0529451229,primary,52.52519308,6.4131197
Overijssel,Streekschool De Regenboog Gereformeerd Basisonderwijs,Stationsweg,18,7692 AC,MARIENBERG,0160,HARDENBERG,0523251408,primary,52.51151559,6.57736419
Overijssel,Casper Diemerschool voor Gereformeerd Onderwijs,G Karel v Hogendorpstr,52,7691 AW,BERGENTHEIM,0160,HARDENBERG,0523231947,primary,52.52452719,6.61558168
Overijssel,Gereformeerde Basisschool De Bron,Haaksbergerstraat,416,7545 GA,ENSCHEDE,0153,ENSCHEDE,0534323489,primary,52.21018008,6.87670643
Overijssel,Risaeusschool,Weidehof,1,7772 GW,HARDENBERG,0160,HARDENBERG, ,primary,52.58500204,6.64152517
Overijssel,Gereformeerde Basisschool DS G Doekes,Frits de Zwerverlaan,7,7771 CV,HARDENBERG,0160,HARDENBERG,0523262155,primary,52.56656658,6.60138401
Overijssel,Gereformeerde Basisschool De Fakkel,Karel Doormanstraat,2,7603 VZ,ALMELO,0141,ALMELO,0546867067,primary,52.36772759,6.67808218
Overijssel,Gereformeerde Basisschool Domino,Roelofsbrink,6,7683 CK,DEN HAM OV,1700,TWENTERAND,0546672542,primary,52.46145014,6.49517468
Overijssel,De Morgenster Gereformeerde Basisschool,Fonteinkruid,4,7772 ML,HARDENBERG,0160,HARDENBERG,0523262728,primary,52.57575792,6.64523048
Overijssel,De Jenapleinschool,Enkstraat,69,8012 VA,ZWOLLE,0193,ZWOLLE,0384228240,primary,52.50699502,6.09963435
Overijssel,Kindcentrum De Berkenhorst,Staphorster Kerkweg,40,7951 JS,STAPHORST,0180,STAPHORST,0522461359,primary,52.63687907,6.21789068
Overijssel,Kindcentrum De Iekmulder,Sparrenlaan,76,7955 AN,IJHORST,0180,STAPHORST,0522441970,primary,52.65888661,6.29163899
Overijssel,Openbare Basisschool Prinses Irene,Hattemattestraat,7,7783 BM,GRAMSBERGEN,0160,HARDENBERG,0524562050,primary,52.60956494,6.67149409
Overijssel,Samenlevingsschool de Ravelijn,Zwolseweg,2,7786 BH,DEN VELDE,0160,HARDENBERG,0524562174,primary,52.59318452,6.68388335
Overijssel,Basisschool Het Kompas,De Tjalk,2,7701 LP,DEDEMSVAART,0160,HARDENBERG,0523613286,primary,52.60058448,6.45098392
Overijssel,Openbare Basisschool De Kern,Erve Odinck,3,7773 DE,HARDENBERG,0160,HARDENBERG,0523262299,primary,52.58199971,6.60507712
Overijssel,Basisschool de Eiber,Eiberweg,2,7701 VE,DEDEMSVAART,0160,HARDENBERG,0523613419,primary,52.59662005,6.45706554
Overijssel,Basisschool Prinses Margriet,Kruizingastraat,19,7707 BW,BALKBRUG,0160,HARDENBERG,0523656379,primary,52.59945625,6.39343198
Overijssel,Cantecleer,Schoolstraat,32,7694 AX,KLOOSTERHAAR,0160,HARDENBERG,0523241473,primary,52.49764084,6.67147804
Overijssel,OBS De Regenboog,Vergouwlaan,3,7776 BA,SLAGHAREN,0160,HARDENBERG,0523682206,primary,52.62898074,6.55652348
Overijssel,De OpStap,Rembrandtstraat,35,7771 XE,HARDENBERG,0160,HARDENBERG,0523744130,primary,52.56500328,6.6055103
Overijssel,Wijdekijker,Herderstasje,56,7772 LD,HARDENBERG,0160,HARDENBERG,0523260181,primary,52.57692573,6.64439582
Overijssel,Gereformeerde Basisschool De Planthof,Kon.Julianalaan,96,7711 KP,NIEUWLEUSEN,0148,DALFSEN,0529482035,primary,52.58556252,6.28137975
Overijssel,Gereformeerd Basisschool De Wegwijzer,Gasthuislaan,90,8331 MZ,STEENWIJK,1708,STEENWIJKERLAND,0521512643,primary,52.78016956,6.10919605
Overijssel,De Vuursteen,Nieuwe Uitleg,2,7721 BN,DALFSEN,0148,DALFSEN,0529431781,primary,52.50878326,6.25929054
Overijssel,GBS de Levensboom,Korte Kerkweg,21,7954 GC,ROUVEEN,0180,STAPHORST,0522291294,primary,52.61293338,6.1836758
Overijssel,De Hoeksteen,Burg Malcorpslaan,101,8061 AJ,HASSELT,1896,ZWARTEWATERLAND,0384772268,primary,52.59301753,6.10325517
Overijssel,Basisschool De Mirt,Rolklaver,1,8265 EA,KAMPEN,0166,KAMPEN,0383316550,primary,52.55177322,5.90082265
Overijssel,Basisschool Eben Haezer,Kadoelen,27,8326 BA,SINT JANSKLOOSTER,1708,STEENWIJKERLAND,0527246636,primary,52.66925098,6.0065668
Overijssel,Smaragd,Esdoornstraat,10,8021 WB,ZWOLLE,0193,ZWOLLE,0384534233,primary,52.52119502,6.09668804
Overijssel,De Schatgraver,Van Houtenlaan,1-A,8014 ZM,ZWOLLE,0193,ZWOLLE,0384602093,primary,52.48556394,6.10954478
Overijssel,Gereformeerde Academische Basisschool De Sprankel,Klokkengieterlaan,3,8043 BA,ZWOLLE,0193,ZWOLLE,0384201940,primary,52.53711871,6.06446623
Overijssel,Kindcentrum Aquamarijn,Assendorperdijk,55,8012 EG,ZWOLLE,0193,ZWOLLE,0384527638,primary,52.50463971,6.11032847
Overijssel,Het Saffier,Belvederelaan,444,8043 VD,ZWOLLE,0193,ZWOLLE,0384202722,primary,52.52758387,6.04651106
Overijssel,De Proeftuin,Monteverdilaan,202,8031 DW,ZWOLLE,0193,ZWOLLE,0382042507,primary,52.52281675,6.09040986
Overijssel,Basisschool Azelo,Secr. Engelbertinkstraat,16,7495 TW,AMBT DELDEN,1735,HOF VAN TWENTE,0742664425,primary,52.29647565,6.71461533
Overijssel,Basisschool Stedeke,Kuimgaarden,15,7478 AN,DIEPENHEIM,1735,HOF VAN TWENTE,0547351454,primary,52.20137577,6.55517479
Overijssel,Basisschool Wiene,Tankinksweg,4,7495 RL,AMBT DELDEN,1735,HOF VAN TWENTE,0547274575,primary,52.24844425,6.64706924
Overijssel,Basisschool Elserike,Herikerweg,36,7475 TT,MARKELO,1735,HOF VAN TWENTE,0547362095,primary,52.25709454,6.53361224
Overijssel,Basisschool Stokkum,Stokkumerweg,40,7475 MV,MARKELO,1735,HOF VAN TWENTE,0547363309,primary,52.21571502,6.5140916
Overijssel,'t Gijmink,Lindelaan,70-B,7471 KD,GOOR,1735,HOF VAN TWENTE,0547273456,primary,52.23408606,6.59855324
Overijssel,Basisschool Brookschole,Larenseweg,44,7475 PW,MARKELO,1735,HOF VAN TWENTE,0547362723,primary,52.2363807,6.44948193
Overijssel,OBS de Boomhut,Kievitstraat,67,7471 EL,GOOR,1735,HOF VAN TWENTE,0547273004,primary,52.23983479,6.57278217
Overijssel,Basisschool de Zwaluw,Fokkerstraat,2-A,7475 CC,MARKELO,1735,HOF VAN TWENTE,0547363365,primary,52.2365597,6.50215485
Overijssel,Arembergschool,Julianastraat,2,8064 CD,ZWARTSLUIS,1896,ZWARTEWATERLAND,0383867520,primary,52.64394773,6.06878175
Overijssel,Openbare Basisschool De Slinge,'t Slingerland,12,8375 GP,OLDEMARKT,1708,STEENWIJKERLAND,0561451900,primary,52.82083719,5.97600138
Overijssel,Burg de Ruiterschool,Vijverpark,89,8374 KG,KUINRE,1708,STEENWIJKERLAND,0527231327,primary,52.78678134,5.84628591
Overijssel,Basisschool De Lepelaar,Koningin Julianaweg,78,8371 WG,SCHEERWOLDE,1708,STEENWIJKERLAND,0521371353,primary,52.75841976,6.01536673
Overijssel,Openbare Basisschool de Voorpoort,Groenestraat,36,8325 AZ,VOLLENHOVE,1708,STEENWIJKERLAND,0527241485,primary,52.68050974,5.95477769
Overijssel,Basisschool de Driesprong,Meester Gerritsweg,5,8347 JP,EESVEEN,1708,STEENWIJKERLAND,0521577245,primary,52.82402215,6.1412865
Overijssel,De Punter,Beulakerweg,125-A,8355 AE,GIETHOORN,1708,STEENWIJKERLAND,0521361666,primary,52.72694495,6.07819619
Overijssel,Basisschool B,Mr Zigher ter Steghestr,1,8331 KG,STEENWIJK,1708,STEENWIJKERLAND,0521513446,primary,52.78962852,6.10731319
Overijssel,OBS Beatrix-school,Middenweg,2-4,8332 CZ,STEENWIJK,1708,STEENWIJKERLAND,0521514198,primary,52.79065395,6.13550827
Overijssel,Basisschool Gen Vd Bosch,Paasloregel,1,8338 ST,WILLEMSOORD,1708,STEENWIJKERLAND,0521589462,primary,52.82499823,6.06083131
Overijssel,OBS De SamenSprong,Gasthuislaan,86,8331 MZ,STEENWIJK,1708,STEENWIJKERLAND,0521510153,primary,52.7803266,6.10853203
Overijssel,Basisschool De Vogelaar,Tureluur,2,8281 EX,GENEMUIDEN,1896,ZWARTEWATERLAND,0383855433,primary,52.61927183,6.0484507
Overijssel,De Toermalijn,Prinsenstraat,22-A,8061 ZC,HASSELT,1896,ZWARTEWATERLAND,0384773135,primary,52.58823894,6.10354182
Overijssel,Al Amana Zwolle,Dijkgraafhof,2,8043 EB,ZWOLLE,0193,ZWOLLE,0383035357,primary,52.53819088,6.05905423
Overijssel,De Linde,Kolkweg,41,8055 PT,LAAG ZUTHEM,0177,RAALTE,0529497508,primary,52.45894162,6.17249821
Overijssel,Deventer Montessori School,Van Lithstraat,1,7415 LA,DEVENTER,0150,DEVENTER,0570629387,primary,52.26670967,6.15575138
Overijssel,Basisschool Looschool,Bettinkdijk,1,7437 RA,BATHMEN,0150,DEVENTER,0570541991,primary,52.25284793,6.33984246
Overijssel,Openbare Basisschool Slingerbos,Slingerbos,2,7431 BV,DIEPENVEEN,0150,DEVENTER,0570591400,primary,52.2880953,6.14694998
Overijssel,Basisschool De Rythmeen,Prins Constantijnlaan,1,7437 BX,BATHMEN,0150,DEVENTER,0570542053,primary,52.24887141,6.29348173
Overijssel,Openbare Basisschool de Sleutel School voor Daltononderwijs,Bakkerskamp,2-4,7433 EL,SCHALKHAAR,0150,DEVENTER,0570621511,primary,52.26831681,6.19870191
Overijssel,Basisschool de Dorpsschool,Schoolstraat,11,7437 AE,BATHMEN,0150,DEVENTER,0570541769,primary,52.25008411,6.28652099
Overijssel,Openbare Basisschool Het Roessink,Fonteinkruid,130,7422 MZ,DEVENTER,0150,DEVENTER,0570652731,primary,52.24576574,6.21234335
Overijssel,Openbare Basisschool De Hagenpoort,Bagijnenstraat,13,7411 PT,DEVENTER,0150,DEVENTER,0570616784,primary,52.25482777,6.15515357
Overijssel,Basisschool Wij de Wereld,Eekhoorn,10,7423 EN,DEVENTER,0150,DEVENTER,0570651811,primary,52.25415548,6.21270059
Overijssel,Openbare Basisschool Kolmenscate,Venninkweg,1,7421 GP,DEVENTER,0150,DEVENTER,0570651467,primary,52.24411087,6.22301908
Overijssel,OBS De Zandstroom,Oudaenstraat,3,7412 ND,DEVENTER,0150,DEVENTER,0570614871,primary,52.26866723,6.13975635
Overijssel,De Kleine Planeet,Rielerweg,174,7416 ZM,DEVENTER,0150,DEVENTER,0570623073,primary,52.25937934,6.17963575
Overijssel,Openbare Basisschool De Hovenschool,Langestraat,1,7419 AP,DEVENTER,0150,DEVENTER,0570615069,primary,52.24810305,6.14785219
Overijssel,Openbare Basisschool Borgloschool,Groenewold,182,7414 CK,DEVENTER,0150,DEVENTER,0570670335,primary,52.27515485,6.14702635
Overijssel,Montessorischool Oudaen,Pieter de Hooghstraat,2,7412 RX,DEVENTER,0150,DEVENTER,0570611323,primary,52.26511867,6.13759209
Overijssel,Openbare Basisschool De Wizard,Andriessenplein,13,7425 GX,DEVENTER,0150,DEVENTER,0570511713,primary,52.2596848,6.22523899
Overijssel,Openbare Basisschool De Flint,Wezenland,582,7415 JM,DEVENTER,0150,DEVENTER,0570638570,primary,52.27256633,6.16951495
Overijssel,Montessori Kindcentrum de Ontdekking,Andriessenplein,4,7425 GX,DEVENTER,0150,DEVENTER,0570658154,primary,52.26009529,6.22565686
Overijssel,Openbare Basisschool Wonderwijs,Laanzicht,95,8271 JZ,IJSSELMUIDEN,0166,KAMPEN,0383317813,primary,52.56373409,5.93862046
Overijssel,Openbare Daltonschool Engelenberg,Engelenbergstraat,1,8266 AC,KAMPEN,0166,KAMPEN,0383316108,primary,52.55089847,5.92241717
Overijssel,o.b.s. De Schatkaart,Zilverschoon,81,8265 HE,KAMPEN,0166,KAMPEN,0383316208,primary,52.55009959,5.89797802
Overijssel,Het Meerrijk,Gevers van Endegeeststr,2,8265 ZD,KAMPEN,0166,KAMPEN,0383332085,primary,52.54647424,5.91190349
Overijssel,Openbare Jenaplanschool Het Scala,Ommelandsingel,65,8262 TZ,KAMPEN,0166,KAMPEN,0383316308,primary,52.56116345,5.90152367
Overijssel,Banisschool,Erve den Boom,5,7463 CJ,RIJSSEN,1742,RIJSSEN-HOLTEN,0548514168,primary,52.30987654,6.49563749
Overijssel,Brekeldschool,Prins Bernhardstraat,37,7462 GS,RIJSSEN,1742,RIJSSEN-HOLTEN,0548513343,primary,52.30086512,6.50717951
Overijssel,In Den Climtuin,Casparus B J Landweerln,3,7461 XN,RIJSSEN,1742,RIJSSEN-HOLTEN,0548513821,primary,52.29950378,6.53189364
Overijssel,Haarschool,Haarzijde,3,7462 BZ,RIJSSEN,1742,RIJSSEN-HOLTEN,0548512821,primary,52.30853522,6.51669319
Overijssel,De Ronde Maat,Braakmansdijk,11,7462 LX,RIJSSEN,1742,RIJSSEN-HOLTEN,0548518507,primary,52.30308031,6.50005148
Overijssel,Kindcentrum Rivierenwijk,Zaanstraat,1,7417 WN,DEVENTER,0150,DEVENTER,0570623575,primary,52.25462787,6.18149409
Overijssel,obs De Tweemaster,Kon.Julianalaan,36,7711 KK,NIEUWLEUSEN,0148,DALFSEN,0529483637,primary,52.58279613,6.28422694
Overijssel,obs Nieuwebrug,Barkeweg,3,7731 PS,OMMEN,0175,OMMEN,0529456708,primary,52.492387,6.42606824
Overijssel,KC Heidepark,Ds A J W Vogelaarstraat,22,8151 AN,LEMELERVELD,0148,DALFSEN,0572371850,primary,52.44665882,6.34658771
Overijssel,obs De Dennenkamp,Patrijsstraat,4-A,7731 ZL,OMMEN,0175,OMMEN,0529452433,primary,52.52519308,6.4131197
Overijssel,obs Het Palet Ommen,Haarsweg,91,7731 HJ,OMMEN,0175,OMMEN,0529451938,primary,52.53052876,6.43503259
Overijssel,obs De Toonladder,Bachlaan,158,8031 HL,ZWOLLE,0193,ZWOLLE,0384225815,primary,52.52682427,6.08845599
Overijssel,obs De Campherbeek,Grotiuslaan,33,8024 XM,ZWOLLE,0193,ZWOLLE,0384531229,primary,52.52256906,6.13992247
Overijssel,obs De Springplank,Beukenstraat,83,8021 XA,ZWOLLE,0193,ZWOLLE,0384536043,primary,52.51746167,6.09844049
Overijssel,obs De Marshof,Tichelmeesterlaan,45,8014 LA,ZWOLLE,0193,ZWOLLE,0384601471,primary,52.48474748,6.12141384
Overijssel,obs De Oosterenk,Herfterweg,1,8023 DJ,ZWOLLE,0193,ZWOLLE,0384535682,primary,52.51406795,6.11298501
Overijssel,Openbare Parkschool,Westerlaan,22,8011 CC,ZWOLLE,0193,ZWOLLE,0384211883,primary,52.50736893,6.08757048
Overijssel,obs De Werkschuit,Rijnlaan,200,8032 TK,ZWOLLE,0193,ZWOLLE,0384533873,primary,52.53520797,6.09964694
Overijssel,obs De Wieden,Beulakerwiede,4,8033 CS,ZWOLLE,0193,ZWOLLE,0384542762,primary,52.53584239,6.1091374
Overijssel,obs De Markesteen,Gedeputeerdenlaan,45,8016 AX,ZWOLLE,0193,ZWOLLE,0384604411,primary,52.48263854,6.10335006
Overijssel,Het Avontuur Openbaar Onderwijs,Ruigedoornstraat,23,7721 BW,DALFSEN,0148,DALFSEN,0529432115,primary,52.5101322,6.2518193
Overijssel,obs De Octopus,Marterveld,1,8017 MD,ZWOLLE,0193,ZWOLLE,0384604467,primary,52.4916067,6.09690645
Overijssel,Openbare Montessori Basisschool,Energieweg,9,8017 BE,ZWOLLE,0193,ZWOLLE,0384654220,primary,52.49615903,6.1060961
Overijssel,obs De IJsselhof,Staatssecretarislaan,10,8015 BX,ZWOLLE,0193,ZWOLLE,0384600973,primary,52.47665807,6.11485235
Overijssel,kindercampus TrioMundo,Muurmeesterstraat,27,8043 EA,ZWOLLE,0193,ZWOLLE,0615544295,primary,52.53361924,6.05971231
Overijssel,obs De Schatkamer,Wildwalstraat,38,8043 VL,ZWOLLE,0193,ZWOLLE,0384204193,primary,52.52790091,6.05279715
Overijssel,Obs Het Festival,Sportlaan,6,8044 PG,ZWOLLE,0193,ZWOLLE,0384203287,primary,52.54227554,6.04223137
Overijssel,Protestants Christelijke Basisschool De Regenboog,Dorpsstraat,6,8152 BL,LEMELERVELD,0148,DALFSEN,0572373541,primary,52.44496105,6.3409026
Overijssel,Protestants Christelijke Basisschool Sjaloom,Hoevenweg,1,7722 PM,DALFSEN,0148,DALFSEN,0529431381,primary,52.52775793,6.24624158
Overijssel,Ichthusschool voor Protestants Christelijk Basisonderwijs,Korteveldsweg,4,8148 RE,LEMELE,0175,OMMEN,0572331472,primary,52.45205946,6.41427485
Overijssel,De Spiegel,Brethouwerstraat,4,7721 XN,DALFSEN,0148,DALFSEN,0529432341,primary,52.51078721,6.25878525
Overijssel,Christelijke Dominee Cazemierschool,G.W.Spiegelstraat,4,7722 ST,DALFSEN,0148,DALFSEN,0529471574,primary,52.5322527,6.31005539
Overijssel,Het Koloriet,Patrijsstraat,4,7731 ZL,OMMEN,0175,OMMEN,0529452966,primary,52.52519308,6.4131197
Overijssel,De Kardoen,Korenbloemstraat,2,7731 VW,OMMEN,0175,OMMEN,0529451605,primary,52.52522711,6.43420562
Overijssel,Protestants Christelijke Basisschool De Triangel,Balkerweg,59,7738 PA,WITHAREN,0175,OMMEN,0523676546,primary,52.5621934,6.39670376
Overijssel,Christelijke Basisschool op Gereformeerde Grondslag,Zuideinde West,7,8278 AP,KAMPERVEEN,0166,KAMPEN,0525621241,primary,52.47970645,5.92956105
Overijssel,KC De Lisdodde,Siebenweg,14,7946 AD,WANNEPERVEEN,1708,STEENWIJKERLAND,0522281204,primary,52.70408316,6.12321976
Overijssel,Expeditiewijz,F. Hazemeijerstraat,300,7555 RJ,HENGELO OV,0164,HENGELO,0621932069,primary,52.2625497,6.78316225
Overijssel,Buitenwijs,Palestrinalaan,915,8031 VA,ZWOLLE,0193,ZWOLLE,0628154261,primary,52.53053347,6.08622686
Overijssel,Basisschool Groen van Prinsterer,Akelei,5,8265 KA,KAMPEN,0166,KAMPEN,0383317424,primary,52.54973578,5.89492898
Overijssel,School met de Bijbel,Grafhorsterweg,34-D,8277 AA,GRAFHORST,0166,KAMPEN,0383332635,primary,52.58195627,5.93399651
Overijssel,Rehoboth-School,Drostenstraat,1-A,8271 TC,IJSSELMUIDEN,0166,KAMPEN,0383316435,primary,52.56613181,5.93278558
Overijssel,Ichthusschool,Groenendael,226,8271 EM,IJSSELMUIDEN,0166,KAMPEN,0383321111,primary,52.56486526,5.93972196
Overijssel,Hervormde School Eben Haezer,Dorpsweg,20,8271 BM,IJSSELMUIDEN,0166,KAMPEN,0383315304,primary,52.56458722,5.92911428
Overijssel,Johannes Bogermanschool,Bouwmeesterstraat,43-A,7671 CA,VRIEZENVEEN,1700,TWENTERAND,0546562146,primary,52.41603987,6.62696909
Overijssel,Mariaschool Vasse,Hooidijk,19,7661 RA,VASSE,0183,TUBBERGEN,0541680236,primary,52.43520817,6.83418771
Overijssel,Rooms Katholiek Basisschool Heilig Hart,Oldenzaalseweg,90,7666 LH,FLERINGEN,0183,TUBBERGEN,0546621979,primary,52.38144538,6.80333793
Overijssel,Basisschool De Wiekslag,Bruno van Ommenstraat,34,7651 BS,TUBBERGEN,0183,TUBBERGEN,0546621602,primary,52.4083016,6.78552884
Overijssel,Mariaschool Langeveen,Kerklaan,2,7679 VG,LANGEVEEN,0183,TUBBERGEN,0546681358,primary,52.46938238,6.71466375
Overijssel,Mariaschool Reutum,Brinkstraat,18,7667 PS,REUTUM,0183,TUBBERGEN,0541670429,primary,52.38986069,6.84530554
Overijssel,Sint Aloysius-School,Vriezenveenseweg,12,7678 VC,GEESTEREN OV,0183,TUBBERGEN,0546631718,primary,52.42115522,6.73297645
Overijssel,Rooms Katholieke Basisschool Kadoes,De Weer,11,7665 DG,ALBERGEN,0183,TUBBERGEN,0546441388,primary,52.36984244,6.76513265
Overijssel,Basisschool De Zeven Mijlen,Manderveenseweg,70,7664 VV,MANDERVEEN,0183,TUBBERGEN,0541680445,primary,52.44414431,6.7801501
Overijssel,Basisschool St Alphonsus,Almeloseweg,209,7614 LA,MARIAPAROCHIE,0183,TUBBERGEN,0546473807,primary,52.37907833,6.70654741
Overijssel,Nicolaas Basisschool,Pastoorsdijk,9,7433 DK,SCHALKHAAR,0150,DEVENTER,0570621922,primary,52.26811525,6.19300599
Overijssel,Bassischool Liduina,Scholten Reimerstraat,8,7524 CS,ENSCHEDE,0153,ENSCHEDE,0534352447,primary,52.25002539,6.91468325
Overijssel,Kindcentrum Meester Snel,Kloosterstraat,13,7581 GE,LOSSER,0168,LOSSER,0535383994,primary,52.26249156,7.00896153
Overijssel,Op den Akker,De Akker,2,7481 GB,HAAKSBERGEN,0158,HAAKSBERGEN,0535722482,primary,52.15156543,6.74233426
Overijssel,Protestants Christelijke Basisschool Mecklenburg,De Posten,145,7544 LR,ENSCHEDE,0153,ENSCHEDE,0534763709,primary,52.18708199,6.8803626
Overijssel,Christelijke School voor Basisonderwijs Drakensteyn,Vastertlanden,169,7542 LR,ENSCHEDE,0153,ENSCHEDE,0534764661,primary,52.19445656,6.89976271
Overijssel,Pr Maurits,Geessinkbrink,1,7544 CW,ENSCHEDE,0153,ENSCHEDE,0534763165,primary,52.19267581,6.86790439
Overijssel,Christelijke Basisschool Anna van Buren,Bosuilstraat,7,7523 BJ,ENSCHEDE,0153,ENSCHEDE,0534355334,primary,52.23256896,6.89727692
Overijssel,CBS De Koning,Tomatenstraat,27,7545 WP,ENSCHEDE,0153,ENSCHEDE,0534349955,primary,52.20960551,6.86832972
Overijssel,Basisschool St. Gerardus,Kerkstraat,155,7532 AS,ENSCHEDE,0153,ENSCHEDE,0534611667,primary,52.22116887,6.97291511
Overijssel,De Regenboog,Het Stroink,60,7542 GT,ENSCHEDE,0153,ENSCHEDE,0534766477,primary,52.18835564,6.90015289
Overijssel,Basisschool de Troubadour,Sonatestraat,44-A,7534 XC,ENSCHEDE,0153,ENSCHEDE,0534611691,primary,52.21120689,6.97277843
Overijssel,De Kubus,Velveweg,50,7533 XK,ENSCHEDE,0153,ENSCHEDE,0534306037,primary,52.22037622,6.91813677
Overijssel,Basisschool Sint Jan,Haaksbergerstraat,255,7545 GH,ENSCHEDE,0153,ENSCHEDE,0534314301,primary,52.20969499,6.87787312
Overijssel,Basisschool Alfonsus,Pastoor Geertmanstraat,10,7535 BZ,ENSCHEDE,0153,ENSCHEDE,0534314249,primary,52.21371466,6.91124066
Overijssel,De Windroos,Het Bijvank,107,7544 DA,ENSCHEDE,0153,ENSCHEDE,0534762082,primary,52.19533069,6.87334355
Overijssel,Bonifatius,Zaanstraat,10,7523 HC,ENSCHEDE,0153,ENSCHEDE,0534354871,primary,52.23986473,6.88525723
Overijssel,Paus Joannes,Floraparkstraat,155,7531 XG,ENSCHEDE,0153,ENSCHEDE,0534353811,primary,52.23168311,6.91628768
Overijssel,De Zonnewijzer,Regulusstraat,8,7521 DX,ENSCHEDE,0153,ENSCHEDE,0534328080,primary,52.23042443,6.86154916
Overijssel,Basisschool Menkotoren,Rijnstraat,15,7523 GD,ENSCHEDE,0153,ENSCHEDE,0534304939,primary,52.23867858,6.89759034
Overijssel,De Triangel,Gerard Terborghstraat,1,7545 BV,ENSCHEDE,0153,ENSCHEDE,0534837060,primary,52.21180183,6.8580311
Overijssel,Bomans,Veldhoflanden,92,7542 LX,ENSCHEDE,0153,ENSCHEDE,0534771751,primary,52.19417234,6.89990168
Overijssel,HelmerWijs,Ravenhorsthoek,38,7546 EA,ENSCHEDE,0153,ENSCHEDE,0534774654,primary,52.1932787,6.85229235
Overijssel,Schateiland,Esmarkelaan,207,7534 JZ,ENSCHEDE,0153,ENSCHEDE,0534617500,primary,52.21503896,6.95055907
Overijssel,Ouverture,Ouverturestraat,68,7534 CP,ENSCHEDE,0153,ENSCHEDE,0534611776,primary,52.2104718,6.97401325
Overijssel,Gereformeerde Basisschool De Fontein,Wederiklaan,1,8265 DA,KAMPEN,0166,KAMPEN,0383314284,primary,52.5498899,5.9061148
Overijssel,Basissch De Marliaantjes,Hammerweg,8,7447 SM,HELLENDOORN,0163,HELLENDOORN,0548681270,primary,52.423874,6.48162783
Overijssel,De Smithoek,Roelofsbrink,12,7683 CK,DEN HAM OV,1700,TWENTERAND,0546671372,primary,52.46095235,6.49480923
Overijssel,Christelijke Basisschool De Fontein,Hoofdweg,56,7676 AG,WESTERHAAR-VRIEZENV WIJK,1700,TWENTERAND,0546658122,primary,52.44771683,6.62161953
Overijssel,De Maten,Broekmaten,6,7683 XH,DEN HAM OV,1700,TWENTERAND,0546671231,primary,52.46609046,6.49695341
Overijssel,Basisschool De Tweeklank,Albardastraat,35,7611 BE,AADORP,0141,ALMELO,0546863213,primary,52.37667899,6.62873202
Overijssel,Basisschool de Bron,Molenstraat,2,7671 KB,VRIEZENVEEN,1700,TWENTERAND,0546567748,primary,52.40166366,6.59801121
Overijssel,Christelijke Basisschool Eltheto,Schoolstraat,9,7671 GG,VRIEZENVEEN,1700,TWENTERAND,0546567656,primary,52.40479697,6.61213438
Overijssel,De Regenboog,De Leeuwerik,1,7671 ZX,VRIEZENVEEN,1700,TWENTERAND,0546562580,primary,52.40343931,6.61823971
Overijssel,Christelijke Basisschool Rehoboth,Buitenlandweg,1,7671 RK,VRIEZENVEEN,1700,TWENTERAND,0546567564,primary,52.41578533,6.64175018
Overijssel,Christelijke Basisschool De Polle,Oude Hoevenweg,97,7671 PH,VRIEZENVEEN,1700,TWENTERAND,0546567637,primary,52.43754131,6.67177132
Overijssel,Protestants Christelijke Basisschool Shalom,Zicht,2,7671 ND,VRIEZENVEEN,1700,TWENTERAND,0546567547,primary,52.41025713,6.60621688
Overijssel,Notter School Met De Bijbel,Klokkendijk,16,7467 PD,NOTTER,0189,WIERDEN,0548518988,primary,52.33353482,6.52032672
Overijssel,Montessori 't Annink,Bergweg,34,7557 BT,HENGELO OV,0164,HENGELO,0742916073,primary,52.2660155,6.8081115
Overijssel,Basisschool De Horizon,Brusselstraat,15,7559 NN,HENGELO OV,0164,HENGELO,0748200347,primary,52.29560231,6.80709494
Overijssel,Wilbertschool,Ruijsdaelstraat,45,7556 WS,HENGELO OV,0164,HENGELO,0742914499,primary,52.27731353,6.78407849
Overijssel,IKC Aventurijn,Breemarsweg,483,7555 KA,HENGELO OV,0164,HENGELO,0742917939,primary,52.25451265,6.76898931
Overijssel,IKC De Wooldermarke,Semmelweisstraat,44,7555 NT,HENGELO OV,0164,HENGELO,0742425779,primary,52.27060105,6.7723729
Overijssel,IKC 't Eimink,Johan Buziaustraat,14,7558 LA,HENGELO OV,0164,HENGELO,0742780775,primary,52.28736013,6.82952324
Overijssel,IKC De Kiem,Klaas de Rookstraat,53,7558 DJ,HENGELO OV,0164,HENGELO,0742770067,primary,52.28283923,6.82202042
Overijssel,Basisschool De Bleek,Kerkpad,9,7554 PR,HENGELO OV,0164,HENGELO,0743676270,primary,52.21012762,6.74312781
Overijssel,Esrein,Kerkstraat,116,7553 VX,HENGELO OV,0164,HENGELO,0742919911,primary,52.25859966,6.78645655
Overijssel,De Hunenborg,Old Ruitenborgh,31,7556 NK,HENGELO OV,0164,HENGELO,0742911629,primary,52.27636944,6.79929957
Overijssel,Dalton IKC Plechelmus,Wilbertstraat,15-A,7556 WH,HENGELO OV,0164,HENGELO,0742916271,primary,52.27540506,6.78332833
Overijssel,IKC Sint Jan,Oude Postweg,55,7557 DA,HENGELO OV,0164,HENGELO,0742914073,primary,52.27005387,6.80649693
Overijssel,IKC Titus Brandsma,Drienerstraat,51,7551 HL,HENGELO OV,0164,HENGELO,0742910500,primary,52.26538865,6.79914135
Overijssel,IKC Hart van Slangenbeek,Luxemburgstraat,100,7559 NB,HENGELO OV,0164,HENGELO,0742773553,primary,52.29283298,6.81058594
Overijssel,IKC Berflo,Apolloplein,1,7552 VG,HENGELO OV,0164,HENGELO,0742910291,primary,52.25496068,6.8062845
Overijssel,De Akker,P.C. Hooftlaan,202,7552 HE,HENGELO OV,0164,HENGELO,0742424545,primary,52.26107112,6.82538186
Overijssel,Klim Op School,Lentfersweg,29,7461 EJ,RIJSSEN,1742,RIJSSEN-HOLTEN,0548541490,primary,52.3041427,6.52628839
Overijssel,Basisschool Sint Sebastianus,Bibenstraat,19,7447 CK,HELLENDOORN,0163,HELLENDOORN,0548654742,primary,52.39175517,6.45071015
Overijssel,Basisschool Sint Stephanus,Sint Stephanusstraat,3,7625 PH,ZENDEREN,0147,BORNE,0742662583,primary,52.32459298,6.72493281
Overijssel,De Langewieke,Langewijk,178-A,7701 AK,DEDEMSVAART,0160,HARDENBERG,0523613309,primary,52.6066762,6.46126395
Overijssel,De Rietslenke,Nicolaas Beetsstraat,6,7442 TL,NIJVERDAL,0163,HELLENDOORN,0548612045,primary,52.35704174,6.46716693
Overijssel,Rooms Katholieke Basisschool Sint Stephanus,Pastoor Ossestraat,8,7627 PL,BORNERBROEK,0141,ALMELO,0743841585,primary,52.30966239,6.65648135
Overijssel,Basisschool Willibrordus,De Seringen,2,7681 JE,VROOMSHOOP,1700,TWENTERAND,0546646211,primary,52.46513003,6.56577107
Overijssel,Rooms Katholieke Basisschool Op Weg,Pastoor Langedijkstraat,1,7448 AL,HAARLE GEM HELLENDOORN,0163,HELLENDOORN,0548595251,primary,52.36099749,6.38103329
Overijssel,Roomskatholieke Maria School,Bongerd,1,7642 DA,WIERDEN,0189,WIERDEN,0546572690,primary,52.35936216,6.59094215
Overijssel,Basisschool De Wingerd,Bachlaan,60,7442 JH,NIJVERDAL,0163,HELLENDOORN,0548612055,primary,52.35589244,6.48561553
Overijssel,Het Galjoen,Kruizemunthof,4,7641 EX,WIERDEN,0189,WIERDEN,0546573236,primary,52.35946721,6.60317355
Overijssel,Basisschool De Triangel,Kuperserf,1,7443 HC,NIJVERDAL,0163,HELLENDOORN,0548617329,primary,52.37772824,6.48293984
Overijssel,Basisschool De Talenter,Margrietlaan,1,7468 AN,ENTER,0189,WIERDEN,0547381647,primary,52.29237162,6.57307537
Overijssel,Deventer Leerschool voor Basisonderwijs,Brinkpoortstraat,7,7411 HR,DEVENTER,0150,DEVENTER,0570616801,primary,52.25612599,6.15883417
Overijssel,Willibrord,Johanninksweg,4,7591 NX,DENEKAMP,1774,DINKELLAND,0541351896,primary,52.39666865,7.02627071
Overijssel,Plechelmus-School,Plechelmusstraat,9,7587 AL,DE LUTTE,0168,LOSSER,0541551507,primary,52.31527796,6.98590453
Overijssel,Bernardus-School,Hoflaan,6,7597 LS,SAASVELD,1774,DINKELLAND,0743494327,primary,52.33012833,6.8075562
Overijssel,De Kerkewei,Kerkewei,2,7596 KN,ROSSUM OV,1774,DINKELLAND,0541625234,primary,52.35252686,6.92406506
Overijssel,n Boaken,Heggelkampsweg,4,7636 RB,AGELO,1774,DINKELLAND,0541291912,primary,52.39268981,6.88561198
Overijssel,St Aloysiussch,Sint Remigiusstraat,5,7595 AM,WEERSELO,1774,DINKELLAND,0541661445,primary,52.35103717,6.85534549
Overijssel,Willibrordus,Kerkweg,1,7561 PT,DEURNINGEN,1774,DINKELLAND,0742780314,primary,52.3016296,6.83896158
Overijssel,Rooms Katholieke Alexanderschool,Ootmarsumsestraat,21,7591 EN,DENEKAMP,1774,DINKELLAND,0541351769,primary,52.37614841,6.99995484
Overijssel,R.K. Basisschool De Meander,Profietstraat,8,7631 GR,OOTMARSUM,1774,DINKELLAND,0541291619,primary,52.40706055,6.90345633
Overijssel,De Zevenster,Meester Muldersstraat,45,7591 VA,DENEKAMP,1774,DINKELLAND,0541351716,primary,52.37444558,7.01337588
Overijssel,Rooms Katholieke Basisschool De Maten,Guido Gezellestraat,35,7576 AG,OLDENZAAL,0173,OLDENZAAL,0541532607,primary,52.31244909,6.9077737
Overijssel,De Veldkamp,Churchillstraat,2,7591 CX,DENEKAMP,1774,DINKELLAND,0541351935,primary,52.37903744,7.00496604
Overijssel,De Leemstee,Helmichstraat,44,7574 TX,OLDENZAAL,0173,OLDENZAAL,0541532725,primary,52.30175119,6.93875292
Overijssel,'t Kampke,Ottershagenweg,45,7635 LT,LATTROP-BREKLENKAMP,1774,DINKELLAND,0541229393,primary,52.42727302,6.9757311
Overijssel,Drieeenheidsschool,Meijbreestraat,11,7573 EP,OLDENZAAL,0173,OLDENZAAL,0541512279,primary,52.31805613,6.93229051
Overijssel,'n Esch,Schoolstraat,18,7634 PS,TILLIGTE,1774,DINKELLAND,0541221200,primary,52.40455836,6.95410506
Overijssel,Franciscusschool,Lyceumstraat,2-B,7572 CP,OLDENZAAL,0173,OLDENZAAL,0541533561,primary,52.30721461,6.92819279
Overijssel,Mariaschool,Beuningerstraat,63,7588 RG,BEUNINGEN OV,0168,LOSSER,0541351948,primary,52.35800817,6.99857866
Overijssel,De Esch,Oosterikweg,1,7577 PL,OLDENZAAL,0173,OLDENZAAL,0541513460,primary,52.32676454,6.92130956
Overijssel,De Bongerd,Wieldraaierlaan,120,7577 NR,OLDENZAAL,0173,OLDENZAAL,0541580580,primary,52.32551867,6.90647282
Overijssel,De Wendakker,Zandhorstlaan,95,7576 VR,OLDENZAAL,0173,OLDENZAAL,0541517584,primary,52.31590138,6.90222006
Overijssel,Beatrixschool,Van Broekhuizenstraat,4,7461 VW,RIJSSEN,1742,RIJSSEN-HOLTEN,0548540677,primary,52.30264799,6.52719381
Overijssel,Basisschool Juliana,Roerdomp,24,7462 XC,RIJSSEN,1742,RIJSSEN-HOLTEN,0548636000,primary,52.30905505,6.49788819
Overijssel,Basisschool Wilhelmina,Bevervoorde,17,7462 AA,RIJSSEN,1742,RIJSSEN-HOLTEN,0548540555,primary,52.30866923,6.51855104
Overijssel,Basisschool Willem Alexander,Koninginneweg,44-A,7462 HN,RIJSSEN,1742,RIJSSEN-HOLTEN,0548540008,primary,52.30181819,6.50774912
Overijssel,Basisschool Johan Friso,Johannes Vermeerstraat,8,7462 BN,RIJSSEN,1742,RIJSSEN-HOLTEN,0548540330,primary,52.29933586,6.51831106
Overijssel,Basisschool Constantyn,Braakmansdijk,7,7462 LX,RIJSSEN,1742,RIJSSEN-HOLTEN,0548540799,primary,52.30318603,6.5009255
Overijssel,Vrije School de Zevenster,Operalaan,150,7577 JA,OLDENZAAL,0173,OLDENZAAL,0541521050,primary,52.324196,6.91836127
Overijssel,Basisschool Vrije School Almelo,Biesterweg,6,7608 RN,ALMELO,0141,ALMELO,0546492727,primary,52.3738847,6.67901266
Overijssel,Vrije School de Kleine Johannes,Oosterstraat,3-A/B,7413 XV,DEVENTER,0150,DEVENTER,0570626115,primary,52.25911429,6.1613219
Overijssel,De Noorderkroon,Elferinksweg,106,7545 KJ,ENSCHEDE,0153,ENSCHEDE,0534354654,primary,52.21453966,6.86611527
Overijssel,Vrije School Michaël,Bachlaan,8,8031 HL,ZWOLLE,0193,ZWOLLE,0384225448,primary,52.52581593,6.0783639
Overijssel,De Schakel,Beerzerhaar,5-A,7685 PP,BEERZERVELD,0175,OMMEN,0523251788,primary,52.50510728,6.57763521
Overijssel,Christelijke Basisschool De Fontein,Gouden Regenstraat,21,7775 AX,LUTTEN,0160,HARDENBERG,0488451569,primary,52.61104978,6.57636979
Overijssel,Protestants Christelyke Basisschool De Regenboog,Schoolstraat,9,7451 EV,HOLTEN,1742,RIJSSEN-HOLTEN,0548366160,primary,52.279367,6.4210086
Overijssel,De Morgenster,Fazant,6,8281 GK,GENEMUIDEN,1896,ZWARTEWATERLAND,0383855582,primary,52.6185548,6.04810029
Overijssel,De Levensbron,Taghof,2,8281 NA,GENEMUIDEN,1896,ZWARTEWATERLAND,0383854401,primary,52.61774946,6.03439984
Overijssel,Protestants Christelijk Basisschool De Schaapskooi,Kuperserf,47,7443 HC,NIJVERDAL,0163,HELLENDOORN,0548614945,primary,52.37646124,6.48274399
Overijssel,Protestants Christelijke Basisschool De Bongerd,Zuidelijke Hoofddijk,3,7443 RS,NIJVERDAL,0163,HELLENDOORN,0548610722,primary,52.38014646,6.47442971
Overijssel,Protestants Christelijke Basisschool De Veenbrug,Gerhard Nijlandstraat,4,7687 AR,DAARLERVEEN,0163,HELLENDOORN,0546646236,primary,52.44112218,6.57799308
Overijssel,Christelijke Basisschool De Ark,'t Caphorst,2,7688 RK,DAARLE,0163,HELLENDOORN,0546697405,primary,52.43480228,6.53353337
Overijssel,Basisschool De Es,Noord Esweg,26,7447 GB,HELLENDOORN,0163,HELLENDOORN,0548654065,primary,52.39173573,6.44521605
Overijssel,Protestants Christelijke Basisschool Prinses Marijke,Willem de Clercqstraat,7,7443 XG,NIJVERDAL,0163,HELLENDOORN,0548615312,primary,52.37173174,6.45324754
Overijssel,De Meander,Lochtersweg,1,7442 BM,NIJVERDAL,0163,HELLENDOORN,0548615308,primary,52.36285378,6.48574274
Overijssel,Talentrijk,P C Stamstraat,2,7442 ZC,NIJVERDAL,0163,HELLENDOORN,0548615313,primary,52.35624827,6.47474597
Overijssel,Protestants Christelijke Basisschool Prinses Beatrix,Trompweg,12,7441 HR,NIJVERDAL,0163,HELLENDOORN,0548655249,primary,52.36953143,6.44942423
Overijssel,Nederlands Hervormde School De Triangel,Korte Kerkweg,25,7954 GC,ROUVEEN,0180,STAPHORST,0522291355,primary,52.61261247,6.18312064
Overijssel,Christelijke Nationale Basisschool De Wegwijzer,Lage Landweg,2,7777 RN,SCHUINESLOOT,0160,HARDENBERG,0523683053,primary,52.6477089,6.5586182
Overijssel,Christelijke basisschool de Driesprong,Nieuwe Schoolweg,3,7645 AV,HOGE HEXEL,0189,WIERDEN,0546697908,primary,52.3956288,6.55885306
Overijssel,CBS De Akkerwal,Ypeloschoolweg,2-A,7468 RE,ENTER,0189,WIERDEN,0547383661,primary,52.32361932,6.59139584
Overijssel,De Wegwijzer,Rijssenseweg,20,7468 AD,ENTER,0189,WIERDEN,0547381685,primary,52.29519929,6.57254978
Overijssel,De Morgenster,Kruizemunthof,10,7641 EX,WIERDEN,0189,WIERDEN,0546573739,primary,52.35940877,6.60657894
Overijssel,Kluinveenschool,Kupersweg,13,7641 AL,WIERDEN,0189,WIERDEN,0546575704,primary,52.36658884,6.58563198
Overijssel,De Sjaloom,De Savornin Lohmanstraat,2,7642 XK,WIERDEN,0189,WIERDEN,0546572010,primary,52.35762522,6.57872477
Overijssel,Enschedese Schoolvereniging,Tichelweg,7,7523 AL,ENSCHEDE,0153,ENSCHEDE,0534311000,primary,52.23260982,6.90363579
Overijssel,Christelijke Basisschool 't Groeipunt,Stobbelaan,65,7681 ZN,VROOMSHOOP,1700,TWENTERAND,0546641473,primary,52.45731407,6.56855703
Overijssel,Oranjeschool,Oranjestraat,28,7681 DN,VROOMSHOOP,1700,TWENTERAND,0546642137,primary,52.45735908,6.57433384
Overijssel,Basisschool Nieuwoord,Klimop,1,7681 HD,VROOMSHOOP,1700,TWENTERAND,0546641805,primary,52.46440375,6.56282375
Overijssel,Protestants Christelijke Basisschool De Hoekstee,Oordtstraat,2-A,7685 PB,BEERZERVELD,0175,OMMEN,0523251247,primary,52.49436937,6.57465096
Overijssel,Christelijke Basisschool De Roerganger,Voormors,2,7468 HA,ENTER,0189,WIERDEN,0547381968,primary,52.29398588,6.58147441
Utrecht,Jenaplansch Klavertje 4,De Cope,26,3421 XL,OUDEWATER,0589,OUDEWATER,0348564490,primary,52.02644189,4.8617464
Utrecht,Basisschool Erica,Ericalaan,30,3911 XN,RHENEN,0340,RHENEN,0317613985,primary,51.96821393,5.57202034
Utrecht,Basissch De Springplank,Groeneweg,60,3911 PG,RHENEN,0340,RHENEN,0317620144,primary,51.96259819,5.56653069
Utrecht,Christelijke Basisschool Wilhelmina,Gasthuisstraat,7,3958 BL,AMERONGEN,1581,UTRECHTSE HEUVELRUG,0343451268,primary,51.99830939,5.45830638
Utrecht,Christelijke Basisschool De Regenboog,Pr Beatrixlaan,34,3958 XK,AMERONGEN,1581,UTRECHTSE HEUVELRUG,0343452466,primary,52.00359982,5.46067402
Utrecht,Basisschool Amerfoortse School Vereniging,Johan v Oldenbarneveltln,23,3818 HA,AMERSFOORT,0307,AMERSFOORT,0334613568,primary,52.15129849,5.37557917
Utrecht,Eben Haezerschool,Koerheuvelweg,1,3912 AA,RHENEN,0340,RHENEN,0317612659,primary,51.96405694,5.56467469
Utrecht,Basisschool Comenius,Zinzendorflaan,2-B,3703 CG,ZEIST,0355,ZEIST,0306917285,primary,52.07819249,5.23808771
Utrecht,P.C. basisschool De Parkschool,Raadhoven,2,3813 LW,AMERSFOORT,0307,AMERSFOORT,0334330270,primary,52.17642015,5.39505794
Utrecht,P.C. basisschool Prins Willem Alexanderschool,F v Blankenheymstr,61,3817 AE,AMERSFOORT,0307,AMERSFOORT,0334617352,primary,52.15185777,5.39071113
Utrecht,P.C. basisschool 't Anker,Dollardstraat,123,3812 EV,AMERSFOORT,0307,AMERSFOORT,0334617284,primary,52.16317572,5.3628264
Utrecht,P.C. basisschool De Windroos,Wiekslag,102,3815 GS,AMERSFOORT,0307,AMERSFOORT,0334790450,primary,52.16726398,5.40632297
Utrecht,P.C. basisschool De Bolster,Van Effenlaan,10,3818 RL,AMERSFOORT,0307,AMERSFOORT,0334617970,primary,52.14211253,5.37462848
Utrecht,P.C. basisschool De Berkenschool,Berkenlaan,29-31,3828 BN,HOOGLAND,0307,AMERSFOORT,0334802122,primary,52.18734794,5.3795319
Utrecht,P.C. basisschool De Zonnewijzer,Trombonestraat,62,3822 CH,AMERSFOORT,0307,AMERSFOORT,0334559939,primary,52.18135875,5.40599297
Utrecht,P.C. basisschool De Wonderboom,Waterkers,1,3824 EH,AMERSFOORT,0307,AMERSFOORT,0334565539,primary,52.20079222,5.37693357
Utrecht,P.C. basisschool De Vuurvogel,Zwartsluiskade,2,3826 EG,AMERSFOORT,0307,AMERSFOORT,0332530707,primary,52.20439448,5.42300426
Utrecht,P.C. basisschool Kon-Tiki,Oceaan,6,3825 WC,AMERSFOORT,0307,AMERSFOORT,0334766404,primary,52.19312991,5.42212358
Utrecht,Oecumenische Basisschool De Ladder,Breeschotenlaan,26,3951 VL,MAARN,1581,UTRECHTSE HEUVELRUG,0343442358,primary,52.06467201,5.38061165
Utrecht,School v/d Stichting Hindoe Onderwijs Shri Krishna school,Van Lawick van Pabstlaan,3,3453 RA,DE MEERN,0344,UTRECHT,0302006440,primary,52.08159783,5.01797334
Utrecht,Basisschool Bilal,Fahrenheitstraat,50,3817 WE,AMERSFOORT,0307,AMERSFOORT,0334617889,primary,52.14178394,5.38931025
Utrecht,IBS El Boukhari,Populierstraat,2,4142 EB,LEERDAM,1961,VIJFHEERENLANDEN,0345631316,primary,51.88762333,5.07985868
Utrecht,Basisschool Sirat,Essenlaan,1,3442 JE,WOERDEN,0632,WOERDEN,0628682828,primary,52.07988914,4.87502673
Utrecht,Ref BS De Wartburg,Laan 1940-1945,33,3931 CR,WOUDENBERG,0351,WOUDENBERG,0332866103,primary,52.08254199,5.4288398
Utrecht,De Vuurvlinder,Boerenzwaluw,19,3905 SG,VEENENDAAL,0345,VEENENDAAL,0318527745,primary,52.02984455,5.53583499
Utrecht,Cunera-School voor Basisonderwijs,Stationsweg,6,3911 AM,RHENEN,0340,RHENEN,0317614119,primary,51.95642544,5.5739585
Utrecht,Johannes Calvijnschool,Buizerdstraat,1,4143 BA,LEERDAM,1961,VIJFHEERENLANDEN,0345612802,primary,51.89548307,5.08758082
Utrecht,Drie Koningenschool,Pastoor Boelenslaan,10,3454 AB,DE MEERN,0344,UTRECHT,0306662489,primary,52.0813425,5.03961606
Utrecht,Willibrordschool,Pastoor Ohllaan,28,3451 CC,VLEUTEN,0344,UTRECHT,0306771618,primary,52.10438087,5.01365729
Utrecht,Het Veldhuis,Keerderberg,23,3453 RD,DE MEERN,0344,UTRECHT,0306666601,primary,52.08251667,5.01724944
Utrecht,Blink,Kweektuinlaan,11,3452 SR,VLEUTEN,0344,UTRECHT,0306668052,primary,52.0903905,5.00839116
Utrecht,IKC De Fonkeling,Doyenneperenlaan,1,3452 EC,VLEUTEN,0344,UTRECHT,0302027600,primary,52.0933508,4.99868049
Utrecht,Basisschool met de Bijbel Het Kompas,Joop Westerweelstraat,18,3417 EN,MONTFOORT,0335,MONTFOORT,0348472121,primary,52.04565171,4.95616417
Utrecht,Basisschool Agatha Snellen,Nicolaasdwarsstraat,3,3512 XG,UTRECHT,0344,UTRECHT,0302313219,primary,52.08265164,5.1250316
Utrecht,Basisschool Oud Zandbergen,Prins Alexanderweg,1-A,3712 AD,HUIS TER HEIDE UT,0355,ZEIST,0306931819,primary,52.11085249,5.25668182
Utrecht,Ichthusschool voor Basisonderwijs,De Genestetlaan,19,3705 BT,ZEIST,0355,ZEIST,0306959512,primary,52.09481506,5.23208123
Utrecht,Basisschool Nye Kroost,Kroostweg,74-A,3704 EG,ZEIST,0355,ZEIST,0306956085,primary,52.09031677,5.22230599
Utrecht,Kerckeboschschool,Oranje Nassaulaan,5,3708 GA,ZEIST,0355,ZEIST,0306914074,primary,52.07625845,5.25748281
Utrecht,Basisschool De Wegwijzer,Willem Schmidtlaan,2,3705 LW,ZEIST,0355,ZEIST,0306956585,primary,52.10179337,5.25083022
Utrecht,Christelijke Basisschool Beurthonk,Salamander,53,3984 MB,ODIJK,0312,BUNNIK,0306562949,primary,52.04678719,5.23305841
Utrecht,Basisschool de Sluis,Koppelweg,131,3704 GG,ZEIST,0355,ZEIST,0306992232,primary,52.0845178,5.21484293
Utrecht,Montessori School,Rembrandtplein,1,3723 CH,BILTHOVEN,0310,DE BILT,0302280818,primary,52.13873696,5.20610626
Utrecht,Vereniging Nieuwe Baarnsche School,Vondellaan,2,3743 HZ,BAARN,0308,BAARN,0355422315,primary,52.2076894,5.28504379
Utrecht,W Teellinckschool voor Basisonderwijs,Ruiterpad,83,3911 SK,RHENEN,0340,RHENEN,0317614388,primary,51.97334134,5.58322875
Utrecht,Byzonder Neutrale Montessori School,Duivenwal-west,300,3905 AV,VEENENDAAL,0345,VEENENDAAL,0318540339,primary,52.0252016,5.54687655
Utrecht,Jenaplan Basisschool Vlinderbos,Veenweg,117-A,3648 HB,WILNIS,0736,DE RONDE VENEN,0297257800,primary,52.20236796,4.89095893
Utrecht,Montessori Basisschool Houten,Hefbrug,9,3991 LB,HOUTEN,0321,HOUTEN,0306340629,primary,52.02119558,5.16098589
Utrecht,Mariaschool,Vierkante Bosje,35,3755 BE,EEMNES,0317,EEMNES,0356460088,primary,52.25150255,5.25351539
Utrecht,De Hobbitstee,Aartseveen,70,3755 VE,EEMNES,0317,EEMNES,0355389891,primary,52.25519907,5.25707161
Utrecht,Rooms Katholieke Basisschool Sint Jozef,De Cope,28,3421 XL,OUDEWATER,0589,OUDEWATER,0348561209,primary,52.02644771,4.86185139
Utrecht,Mariaschool voor Rooms Katholiek Basisonderwijs,Nieuwstraat,9-11,3421 BT,OUDEWATER,0589,OUDEWATER,0348561652,primary,52.02117821,4.87219157
Utrecht,Gereformeerde Basisschool De Plantage,Zoete Inval,8,3901 SM,VEENENDAAL,0345,VEENENDAAL,0318548122,primary,52.02920415,5.56387303
Utrecht,Gereformeerde Basisschool De Regenboog,Reinaartpad,1,3813 KM,AMERSFOORT,0307,AMERSFOORT,0334767883,primary,52.17039371,5.39330698
Utrecht,GBS Het Christal,De Biezenkamp,286,3831 JA,LEUSDEN,0327,LEUSDEN,0332048790,primary,52.13675154,5.42975759
Utrecht,Gereformeerde Basisschool Het Zwaluwnest,Darthuizerberg,133,3825 BN,AMERSFOORT,0307,AMERSFOORT,0334720820,primary,52.19694182,5.416251
Utrecht,Gereformeerde Basisschool De Horizon,Sportlaan,14,3828 AZ,HOOGLAND,0307,AMERSFOORT,0334809347,primary,52.18402032,5.3766196
Utrecht,Christelijk NAT Basisschool Abcoude,Blomswaard,2,1391 VC,ABCOUDE,0736,DE RONDE VENEN,0294283742,primary,52.26948106,4.97125033
Utrecht,Protestants Christelijke Basisschool De Schepershoek,Schepersweg,8-A,3621 JK,BREUKELEN,1904,STICHTSE VECHT,0346261627,primary,52.1786323,4.99754806
Utrecht,Basisschool Podium,Hoflaan,2,3632 BT,LOENEN AAN DE VECHT,1904,STICHTSE VECHT,0294231298,primary,52.20906881,5.01756716
Utrecht,Basisschool  de Verbinding,Petersburg,56,1393 PT,NIGTEVECHT,1904,STICHTSE VECHT,0294251782,primary,52.27734489,5.02917228
Utrecht,Protestants Christelijke Basisschool Ichthus,Dorpsstraat,4,1396 KJ,BAAMBRUGGE,0736,DE RONDE VENEN,0294291367,primary,52.24596278,4.98932607
Utrecht,'t Kompas School met de Bijbel,Prinses Christinastraat,4,3615 AG,WESTBROEK,0310,DE BILT,0346281475,primary,52.14882471,5.12504644
Utrecht,Rooms Katholieke Basisschool Sint Antonius,De Hoef Oostzijde,33,1426 AE,DE HOEF,0736,DE RONDE VENEN,0297593385,primary,52.2045874,4.81588677
Utrecht,De Optimist,Tuinderslaantje,1-3,3645 EX,VINKEVEEN,0736,DE RONDE VENEN,0297261450,primary,52.21396191,4.93161265
Utrecht,Christelijke Nationale School De Bijenschans,Kerkplein,14-A,3621 BA,BREUKELEN,1904,STICHTSE VECHT,0346261349,primary,52.17164503,4.9990991
Utrecht,Kids College,Veenweg,118-A,3648 HC,WILNIS,0736,DE RONDE VENEN,0297283295,primary,52.20233296,4.88960939
Utrecht,Christelijke Basisschool De Klaroen,M A de Ruyterstr,2,3601 TJ,MAARSSEN,1904,STICHTSE VECHT,0346561862,primary,52.14636366,5.04235583
Utrecht,Roomskatholieke Basisschool De Windroos,Proostdijstraat,39,3641 AT,MIJDRECHT,0736,DE RONDE VENEN,0297256393,primary,52.20018224,4.86376627
Utrecht,De Zilvermaan,Bloemstede,225,3608 TA,MAARSSEN,1904,STICHTSE VECHT,0346564871,primary,52.12659045,5.03295653
Utrecht,Rooms Katholieke Basisschool Hofland,Kogger,2-B,3641 MK,MIJDRECHT,0736,DE RONDE VENEN,0297256153,primary,52.21293328,4.86299804
Utrecht,Christelijke Nationale Basisschool J.C. van der Wal,Zwanenkamp,1305,3607 NZ,MAARSSEN,1904,STICHTSE VECHT,0346572935,primary,52.14119601,5.00990646
Utrecht,Basisschool De Fontein,Johan van Renessestraat,14,3641 KN,MIJDRECHT,0736,DE RONDE VENEN,0297257459,primary,52.20401717,4.85728383
Utrecht,Het Kompas,Buitenweg,308,3602 ZK,MAARSSEN,1904,STICHTSE VECHT,0346550159,primary,52.13618269,5.053158
Utrecht,Katholieke Brede School Carolus,Kerkweg,20,3945 BN,COTHEN,0352,WIJK BIJ DUURSTEDE,0343561773,primary,51.9995368,5.30950103
Utrecht,Basisschool Floris Radewijnsz,Drossaardslaan,64,4143 BD,LEERDAM,1961,VIJFHEERENLANDEN,0345616964,primary,51.8989587,5.09108641
Utrecht,Basisschool De Ceder,Larikslaan,1-A,3904 LA,VEENENDAAL,0345,VEENENDAAL,0318510093,primary,52.01278524,5.55005662
Utrecht,Basisschool De Burcht,Margaretha Turnorlaan,5,3903 WK,VEENENDAAL,0345,VEENENDAAL,0318555562,primary,52.00678262,5.54675901
Utrecht,School JUUL,Karel Fabritiusstraat,1,3904 TG,VEENENDAAL,0345,VEENENDAAL,0318511168,primary,52.01917426,5.53927199
Utrecht,Het Baken II,De Reede,71,3904 NT,VEENENDAAL,0345,VEENENDAAL,0318515613,primary,52.02654324,5.53144886
Utrecht,Het Baken I,'t Kofschip,2,3904 RS,VEENENDAAL,0345,VEENENDAAL,0318510935,primary,52.02320853,5.53444235
Utrecht,Het Erf,Ronde Erf,2-4,3902 CZ,VEENENDAAL,0345,VEENENDAAL,0318514414,primary,52.03252696,5.56743822
Utrecht,Protestants Christelijke Basisschool de Grondtoon,Componistensingel,26,3906 BW,VEENENDAAL,0345,VEENENDAAL,0318528741,primary,52.0357113,5.53100711
Utrecht,Tamim,Spiesheem,54,3907 NJ,VEENENDAAL,0345,VEENENDAAL,0318769141,primary,52.0264819,5.58160628
Utrecht,'t Speel-Kwartier,Ruiterijweg,1,3902 JA,VEENENDAAL,0345,VEENENDAAL,0318651901,primary,52.02442347,5.57796239
Utrecht,Immanuelschool,Kluwen,5,3421 KW,OUDEWATER,0589,OUDEWATER,0348561614,primary,52.0306485,4.87345615
Utrecht,Montessori Basisschool Pallas Athene,Heinsiuslaan,1,3818 JE,AMERSFOORT,0307,AMERSFOORT,0334617134,primary,52.14982668,5.36667966
Utrecht,Montessorischool De Vleugel,Mozartplantsoen,1,3438 AG,NIEUWEGEIN,0356,NIEUWEGEIN,0306045789,primary,52.03852705,5.09348888
Utrecht,Montessori Basisschool Rhenen,Lijsterberg,113,3911 DJ,RHENEN,0340,RHENEN,0317612976,primary,51.96252398,5.57575516
Utrecht,Montessorischool Arcade,Pauwoogvlinder,12,3544 DB,UTRECHT,0344,UTRECHT,0306705244,primary,52.09528646,5.04694186
Utrecht,Amalia Astroschool voor Christelijk Basisonderwijs,Parkstraat,30,3743 EE,BAARN,0308,BAARN,0355413287,primary,52.211295,5.28676199
Utrecht,Protestants Christelijke Basisschool De Postiljon,Generaal Winkelmanstraat,111,3769 EC,SOESTERBERG,0342,SOEST,0346351518,primary,52.11539495,5.28695841
Utrecht,Protestants Christelijke Basisschool Koningin Wilhelmina,Dalweg,11,3741 AT,BAARN,0308,BAARN,0355429698,primary,52.2144612,5.28972517
Utrecht,Protestants Christelijke Basisschool Guido De Bres,Begoniastraat,2,3742 TG,BAARN,0308,BAARN,0355415497,primary,52.20428609,5.30013376
Utrecht,PCBS Gaspard de Coligny,De Oude Werf,5-A,3741 CS,BAARN,0308,BAARN,0355426470,primary,52.21992961,5.28427018
Utrecht,De Werveling Basisschool,Oude Utrechtseweg,24,3768 CC,SOEST,0342,SOEST,0356016422,primary,52.16294945,5.30627777
Utrecht,Da Costa Basisschool,Spoorstraat,3,3761 AJ,SOEST,0342,SOEST,0356035399,primary,52.18350814,5.29959216
Utrecht,Insingerbasisschool,Insingerstraat,57,3766 MA,SOEST,0342,SOEST,0356017309,primary,52.16166305,5.27584221
Utrecht,Basisschool De Bron,Sweelinckstraat,2,3766 ED,SOEST,0342,SOEST,0356021376,primary,52.17020912,5.27674011
Utrecht,De Nieuwe Wiel,Juliana van Stolberglaan,65,3411 XB,LOPIK,0331,LOPIK,0348551513,primary,51.97325943,4.94585468
Utrecht,De Fontein,Hendriklaan,5,3481 VR,HARMELEN,0632,WOERDEN,0348441730,primary,52.08556278,4.96336768
Utrecht,Timotheusschool,Laan van Rapijnen,38,3461 GH,LINSCHOTEN,0335,MONTFOORT,0348409227,primary,52.06354001,4.9186568
Utrecht,Graaf Jan van Montfoort,Parklaan,4-A,3417 VA,MONTFOORT,0335,MONTFOORT,0348473390,primary,52.04281912,4.95353628
Utrecht,Christelijke Constantijnschool,Botter,2,3448 KA,WOERDEN,0632,WOERDEN,0348422567,primary,52.07919619,4.85694728
Utrecht,Willem van Oranje,Goudenregenstraat,2-A,3442 HG,WOERDEN,0632,WOERDEN,0348416079,primary,52.08403817,4.87407394
Utrecht,PCB De Bloesem,Aalberse-lanen,56-A,3445 TC,WOERDEN,0632,WOERDEN,0348415735,primary,52.09241261,4.90585991
Utrecht,Willem Alexanderschool,Anton Mauvestraat,1,3443 CV,WOERDEN,0632,WOERDEN,0348412687,primary,52.08931502,4.87054812
Utrecht,Wilhelminaschool,Oostsingel,4,3441 GB,WOERDEN,0632,WOERDEN,0348412432,primary,52.08937428,4.88652858
Utrecht,Johan Frisoschool,Het Spaarne,7-B,3448 DX,WOERDEN,0632,WOERDEN,0348418509,primary,52.07640217,4.86501015
Utrecht,Margrietschool,Alpenstraat,3,3446 DR,WOERDEN,0632,WOERDEN,0348431791,primary,52.08263796,4.90644822
Utrecht,Vrije School Amersfoort,Romeostraat,74,3816 SE,AMERSFOORT,0307,AMERSFOORT,0334727622,primary,52.15554257,5.40929499
Utrecht,Koningin Julianaschool,Ekris,25,3931 PT,WOUDENBERG,0351,WOUDENBERG,0332862950,primary,52.08320048,5.42156048
Utrecht,Openbare Basisschool De Zuidwend,Vierkante Bosje,39,3755 BG,EEMNES,0317,EEMNES,0355383855,primary,52.25178851,5.2537644
Utrecht,Graaf Florisschool,'t Rond,22,3632 BP,LOENEN AAN DE VECHT,1904,STICHTSE VECHT,0294233207,primary,52.20924159,5.0169251
Utrecht,Koningin Wilhelminaschool,Drossaardslaan,70,4143 BD,LEERDAM,1961,VIJFHEERENLANDEN,0345632361,primary,51.89866733,5.08917333
Utrecht,Christelijke Basisschool Klim Op,Keramieklaan,3,4142 BL,LEERDAM,1961,VIJFHEERENLANDEN,0345613731,primary,51.89177297,5.07692145
Utrecht,Christelijke Basisschool Juliana,Koningin Emmalaan,45,4141 EA,LEERDAM,1961,VIJFHEERENLANDEN,0345614317,primary,51.89324868,5.10150549
Utrecht,Kees Valkensteinschool voor Openbaar Basisonderwijs,Kortland,23,3451 VD,VLEUTEN,0344,UTRECHT,0306775563,primary,52.10822129,5.01996789
Utrecht,Openbare Montessori basisschool de Meander,Centrumlaan,1,3454 CX,DE MEERN,0344,UTRECHT,0306662681,primary,52.07892565,5.0372603
Utrecht,Apollo II school voor Openbaar Basisonderwijs,Ten Veldestraat,98,3454 EN,DE MEERN,0344,UTRECHT,0306662577,primary,52.0773272,5.03251555
Utrecht,Openbare Basisschool de Cirkel,Prinses Margrietstraat,124,3554 GJ,UTRECHT,0344,UTRECHT,0302440498,primary,52.11438221,5.08600675
Utrecht,Basisschool Prinses Margriet,Prinses Margrietstraat,20,3554 GE,UTRECHT,0344,UTRECHT,0302441550,primary,52.11120871,5.09160104
Utrecht,OBS Rietendakschool,Laan van Chartroise,160,3552 EZ,UTRECHT,0344,UTRECHT,0302448657,primary,52.10744981,5.09971956
Utrecht,Basisschool Jules Verne,Mariendaalstraat,21,3551 XH,UTRECHT,0344,UTRECHT,0302442388,primary,52.10361657,5.0967532
Utrecht,Openbare Basisschool Overvecht,Eufraatdreef,1,3564 XZ,UTRECHT,0344,UTRECHT,0302617118,primary,52.12586431,5.1011431
Utrecht,OBS Tuindorp,Prof. van Bemmelenlaan,34,3571 EN,UTRECHT,0344,UTRECHT,0302730233,primary,52.10987217,5.1296076
Utrecht,Witte Vrouwen-School Jenaplan-School,Poortstraat,73,3572 HD,UTRECHT,0344,UTRECHT,0302715526,primary,52.09840733,5.13549992
Utrecht,Openbare Basisschool De Koekoek,Koekoeksplein,1-A,3514 TT,UTRECHT,0344,UTRECHT,0302719672,primary,52.09869297,5.1176028
Utrecht,Basisschool Dr D Bos,Nolenslaan,33,3515 VB,UTRECHT,0344,UTRECHT,0302719056,primary,52.10333537,5.11712755
Utrecht,Prof. Kohnstammschool,Marislaan,1,3582 HD,UTRECHT,0344,UTRECHT,0302512187,primary,52.07871868,5.13800953
Utrecht,Openbare Basisschool De Hoge Raven,Wijnesteinlaan,6,3525 AL,UTRECHT,0344,UTRECHT,0302801112,primary,52.06463157,5.12037919
Utrecht,Basisschool Anne Frank,Van Bijnkershoeklaan,280,3527 XL,UTRECHT,0344,UTRECHT,0302934564,primary,52.07769384,5.09858199
Utrecht,ODBS Pieterskerkhof,Pieterskerkhof,10,3512 JR,UTRECHT,0344,UTRECHT,0302311751,primary,52.0911785,5.12523423
Utrecht,Basisschool De Klim Werkkring,Eifel,26-28,3524 HH,UTRECHT,0344,UTRECHT,0302888788,primary,52.0608557,5.13457894
Utrecht,Daltonschool Rijnsweerd,Jan Muschlaan,24,3584 GV,UTRECHT,0344,UTRECHT,0302523172,primary,52.0866018,5.15310217
Utrecht,De Kaleidoskoop,Columbuslaan,40,3526 EP,UTRECHT,0344,UTRECHT,0302883643,primary,52.07073872,5.09361148
Utrecht,Openbare Basisschool De Kleine Dichter,Heycopplein,1,3521 EX,UTRECHT,0344,UTRECHT,0302963585,primary,52.07973474,5.11133005
Utrecht,Openbare Montessorischool Oog in Al,Victor Hugoplantsoen,34,3533 CJ,UTRECHT,0344,UTRECHT,0302930036,primary,52.08746095,5.08074496
Utrecht,Openbare Basisschool Voordorp,Che Guevarastraat,15,3573 BK,UTRECHT,0344,UTRECHT,0302719011,primary,52.1112819,5.1470193
Utrecht,"Obs De Klimroos, samen de wereld in",Langerakbaan,231,3544 RK,UTRECHT,0344,UTRECHT,0306620004,primary,52.08619111,5.05448035
Utrecht,Pantarijn,Van Lawick van Pabstlaan,1,3453 RA,DE MEERN,0344,UTRECHT,0306663750,primary,52.08234812,5.01860621
Utrecht,Vleuterweide,Passiebloemweg,7,3452 CZ,VLEUTEN,0344,UTRECHT,0306666406,primary,52.093452,5.00355813
Utrecht,Waterrijk,Musicallaan,102,3543 BT,UTRECHT,0344,UTRECHT,0306700339,primary,52.10448031,5.04296187
Utrecht,OBS Het Zand,Pauwoogvlinder,18,3544 DB,UTRECHT,0344,UTRECHT,0306704650,primary,52.09529369,5.04862727
Utrecht,Johan de Witt,Beethovenplein,2,3533 EW,UTRECHT,0344,UTRECHT, ,primary,52.08539296,5.08732722
Utrecht,Kindcentrum Rijnvliet,Pecanlaan,50,3545 CJ,UTRECHT,0344,UTRECHT,0302006721,primary,52.08017824,5.06811975
Utrecht,Openbare Basisschool De Hobbitstee,G van Damstraat,83-B,3417 WD,MONTFOORT,0335,MONTFOORT,0348472620,primary,52.03969895,4.9515656
Utrecht,Openbare School Prins Claus,Laan van Rapijnen,26,3461 GH,LINSCHOTEN,0335,MONTFOORT,0348415652,primary,52.06336734,4.918294
Utrecht,Openbare Basisschool Oudewater,Kluwen,3,3421 KW,OUDEWATER,0589,OUDEWATER,0348563112,primary,52.03057533,4.87331048
Utrecht,CBS Eben-Haezer,Oranje-Nassaustraat,12,3405 XK,BENSCHOP,0331,LOPIK,0348451407,primary,52.00657847,4.97890492
Utrecht,CBS Het Fundament,Verduinstraat,8,4243 JZ,NIEUWLAND,1961,VIJFHEERENLANDEN,0183352224,primary,51.9027588,5.01435994
Utrecht,CBS Het Kompas,Gregoriuslaan,40,4128 SZ,LEXMOND,1961,VIJFHEERENLANDEN,0347341237,primary,51.9634446,5.03386587
Utrecht,CBS Herédium,Schoolstraat,3,4122 GA,ZIJDERVELD,1961,VIJFHEERENLANDEN,0345641767,primary,51.94186507,5.14276165
Utrecht,CBS De Rank,Blommendaal,6,4231 DC,MEERKERK,1961,VIJFHEERENLANDEN,0183351387,primary,51.9189866,4.99553253
Utrecht,CBS Eben-Haezer,Hr Willem van Egmondstr,1,3415 PW,POLSBROEK,0331,LOPIK,0182309248,primary,51.97906961,4.85166946
Utrecht,Noachschool,Kerkweg,3-A,4145 MP,SCHOONREWOERD,1961,VIJFHEERENLANDEN,0345641515,primary,51.91939815,5.11796561
Utrecht,CBS Immanuel,Kapelsepad,20-A,3412 KM,LOPIKERKAPEL,0331,LOPIK,0306881733,primary,51.98966395,5.04291602
Utrecht,SmdB De Kandelaar,Liesveldweg,65,4233 HG,AMEIDE,1961,VIJFHEERENLANDEN,0183601601,primary,51.95509597,4.96605645
Utrecht,CBS De Regenboog,Emmalaan,66,3411 XJ,LOPIK,0331,LOPIK,0348551406,primary,51.97373008,4.94702958
Utrecht,CBS De Ontdekking,Pleinstraat,13-A,4126 RT,HEI- EN BOEICOP,1961,VIJFHEERENLANDEN,0345641312,primary,51.94256551,5.08103557
Utrecht,CBS Samuël,Noordzijdseweg,221-A,3415 RE,POLSBROEK,0331,LOPIK,0182309622,primary,51.9940481,4.89833656
Utrecht,Openbare Daltonschool Rhenen-Elst,De Spijlen,1,3921 EK,ELST UT,0340,RHENEN,0318471788,primary,51.98722502,5.49529437
Utrecht,De Uitkijck,Margrietstraat,2,3742 RC,BAARN,0308,BAARN,0355414413,primary,52.20708978,5.29942607
Utrecht,Basisschool Kruisrak,Vogelpad,1,3752 KV,BUNSCHOTEN-SPAKENBURG,0313,BUNSCHOTEN,0332984260,primary,52.24329109,5.36516645
Utrecht,Jan Ligthartschool,Frans Halslaan,4,3931 LJ,WOUDENBERG,0351,WOUDENBERG,0332862067,primary,52.07961487,5.41938411
Utrecht,Griftschool,Van Speijklaan,30,3931 AB,WOUDENBERG,0351,WOUDENBERG,0334804264,primary,52.08508571,5.40699343
Utrecht,Openbare basisschool De Egelantier,Smitsweg,311,3765 CJ,SOEST,0342,SOEST,0356099270,primary,52.1702318,5.2900405
Utrecht,obs De Startbaan,Oude Tempellaan,9-A,3769 JA,SOESTERBERG,0342,SOEST,0346353058,primary,52.11780997,5.29484868
Utrecht,CJS De Kring,Sparrenlaan,29,3971 PV,DRIEBERGEN-RIJSENBURG,1581,UTRECHTSE HEUVELRUG,0343514459,primary,52.06185845,5.27384189
Utrecht,Basisschool De Zonheuvel,Burgemeesterpark,29,3971 CV,DRIEBERGEN-RIJSENBURG,1581,UTRECHTSE HEUVELRUG,0343513290,primary,52.05648042,5.2904771
Utrecht,Basisschool De Uilenburcht,Jagersdreef,145,3972 XD,DRIEBERGEN-RIJSENBURG,1581,UTRECHTSE HEUVELRUG,0343516475,primary,52.04864252,5.27030375
Utrecht,Basisschool De Wegwijzer,Karolingersweg,147,3962 AD,WIJK BIJ DUURSTEDE,0352,WIJK BIJ DUURSTEDE,0343572672,primary,51.97732317,5.335141
Utrecht,De Regenboog,Dukdalf,28,3961 LA,WIJK BIJ DUURSTEDE,0352,WIJK BIJ DUURSTEDE,0343575793,primary,51.97463627,5.32855256
Utrecht,De Sterrenboog,Tromplaan,1,3941 VR,DOORN,1581,UTRECHTSE HEUVELRUG,0343413183,primary,52.04328914,5.34059218
Utrecht,De Wijngaard,Abrikozengaard,18,3941 LL,DOORN,1581,UTRECHTSE HEUVELRUG,0343415012,primary,52.02781573,5.34688018
Utrecht,WereldKidz Kockenest,Drie Stammenweg,2,3628 BW,KOCKENGEN,1904,STICHTSE VECHT,0346241773,primary,52.14916319,4.94864494
Utrecht,WereldKidz Meander,Burg W Martenslaan,29,3958 GR,AMERONGEN,1581,UTRECHTSE HEUVELRUG,0343451554,primary,52.00401864,5.46224131
Utrecht,WereldKidz Bontenest,Spechtenkamp,232,3607 KN,MAARSSEN,1904,STICHTSE VECHT,0346578369,primary,52.13761541,5.01714896
Utrecht,WereldKidz Dolfijn,Horstlaan,2,3971 LC,DRIEBERGEN-RIJSENBURG,1581,UTRECHTSE HEUVELRUG,0343513216,primary,52.04928629,5.2971985
Utrecht,WereldKidz Anne Frankschool,Camminghalaan,27-E,3981 GD,BUNNIK,0312,BUNNIK,0306561557,primary,52.06939186,5.19465641
Utrecht,WereldKidz Bongerd,Rijneiland,1,3984 MA,ODIJK,0312,BUNNIK,0306561200,primary,52.04728242,5.2334489
Utrecht,WereldKidz De vlieger,De Bongerd,3,3901 KC,VEENENDAAL,0345,VEENENDAAL,0318526333,primary,52.02066908,5.56051214
Utrecht,WereldKidz Montessori Zeist,Sumatralaan,1,3705 XL,ZEIST,0355,ZEIST,0306958361,primary,52.09974066,5.24655647
Utrecht,WereldKidz Op Dreef,Laan van Vollenhove,1457,3706 EW,ZEIST,0355,ZEIST,0306959033,primary,52.10189618,5.23099123
Utrecht,WereldKidz Achtbaan,Boerenzwaluw,19,3905 SG,VEENENDAAL,0345,VEENENDAAL,0318516324,primary,52.02984455,5.53583499
Utrecht,WereldKidz Triangel,Zwanenkamp,1303,3607 NZ,MAARSSEN,1904,STICHTSE VECHT,0346556390,primary,52.14179787,5.01067746
Utrecht,WereldKidz Tweesprong,Fazantenkamp,160,3607 CH,MAARSSEN,1904,STICHTSE VECHT,0346556013,primary,52.13116828,5.01807708
Utrecht,WereldKidz Het Spoor,Slotlaan,330,3701 GX,ZEIST,0355,ZEIST,0306918615,primary,52.08961655,5.25184662
Utrecht,WereldKidz Kameleon,Van Der Leelaan,1,3941 RN,DOORN,1581,UTRECHTSE HEUVELRUG,0343413322,primary,52.04026765,5.34686835
Utrecht,WereldKidz Meent,Trompplein,3,3951 CR,MAARN,1581,UTRECHTSE HEUVELRUG,0343442602,primary,52.06462673,5.3760326
Utrecht,WereldKidz Merseberch,Van Beuningenlaan,28-A,3953 BR,MAARSBERGEN,1581,UTRECHTSE HEUVELRUG,0343431676,primary,52.05849578,5.4076036
Utrecht,WereldKidz Palet,Buitenweg,310,3602 ZK,MAARSSEN,1904,STICHTSE VECHT,0346556163,primary,52.13616166,5.05316589
Utrecht,De Ontdekkingsreis,Jagerspad,7,3972 XL,DRIEBERGEN-RIJSENBURG,1581,UTRECHTSE HEUVELRUG,0343521711,primary,52.05109204,5.27521035
Utrecht,Wereldkidz Bolenstein,Harmonieweg,6,3603 BN,MAARSSEN,1904,STICHTSE VECHT,0346561432,primary,52.13922552,5.03751387
Utrecht,De Magneet,Maasstraat,2,3812 HS,AMERSFOORT,0307,AMERSFOORT,0334617197,primary,52.16049178,5.36683672
Utrecht,ikc Vlinderslag,Evertsenstraat,39,3814 SG,AMERSFOORT,0307,AMERSFOORT,0334701202,primary,52.16328868,5.39322926
Utrecht,Kindcentrum De Kei,Abraham Blankaartsingel,67,3813 PA,AMERSFOORT,0307,AMERSFOORT,0334330695,primary,52.17290953,5.3870515
Utrecht,obs De Wijde Wereld,Wiekslag,102-A,3815 GS,AMERSFOORT,0307,AMERSFOORT,0334720950,primary,52.16743279,5.40650092
Utrecht,Kindcentrum Het Scala,Ariaweg,115,3816 HJ,AMERSFOORT,0307,AMERSFOORT,0334720221,primary,52.15545092,5.4146803
Utrecht,Openbare Basischool J Vd Vondel,Huijgenslaan,41,3818 WB,AMERSFOORT,0307,AMERSFOORT,0334617997,primary,52.14735577,5.37486634
Utrecht,Openbare Basisschool De Bieshaar,Kraailandhof,3,3828 JN,HOOGLAND,0307,AMERSFOORT,0334801414,primary,52.1877438,5.37377056
Utrecht,Openbare Basisschool De Achtbaan,Luiterf,2,3822 CD,AMERSFOORT,0307,AMERSFOORT,0334551133,primary,52.18226761,5.40486194
Utrecht,Montessori Basisschool De Kosmos,De Bovenkruier,1,3828 AR,HOOGLAND,0307,AMERSFOORT,0334807515,primary,52.17704334,5.37828832
Utrecht,Openbare Basisschool de Meander,Het Avontuur,45,3823 DW,AMERSFOORT,0307,AMERSFOORT,0334562099,primary,52.18964448,5.39195245
Utrecht,De Gondelier,Zwartsluiskade,2,3826 EG,AMERSFOORT,0307,AMERSFOORT,0332530401,primary,52.20439448,5.42300426
Utrecht,Atlantis,Oceaan,4,3825 WC,AMERSFOORT,0307,AMERSFOORT,0334948840,primary,52.1929691,5.42254654
Utrecht,Jenaplanschool De Kring,Jan Steenstraat,102,3443 GZ,WOERDEN,0632,WOERDEN,0348481851,primary,52.08912694,4.86503159
Utrecht,obs De Achtsprong,Stromenlaan,128-A,3448 CH,WOERDEN,0632,WOERDEN,0348410005,primary,52.07775443,4.86881514
Utrecht,Bs De Horizon,Hendriklaan,3,3481 VR,HARMELEN,0632,WOERDEN,0348442410,primary,52.08548358,4.96370993
Utrecht,Basisschool Andersenschool,Andersenhof,2,3446 BS,WOERDEN,0632,WOERDEN,0348415836,primary,52.08671531,4.90734081
Utrecht,Basisschool De Ark,Populierstraat,43,4131 AR,VIANEN UT,1961,VIJFHEERENLANDEN,0347373342,primary,51.99643807,5.10502834
Utrecht,Protestants Christelijke Basisschool De Schakel,Weth.De Langelaan,1,3956 GL,LEERSUM,1581,UTRECHTSE HEUVELRUG,0343452928,primary,52.00982025,5.42632501
Utrecht,Basisschool De Rank,'t Wed,14-16,4132 CC,VIANEN UT,1961,VIJFHEERENLANDEN,0347371477,primary,51.99045868,5.09309849
Utrecht,Christelijke Basisschool De Hoeksteen,Burg vd Boschlaan,22,3956 DC,LEERSUM,1581,UTRECHTSE HEUVELRUG,0343452901,primary,52.01414188,5.43101923
Utrecht,Basisschool De Voorhof,De Looch,3-5,4133 DK,VIANEN UT,1961,VIJFHEERENLANDEN,0347373527,primary,51.98211452,5.08128409
Utrecht,Het Mozaïek,Glazeniersgilde,18,3994 BM,HOUTEN,0321,HOUTEN,0306343757,primary,52.03355098,5.17468928
Utrecht,De Pijler,Sint Petersburglaan,33,3404 CV,IJSSELSTEIN,0353,IJSSELSTEIN,0306874094,primary,52.01173472,5.04059459
Utrecht,Kon Julianaschool,Aert de Gelderhage,5,3437 KB,NIEUWEGEIN,0356,NIEUWEGEIN,0306038483,primary,52.0496085,5.08138245
Utrecht,Koningin Beatrixschool,Bendienlaan,27-29,3431 RA,NIEUWEGEIN,0356,NIEUWEGEIN,0306014710,primary,52.03134942,5.07897554
Utrecht,Prinses Margrietschool,Aardbeigaarde,4,3436 GB,NIEUWEGEIN,0356,NIEUWEGEIN,0306038005,primary,52.03236076,5.06988459
Utrecht,De Zandbloem,Lupinestraat,23,3434 HA,NIEUWEGEIN,0356,NIEUWEGEIN,0306065165,primary,52.0070916,5.08120231
Utrecht,Mauritsschool,Kastanjestraat,4,3434 CA,NIEUWEGEIN,0356,NIEUWEGEIN,0306062026,primary,52.01098354,5.08979096
Utrecht,De Trompetvogel,Groenling,11,3435 BZ,NIEUWEGEIN,0356,NIEUWEGEIN,0306038529,primary,52.0254521,5.07580083
Utrecht,Wereldwijs,Guldenslag,131,3991 WE,HOUTEN,0321,HOUTEN,0306343217,primary,52.03108395,5.15398801
Utrecht,Basisschool De Fontein,Bronmos,2,3994 KA,HOUTEN,0321,HOUTEN,0306361065,primary,52.01558158,5.18915885
Utrecht,Prot. Christelijke basisschool De Zonnewijzer,Zonnehout,1,3991 MV,HOUTEN,0321,HOUTEN,0302421063,primary,52.01755251,5.17081973
Utrecht,Het Avontuur,De Brink,6,4125 TR,HOEF EN HAAG,1961,VIJFHEERENLANDEN,0347215005,primary,51.98741015,5.11614148
Utrecht,Willem Alexanderschool Vreeswijk,Koninginnenlaan,5,3433 CT,NIEUWEGEIN,0356,NIEUWEGEIN,0306060525,primary,52.00741947,5.09416605
Utrecht,Eben-Haëzer school,Madridstraat,3,3541 DZ,UTRECHT,0344,UTRECHT,0302937037,primary,52.09423036,5.0670263
Utrecht,Johannes Bogermanschool,Tuibrug,10,3991 LC,HOUTEN,0321,HOUTEN,0306372100,primary,52.02086588,5.16169641
Utrecht,School Met De Bijbel,Doude van Troostwijkstr,22,3626 AV,NIEUWER TER AA,1904,STICHTSE VECHT,0294233686,primary,52.18946609,4.9805832
Utrecht,Rehobothschool voor Reformatorisch Onderwijs,Gerrit Jan vd Veenlaan,2,3705 PE,ZEIST,0355,ZEIST,0306918858,primary,52.10306329,5.24410857
Utrecht,Johannes Calvijnschool,Waterdaal,3,3817 GV,AMERSFOORT,0307,AMERSFOORT,0334614713,primary,52.13940871,5.38728335
Utrecht,Daniëlschool,Smitsweg,46,3765 CT,SOEST,0342,SOEST,0356017230,primary,52.17030728,5.28829764
Utrecht,Openbare Basisschool Twister,Molenwiek,48,3642 BS,MIJDRECHT,0736,DE RONDE VENEN,0297281275,primary,52.19935449,4.8640051
Utrecht,Openbare Basisschool Wereldwijs Mijdrecht,Eendracht,7,3641 ML,MIJDRECHT,0736,DE RONDE VENEN,0297285586,primary,52.21242688,4.86189922
Utrecht,Openbare Basisschool Willespoort,Vossestaart,1,3648 HP,WILNIS,0736,DE RONDE VENEN,0297286630,primary,52.19915558,4.89522064
Utrecht,De Pijlstaart,Pijlstaartlaan,7,3645 GR,VINKEVEEN,0736,DE RONDE VENEN,0297261633,primary,52.21450056,4.92397702
Utrecht,Basisschool De Wegwijzer,Haarweg,23,3959 AM,OVERBERG,1581,UTRECHTSE HEUVELRUG,0343481375,primary,52.03907645,5.49886063
Utrecht,CBS Het Visnet,De Spijlen,5,3921 EK,ELST UT,0340,RHENEN,0318471336,primary,51.98731702,5.49595714
Utrecht,Christelijke Basisschool de Borgwal,De Hokhorst,2,3927 GX,RENSWOUDE,0339,RENSWOUDE,0318572014,primary,52.07600084,5.54472784
Utrecht,Christelijke Basisschool De Stifthorst,Oude Holleweg,17,3927 CK,RENSWOUDE,0339,RENSWOUDE,0318571956,primary,52.07326123,5.53539517
Utrecht,De Olijfboom,John F. Kennedylaan,6,3931 XK,WOUDENBERG,0351,WOUDENBERG,0332862983,primary,52.08562084,5.41120355
Utrecht,obs De Vlindertuin,Liesveldweg,65,4233 HG,AMEIDE,1961,VIJFHEERENLANDEN,0183601502,primary,51.95509597,4.96605645
Utrecht,Basisschool De Wilgenhoek,Keramieklaan,1,4142 BL,LEERDAM,1961,VIJFHEERENLANDEN,0345632101,primary,51.89159356,5.07648725
Utrecht,Openbare Basisschool De Springplank,Burgemeester Sloblaan,14,4231 AB,MEERKERK,1961,VIJFHEERENLANDEN,0183351788,primary,51.91967974,4.99429748
Utrecht,OBS De Sterrenkijker,Drossaardslaan,72,4143 BD,LEERDAM,1961,VIJFHEERENLANDEN,0345614880,primary,51.89809721,5.08934057
Utrecht,Openbare Basisschool Prinses Wilhelmina,Gregoriuslaan,42,4128 SZ,LEXMOND,1961,VIJFHEERENLANDEN,0347341499,primary,51.9637696,5.03335421
Utrecht,Basisschool Hobbitstee,Prinses Irenelaan,2-A,4141 ES,LEERDAM,1961,VIJFHEERENLANDEN,0345614977,primary,51.89232767,5.10151079
Utrecht,Basisschool Het Mozaiek,Tiendweg,90,4142 EM,LEERDAM,1961,VIJFHEERENLANDEN,0345639580,primary,51.88830498,5.08176567
Utrecht,Kindcentrum Werelds,Het Slyk,7,4133 EA,VIANEN UT,1961,VIJFHEERENLANDEN,0347375254,primary,51.98538712,5.07875378
Utrecht,Basisschool Tijl Uilenspiegel,Grote Geusplein,2,4131 GZ,VIANEN UT,1961,VIJFHEERENLANDEN,0347343410,primary,51.99344735,5.10219136
Utrecht,De Wissel,Oortlaan,1,3572 ZM,UTRECHT,0344,UTRECHT,0302717436,primary,52.10103186,5.13955638
Utrecht,De Triangel Houten,Jukveld,2,3993 GA,HOUTEN,0321,HOUTEN,0306352308,primary,52.04109858,5.17563951
Utrecht,De Tandem,Planetenbaan,40,3402 HP,IJSSELSTEIN,0353,IJSSELSTEIN,0306883760,primary,52.02970875,5.04615579
Utrecht,OBS 't Kasteel,Johan Willem Frisolaan,2,3401 AX,IJSSELSTEIN,0353,IJSSELSTEIN,0306881821,primary,52.02225525,5.04207215
Utrecht,De Toonladder,Lohengrinhof,11-13,3438 RA,NIEUWEGEIN,0356,NIEUWEGEIN,0306037361,primary,52.04404746,5.08759582
Utrecht,De Meander,Morelgaarde,13-15,3436 GE,NIEUWEGEIN,0356,NIEUWEGEIN,0306046920,primary,52.0329867,5.07032388
Utrecht,De Veldrakker,Heemraadsweide,5-7,3437 CA,NIEUWEGEIN,0356,NIEUWEGEIN,0306035935,primary,52.04075633,5.07271328
Utrecht,Basisschool De Torenuil,Sint Petersburglaan,29,3404 CV,IJSSELSTEIN,0353,IJSSELSTEIN,0306874090,primary,52.01168978,5.04059494
Utrecht,Martin Luther Kingschool,Nachtegaallaan,38,3738 EB,MAARTENSDIJK,0310,DE BILT,0346212545,primary,52.15601648,5.17303968
Utrecht,Basisschool St Michael,Kerklaan,33,3731 EE,DE BILT,0310,DE BILT,0302201214,primary,52.10396619,5.17126632
Utrecht,Rooms Katholieke Basisschool St Theresia,Gregoriuslaan,4,3723 KR,BILTHOVEN,0310,DE BILT,0302286556,primary,52.13493308,5.2206771
Utrecht,Patioschool De Kleine Prins,Weltevreden,8,3731 AL,DE BILT,0310,DE BILT,0302203945,primary,52.11112959,5.17184944
Utrecht,Wereldwijs voor basisonderwijs,Planetenplein,2,3721 LH,BILTHOVEN,0310,DE BILT,0303031717,primary,52.12062971,5.18485641
Utrecht,Basisschool de Regenboog,Aeolusweg,8,3731 XG,DE BILT,0310,DE BILT,0302211088,primary,52.11172474,5.1802047
Utrecht,Groen van Prinsterer Basisschool,Groen van Prinstererweg,2,3731 HB,DE BILT,0310,DE BILT,0302204652,primary,52.10683811,5.17782701
Utrecht,De Rietakker,Abt Ludolfweg,109,3732 AN,DE BILT,0310,DE BILT,0302763355,primary,52.11238732,5.18504194
Utrecht,Julianaschool,Julianalaan,52,3722 GR,BILTHOVEN,0310,DE BILT,0302287130,primary,52.12975702,5.2101523
Utrecht,Van Dijckschool,Van Dijcklaan,4,3723 CG,BILTHOVEN,0310,DE BILT,0302282736,primary,52.13638498,5.20822958
Utrecht,Al Amana Zuilen,Marnixlaan,362,3552 HM,UTRECHT,0344,UTRECHT,0302440720,primary,52.1108011,5.10059367
Utrecht,Al Amana Leidsche Rijn,Eerste Oosterparklaan,88,3544 AK,UTRECHT,0344,UTRECHT,0302006188,primary,52.08845849,5.0545209
Utrecht,Al Amana Zeist,De Clomp,2006,3704 KC,ZEIST,0355,ZEIST,0302027007,primary,52.08343311,5.21681664
Utrecht,Al Amana Overvecht,Winterboeidreef,10,3561 HX,UTRECHT,0344,UTRECHT,0303030628,primary,52.11012734,5.12202485
Utrecht,Al Amana Veenendaal,Zoete Inval,10,3901 SM,VEENENDAAL,0345,VEENENDAAL,0318248100,primary,52.02972515,5.56414481
Utrecht,Piet Mondriaan,Broekzijdselaan,46-A,1391 XL,ABCOUDE,0736,DE RONDE VENEN,0294281900,primary,52.27492357,4.97422906
Utrecht,Openbare Basisschool De Regenboog,Heycoplaan,13-15,3621 WS,BREUKELEN,1904,STICHTSE VECHT,0346262211,primary,52.17562416,4.99941799
Utrecht,Openbare basisschool De Velduil,Korenmolen,2,3995 AH,HOUTEN,0321,HOUTEN,0306342620,primary,52.03072591,5.17274594
Utrecht,Openbare Basisschool De Bijenkorf,Riddersborch,143,3992 BK,HOUTEN,0321,HOUTEN,0306353515,primary,52.03366475,5.15395826
Utrecht,Openbare Basisschool Ridderspoor,Horigenland,50,3994 TK,HOUTEN,0321,HOUTEN,0306361066,primary,52.02208582,5.18359639
Utrecht,Openbare Daltonbasisschool De Plantage,Plantagepolder,1,3991 ZE,HOUTEN,0321,HOUTEN,0302436894,primary,52.01417302,5.16726094
Utrecht,Basisschool Het Kompas,De Meent,3,3833 EA,LEUSDEN,0327,LEUSDEN,0334943175,primary,52.12972486,5.42155713
Utrecht,Ontmoetingsschool Atlas,De Biezenkamp,290,3831 JA,LEUSDEN,0327,LEUSDEN,0334941360,primary,52.13673246,5.42991409
Utrecht,Basisschool 't Palet,Willem Alexanderhof,6,3832 JN,LEUSDEN,0327,LEUSDEN,0334940473,primary,52.11906525,5.40994901
Utrecht,Samenwerkingsschool Wereldwijs,Berkelwijk,35,3831 MN,LEUSDEN,0327,LEUSDEN,0334943262,primary,52.12944774,5.43495158
Utrecht,Basisschool de Bongerd,Asschatterweg,36-B,3831 JT,LEUSDEN,0327,LEUSDEN,0334940128,primary,52.13594525,5.43956409
Utrecht,Basisschool de Loysderhoek,Willem Alexanderhof,8,3832 JN,LEUSDEN,0327,LEUSDEN,0334944438,primary,52.11875988,5.40987821
Utrecht,Basisschool de Hobbit,De Meent,3,3833 EA,LEUSDEN,0327,LEUSDEN,0334942131,primary,52.12972486,5.42155713
Utrecht,Taalschool Voila,Lingewijk,13,3831 LE,LEUSDEN,0327,LEUSDEN,0334942131,primary,52.12894268,5.43973399
Utrecht,"Basisschool ""Kla4""",Asschatterweg,36-B,3831 JT,LEUSDEN,0327,LEUSDEN,0334941719,primary,52.13594525,5.43956409
Utrecht,'t Startblok,Jan van Arkelweg,2,3791 AC,ACHTERVELD,0327,LEUSDEN, ,primary,52.13777378,5.49700175
Utrecht,Basisschool Gisbertus Voetius,Bloemengaard,69,3941 TB,DOORN,1581,UTRECHTSE HEUVELRUG,0343415108,primary,52.02604851,5.35092192
Utrecht,OBS De Toermalijn,Overrijnseveld,1,3945 GH,COTHEN,0352,WIJK BIJ DUURSTEDE,0343430741,primary,51.99360571,5.31117112
Utrecht,De Werkschuit,Notengaard,17,3962 JD,WIJK BIJ DUURSTEDE,0352,WIJK BIJ DUURSTEDE,0343592016,primary,51.98137805,5.34416259
Utrecht,Brede school Het Anker,Hordenweg,7,3961 KA,WIJK BIJ DUURSTEDE,0352,WIJK BIJ DUURSTEDE,0343792000,primary,51.97124239,5.33478186
Utrecht,OBS Piet de Springer,Prinsenplein,1,3947 PG,LANGBROEK,0352,WIJK BIJ DUURSTEDE,0343562303,primary,52.01488685,5.32887702
Utrecht,De Horn,Overloop,2,3961 KE,WIJK BIJ DUURSTEDE,0352,WIJK BIJ DUURSTEDE,0343597066,primary,51.97602773,5.33261007
Utrecht,Eben-Haezerschool,Schoolstraat,2,4245 LH,LEERBROEK,1961,VIJFHEERENLANDEN,0345599567,primary,51.90794018,5.05326997
Utrecht,School Met De Bijbel Eemdijk,Vaartweg,5,3754 NA,EEMDIJK,0313,BUNSCHOTEN,0332981428,primary,52.25307287,5.33145143
Utrecht,Christelijke Basisschool De Ark,Rembrandt van Rijnstraat,16,3751 VK,BUNSCHOTEN-SPAKENBURG,0313,BUNSCHOTEN,0332981437,primary,52.23450887,5.37372262
Utrecht,Christelijke Basisschool Het Sterrenlicht,Prins Clausstraat,2,3751 DN,BUNSCHOTEN-SPAKENBURG,0313,BUNSCHOTEN,0332981395,primary,52.24411681,5.37561599
Utrecht,Christelijke Basisschool de Grondtoon,Jan Zwartplantsoen,20,3752 VG,BUNSCHOTEN-SPAKENBURG,0313,BUNSCHOTEN,0332983804,primary,52.24900567,5.3668266
Utrecht,Christelijke Basisschool de Wegwijzer,Idenburgstraat,9,3752 AN,BUNSCHOTEN-SPAKENBURG,0313,BUNSCHOTEN,0332983055,primary,52.25425093,5.37524711
Utrecht,Dr H Bavinckschool,Flevolaan,9,3752 DA,BUNSCHOTEN-SPAKENBURG,0313,BUNSCHOTEN,0332986520,primary,52.2567426,5.37508207
Utrecht,Calvijnschool,Prinses Margrietstraat,17,3751 CP,BUNSCHOTEN-SPAKENBURG,0313,BUNSCHOTEN,0332981731,primary,52.24657843,5.37775938
Utrecht,Mr Gr van Prinstererschool,Jan Zwartplantsoen,22,3752 VG,BUNSCHOTEN-SPAKENBURG,0313,BUNSCHOTEN,0332980714,primary,52.24895849,5.36685891
Utrecht,CKC Het Talent,Rembrandt van Rijnstraat,16,3751 VK,BUNSCHOTEN-SPAKENBURG,0313,BUNSCHOTEN,0332983305,primary,52.23450887,5.37372262
Utrecht,Christelijke Basisschool de Vlucht,Huismus,1,3752 MA,BUNSCHOTEN-SPAKENBURG,0313,BUNSCHOTEN,0332982204,primary,52.2406985,5.36380807
Utrecht,Basisschool Dr C Steenblok,Zoete Inval,10,3901 SM,VEENENDAAL,0345,VEENENDAAL,0318511011,primary,52.02972515,5.56414481
Utrecht,Jan De Bakker School,Irisstraat,2,3442 XH,WOERDEN,0632,WOERDEN,0348416036,primary,52.08272642,4.87990554
Utrecht,Basisschool De Boogerd,Beusichemseweg,118,3997 ML,'T GOY,0321,HOUTEN,0306011614,primary,52.00028691,5.22582368
Utrecht,Camminghaschool,Camminghalaan,27-D,3981 GD,BUNNIK,0312,BUNNIK,0306563659,primary,52.0696706,5.1942991
Utrecht,De Vonk Basisschool,Rijneiland,2,3984 MA,ODIJK,0312,BUNNIK,0306563030,primary,52.04709979,5.23354234
Utrecht,Pastoor Dr Delteykschool voor Rooms Katholiek Basisonderwijs,De Curtis,7-E,3985 LK,WERKHOVEN,0312,BUNNIK,0343551295,primary,52.02226778,5.23903615
Utrecht,Rooms Katholieke School voor Basisonderwijs Barbaraschool,Rijnzichtlaan,3,3981 BS,BUNNIK,0312,BUNNIK,0306561805,primary,52.06501094,5.20698476
Utrecht,Katholieke Basisschool St Michiel,Lagedijk,17,3998 KA,SCHALKWIJK,0321,HOUTEN,0306011953,primary,51.99424102,5.1829201
Utrecht,'t Schoolhuys,Tappersgilde,22,3994 CG,HOUTEN,0321,HOUTEN,0306374614,primary,52.03616497,5.17793645
Utrecht,Van Harte School,Loerikseweg,11-A,3991 AA,HOUTEN,0321,HOUTEN,0306371418,primary,52.02621315,5.1638443
Utrecht,Katholieke daltonschool De Zevensprong,Scherpencamp,2,3992 RD,HOUTEN,0321,HOUTEN,0306374563,primary,52.03459469,5.15014775
Utrecht,RK Basisschool De Vlinder,Bloesemtuin,17,3994 PB,HOUTEN,0321,HOUTEN,0306361064,primary,52.01890934,5.18755389
Utrecht,Rooms Katholieke Basisschool De Stek,Torenmuur,1,3991 SW,HOUTEN,0321,HOUTEN,0306365363,primary,52.01523695,5.1750527
Utrecht,Katholieke Basisschool Aventurijn,Raaigras,101-D,3994 MB,HOUTEN,0321,HOUTEN,0302745809,primary,52.01474714,5.18293225
Utrecht,Utrechtse Schoolvereniging,Frans Halsstraat,22-A,3583 BP,UTRECHT,0344,UTRECHT,0302511435,primary,52.0848874,5.14395856
Utrecht,Franciscusschool,Zwanenkamp,1304,3607 NZ,MAARSSEN,1904,STICHTSE VECHT,0346562629,primary,52.14152105,5.01082511
Utrecht,De Pionier,Thorbeckelaan,2,3601 BM,MAARSSEN,1904,STICHTSE VECHT,0346562120,primary,52.14083708,5.04692159
Utrecht,De Wilde Wingerd,Bloemstede,2,3608 TK,MAARSSEN,1904,STICHTSE VECHT,0346564576,primary,52.12609223,5.03187392
Utrecht,Basisschool de Kameleon,Duivenkamp,549-550,3607 BL,MAARSSEN,1904,STICHTSE VECHT,0346567697,primary,52.13401537,5.02613118
Utrecht,Marimba,Wildenburglaan,4,3744 MK,BAARN,0308,BAARN, ,primary,52.22081937,5.24103817
Utrecht,Vrije School Driebergen,Faunalaan,250,3972 PS,DRIEBERGEN-RIJSENBURG,1581,UTRECHTSE HEUVELRUG,0343513856,primary,52.05509189,5.26626287
Utrecht,2e Marnixschool Christelijk Basisonderwijs,Dantelaan,2-A,3533 VD,UTRECHT,0344,UTRECHT,0302933832,primary,52.09031199,5.08423374
Utrecht,Torenpleinschool,Schoolstraat,7,3451 AA,VLEUTEN,0344,UTRECHT,0306771282,primary,52.10671183,5.01275679
Utrecht,Koningin Beatrixschool,Laan 1954,6,3454 CR,DE MEERN,0344,UTRECHT,0306662679,primary,52.07779238,5.03715911
Utrecht,De Boemerang,Amandelstraat,12,3552 CC,UTRECHT,0344,UTRECHT,0302441718,primary,52.10346529,5.1018903
Utrecht,Protestants Christelijke Basisschool De Schakel,Bangkokdreef,4,3564 SC,UTRECHT,0344,UTRECHT,0302610651,primary,52.12307509,5.10517949
Utrecht,Kindercampus Molenpark,Van Riebeeckstraat,40,3531 EJ,UTRECHT,0344,UTRECHT,0302932631,primary,52.08995311,5.09875299
Utrecht,Pc Basisschool Op Dreef,Dianadreef,27,3561 AA,UTRECHT,0344,UTRECHT,0302611424,primary,52.11711637,5.12927217
Utrecht,Blauwe Aventurijn,Ridderlaan,4,3523 HT,UTRECHT,0344,UTRECHT,0302881655,primary,52.06868585,5.12755305
Utrecht,De Regenboog,Regentesselaan,70,3571 CG,UTRECHT,0344,UTRECHT,0302713888,primary,52.10942629,5.1261958
Utrecht,De Kleine Vliegenier,Thorbeckelaan,5,3551 BR,UTRECHT,0344,UTRECHT,0302441991,primary,52.10440155,5.09655577
Utrecht,Asch van Wijckschool,Louis Couperusstraat,85,3532 CX,UTRECHT,0344,UTRECHT,0302930156,primary,52.09616232,5.09118831
Utrecht,De Wereldwijzer,Lingestraat,2-A,3522 TM,UTRECHT,0344,UTRECHT,0302881443,primary,52.07157627,5.11738799
Utrecht,Christelijke Basisschool De Brug,Laan van Nieuw-Guinea,20,3531 JJ,UTRECHT,0344,UTRECHT,0302930619,primary,52.09040909,5.09122216
Utrecht,Christelijke Basisschool De Fakkel,Nolenslaan,33-A,3515 VB,UTRECHT,0344,UTRECHT,0302718101,primary,52.10333537,5.11712755
Utrecht,PCB Buurtschool Hart van Noord,Trumanlaan,60-D,3527 BR,UTRECHT,0344,UTRECHT,0302935140,primary,52.07652244,5.09125977
Utrecht,Op Avontuur,Eifel,20,3524 HH,UTRECHT,0344,UTRECHT,0302888789,primary,52.06112268,5.13409145
Utrecht,Da Costa Basisschool Hoograven,Duurstedelaan,16,3525 AR,UTRECHT,0344,UTRECHT,0302880558,primary,52.06414785,5.12044084
Utrecht,Protestants Christelijke Basisschool De Boomgaard,Akkrumerraklaan,101,3544 TT,UTRECHT,0344,UTRECHT,0306702230,primary,52.08456695,5.06650066
Utrecht,De Krullevaar,Keerderberg,27,3453 RD,DE MEERN,0344,UTRECHT,0306776147,primary,52.08261528,5.01567226
Utrecht,Jenaplanschool Zonnewereld,Passiebloemweg,3,3452 CZ,VLEUTEN,0344,UTRECHT,0306668579,primary,52.09415399,5.00019342
Utrecht,De Ridderhof,Emile Hullebroeckstraat,66,3543 BZ,UTRECHT,0344,UTRECHT,0620345230,primary,52.10178941,5.04039883
Utrecht,De Oase,Belcampostraat,9,3544 NE,UTRECHT,0344,UTRECHT,0306705453,primary,52.09820627,5.05583945
Utrecht,De Odyssee,Homeruslaan,40,3581 MJ,UTRECHT,0344,UTRECHT,0302318839,primary,52.0859911,5.13574445
Utrecht,Kindcentrum Leeuwesteyn,Tweede Muntmeesterslaan,2,3541 GV,UTRECHT,0344,UTRECHT,0307605730,primary,52.08867603,5.07559127
Utrecht,St Jozef School,Walter van Amersfoortstr,38,3791 AR,ACHTERVELD,0327,LEUSDEN,0342451956,primary,52.13606603,5.49402241
Utrecht,Basisschool Valkenheuvel,Jagerspad,4,3972 XL,DRIEBERGEN-RIJSENBURG,1581,UTRECHTSE HEUVELRUG,0343536000,primary,52.05222441,5.27507631
Utrecht,Daltonschool Nicolaas,IJskelderlaan,2,3941 HS,DOORN,1581,UTRECHTSE HEUVELRUG,0343413253,primary,52.03468816,5.34160336
Utrecht,Basisschool Windroos,Karolingersweg,147-A,3962 AD,WIJK BIJ DUURSTEDE,0352,WIJK BIJ DUURSTEDE,0343574258,primary,51.97673382,5.33561584
Utrecht,Jenaplanschool Montini,De Oude Werf,5-B,3741 CS,BAARN,0308,BAARN,0355426212,primary,52.21992961,5.28427018
Utrecht,Basissch St Aloysius,Kerkstraat,32,3741 AK,BAARN,0308,BAARN,0355412641,primary,52.21349489,5.29518491
Utrecht,De Damiaanschool,Rozenstraat,21,3702 VM,ZEIST,0355,ZEIST,0306918394,primary,52.08912436,5.23806868
Utrecht,Basisschool de Griffel,De Clomp,2002,3704 KC,ZEIST,0355,ZEIST,0306992119,primary,52.08349729,5.21769175
Utrecht,De Kameleon,Schroeder van der Kolkln,1,3734 VH,DEN DOLDER,0355,ZEIST,0302258566,primary,52.13988123,5.23234846
Utrecht,KBs Pius,Broekzijdselaan,3,1391 XL,ABCOUDE,0736,DE RONDE VENEN,0294281314,primary,52.27590143,4.97480352
Utrecht,Bs Ridderhof,Niftarlakelaan,7,3633 CA,VREELAND,1904,STICHTSE VECHT,0294233395,primary,52.22885265,5.03194643
Utrecht,KBs Willibrordus,G Splinter v Ruwielln,1,3621 XD,BREUKELEN,1904,STICHTSE VECHT,0346261832,primary,52.1770526,5.00015017
Utrecht,KBs St. Ludgerus,Prinses Margrietlaan,7,3632 EA,LOENEN AAN DE VECHT,1904,STICHTSE VECHT,0294237591,primary,52.21286684,5.02052686
Utrecht,KBs De Notenbalk,Hendriklaan,9,3481 VR,HARMELEN,0632,WOERDEN,0348444000,primary,52.08567644,4.96400438
Utrecht,KBs Paulus,Koppeldijk,30,1391 CZ,ABCOUDE,0736,DE RONDE VENEN,0294283661,primary,52.26689045,4.97435526
Utrecht,KBs St Bavo,Schoollaan,6,3481 GH,HARMELEN,0632,WOERDEN,0348441326,primary,52.09151309,4.95952537
Utrecht,KBs de Howiblo,Parklaan,4-B,3417 VA,MONTFOORT,0335,MONTFOORT,0348472963,primary,52.04318998,4.95326945
Utrecht,KBs De Heeswijk,Jonker Fransstraat,1-A,3417 AV,MONTFOORT,0335,MONTFOORT,0348471769,primary,52.04961699,4.9532828
Utrecht,KBs Franciscus,Pinksterbloemweide,15,3448 TH,WOERDEN,0632,WOERDEN,0348421430,primary,52.07948184,4.8594707
Utrecht,KBs De Molenwiek,Stromenlaan,145-147,3448 CD,WOERDEN,0632,WOERDEN,0348417873,primary,52.07723519,4.86889745
Utrecht,KBs De Schakel,Van Hogendorplaan,30,3445 CJ,WOERDEN,0632,WOERDEN,0348414801,primary,52.09041393,4.90180811
Utrecht,KBs De Regenboog,Kallameer,2,3446 JG,WOERDEN,0632,WOERDEN,0348431039,primary,52.08904041,4.91303736
Utrecht,De Bron,Spiesheem,54,3907 NJ,VEENENDAAL,0345,VEENENDAAL,0318522810,primary,52.0264819,5.58160628
Utrecht,Basisschool TOV,Pr Willem-Alexanderpark,602,3905 DR,VEENENDAAL,0345,VEENENDAAL,0318522807,primary,52.02937158,5.54545905
Utrecht,Patrimoniumschool,Karel Fabritiusstraat,1,3904 TG,VEENENDAAL,0345,VEENENDAAL,0318510531,primary,52.01917426,5.53927199
Utrecht,Rehoboth school,Koninginnelaan,46,3905 GJ,VEENENDAAL,0345,VEENENDAAL,0318511097,primary,52.03351918,5.56139985
Utrecht,Basisschool De Langenoord,Kerklaan,7,3828 EA,HOOGLAND,0307,AMERSFOORT,0334801263,primary,52.190705,5.38160144
Utrecht,School op de Berg,Tollenslaan,2,3818 VG,AMERSFOORT,0307,AMERSFOORT,0334617110,primary,52.14398668,5.3735732
Utrecht,Basisschool De Biezen,Kraailandhof,1,3828 JN,HOOGLAND,0307,AMERSFOORT,0334802028,primary,52.18714057,5.37329242
Utrecht,Rooms Katholieke Basisschool Sint Josephschool,Disselplein,10,3829 MD,HOOGLANDERVEEN,0307,AMERSFOORT,0332571205,primary,52.18431063,5.43356819
Utrecht,Rooms Katholieke Basisschool Aloysius,Dupontplein,14,3817 DV,AMERSFOORT,0307,AMERSFOORT,0334617191,primary,52.14710417,5.39390696
Utrecht,Rooms Katholieke Basisschool de Kubus,Spaarnestraat,2,3812 HG,AMERSFOORT,0307,AMERSFOORT,0334617221,primary,52.16023963,5.36999175
Utrecht,Rooms Katholieke Basisschool Sint Caecilia,Rossinistraat,1,3816 LZ,AMERSFOORT,0307,AMERSFOORT,0334790021,primary,52.14908016,5.40619944
Utrecht,Talentum,Koning Karelpad,12,3813 HC,AMERSFOORT,0307,AMERSFOORT,0334720634,primary,52.17151008,5.38630229
Utrecht,Rooms Katholieke Basisschool De Kinderhof,Furglerplein,6,3815 KZ,AMERSFOORT,0307,AMERSFOORT,0334728843,primary,52.16761521,5.41602307
Utrecht,Basisschool Sint Joris,Schimmelpenninckkade,2,3813 AD,AMERSFOORT,0307,AMERSFOORT,0334721907,primary,52.15968298,5.38635796
Utrecht,St Carolusschool,Christiaan Huygenslaan,4,3769 XW,SOESTERBERG,0342,SOEST,0346351337,primary,52.11829684,5.27929145
Utrecht,Ludgerusschool,Vosseveldlaan,24-A,3768 GM,SOEST,0342,SOEST,0356018697,primary,52.16011158,5.31024898
Utrecht,Rooms Katholieke Basisschool de Driesprong Dalton-School,St. Theresiastraat,16,3762 CZ,SOEST,0342,SOEST,0355885914,primary,52.18492052,5.28266566
Utrecht,Basisschool de Wegwijzer,Willaertstraat,41-43,3766 CP,SOEST,0342,SOEST,0356020947,primary,52.16791619,5.28161832
Utrecht,Rooms Katholieke Montessori-School,Gaesbeekerhof,57,3764 DK,SOEST,0342,SOEST,0356013603,primary,52.18084565,5.30349799
Utrecht,Basisschool de Achtbaan,Van Hamelstraat,97-99,3762 JC,SOEST,0342,SOEST,0356029446,primary,52.17475108,5.2857374
Utrecht,Rooms Katholieke Basisschool Kameleon,Stradivariusstraat,159,3822 DP,AMERSFOORT,0307,AMERSFOORT,0334550488,primary,52.18280667,5.40621495
Utrecht,Basisschool de Breede Hei,Dopheide,40,3823 HL,AMERSFOORT,0307,AMERSFOORT,0334564138,primary,52.18983886,5.39424126
Utrecht,Rooms Katholieke Basisschool De Malelande,Juttepeergaarde,2,3824 BE,AMERSFOORT,0307,AMERSFOORT,0334564410,primary,52.1985774,5.37359079
Utrecht,de Marke,Wezeperberg,4,3825 DJ,AMERSFOORT,0307,AMERSFOORT,0332530343,primary,52.19832267,5.41640987
Utrecht,DOK12,Laakboulevard,412,3825 KL,AMERSFOORT,0307,AMERSFOORT,0333010077,primary,52.19696905,5.42924688
Utrecht,Nieuwe Regentesseschool,Kruisdwarsstraat,6,3581 GL,UTRECHT,0344,UTRECHT,0302317488,primary,52.09384901,5.13182684
Utrecht,Vrije School Utrecht,Hieronymusplantsoen,3,3512 KV,UTRECHT,0344,UTRECHT,0302319209,primary,52.09074467,5.12661706
Utrecht,Vrije School Leidsche Rijn,Componistenlaan,8,3451 SX,VLEUTEN,0344,UTRECHT,0307370905,primary,52.11233349,5.03258244
Utrecht,Protestants Christelijke Basisschool Bosbergschool,Dennenlaan,59-61,3739 KM,HOLLANDSCHE RADING,0310,DE BILT,0355771660,primary,52.17391531,5.18178478
Utrecht,De 7 - Sprong,Schoolpad,1,3755 TK,EEMNES,0317,EEMNES,0355386921,primary,52.24962687,5.25824626
Utrecht,Werkplaats Kindergemeenschap,Kees Boekelaan,10,3723 BA,BILTHOVEN,0310,DE BILT,0302282842,primary,52.1354199,5.19627345
Utrecht,Basisschool Cleophas Jenaplan-School,Teun de Jagerdreef,1-C,3561 JK,UTRECHT,0344,UTRECHT,0302614568,primary,52.10969346,5.11936356
Utrecht,Rooms Katholieke Basisschool Joannes XXIII,Neckardreef,115,3562 CM,UTRECHT,0344,UTRECHT,0302615578,primary,52.11830764,5.12014433
Utrecht,Basisschool de Beiaard,Van Loonlaan,46,3571 XV,UTRECHT,0344,UTRECHT,0302713531,primary,52.10448494,5.14009087
Utrecht,Kathedrale Koorschool,Plompetorengracht,5,3512 CA,UTRECHT,0344,UTRECHT,0302319456,primary,52.09566277,5.12372987
Utrecht,KBS Marcus,Mayadreef,1,3563 XC,UTRECHT,0344,UTRECHT,0302615807,primary,52.11775298,5.10082645
Utrecht,KBS St. Dominicus,Handelstraat,51,3533 GH,UTRECHT,0344,UTRECHT,0302933592,primary,52.0859701,5.08624084
Utrecht,KBS Johannes,Eufraatdreef,3,3564 XZ,UTRECHT,0344,UTRECHT,0302610616,primary,52.12561832,5.1016608
Utrecht,KBS Wijzer aan de Vecht,Jan van Ransdorpstraat,32,3554 VZ,UTRECHT,0344,UTRECHT,0302441202,primary,52.11405495,5.09515727
Utrecht,KBS Montessori Buiten Wittevrouwen,Pallaesstraat,3,3581 RP,UTRECHT,0344,UTRECHT,0302340530,primary,52.09402893,5.1329629
Utrecht,KBS Paulus,Prof. van Bemmelenlaan,51-B,3571 EL,UTRECHT,0344,UTRECHT,0302711395,primary,52.10941198,5.12828719
Utrecht,KBS Ariëns,Duurstedelaan,18,3525 AR,UTRECHT,0344,UTRECHT,0302880642,primary,52.06425849,5.12016311
Utrecht,KBS De Spits,Eifel,8,3524 HH,UTRECHT,0344,UTRECHT,0302888790,primary,52.0614443,5.13460279
Utrecht,KBS St. Jan de Doper,Rijnhuizenlaan,2,3523 JA,UTRECHT,0344,UTRECHT,0302882375,primary,52.06864178,5.12106822
Utrecht,KBS Het Schateiland,Fernandezlaan,100,3526 GW,UTRECHT,0344,UTRECHT,0302883515,primary,52.06742655,5.10134818
Utrecht,KBS Gertrudis,Amaliadwarsstraat,2,3522 AR,UTRECHT,0344,UTRECHT,0302885371,primary,52.07639105,5.11710295
Utrecht,KBS Ludger,St.-Bonifaciusstraat,8,3553 SR,UTRECHT,0344,UTRECHT,0302441393,primary,52.10978386,5.08763825
Utrecht,KBS De Pijlstaart,Amsterdamsestraatweg,1,3513 AA,UTRECHT,0344,UTRECHT,0302316062,primary,52.09582861,5.10938325
Utrecht,KBS De Catharijnepoort,Staringstraat,1,3532 VM,UTRECHT,0344,UTRECHT,0302932860,primary,52.09442219,5.09860884
Utrecht,KBS Stepping Stones,Notebomenlaan,137,3582 CJ,UTRECHT,0344,UTRECHT,0306776712,primary,52.08278358,5.13525283
Utrecht,KBS De Achtbaan,Akkrumerraklaan,121,3544 TT,UTRECHT,0344,UTRECHT,0306702201,primary,52.08496785,5.0666072
Utrecht,KBS Hof ter Weide,Musicallaan,108,3543 BT,UTRECHT,0344,UTRECHT,0306772960,primary,52.10547725,5.04282387
Utrecht,KBS Op De Groene Alm,Derde Oosterparklaan,71,3541 SC,UTRECHT,0344,UTRECHT,0306701996,primary,52.08859966,5.07200565
Utrecht,KBS Onder De Bogen,Madridstraat,1,3541 DZ,UTRECHT,0344,UTRECHT,0302427610,primary,52.0938138,5.06557397
Utrecht,Agora HUB030,Vleutenseweg,515,3532 HK,UTRECHT,0344,UTRECHT,0302020030,primary,52.09500492,5.08711907
Utrecht,Sint Victor Victorschool,Koningin Julianasingel,1,3405 XA,BENSCHOP,0331,LOPIK,0348451630,primary,52.00577927,4.98166484
Utrecht,Basisschool De Wegwijzer,De Looch,13,4133 DK,VIANEN UT,1961,VIJFHEERENLANDEN,0347372673,primary,51.98225814,5.08080702
Utrecht,Katholieke Basisschool Jan Bunnik,Wagenmaker,1,3411 WN,LOPIK,0331,LOPIK,0348551820,primary,51.9708937,4.93758974
Utrecht,Egbertusschool school voor Basisonderwijs,Achterstraat,30,4132 VE,VIANEN UT,1961,VIJFHEERENLANDEN,0347371764,primary,51.99423121,5.09110758
Utrecht,Basisschool Gerardus Majella,Cabauwsekade,51-A,3411 ED,LOPIK,0331,LOPIK,0348551428,primary,51.96593848,4.90015267
Utrecht,Kindcentrum-Wij,Europalaan,1,3402 TZ,IJSSELSTEIN,0353,IJSSELSTEIN,0306882725,primary,52.02294202,5.05570926
Utrecht,Kindcentrum De Minstreel,Lagebiezen,4-6,3401 NG,IJSSELSTEIN,0353,IJSSELSTEIN,0306881898,primary,52.01963173,5.03633781
Utrecht,Agnesschool,Zomerdijk,43,3402 MJ,IJSSELSTEIN,0353,IJSSELSTEIN,0306881362,primary,52.03015329,5.0411953
Utrecht,Lucas Batau,Heemraadsweide,9-11,3437 CA,NIEUWEGEIN,0356,NIEUWEGEIN,0306032228,primary,52.04086387,5.07333363
Utrecht,Vroonestein,Lohengrinhof,15-17,3438 RA,NIEUWEGEIN,0356,NIEUWEGEIN,0306037291,primary,52.04406311,5.0880031
Utrecht,De Tweeklank,Lupinestraat,21,3434 HA,NIEUWEGEIN,0356,NIEUWEGEIN,0306066117,primary,52.00701092,5.08158519
Utrecht,De Schouw,Dintherseschans,30,3432 XV,NIEUWEGEIN,0356,NIEUWEGEIN,0306019500,primary,52.02070728,5.0922669
Utrecht,Basisschool De Opstap,Heemradenlaan,30-32,3401 GX,IJSSELSTEIN,0353,IJSSELSTEIN,0306883423,primary,52.0258593,5.02794846
Utrecht,De Ark,Aalbersestraat,2,3404 JS,IJSSELSTEIN,0353,IJSSELSTEIN,0306880997,primary,52.01403032,5.03877058
Utrecht,Lucas-Galecop,Aert de Gelderhage,1,3437 KB,NIEUWEGEIN,0356,NIEUWEGEIN,0306037749,primary,52.05036635,5.08172185
Utrecht,Montessori Basisschool 't Ronde,Uilenhoeve,39,3831 TX,LEUSDEN,0327,LEUSDEN,0334940574,primary,52.12970167,5.43353358
Utrecht,Groenekanse Schoolvereniging De Nijepoort,Versteeglaan,144,3737 XC,GROENEKAN,0310,DE BILT,0346211944,primary,52.1221946,5.15231121
Utrecht,Zeister Vrije School,Socrateslaan,22,3707 GL,ZEIST,0355,ZEIST,0306915670,primary,52.09901958,5.26062758
Utrecht,het Zonnewiel Vrijeschool De Bilt,Weltevreden,6,3731 AL,DE BILT,0310,DE BILT,0302210430,primary,52.11101965,5.17133611
Utrecht,Zeister Vrije School,Burg. Van Tuyll-laan,35,3707 CV,ZEIST,0355,ZEIST,0306924053,primary,52.09962203,5.25273029
Utrecht,Christelijke Basisschool Coolsma,Coolsmalaan,5,3971 KW,DRIEBERGEN-RIJSENBURG,1581,UTRECHTSE HEUVELRUG,0343513735,primary,52.05112625,5.29385631
Utrecht,Protestants Christelijke Basisschool De Schakel,Pijlstaartlaan,1,3645 GR,VINKEVEEN,0736,DE RONDE VENEN,0297263392,primary,52.21405308,4.92406244
Utrecht,Christelijke Basisschool Eben Haezer,Overstek,2-E,3471 EJ,KAMERIK,0632,WOERDEN,0348401375,primary,52.11495669,4.89201712
Utrecht,School Met De Bijbel Jorai,Nieuwstraat,9,3474 JL,ZEGVELD,0632,WOERDEN,0348691488,primary,52.11354149,4.83561286
Utrecht,School met de Bijbel De Wegwijzer,Schoolweg,1,3628 BG,KOCKENGEN,1904,STICHTSE VECHT,0346241418,primary,52.14764062,4.95102121
Utrecht,Koningin Julianaschool,Stationsweg,7,3648 AN,WILNIS,0736,DE RONDE VENEN,0297281614,primary,52.19592821,4.90378066
Utrecht,School Met De Bijbel,Prinses Irenelaan,14,3738 VK,MAARTENSDIJK,0310,DE BILT,0346211765,primary,52.15634477,5.18068702
Utrecht,School met de Bijbel,Kerkeland,55,3947 MV,LANGBROEK,0352,WIJK BIJ DUURSTEDE,0343561250,primary,52.01257617,5.33105148
Utrecht,Joh Calvynschool,Geerseweg,2,3905 AS,VEENENDAAL,0345,VEENENDAAL,0318553733,primary,52.02667038,5.54612309
Utrecht,1e Van der Huchtschool voor Basisonderwijs,Paulus Potterlaan,13,3761 AT,SOEST,0342,SOEST,0356037459,primary,52.18117465,5.29660225
Utrecht,2e van der Huchtschool voor Basisonderwijs,Libel,56,3766 HH,SOEST,0342,SOEST,0356015415,primary,52.168023,5.27928985
Utrecht,3e van de Huchtschool voor Basisonderwijs,Valeriaanstraat,169-A,3765 EN,SOEST,0342,SOEST,0356012145,primary,52.16651185,5.28973167
Utrecht,Zeister Schoolvereniging,Verlengde Slotlaan,13,3707 CA,ZEIST,0355,ZEIST,0306922532,primary,52.09198218,5.25270946
Zeeland,DS J Bogermanschool,Weelstraat,1,4307 BR,OOSTERLAND,1676,SCHOUWEN-DUIVELAND,0111642303,primary,51.65186967,4.03658502
Zeeland,Basisschool Eben Haezer,Abraham Beeckmanlaan,28,4691 JZ,THOLEN,0716,THOLEN,0166603309,primary,51.53701742,4.21055381
Zeeland,Basisschool Dr A Comrie,Marconistraat,16,4416 DE,KRUININGEN,0703,REIMERSWAAL,0113382674,primary,51.45128796,4.02916376
Zeeland,Julianabasisschool,Scoudestraat,19,4413 AH,KRABBENDIJKE,0703,REIMERSWAAL,0113501846,primary,51.43104717,4.11408956
Zeeland,Joos v Larenschool,Clasinastraat,3,4341 ER,ARNEMUIDEN,0687,MIDDELBURG,0118601986,primary,51.50029231,3.67761087
Zeeland,DS Pieter v Dijkeschool,Stenenpad,3,4311 AJ,BRUINISSE,1676,SCHOUWEN-DUIVELAND,0111482202,primary,51.65974122,4.09124658
Zeeland,Algemene Basisschool te Middelburg,Zuidsingel,17,4331 RR,MIDDELBURG,0687,MIDDELBURG,0118613508,primary,51.50323362,3.61335464
Zeeland,Ds G H Kerstenschool,Cleeuwendamme,1,4454 BX,BORSSELE,0654,BORSELE,0113351370,primary,51.42405237,3.73926062
Zeeland,RK Basisschool Sint Anthonius,Burg Versluijsstraat,20,4698 AS,OUD-VOSSEMEER,0716,THOLEN,0166672471,primary,51.56753563,4.19632049
Zeeland,Basisschool De Wereldboom,Sportlaan,18,4561 KZ,HULST,0677,HULST,0114319130,primary,51.28980446,4.05298477
Zeeland,Basisschool Molenbolwerk,Verlengde Molenstraat,1,4515 AT,IJZENDIJKE,1714,SLUIS,0117301542,primary,51.32090102,3.61874315
Zeeland,Rooms Katholieke Basisschool Sint Jozef,Kerkstraat,1,4529 GE,EEDE,1714,SLUIS,0117491422,primary,51.24701301,3.44385531
Zeeland,Basisschool De Oostvogel,Pastoor Willemsstraat,15,4586 AJ,LAMSWAARDE,0677,HULST,0114690492,primary,51.34191289,4.05619457
Zeeland,Ter Doest,Jacintastraat,1,4569 AP,GRAAUW,0677,HULST,0114635675,primary,51.32792603,4.10355167
Zeeland,Basisschool Sint Bernardus,Koningin Julianastraat,41,4567 CA,CLINGE,0677,HULST,0114370200,primary,51.26697014,4.08509865
Zeeland,Rooms Katholieke Basisschool Het Mozaiëk,Spoorstraat,40,4541 AL,SLUISKIL,0715,TERNEUZEN,0115477136,primary,51.28014882,3.8371767
Zeeland,Basisschool de Warande Protestants Christelijk Onderwijs,Burchtlaan,7,4571 HR,AXEL,0715,TERNEUZEN,0115562115,primary,51.26325086,3.90484398
Zeeland,Sint Antoniusschool,Oud-Oosteinde,2,4571 DE,AXEL,0715,TERNEUZEN,0115530226,primary,51.26645374,3.91191633
Zeeland,Rooms Katholieke Basisschool De Vlaswiek,Eikenlaan,22,4576 BL,KOEWACHT,0715,TERNEUZEN,0114361624,primary,51.23134873,3.965012
Zeeland,Basisschool Sint Jozef,Cuwaertstraat,2,4568 BH,NIEUW NAMEN,0677,HULST,0114345430,primary,51.29450798,4.16333391
Zeeland,Rooms Katholieke Basisschool De Kreeke,Vlietstraat,2,4554 BZ,WESTDORPE,0715,TERNEUZEN,0115451275,primary,51.23113746,3.82878583
Zeeland,Basisschool De Meerstromen,Monnikenstraat,3,4503 AT,GROEDE,1714,SLUIS,0117371783,primary,51.37830167,3.50873264
Zeeland,Prinses Marijkeschool,Marijkestraat,1,4571 VW,AXEL,0715,TERNEUZEN,0115561806,primary,51.26866411,3.89906288
Zeeland,RK Basisschool De Kameleon,Leliestraat,26,4537 RJ,TERNEUZEN,0715,TERNEUZEN,0115613010,primary,51.32774131,3.83298673
Zeeland,Basisschool Heidepoort,Margrietstraat,2,4566 AN,HEIKANT,0677,HULST,0114311719,primary,51.25031779,4.02450569
Zeeland,St Willibrordus,Princebolwerk,2,4561 EN,HULST,0677,HULST,0114370541,primary,51.2784454,4.05364132
Zeeland,Basisschool Sint Bavo,Breijdelstraat,4,4501 CT,OOSTBURG,1714,SLUIS,0117452342,primary,51.32578549,3.49239449
Zeeland,Nobelhorst,Vondelstraat,1,4561 LN,HULST,0677,HULST,0114370537,primary,51.29039966,4.05603
Zeeland,De Molenkreek,Prinses Irenestraat,14,4507 BC,SCHOONDIJKE,1714,SLUIS,0117401777,primary,51.35405302,3.55315155
Zeeland,Basisschool De Torenberg,Brouwerijstraat,5,4543 CX,ZAAMSLAG,0715,TERNEUZEN,0115431976,primary,51.31120708,3.91382847
Zeeland,Moerschans,Liniestraat,100,4561 ZX,HULST,0677,HULST,0114370083,primary,51.28713114,4.06661919
Zeeland,Christelijke Basisschool de Parel,Schelpenlaan,1-C,4533 DW,TERNEUZEN,0715,TERNEUZEN,0115431799,primary,51.33020096,3.86397856
Zeeland,De Twijn,Prof. Zeemanstraat,216,4532 JM,TERNEUZEN,0715,TERNEUZEN,0115613041,primary,51.33150306,3.84749328
Zeeland,Basisschool De Steiger,Merwedelaan,13,4535 EV,TERNEUZEN,0715,TERNEUZEN,0115696768,primary,51.3122333,3.85295171
Zeeland,Kindcentrum Stelle-Zeemeeuw,Wagnerhof,3,4536 BP,TERNEUZEN,0715,TERNEUZEN,0115694341,primary,51.31884558,3.85194189
Zeeland,De Irisschool,Schelpenlaan,1-A,4533 DW,TERNEUZEN,0715,TERNEUZEN,0115431646,primary,51.33002496,3.86318351
Zeeland,Prins Willem van Oranjeschool,Leeuwenlaan,29,4532 AE,TERNEUZEN,0715,TERNEUZEN,0115648830,primary,51.33283645,3.83943926
Zeeland,De Driesprong,Narcissenlaan,37,4542 BS,HOEK,0715,TERNEUZEN,0115441671,primary,51.31172584,3.77771179
Zeeland,De Oude Vaart,Tamarindestraat,4,4537 XH,TERNEUZEN,0715,TERNEUZEN,0115648840,primary,51.32287458,3.83630525
Zeeland,Openbare basisschool t Geuzennest,Braakmanlaan,14,4521 AA,BIERVLIET,0715,TERNEUZEN,0115481683,primary,51.32692851,3.6883856
Zeeland,Basisschool de Schakel,Populierenstraat,39,4581 BR,VOGELWAARDE,0677,HULST,0114672392,primary,51.32631356,3.97732959
Zeeland,Basisschool Op Dreef,Hennequinstraat,1,4527 CD,AARDENBURG,1714,SLUIS,0117491206,primary,51.27245496,3.44587922
Zeeland,Inghelosenberghe-School,Badhuisweg,11,4564 AH,SINT JANSTEEN,0677,HULST,0114314380,primary,51.25993922,4.04519854
Zeeland,Basisschool De Statie,Canadalaan,2-B,4551 AL,SAS VAN GENT,0715,TERNEUZEN,0115460054,primary,51.22759588,3.79575787
Zeeland,'t Getij,Oosthof,1,4587 EP,KLOOSTERZANDE,0677,HULST,0114684878,primary,51.37227964,4.01658664
Zeeland,Basisschool Laureyn,Mosselbank,22,4553 CH,PHILIPPINE,0715,TERNEUZEN,0115497040,primary,51.28537041,3.756275
Zeeland,Basisschool de Wegwijzer,Wilgenlaan,12,4353 AN,SEROOSKERKE GEM VEERE,0717,VEERE,0118596106,primary,51.54726401,3.59415433
Zeeland,Basissch De Goede Polder,Nieuwstraat,37-39,4354 AV,VROUWENPOLDER,0717,VEERE,0118596099,primary,51.57608164,3.61380765
Zeeland,SVS De Magdalon,Wijngaardstraat,8,4351 AP,VEERE,0717,VEERE,0118506021,primary,51.54769663,3.66596151
Zeeland,'T Paalhoofd,Westkapelseweg,24-A,4374 BB,ZOUTELANDE,0717,VEERE,0118566116,primary,51.50326638,3.48103543
Zeeland,De Bergpadschool,Bergpad,1,4364 BZ,GRIJPSKERKE,0717,VEERE,0118596116,primary,51.53487672,3.55998112
Zeeland,Basisschool Onderdak,Voorhof,3,4373 DA,BIGGEKERKE,0717,VEERE,0118556133,primary,51.49911579,3.52723536
Zeeland,School met de bijbel De Lichtstraal,Europaplein,10,4361 CP,WESTKAPELLE,0717,VEERE,0118576025,primary,51.52954697,3.44263881
Zeeland,C B S de Kamperschouw,Nieuwstraat,32,4493 BD,KAMPERLAND,1695,NOORD-BEVELAND,0113376116,primary,51.57236055,3.70572565
Zeeland,Christelijke Basisschool T Klinket,Tramstraat,36,4371 BX,KOUDEKERKE,0717,VEERE,0118556126,primary,51.48065685,3.55158228
Zeeland,Openbare Basisschool Duiveland,Weststraat,26,4306 CN,NIEUWERKERK,1676,SCHOUWEN-DUIVELAND,0111641913,primary,51.649853,3.99815461
Zeeland,Brede School Noorderpolder Theo Thijssenschool,Emil Sandstromweg,6,4301 NW,ZIERIKZEE,1676,SCHOUWEN-DUIVELAND,0111413482,primary,51.65662666,3.92665121
Zeeland,Openbare Basisschool de Oosterburcht,Dokter Schutterstraat,1,4307 BP,OOSTERLAND,1676,SCHOUWEN-DUIVELAND,0111641953,primary,51.65136106,4.03542697
Zeeland,Basisschool 'T Kofschip,Scheldestraat,9,4301 VA,ZIERIKZEE,1676,SCHOUWEN-DUIVELAND,0111412410,primary,51.64844824,3.90736375
Zeeland,Openbare Basisschool De Schoener,Schuitkade,2,4318 EH,BROUWERSHAVEN,1676,SCHOUWEN-DUIVELAND,0111691945,primary,51.72541122,3.91044832
Zeeland,Openbare Basisschool Binnen de Veste,Raamstraat,3,4301 BP,ZIERIKZEE,1676,SCHOUWEN-DUIVELAND,0111413071,primary,51.648934,3.91525346
Zeeland,Openbare Basisschool Stapelhof,Mauritsweg,10,4325 AH,RENESSE,1676,SCHOUWEN-DUIVELAND,0111461543,primary,51.73274572,3.77697585
Zeeland,Openbare Basisschool De Klimop,Nieuwe Schoolstraat,4-6,4315 AW,DREISCHOR,1676,SCHOUWEN-DUIVELAND,0111401589,primary,51.6911515,3.98240342
Zeeland,Openbare Basisschool De Kirreweie,Julianastraat,47,4328 AR,BURGH-HAAMSTEDE,1676,SCHOUWEN-DUIVELAND,0111651902,primary,51.69346218,3.73921356
Zeeland,Openbare Basisschool De Meerpaal,Dreef,4,4311 AK,BRUINISSE,1676,SCHOUWEN-DUIVELAND,0111481742,primary,51.66049022,4.09255202
Zeeland,Openbare Basisschool De Vliete,Julianastraat,30,4491 GB,WISSENKERKE,1695,NOORD-BEVELAND,0113371463,primary,51.58342702,3.74489895
Zeeland,De Poeljeugd,Plein,15,4472 AT,'S-HEER HENDRIKSKINDEREN,0664,GOES,0113270491,primary,51.50221551,3.86217746
Zeeland,Christelijke Basisschool Het Kompas,Moerplein,2,4401 HZ,YERSEKE,0703,REIMERSWAAL,0113571743,primary,51.48885929,4.04094936
Zeeland,Basisschool De Regenboog,Prinses Irenestraat,1,4455 AT,NIEUWDORP,0654,BORSELE,0113670810,primary,51.47073496,3.73871664
Zeeland,Christelijke Basisschool Het Samenspel,Van Der Baanstraat,26,4471 BR,WOLPHAARTSDIJK,0664,GOES,0113586048,primary,51.53048441,3.81990758
Zeeland,Protestants Christelijke Basisschool De Wegwijzer,Mr Dr Meslaan,2,4451 AK,HEINKENSZAND,0654,BORSELE,0113568810,primary,51.47340962,3.8170482
Zeeland,CBS De Rank,Egelantierstraat,7,4431 EP,'S-GRAVENPOLDER,0654,BORSELE,0113316810,primary,51.45890089,3.90619015
Zeeland,Basisschool De Welle,Slotstraat,87,4416 AT,KRUININGEN,0703,REIMERSWAAL,0113381473,primary,51.4518862,4.03174915
Zeeland,De Zevensprong,Appelstraat,2,4413 ET,KRABBENDIJKE,0703,REIMERSWAAL,0113506210,primary,51.43431971,4.10773283
Zeeland,Prinses Beatrixschool,Elvis Presleylaan,103,4462 LB,GOES,0664,GOES,0113270245,primary,51.49075118,3.88819478
Zeeland,IKC Wemeldinge,Bierweg,1-A,4424 EL,WEMELDINGE,0678,KAPELLE,0113621626,primary,51.51798831,3.99533167
Zeeland,Openbare Basisschool de Moolhoek,Vroonlandseweg,49-C,4421 BW,KAPELLE,0678,KAPELLE,0113342196,primary,51.48321964,3.96730127
Zeeland,Prinses Ireneschool,Kamperfoeliestraat,63,4461 NK,GOES,0664,GOES,0113270493,primary,51.50210297,3.899949
Zeeland,Chr Basisschool t Honk,Vroonlandseweg,49-D,4421 BW,KAPELLE,0678,KAPELLE,0113330262,primary,51.48318781,3.96750345
Zeeland,P.C.B. 't Noorderlicht,Johnsonlaan,54-A,4463 GW,GOES,0664,GOES,0113270790,primary,51.51598347,3.87822742
Zeeland,Christelijke Basisschool de Linge,Noordstraat,5,4421 JS,KAPELLE,0678,KAPELLE,0113343368,primary,51.47536761,3.96271012
Zeeland,Openbare Basisschool Prof. Dr. Kohnstamm,Reigerstraat,1,4461 RE,GOES,0664,GOES,0113214568,primary,51.50575468,3.89473506
Zeeland,Openbare Basischool de Zuidwesthoek,Elvis Presleylaan,107,4462 LB,GOES,0664,GOES,0113270207,primary,51.49040237,3.88882535
Zeeland,Openbare Basisschool Schengehof,Deestraat,3,4458 AJ,'S-HEER ARENDSKERKE,0664,GOES,0113561935,primary,51.49192107,3.81859304
Zeeland,Integraal Kindcentrum Kloetinge,Zomerweg,2,4481 CB,KLOETINGE,0664,GOES,0113214519,primary,51.50022637,3.91051084
Zeeland,Stamperiusschool,I G J van den Boschstr,2,4475 AL,WILHELMINADORP,0664,GOES,0113214521,primary,51.5289731,3.89499147
Zeeland,Openbare Basisschool De Tweemaster,Kuyperlaan,29,4463 SH,GOES,0664,GOES,0113213050,primary,51.51272557,3.87963858
Zeeland,Openbare Basisschool De Zuidvliet,Stadspolderlaan,6,4484 DG,KORTGENE,1695,NOORD-BEVELAND,0113301611,primary,51.55614274,3.80654475
Zeeland,Openbare Basisschool Het Stelleplankier,Hovenierstraat,1,4486 CK,COLIJNSPLAAT,1695,NOORD-BEVELAND,0113695423,primary,51.59678844,3.84814313
Zeeland,Christelijke Basisschool Het Kompas,Steintjeskreek,2,4675 RZ,SINT PHILIPSLAND,0716,THOLEN,0167573173,primary,51.63826167,4.13051051
Zeeland,School met de Bijbel De Ark,Burg Versluijsstraat,14,4698 AS,OUD-VOSSEMEER,0716,THOLEN,0166672508,primary,51.56845537,4.19675622
Zeeland,De Morgenster,Vloedstraat,15,4321 AM,KERKWERVE,1676,SCHOUWEN-DUIVELAND,0111412937,primary,51.68646308,3.8975643
Zeeland,Helcherseeschool,Carlstraat,11,4322 BA,SCHARENDIJKE,1676,SCHOUWEN-DUIVELAND,0111672134,primary,51.73596004,3.84068486
Zeeland,J W v d Doelschool,Kabbelaarsbank,2,4301 XB,ZIERIKZEE,1676,SCHOUWEN-DUIVELAND,0111414133,primary,51.65059666,3.90358725
Zeeland,Jenaplanschool met de Bijbel,Schoolstraat,6,4693 BG,POORTVLIET,0716,THOLEN,0166612768,primary,51.54323054,4.14680851
Zeeland,Basisschool Onder De Wieken,Julianastraat,45,4328 AR,BURGH-HAAMSTEDE,1676,SCHOUWEN-DUIVELAND,0111651782,primary,51.69346534,3.73856639
Zeeland,Protestants Christelijke Basisschool Joh Louis de Jonge,Vrije,32,4301 JZ,ZIERIKZEE,1676,SCHOUWEN-DUIVELAND,0111413644,primary,51.65115936,3.92391593
Zeeland,CNS De Regenboog,Abraham Beeckmanlaan,16,4691 JZ,THOLEN,0716,THOLEN,0166603310,primary,51.53687473,4.21121558
Zeeland,Openbare Basisschool De Zeemeeuw,Ghistelkerke,1-D,4511 JB,BRESKENS,1714,SLUIS,0117381678,primary,51.39123445,3.55827475
Zeeland,Openbare Basisschool De Kustschool,Badhuisweg,36,4506 BC,CADZAND,1714,SLUIS,0117391470,primary,51.37102567,3.40521873
Zeeland,Openbare Basisschool de Berenburcht,Langestraat,5,4501 BR,OOSTBURG,1714,SLUIS,0117453148,primary,51.32546316,3.49210222
Zeeland,Openbare Basisschool de Schuttershoek,Schuttersstraat,27,4515 EA,IJZENDIJKE,1714,SLUIS,0117301617,primary,51.31861225,3.61508141
Zeeland,Basisschool de Nieuwe van Dale,Kloosterstraat,30,4524 BL,SLUIS,1714,SLUIS,0117461712,primary,51.30971924,3.39280621
Zeeland,De Wingerd,Hilleweg,3,4464 JA,GOES,0664,GOES,0612079857,primary,51.51363737,3.9116211
Zeeland,De Sterrenpracht,Karel Doormanlaan,2,4571 TV,AXEL,0715,TERNEUZEN,0612079857,primary,51.26766565,3.89790452
Zeeland,Regenboogschool,Gen Hakewill Smithlaan,3,4333 BW,MIDDELBURG,0687,MIDDELBURG,0118629341,primary,51.51038867,3.61086672
Zeeland,OBS Parelmoer,Moerplein,4,4401 HZ,YERSEKE,0703,REIMERSWAAL,0113576150,primary,51.48877935,4.04141755
Zeeland,Basisschool De Reigersberg,Hoofdweg,50-A,4411 AR,RILLAND,0703,REIMERSWAAL,0113556066,primary,51.41655682,4.17771393
Zeeland,Basisschool Voorhoute,Voorhoute,3,4416 BS,KRUININGEN,0703,REIMERSWAAL,0113320095,primary,51.44726561,4.03526376
Zeeland,Basisschool De Klimroos,Hinkelingestraat,8,4413 AG,KRABBENDIJKE,0703,REIMERSWAAL,0113506122,primary,51.43144566,4.1137243
Zeeland,Basisschool De Eendracht,Eendracht,3,4417 CA,HANSWEERT,0703,REIMERSWAAL,0113320090,primary,51.44973734,4.0015093
Zeeland,Openbare Basisschool De Luyster,Plataanstraat,3,4675 AW,SINT PHILIPSLAND,0716,THOLEN,0167573133,primary,51.61634421,4.16192649
Zeeland,Openbare basisschool Ter Tolne,Abraham Beeckmanlaan,20,4691 JZ,THOLEN,0716,THOLEN,0166602162,primary,51.53666778,4.21094353
Zeeland,Openbare basisschool NOVA,Julianastraat,1,4693 ED,POORTVLIET,0716,THOLEN,0166617016,primary,51.54459074,4.14129947
Zeeland,Oosterschelde-School,Watertorenstraat,6,4694 AZ,SCHERPENISSE,0716,THOLEN,0166667110,primary,51.54871611,4.11161903
Zeeland,Openbare Basisschool De Rieburch,Oosterscheldestraat,3,4695 EN,SINT-MAARTENSDIJK,0716,THOLEN,0166662498,primary,51.54882212,4.0750965
Zeeland,Openbare basisschool De Schalm,Schoolstraat,3,4696 CK,STAVENISSE,0716,THOLEN,0166692606,primary,51.58485583,4.01375619
Zeeland,De Casembroot-School,Schoolstraat,38,4697 CL,SINT-ANNALAND,0716,THOLEN,0166657044,primary,51.59760991,4.10222971
Zeeland,Iqra,Pablo Picassoplein,120-126,4382 KB,VLISSINGEN,0718,VLISSINGEN, ,primary,51.45337898,3.56764613
Zeeland,De Golfslag,Juffr van de Putteplein,3,4357 EN,DOMBURG,0717,VEERE,0118581964,primary,51.56242698,3.50149394
Zeeland,Basisschool De Sprong,Biggekerksestraat,2,4371 EZ,KOUDEKERKE,0717,VEERE,0118551918,primary,51.48381334,3.5518913
Zeeland,Samenwerkingsschool Veerse Stijl De Lispeltuut,Torenstraat,29,4356 BG,OOSTKAPELLE,0717,VEERE,0118586191,primary,51.5689261,3.55098549
Zeeland,De Stroming,Keetenstraat,4,4335 TH,MIDDELBURG,0687,MIDDELBURG,0118614517,primary,51.48967438,3.60108933
Zeeland,Openbare Basisschool Theo Thijssen,Troelstraweg,471,4384 PA,VLISSINGEN,0718,VLISSINGEN,0118490245,primary,51.46616957,3.55318255
Zeeland,Het Element,Hooge Meestraat,4,4337 VM,MIDDELBURG,0687,MIDDELBURG,0118627620,primary,51.49191915,3.62898934
Zeeland,Openbare Basisschool Tweemaster-Kameleon,Roerstraat,27,4388 RV,OOST-SOUBURG,0718,VLISSINGEN,0118490187,primary,51.4688758,3.60251279
Zeeland,het Talent,Gen Hakewill Smithlaan,15,4333 BW,MIDDELBURG,0687,MIDDELBURG,0118650408,primary,51.50971967,3.6096798
Zeeland,De Omnibus,Slangenburg,1-3,4385 HT,VLISSINGEN,0718,VLISSINGEN,0118490330,primary,51.46255465,3.57223692
Zeeland,Magistraal,Baljuwlaan,4,4336 GL,MIDDELBURG,0687,MIDDELBURG,0118611633,primary,51.48507923,3.61690967
Zeeland,Openbare Basisschool De Branding,Bouwen Ewoutstraat,51,4381 PP,VLISSINGEN,0718,VLISSINGEN,0118441111,primary,51.44798916,3.572603
Zeeland,Openbare Basisschool Ravenstein,Pablo Picassoplein,122,4382 KB,VLISSINGEN,0718,VLISSINGEN,0118441100,primary,51.4538015,3.56716425
Zeeland,Basisschool De Lichtboei,Koudorpstraat,18,4361 BT,WESTKAPELLE,0717,VEERE,0118571391,primary,51.52931448,3.43947758
Zeeland,Basisschool T Vierschip,Oostgat,15,4341 LE,ARNEMUIDEN,0687,MIDDELBURG,0118602857,primary,51.50729989,3.67422769
Zeeland,Omnis school de Linden,Egelantierstraat,5,4431 EP,'S-GRAVENPOLDER,0654,BORSELE,0113316010,primary,51.45893191,3.90629505
Zeeland,Omnis school de Reiger,Mr Dr Meslaan,6,4451 AK,HEINKENSZAND,0654,BORSELE,0113568110,primary,51.47382106,3.81774767
Zeeland,Omnis school de Schakel,Vanderbijlparkstraat,3,4436 AC,OUDELANDE,0654,BORSELE,0113544110,primary,51.40836773,3.85561544
Zeeland,OKC De Regenboog,Oostendestraat,4-A,4433 AK,HOEDEKENSKERKE,0654,BORSELE,0113644110,primary,51.42562954,3.91251632
Zeeland,Palmenhof,Noordweg,442,4333 KL,MIDDELBURG,0687,MIDDELBURG,0118650202,primary,51.52241348,3.6063317
Zeeland,De Parelburcht,Van Visvlietstraat,7,4388 CT,OOST-SOUBURG,0718,VLISSINGEN,0118461720,primary,51.46285006,3.60131113
Zeeland,Oleanderhof,Pereboomweie,1,4341 LV,ARNEMUIDEN,0687,MIDDELBURG,0118606081,primary,51.50685353,3.67674675
Zeeland,Het Vlot,Pablo Picassoplein,123,4382 KB,VLISSINGEN,0718,VLISSINGEN,0118412208,primary,51.45384374,3.56773842
Zeeland,Louise de Coligny,Alexander Gogelweg,65,4384 EV,VLISSINGEN,0718,VLISSINGEN,0118465261,primary,51.46128357,3.5520662
Zeeland,De Wissel,Flamingoweg,53,4386 DT,VLISSINGEN,0718,VLISSINGEN,0118460344,primary,51.46600695,3.57617466
Zeeland,Christelijke Basisschool Het Kompas,Kroonjuweel,5,4388 MD,OOST-SOUBURG,0718,VLISSINGEN,0118422401,primary,51.47291408,3.60801674
Zeeland,De Aventurijn,Henry Dunantlaan,6,4334 BA,MIDDELBURG,0687,MIDDELBURG,0118650214,primary,51.50297048,3.59612333
Zeeland,Basisschool Cypressenhof,Rentmeesterlaan,245,4336 EL,MIDDELBURG,0687,MIDDELBURG,0118650305,primary,51.4851222,3.61651521
Zeeland,Wilgenhof,Torenhofstraat,4,4337 JV,MIDDELBURG,0687,MIDDELBURG,0118650245,primary,51.49332075,3.62662701
Zeeland,Acaciahof,Gen Hakewill Smithlaan,9,4333 BW,MIDDELBURG,0687,MIDDELBURG,0118650655,primary,51.51011467,3.61004206
Zeeland,Koelmanschool,Merellaan,1,4461 RH,GOES,0664,GOES,0113228057,primary,51.50658478,3.89397327
Zeeland,Graaf Jan van Nassau School voor Basisonderwijs,Van Doornlaan,40,4386 AK,VLISSINGEN,0718,VLISSINGEN,0118462476,primary,51.46573096,3.58953555
Zeeland,Christelijke Basisschool De Bornput,Moerdamme,26,4415 AP,OOSTDIJK,0703,REIMERSWAAL,0113502168,primary,51.44272906,4.07652126
Zeeland,Christelijke Basisschool d'n Akker,Groene Kruisstraat,12,4414 AL,WAARDE,0703,REIMERSWAAL,0113503042,primary,51.41742488,4.06789145
Zeeland,Johannes Calvijn-School,Gardenierhof,31,4471 CN,WOLPHAARTSDIJK,0664,GOES,0113581124,primary,51.53159061,3.81617483
Zeeland,Eben Haezerschool,Vlaamse Gaai,2,4356 DC,OOSTKAPELLE,0717,VEERE,0118583989,primary,51.5685707,3.54902103
Zeeland,Reformatorische Basisschool De Zandbaan,Swaanhilstraat,15,4411 BL,RILLAND,0703,REIMERSWAAL,0113551597,primary,51.41671861,4.18546525
Zeeland,H Faukelius Basisschool,Kuipers-Rietbergkwartier,33,4333 EK,MIDDELBURG,0687,MIDDELBURG,0118614448,primary,51.50822457,3.61122756
Zeeland,Basisschool Juliana van Stolberg,Zonnebloemstraat,3,4695 EX,SINT-MAARTENSDIJK,0716,THOLEN,0166662610,primary,51.54842662,4.07558075
Zeeland,Basisschool Groen van Prinsterer,Watertorenstraat,10,4694 AZ,SCHERPENISSE,0716,THOLEN,0166662471,primary,51.54908423,4.11097658
Zeeland,Juliana van Stolbergschool,Kerkplein,15,4421 AA,KAPELLE,0678,KAPELLE,0113342494,primary,51.48716507,3.9570562
Zeeland,School Met De Bijbel,Schoolstraat,36,4697 CL,SINT-ANNALAND,0716,THOLEN,0166652670,primary,51.59771767,4.10209675
Zeeland,Koningin Julianaschool,Hazelaarstraat,5,4431 DT,'S-GRAVENPOLDER,0654,BORSELE,0113311645,primary,51.46026344,3.90840672
Zeeland,School Met De Bijbel,Schoolstraat,34,4306 CH,NIEUWERKERK,1676,SCHOUWEN-DUIVELAND,0111641452,primary,51.65102848,4.00293997
Zeeland,Petrus Immensschool,Schoutstraat,5,4336 HN,MIDDELBURG,0687,MIDDELBURG,0118611270,primary,51.48487905,3.62198309
Zeeland,Dominee G.H. Kerstenschool,Jolstraat,1,4401 JC,YERSEKE,0703,REIMERSWAAL,0113571678,primary,51.49331286,4.04321321
Zeeland,Ds. D. L. Aangeenbrugschool,Willem Andriessenlaan,4,4536 CA,TERNEUZEN,0715,TERNEUZEN,0115612977,primary,51.31836662,3.85119944
Zeeland,JHR Willem Versluijsschool,Brouwerijweg,3-C,4363 NK,AAGTEKERKE,0717,VEERE,0118582693,primary,51.54408019,3.50259274
Zeeland,Boazschool,Valkenburgstraat,10,4365 AC,MELISKERKE,0717,VEERE,0118561649,primary,51.51476889,3.51207742
Zeeland,Dr. C. Steenblokschool,Zuidvlietstraat,140,4461 HB,GOES,0664,GOES,0113211984,primary,51.49928593,3.87855281
Zeeland,De Aquamarijn Waldorfonderwijs,Willem Arondeusstraat,59,4333 DD,MIDDELBURG,0687,MIDDELBURG,0118612102,primary,51.51048563,3.6068474
Zeeland,Montessori Basisschool De Kraal,Zoekweg,1-A,4691 HT,THOLEN,0716,THOLEN,0166604465,primary,51.53533565,4.2146188
Zeeland,Montessorischool,Frambozestraat,29,4462 EK,GOES,0664,GOES,0113216707,primary,51.49369225,3.89611473
Zeeland,RK Basisschool Sint Willibrordus,Hoge Molenstraat,41,4301 KB,ZIERIKZEE,1676,SCHOUWEN-DUIVELAND,0111450165,primary,51.65006536,3.92360141
Zeeland,Basisschool Don Bosco,Deken Tomaslaan,35,4453 AK,'S-HEERENHOEK,0654,BORSELE,0113350877,primary,51.45416151,3.77385017
Zeeland,M G R Heyligersschool,Sportweg,2,4434 AE,KWADENDAMME,0654,BORSELE,0113649384,primary,51.43197179,3.87421101
Zeeland,School der Vlissingse Schoolvereniging,Govert Flincklaan,1,4383 WB,VLISSINGEN,0718,VLISSINGEN,0118467591,primary,51.45763376,3.56896282
Zeeland,De Horizon,Cromvlietstraat,9,4411 AE,RILLAND,0703,REIMERSWAAL,0113556152,primary,51.41586168,4.1800326
Zeeland,RK Basisschool Bisschop Ernst,Bergweg,43,4461 LX,GOES,0664,GOES,0113270482,primary,51.50140131,3.90061998
Zeeland,RK Basisschool Schuttevaer,Keeten,2,4417 CD,HANSWEERT,0703,REIMERSWAAL,0113381945,primary,51.45005528,4.00178738
Zeeland,De Leeuwerik,Zandkreekstraat,35,4456 AL,LEWEDORP,0654,BORSELE,0113670039,primary,51.49634634,3.75265693
Zeeland,RK Basisschool Holtkamp,Joseph Lunslaan,5,4463 CV,GOES,0664,GOES,0113270587,primary,51.51575584,3.87893726
Zeeland,RK Basisschool Franciscus,Westmede,71,4337 AL,MIDDELBURG,0687,MIDDELBURG,0118650456,primary,51.4866881,3.62380201
Zeeland,RK Basisschool Jozef,Pablo Picassoplein,121,4382 KB,VLISSINGEN,0718,VLISSINGEN,0118440223,primary,51.45344559,3.56722783
Zeeland,Basisschool de Zandplaat,Mr Dr Messtraat,1,4441 AV,OVEZANDE,0654,BORSELE,0113653008,primary,51.43089119,3.81959603
Zeeland,Jan van Schengenschool,Mr Dr Meslaan,8,4451 AK,HEINKENSZAND,0654,BORSELE,0113562172,primary,51.47416505,3.81816693
Zeeland,Rehobothschool,Pilootweg,2,4696 RJ,STAVENISSE,0716,THOLEN,0166692800,primary,51.58719807,4.0096355
Zeeland,Stichting voor basisonderwijs op GG,Achterstraat,2-A,4675 BW,SINT PHILIPSLAND,0716,THOLEN,0167573134,primary,51.61687783,4.16508991
Zeeland,Christelijke Basisschool Op Dreef,Molenstraat,46,4311 ED,BRUINISSE,1676,SCHOUWEN-DUIVELAND,0111481593,primary,51.66054454,4.09226562
Zuid-Holland,Gevers Deutz Terwee,Terweeweg,106,2341 CV,OEGSTGEEST,0579,OEGSTGEEST,0715652432,primary,52.18015717,4.47124386
Zuid-Holland,Openbare Montessorischool Oegstgeest,Lange Voort,261-C,2343 CE,OEGSTGEEST,0579,OEGSTGEEST,0715177060,primary,52.18550299,4.48119783
Zuid-Holland,OBS De Vogels,Jac. P. Thijsselaan,69,2341 PM,OEGSTGEEST,0579,OEGSTGEEST,0715280649,primary,52.17740617,4.49320795
Zuid-Holland,Daltonschool Oegstgeest,Jan Wolkerslaan,18,2343 BK,OEGSTGEEST,0579,OEGSTGEEST,0715651679,primary,52.19406771,4.4782375
Zuid-Holland,De ondernemende school Westland,Van Haemstedestraat,28,2678 TX,DE LIER,1783,WESTLAND, ,primary,51.97858967,4.24234236
Zuid-Holland,De Springplank,Groeneweg,127-A,2661 KV,BERGSCHENHOEK,1621,LANSINGERLAND, ,primary,51.99600096,4.49417395
Zuid-Holland,Rehoboth Basisschool,Anna van Burenlaan,24,2404 GM,ALPHEN AAN DEN RIJN,0484,ALPHEN AAN DEN RIJN,0172472352,primary,52.13268299,4.65327913
Zuid-Holland,"De Bron, basisschool bij de Bijbel",Vronkenlaan,46,2352 EP,LEIDERDORP,0547,LEIDERDORP,0715891910,primary,52.16180383,4.52701034
Zuid-Holland,Nederlands Hervormde Basisschool Bethel,Lindengaarde,17-A,2742 TP,WADDINXVEEN,0627,WADDINXVEEN,0182617811,primary,52.0542986,4.64619623
Zuid-Holland,Rehobothschool,Sperwerhoek,4,2743 GC,WADDINXVEEN,0627,WADDINXVEEN,0182617846,primary,52.04072074,4.6403239
Zuid-Holland,BaO Aquamarijn,Donker Curtiusstraat,4,2555 XW,'S-GRAVENHAGE,0518,S GRAVENHAGE,0703232483,primary,52.06376124,4.25019725
Zuid-Holland,De Drie Linden,2e Braamstraat,5,2563 HJ,'S-GRAVENHAGE,0518,S GRAVENHAGE,0703255286,primary,52.07271946,4.26951082
Zuid-Holland,Montessori Kindcentrum John F. Kennedy,Gradaland,5,2591 HB,'S-GRAVENHAGE,0518,S GRAVENHAGE,0703853390,primary,52.09711601,4.36341499
Zuid-Holland,Rooms Katholieke Basisschool De Parkiet,Parkietlaan,1,2566 XT,'S-GRAVENHAGE,0518,S GRAVENHAGE,0703631369,primary,52.08178764,4.26137241
Zuid-Holland,KC Koos Meinderts,C.A. van Beverenstraat,48,2552 HW,'S-GRAVENHAGE,0518,S GRAVENHAGE,0703971756,primary,52.05018058,4.24413709
Zuid-Holland,Rooms Katholieke Protestants Christelijke Samenwerkingsschool Emmaus,Leenkamp,15,2264 KW,LEIDSCHENDAM,1916,LEIDSCHENDAM-VOORBURG,0703278018,primary,52.09195625,4.40363891
Zuid-Holland,KC Trampoline,De Haar,200-A,2261 ZB,LEIDSCHENDAM,1916,LEIDSCHENDAM-VOORBURG,0703201234,primary,52.10100845,4.40113746
Zuid-Holland,Kindcentrum Cascade,Delflandlaan,6,2273 CS,VOORBURG,1916,LEIDSCHENDAM-VOORBURG,0703865323,primary,52.08013084,4.36482588
Zuid-Holland,Katholieke Basisschool De Jonge Wereld,Den Helderstraat,250,2547 ST,'S-GRAVENHAGE,0518,S GRAVENHAGE,0704480310,primary,52.06402637,4.26559838
Zuid-Holland,Basisschool Grote Beer,Guntersteinweg,60,2531 JZ,'S-GRAVENHAGE,0518,S GRAVENHAGE,0703947173,primary,52.04506528,4.29777532
Zuid-Holland,Protestants Christelijke Basisschool De Zonnewijzer,Rijnlandstraat,159,2265 WB,LEIDSCHENDAM,1916,LEIDSCHENDAM-VOORBURG,0703274119,primary,52.08266203,4.39702859
Zuid-Holland,Carolusschool,Westeinde,103-A,2512 GW,'S-GRAVENHAGE,0518,S GRAVENHAGE,0703801420,primary,52.07644199,4.30232825
Zuid-Holland,KC Toermalijn,Weimarstraat,300,2562 HS,'S-GRAVENHAGE,0518,S GRAVENHAGE,0703648681,primary,52.07365753,4.27742955
Zuid-Holland,Christelijke Basisschool De Vijverhof,De Oude Bleijk,4,2266 CK,LEIDSCHENDAM,1916,LEIDSCHENDAM-VOORBURG,0703865408,primary,52.07772195,4.39955273
Zuid-Holland,Protestants Christelijke Basisschool Groen van Prinsterer,Paradijsstraat,51,2275 EK,VOORBURG,1916,LEIDSCHENDAM-VOORBURG,0703860512,primary,52.06430953,4.35123119
Zuid-Holland,Onze Wereld,Brandtstraat,87,2572 CC,'S-GRAVENHAGE,0518,S GRAVENHAGE,0703459300,primary,52.06681404,4.29065489
Zuid-Holland,Prins Mauritsschool,Kerklaan,144,2282 CN,RIJSWIJK ZH,0603,RIJSWIJK,0703077829,primary,52.05284654,4.33671685
Zuid-Holland,Paschalisschool,Bisschopstraat,3,2596 XH,'S-GRAVENHAGE,0518,S GRAVENHAGE,0703281557,primary,52.09175654,4.32232451
Zuid-Holland,IC Basisschool Statenkwartier,Van Beverningkstraat,29,2582 VB,'S-GRAVENHAGE,0518,S GRAVENHAGE,0703553805,primary,52.09171925,4.2726422
Zuid-Holland,Kindcentrum Snijders,Willem van Rijswijckstr,13,2282 HA,RIJSWIJK ZH,0603,RIJSWIJK,0703077867,primary,52.04839571,4.33358136
Zuid-Holland,Kindcentrum Bamboe,Bentelostraat,53,2545 NV,'S-GRAVENHAGE,0518,S GRAVENHAGE,0703662011,primary,52.0465403,4.27653554
Zuid-Holland,CBS Melodie,Admiraal Helfrichsingel,20,2287 BS,RIJSWIJK ZH,0603,RIJSWIJK,0703944246,primary,52.03501944,4.32215891
Zuid-Holland,Jeroen,Guido Gezellestraat,51,2524 CK,'S-GRAVENHAGE,0518,S GRAVENHAGE,0703939493,primary,52.05397133,4.31617848
Zuid-Holland,Het Kristal,Henri Dunantlaan,90,2286 GE,RIJSWIJK ZH,0603,RIJSWIJK,0703931872,primary,52.02777848,4.3149705
Zuid-Holland,De Regenboog,Linnaeusstraat,12,2522 GR,'S-GRAVENHAGE,0518,S GRAVENHAGE,0703905049,primary,52.05889813,4.32957934
Zuid-Holland,Het Lichtbaken,Georges Bizetstraat,21,2551 ZC,'S-GRAVENHAGE,0518,S GRAVENHAGE,0703239522,primary,52.05921327,4.24176586
Zuid-Holland,Basisschool 't Palet,Vaillantlaan,230,2526 HR,'S-GRAVENHAGE,0518,S GRAVENHAGE,0703803632,primary,52.0674933,4.30368555
Zuid-Holland,Kindcentrum Speleon,'s-Gravenzandelaan,262,2512 JT,'S-GRAVENHAGE,0518,S GRAVENHAGE,0704023522,primary,52.07037791,4.29503657
Zuid-Holland,Diamant,Diamanthorst,181-A,2592 GD,'S-GRAVENHAGE,0518,S GRAVENHAGE,0703859839,primary,52.09416094,4.35617071
Zuid-Holland,Liduina,Amalia van Solmsstraat,157,2595 TA,'S-GRAVENHAGE,0518,S GRAVENHAGE,0703859922,primary,52.07999785,4.3391265
Zuid-Holland,De Triangel,Mr. de Bruinplein,3,2515 BZ,'S-GRAVENHAGE,0518,S GRAVENHAGE,0703894072,primary,52.06771048,4.31469626
Zuid-Holland,Nutsbasisschool Morgenstond,Zweeloostraat,61,2545 VC,'S-GRAVENHAGE,0518,S GRAVENHAGE,0703663445,primary,52.04938808,4.26993956
Zuid-Holland,Nutsbasisschool M.M. Boldingh,Verhulstplein,21,2517 SC,'S-GRAVENHAGE,0518,S GRAVENHAGE,0703450422,primary,52.08434615,4.27597341
Zuid-Holland,Nutsbasisschool Laan van Poot,Laan van Poot,355,2566 DA,'S-GRAVENHAGE,0518,S GRAVENHAGE,0703257547,primary,52.07619963,4.24383997
Zuid-Holland,Nutsbasisschool Bezuidenhout,Merkusstraat,19,2593 TL,'S-GRAVENHAGE,0518,S GRAVENHAGE,0703851430,primary,52.08765559,4.34185219
Zuid-Holland,Nutsbasisschool Zorgvliet,Adriaan Goekooplaan,13,2517 JX,'S-GRAVENHAGE,0518,S GRAVENHAGE,0703557920,primary,52.09210601,4.28554703
Zuid-Holland,Nutsbasisschool Woonstede,Woonstede,98,2543 VR,'S-GRAVENHAGE,0518,S GRAVENHAGE,0703667717,primary,52.03932448,4.26019554
Zuid-Holland,Prot Chr Basisschool De Vlieger,Frits Diepenlaan,43,2497 DN,'S-GRAVENHAGE,0518,S GRAVENHAGE,0703906732,primary,52.04055341,4.36624309
Zuid-Holland,Rooms Katholieke Basisschool De Fontein,Laan van Wateringse Veld,462,2548 CK,'S-GRAVENHAGE,0518,S GRAVENHAGE,0703965050,primary,52.03172617,4.28704587
Zuid-Holland,KC Balans,Klaverveld,5,2492 MA,'S-GRAVENHAGE,0518,S GRAVENHAGE,0703175214,primary,52.06975189,4.4062674
Zuid-Holland,Rooms Katholieke Basisschool De Waterwilg,De Poort,4,2631 PT,NOOTDORP,1926,PIJNACKER-NOOTDORP,0153105300,primary,52.04525477,4.40533468
Zuid-Holland,Rooms Katholieke Basisschool De Paradijsvogel,Weidevogellaan,201,2496 MT,'S-GRAVENHAGE,0518,S GRAVENHAGE,0153106112,primary,52.04762234,4.37606473
Zuid-Holland,RKBS De Bras,Oeverwallaan,104,2498 BZ,'S-GRAVENHAGE,0518,S GRAVENHAGE,0153698243,primary,52.03151574,4.38131565
Zuid-Holland,Kindcentrum Buitenrijck,Metelerkampstraat,105,2286 WH,RIJSWIJK ZH,0603,RIJSWIJK,0158876014,primary,52.02057517,4.32884669
Zuid-Holland,KC De Binck,St. Barbaraweg,4,2516 BT,'S-GRAVENHAGE,0518,S GRAVENHAGE, ,primary,52.0685026,4.34040046
Zuid-Holland,Basisschool Sint Jozef,Schoolplein,2,2636 GB,SCHIPLUIDEN,1842,MIDDEN-DELFLAND,0153808529,primary,51.97491997,4.31494822
Zuid-Holland,basisschool De Achtsprong,Sportlaan,47,2678 VG,DE LIER,1783,WESTLAND,0174528459,primary,51.97998968,4.24266188
Zuid-Holland,WSKO Waalcampus,Dijckerwaal,20,2691 PK,'S-GRAVENZANDE,1783,WESTLAND,0174413776,primary,51.99224845,4.18273474
Zuid-Holland,WSKO Basisschool BLINK!,Obrechtlaan,12,2692 BV,'S-GRAVENZANDE,1783,WESTLAND,0174414944,primary,52.00102736,4.15657892
Zuid-Holland,WSKO De Zeester,Kloosterlaan,4,2681 LB,MONSTER,1783,WESTLAND,0174280337,primary,52.02083987,4.17395306
Zuid-Holland,Basisschool De Nieuwe Weg,Bernardolaan,18,2685 WB,POELDIJK,1783,WESTLAND,0174247166,primary,52.02680552,4.21765031
Zuid-Holland,Rooms Katholieke Basisschool de Verburchhof,De Ruijtbaan,81,2685 RS,POELDIJK,1783,WESTLAND,0174210410,primary,52.02733248,4.23064643
Zuid-Holland,Rooms katholieke Basisschool 't Startblok,Veilingweg,1-A,2675 BR,HONSELERSDIJK,1783,WESTLAND,0174630610,primary,52.00835879,4.22610292
Zuid-Holland,Rooms katholieke Basisschool Bernadette,De Gouwe,10,2673 BK,NAALDWIJK,1783,WESTLAND,0174625562,primary,52.00138572,4.2046972
Zuid-Holland,Rooms Katholieke Basisschool Joannes,Wollegras,39,2671 ZZ,NAALDWIJK,1783,WESTLAND,0174631017,primary,51.99588141,4.19699704
Zuid-Holland,Rooms katholieke Basisschool Het Tweespan,Tuindersweg,52,2676 BJ,MAASDIJK,1783,WESTLAND,0174514355,primary,51.95651748,4.2143798
Zuid-Holland,Katholieke Basisschool De Hofvilla,Dr Schaepmanstraat,2,2291 SX,WATERINGEN,1783,WESTLAND,0174292093,primary,52.02571223,4.26899558
Zuid-Holland,Basisschool St Jozef,Groentelaan,29,2292 AD,WATERINGEN,1783,WESTLAND,0174293348,primary,52.02080507,4.28381065
Zuid-Holland,Katholieke Basisschool Maria,Koningsspil,47,2291 MB,WATERINGEN,1783,WESTLAND,0174292981,primary,52.01895937,4.27564441
Zuid-Holland,Basisschool Andreashof,Leeuwerik,11,2295 PE,KWINTSHEUL,1783,WESTLAND,0174294193,primary,52.01236179,4.25288524
Zuid-Holland,De Regenboog Basisschool,Aalbersestraat,47,2672 DR,NAALDWIJK,1783,WESTLAND,0174622870,primary,51.99443269,4.21948428
Zuid-Holland,De Olijfboom,Pelikaanweg,4,2903 ER,CAPELLE AAN DEN IJSSEL,0502,CAPELLE AAN DEN IJSSEL,0104500921,primary,51.93241344,4.59398627
Zuid-Holland,Rehobothschool,Verlengde Kerkweg,23,2985 AZ,RIDDERKERK,0597,RIDDERKERK,0180423525,primary,51.86836168,4.60199938
Zuid-Holland,De Regenboog,Warmoezenierstraat,36,3123 EN,SCHIEDAM,0606,SCHIEDAM,0104709392,primary,51.94235859,4.36582206
Zuid-Holland,De Vlinder,Stockholm,3,3124 SG,SCHIEDAM,0606,SCHIEDAM,0104717036,primary,51.94287489,4.38270896
Zuid-Holland,IKC Vindingrijk,Burg. Wesselinkstraat,8,3145 SB,MAASSLUIS,0556,MAASSLUIS,0105914637,primary,51.93713519,4.23049249
Zuid-Holland,Christelijke Basisschool De Wieken,Westfrankelandsestraat,152,3117 AZ,SCHIEDAM,0606,SCHIEDAM,0104261885,primary,51.91371339,4.38661147
Zuid-Holland,IKC Blink,De Wildestraat,38-40,3119 PM,SCHIEDAM,0606,SCHIEDAM,0104738570,primary,51.92044111,4.39044167
Zuid-Holland,IKC 't Palet,Gedempte Biersloot,3-D,3131 HJ,VLAARDINGEN,0622,VLAARDINGEN,0104342697,primary,51.91222002,4.34304692
Zuid-Holland,Sint Willibrordusschool,Dwarsstraat,2,3114 LC,SCHIEDAM,0606,SCHIEDAM,0104262847,primary,51.9062688,4.40640008
Zuid-Holland,Kaleidoscoop,Van Swindensingel,66,3112 RK,SCHIEDAM,0606,SCHIEDAM,0104265630,primary,51.91623726,4.4072092
Zuid-Holland,De Hoeksteen,Olmendreef,100-102,3137 CR,VLAARDINGEN,0622,VLAARDINGEN,0102499280,primary,51.93872501,4.34539982
Zuid-Holland,Sint Jozefschool,Nassaulaan,42,3116 EX,SCHIEDAM,0606,SCHIEDAM,0104263900,primary,51.91005406,4.3993952
Zuid-Holland,Sint Bernardus,Bosboomlaan,5,3116 JB,SCHIEDAM,0606,SCHIEDAM,0104265810,primary,51.91097572,4.38164661
Zuid-Holland,Avonturijn,Van Hogendorplaan,1027,3135 BK,VLAARDINGEN,0622,VLAARDINGEN,0104708516,primary,51.91526304,4.36017562
Zuid-Holland,’t Palet Holy,Kraanvogellaan,99,3136 JB,VLAARDINGEN,0622,VLAARDINGEN,0104749688,primary,51.93092338,4.35357538
Zuid-Holland,Basisschool De Akker,Schoolstraat,11-A,2161 HB,LISSE,0553,LISSE,0252413099,primary,52.25856065,4.55510746
Zuid-Holland,Petrus Datheenschool,Biezenkreek,15,3079 SK,ROTTERDAM,0599,ROTTERDAM,0104821730,primary,51.88588845,4.52999468
Zuid-Holland,De Rozenhorst,Jan Tooropstraat,1-3-5,3181 HE,ROZENBURG ZH,0599,ROTTERDAM,0181212565,primary,51.90366025,4.24567717
Zuid-Holland,St. Michael,Mahlersingel,9,3055 SJ,ROTTERDAM,0599,ROTTERDAM,0104181017,primary,51.9617567,4.51030654
Zuid-Holland,Stephanus,Asserweg,360,3052 AJ,ROTTERDAM,0599,ROTTERDAM,0104184727,primary,51.95080088,4.46636536
Zuid-Holland,Het Octaaf,Da Capo,4,2925 BH,KRIMPEN AAN DEN IJSSEL,0542,KRIMPEN AAN DEN IJSSEL,0180515573,primary,51.91971806,4.6105335
Zuid-Holland,De Wingerd,Van Beethovenlaan,35,2912 VK,NIEUWERKERK AD IJSSEL,1892,ZUIDPLAS,0180314040,primary,51.9634092,4.60768534
Zuid-Holland,Dr. Schaepmanschool,Marijkesingel,30,2991 BK,BARENDRECHT,0489,BARENDRECHT,0180690279,primary,51.84960244,4.54926102
Zuid-Holland,De Oosthoek,IJsvogellaan,14,2665 ES,BLEISWIJK,1621,LANSINGERLAND,0105212006,primary,52.00613218,4.53886761
Zuid-Holland,De Klimophoeve,Hoefweg,49,2665 CB,BLEISWIJK,1621,LANSINGERLAND,0105299999,primary,52.01396083,4.53260121
Zuid-Holland,Pieter Bas,Dakotaweg,65-67,2905 AB,CAPELLE AAN DEN IJSSEL,0502,CAPELLE AAN DEN IJSSEL,0104500869,primary,51.93869872,4.60002172
Zuid-Holland,De Contrabas,Gong,3,2907 GG,CAPELLE AAN DEN IJSSEL,0502,CAPELLE AAN DEN IJSSEL,0104519408,primary,51.95091238,4.58303364
Zuid-Holland,Jozef,Planciusstraat,34-36,3151 BT,HOEK VAN HOLLAND,0599,ROTTERDAM,0174382763,primary,51.97904098,4.13128978
Zuid-Holland,Don Bosco,Havendam,4,3161 XB,RHOON,0613,ALBRANDSWAARD,0105015426,primary,51.8488125,4.42063892
Zuid-Holland,De Vliedberg,Korne,180,3068 GN,ROTTERDAM,0599,ROTTERDAM,0104214668,primary,51.96107356,4.57037762
Zuid-Holland,De Schakel,Cloese,4,3191 ED,HOOGVLIET ROTTERDAM,0599,ROTTERDAM,0104163965,primary,51.86685368,4.35644008
Zuid-Holland,Mr van Eijck,Ruimersdijk,100,3079 HK,ROTTERDAM,0599,ROTTERDAM,0104833222,primary,51.87800223,4.55084855
Zuid-Holland,Agnes,Persoonsdam,18,3071 EE,ROTTERDAM,0599,ROTTERDAM,0102909912,primary,51.90956772,4.50797798
Zuid-Holland,Meester Baars,Koninginneweg,228,3078 GS,ROTTERDAM,0599,ROTTERDAM,0104831828,primary,51.89394508,4.54954194
Zuid-Holland,De Regenboog,Gronsvelderf,105,3077 SB,ROTTERDAM,0599,ROTTERDAM,0104820463,primary,51.8924778,4.56595697
Zuid-Holland,Theresia,Strevelsweg,155,3073 DZ,ROTTERDAM,0599,ROTTERDAM,0104840680,primary,51.8896889,4.49834149
Zuid-Holland,Sterrenschool De Globetrotter,Afrikaanderplein,5,3072 EA,ROTTERDAM,0599,ROTTERDAM,0104843790,primary,51.90102931,4.50246578
Zuid-Holland,Paus Joannes,Stuart Millpad,82,3076 RK,ROTTERDAM,0599,ROTTERDAM,0104199622,primary,51.87715712,4.51350803
Zuid-Holland,Christophoor,Schere,39-41,3085 DT,ROTTERDAM,0599,ROTTERDAM,0104808838,primary,51.87543272,4.49091214
Zuid-Holland,Elisabeth,Carnissedreef,292,3084 NN,ROTTERDAM,0599,ROTTERDAM,0104817244,primary,51.88519962,4.47717057
Zuid-Holland,De Klinker,Chopinstraat,77,3208 RC,SPIJKENISSE,1930,NISSEWAARD,0181637370,primary,51.83353846,4.31408486
Zuid-Holland,De Pionier,Valenciadreef,6-8,3067 WL,ROTTERDAM,0599,ROTTERDAM,0104550111,primary,51.94593677,4.5596845
Zuid-Holland,Minister Marga Klompé,Robert Kochplaats,346-348,3068 JD,ROTTERDAM,0599,ROTTERDAM,0104206661,primary,51.95851478,4.5396483
Zuid-Holland,De Horizon,Goudkruid,105,3068 SV,ROTTERDAM,0599,ROTTERDAM,0104212886,primary,51.95730878,4.55537275
Zuid-Holland,Albert Schweitzer,Baanweg,20,3042 AB,ROTTERDAM,0599,ROTTERDAM,0104159303,primary,51.93547176,4.42984149
Zuid-Holland,Tarcisius,Johan de Wittlaan,5-9,3051 HE,ROTTERDAM,0599,ROTTERDAM,0104229590,primary,51.94658161,4.48229637
Zuid-Holland,Fatima,Larikslaan,192,3053 LG,ROTTERDAM,0599,ROTTERDAM,0104188005,primary,51.96124936,4.47207309
Zuid-Holland,De Bavokring,Willem Ruyslaan,17,3061 TT,ROTTERDAM,0599,ROTTERDAM,0104116881,primary,51.92629304,4.50923255
Zuid-Holland,Hildegardis,Verbraakstraat,7,3036 MR,ROTTERDAM,0599,ROTTERDAM,0104656840,primary,51.93775173,4.48349951
Zuid-Holland,Imelda,Veurstraat,3-7,3037 BN,ROTTERDAM,0599,ROTTERDAM,0104652632,primary,51.93356343,4.47000553
Zuid-Holland,Dominicus,Noorderhavenkade,45-D,3039 RG,ROTTERDAM,0599,ROTTERDAM,0104432500,primary,51.93468413,4.45945925
Zuid-Holland,Mariaschool Schietbaanlaan,Schietbaanlaan,90,3021 LN,ROTTERDAM,0599,ROTTERDAM,0104258686,primary,51.91550183,4.45813524
Zuid-Holland,Emmaus,Tidemanstraat,59,3022 SE,ROTTERDAM,0599,ROTTERDAM,0104258312,primary,51.91780224,4.44792255
Zuid-Holland,Mariaschool Taandersplein,Taandersplein,3,3027 CN,ROTTERDAM,0599,ROTTERDAM,0102457081,primary,51.9158184,4.43775235
Zuid-Holland,Valentijn,Gijsingstraat,51,3026 RH,ROTTERDAM,0599,ROTTERDAM,0104761184,primary,51.9112728,4.44473548
Zuid-Holland,Nicolaas,Schiedamseweg,227,3026 AN,ROTTERDAM,0599,ROTTERDAM, ,primary,51.91255661,4.43645806
Zuid-Holland,De Provenier,Harddraverstraat,7,3033 XG,ROTTERDAM,0599,ROTTERDAM,0104658308,primary,51.9265074,4.46716545
Zuid-Holland,Oscar Romero,Isaac Hubertstraat,151,3034 CS,ROTTERDAM,0599,ROTTERDAM,0104127318,primary,51.93144808,4.48950141
Zuid-Holland,Augustinus,Josephstraat,12-14,3014 TP,ROTTERDAM,0599,ROTTERDAM,0104364378,primary,51.91945507,4.46749263
Zuid-Holland,Willibrord,Nieuwstraat,15,3011 GM,ROTTERDAM,0599,ROTTERDAM,0102409541,primary,51.91956471,4.48541253
Zuid-Holland,De Wegwijzer,Vlinderveen,219,3205 EB,SPIJKENISSE,1930,NISSEWAARD,0181640203,primary,51.83387133,4.34232661
Zuid-Holland,Paus Johannes,Galileilaan,9,3204 AK,SPIJKENISSE,1930,NISSEWAARD,0181616152,primary,51.8395268,4.32346491
Zuid-Holland,Mgr Bekkers,Eikenlaan,88-B,3203 BM,SPIJKENISSE,1930,NISSEWAARD,0181614445,primary,51.84182341,4.33819675
Zuid-Holland,De Akkers,Noordakker,2,3206 TC,SPIJKENISSE,1930,NISSEWAARD,0181633918,primary,51.83229054,4.32114908
Zuid-Holland,De Maasoever,Emmy Belinfantestraat,1,3207 HA,SPIJKENISSE,1930,NISSEWAARD,0181635180,primary,51.83528888,4.36645113
Zuid-Holland,De Kleine Prins,Clara Egginkstraat,4,3066 JG,ROTTERDAM,0599,ROTTERDAM,0104202099,primary,51.9350869,4.54471721
Zuid-Holland,De Trinoom,Olmenwede,1,2993 GG,BARENDRECHT,0489,BARENDRECHT,0180623770,primary,51.85420952,4.50372866
Zuid-Holland,Het Tangram,Marcel Duchampplein,801,3059 RD,ROTTERDAM,0599,ROTTERDAM,0107076500,primary,51.97664716,4.58759435
Zuid-Holland,Montessorischool Capelle,Reigerlaan,64,2903 LL,CAPELLE AAN DEN IJSSEL,0502,CAPELLE AAN DEN IJSSEL,0102847484,primary,51.92799746,4.58852738
Zuid-Holland,De Grote Reis,Binnengracht,2,3162 WD,RHOON,0613,ALBRANDSWAARD,0102033690,primary,51.85699485,4.46940941
Zuid-Holland,Park16Hoven,Tinbergenlaan,52,3045 BJ,ROTTERDAM,0599,ROTTERDAM,0103032550,primary,51.94818613,4.45378255
Zuid-Holland,Globetrotter Katendrecht,Maashavenkade,225,3072 ES,ROTTERDAM,0599,ROTTERDAM,0104842437,primary,51.89790383,4.4774046
Zuid-Holland,Jacobus Koelmanschool,Vijverlaan,513,2925 VH,KRIMPEN AAN DEN IJSSEL,0542,KRIMPEN AAN DEN IJSSEL,0180520560,primary,51.92000629,4.62143965
Zuid-Holland,Johannes Calvynschool,Buys Ballotsingel,45,2922 HG,KRIMPEN AAN DEN IJSSEL,0542,KRIMPEN AAN DEN IJSSEL,0180515078,primary,51.91344107,4.59292199
Zuid-Holland,Admiraal De Ruyterschool,Kerkdreef,1-A,2922 BG,KRIMPEN AAN DEN IJSSEL,0542,KRIMPEN AAN DEN IJSSEL,0180513141,primary,51.91967317,4.58939927
Zuid-Holland,Prins Mauritsschool,Nassaulaan,54-56,2628 GJ,DELFT,0503,DELFT,0152568251,primary,52.00714439,4.37814152
Zuid-Holland,Samenwerkingsschool MeerWaarde,Prinses Margrietstraat,2,2396 XD,KOUDEKERK AAN DEN RIJN,0484,ALPHEN AAN DEN RIJN,0713412836,primary,52.13363061,4.59985233
Zuid-Holland,Openbare Basisschool De Springplank,Sportparklaan,5,2391 AX,HAZERSWOUDE-DORP,0484,ALPHEN AAN DEN RIJN,0172589890,primary,52.09948707,4.59576872
Zuid-Holland,O.B.S. Groeiwijs,Joseph Haydnlaan,1,2394 GJ,HAZERSWOUDE-RIJNDIJK,0484,ALPHEN AAN DEN RIJN,0713412742,primary,52.12895856,4.59289526
Zuid-Holland,Rooms Katholieke Basisschool Spinnewiel,Klepperman,9-11,2401 GH,ALPHEN AAN DEN RIJN,0484,ALPHEN AAN DEN RIJN,0172421552,primary,52.15517122,4.6552998
Zuid-Holland,Katholieke Basisschool Het Spectrum,Honingzwam,6,2403 HN,ALPHEN AAN DEN RIJN,0484,ALPHEN AAN DEN RIJN,0172422790,primary,52.14879731,4.68343173
Zuid-Holland,Samenwerkingsschool Vivace,Liszthof,92,2402 GS,ALPHEN AAN DEN RIJN,0484,ALPHEN AAN DEN RIJN,0172420794,primary,52.14644088,4.66962659
Zuid-Holland,Rooms Katholieke Basisschool Sint Bonifacius Roncalli,Paradijslaan,11,2405 CC,ALPHEN AAN DEN RIJN,0484,ALPHEN AAN DEN RIJN,0172474389,primary,52.12833186,4.65938323
Zuid-Holland,Het Palet,Javastraat,5,2405 CS,ALPHEN AAN DEN RIJN,0484,ALPHEN AAN DEN RIJN,0172472380,primary,52.13272195,4.65949443
Zuid-Holland,De Hobbitburcht - Spectrum,Batenstein,18,2403 PH,ALPHEN AAN DEN RIJN,0484,ALPHEN AAN DEN RIJN,0172437748,primary,52.15131961,4.6783698
Zuid-Holland,De Hobbitburcht,Havixhorst,252,2402 MZ,ALPHEN AAN DEN RIJN,0484,ALPHEN AAN DEN RIJN,0172442868,primary,52.15263182,4.66607461
Zuid-Holland,Bentwijzer,Ploegerf,5,2731 HJ,BENTHUIZEN,0484,ALPHEN AAN DEN RIJN,0793318422,primary,52.07608937,4.55353792
Zuid-Holland,Basisschool De Zilveren Maan,Ladderhaak,1,2421 NK,NIEUWKOOP,0569,NIEUWKOOP,0172520065,primary,52.15556981,4.77653332
Zuid-Holland,Basisschool de Meridiaan,De Oude Wereld,54,2408 JV,ALPHEN AAN DEN RIJN,0484,ALPHEN AAN DEN RIJN,0172425445,primary,52.12015506,4.6496818
Zuid-Holland,De Wereldwijzer,De Oude Wereld,59,2408 NV,ALPHEN AAN DEN RIJN,0484,ALPHEN AAN DEN RIJN,0172424404,primary,52.12062927,4.65057384
Zuid-Holland,Het Vianova,Vroonhoevelaan,8,2408 ST,ALPHEN AAN DEN RIJN,0484,ALPHEN AAN DEN RIJN,0172499423,primary,52.11840866,4.64398158
Zuid-Holland,Reformatorische Basisschool,Kreupeleweg,4,3286 BC,KLAASWAAL,1963,HOEKSCHE WAARD,0186573594,primary,51.77517061,4.44229593
Zuid-Holland,RBS De Fontein,Wilgenlaan,15,3297 BW,PUTTERSHOEK,1963,HOEKSCHE WAARD,0786767373,primary,51.80425535,4.56655552
Zuid-Holland,Reformatorische Basisschool Eben Haezer,Laningpad,3,3262 JS,OUD-BEIJERLAND,1963,HOEKSCHE WAARD,0186615923,primary,51.82021543,4.41440921
Zuid-Holland,School Met De Bijbel,Koningin Julianastraat,25,3267 AK,GOUDSWAARD,1963,HOEKSCHE WAARD,0186692526,primary,51.79471539,4.27500105
Zuid-Holland,School Met De Bijbel,Nieuwe Veer,90,2959 AM,STREEFKERK,1978,MOLENLANDEN,0184681120,primary,51.90381088,4.75059207
Zuid-Holland,De Horizon,Singel,441,3311 HH,DORDRECHT,0505,DORDRECHT,0788905550,primary,51.81022014,4.66078631
Zuid-Holland,IKC De Bavinck,Singel,140,3311 PE,DORDRECHT,0505,DORDRECHT,0788905500,primary,51.80968236,4.67416065
Zuid-Holland,Pr Julianasch,Prinses Julianaweg,2,3314 KT,DORDRECHT,0505,DORDRECHT,0788905575,primary,51.8007418,4.67047746
Zuid-Holland,De Repelaer,Standhasenstraat,47,3312 LN,DORDRECHT,0505,DORDRECHT,0788905650,primary,51.80398738,4.68590164
Zuid-Holland,De Fontein,Matthijs Marisstraat,33,3314 TN,DORDRECHT,0505,DORDRECHT,0788905600,primary,51.79794814,4.6605331
Zuid-Holland,De Regenboog,Noordendijk,250,3311 RR,DORDRECHT,0505,DORDRECHT,0788905625,primary,51.81447451,4.68256247
Zuid-Holland,Prins Bernhardschool,Brouwersdijk,111,3314 GJ,DORDRECHT,0505,DORDRECHT,0788905525,primary,51.80314383,4.65763587
Zuid-Holland,Sterrekijker,Boogschutter,71,3328 KC,DORDRECHT,0505,DORDRECHT,0788905800,primary,51.78017782,4.66890879
Zuid-Holland,CBS Het Kristal,Heimerstein,35-36,3328 ME,DORDRECHT,0505,DORDRECHT,0788905675,primary,51.77372791,4.67017496
Zuid-Holland,Evangelische basisschool Eden,Willem de Zwijgerlaan,2,3314 NX,DORDRECHT,0505,DORDRECHT,0788905590,primary,51.79831376,4.6720356
Zuid-Holland,Shri Vishnu School,Abraham van Beyerenstr,56,2525 TH,'S-GRAVENHAGE,0518,S GRAVENHAGE,0703656900,primary,52.06359611,4.30476394
Zuid-Holland,Shri Saraswatie School,Schiedamseweg,282,3025 AS,ROTTERDAM,0599,ROTTERDAM,0104779494,primary,51.91200451,4.43619303
Zuid-Holland,Al-Ghazali,Van Lennepstraat,17,3027 SP,ROTTERDAM,0599,ROTTERDAM,0104152167,primary,51.91802561,4.43153527
Zuid-Holland,Ibn i-Sina,Zegenstraat,120,3082 XZ,ROTTERDAM,0599,ROTTERDAM,0104282590,primary,51.88725992,4.46711594
Zuid-Holland,Ikra,Spirea,3,3317 JP,DORDRECHT,0505,DORDRECHT,0786390151,primary,51.79206596,4.67076598
Zuid-Holland,Noen,Paradijsplein,1,3034 SL,ROTTERDAM,0599,ROTTERDAM,0102409046,primary,51.93575881,4.49446469
Zuid-Holland,Risala,Hollandsestraat,74,3074 TM,ROTTERDAM,0599,ROTTERDAM,0104848750,primary,51.89268339,4.5125909
Zuid-Holland,Isra,Wilgenlei,149,3053 CG,ROTTERDAM,0599,ROTTERDAM,0107660080,primary,51.95742073,4.46933009
Zuid-Holland,Hiraa,Kromhoutstraat,1-7,3067 AE,ROTTERDAM,0599,ROTTERDAM,0107660042,primary,51.94255025,4.55444416
Zuid-Holland,Hilal,Hans Lipperheystraat,1,3331 EM,ZWIJNDRECHT,0642,ZWIJNDRECHT, ,primary,51.81595032,4.6374694
Zuid-Holland,Al-Hikma,Palmentuin,10,3078 KJ,ROTTERDAM,0599,ROTTERDAM, ,primary,51.88957376,4.55097624
Zuid-Holland,Eerste Westlandse Montessorischool,Madeweg,34-A,2681 PM,MONSTER,1783,WESTLAND,0174280821,primary,52.03075159,4.18487534
Zuid-Holland,Gisbertus Voetiusschool,Louise de Colignylaan,1,2224 VT,KATWIJK ZH,0537,KATWIJK,0714016729,primary,52.19715341,4.4173547
Zuid-Holland,Kievietschool voor Basisonderwijs,Buurtweg,16,2244 AD,WASSENAAR,0629,WASSENAAR,0705179252,primary,52.121762,4.36097928
Zuid-Holland,Ds Joannes Beukelmanschool,Rembrandtlaan,100,2951 PL,ALBLASSERDAM,0482,ALBLASSERDAM,0786914778,primary,51.87035234,4.66861893
Zuid-Holland,Ds Petrus van de Veldenschool,Mattenbies,2,2957 RJ,NIEUW-LEKKERLAND,1978,MOLENLANDEN,0184684991,primary,51.88658967,4.6799563
Zuid-Holland,El Furkan Basisschool,Eduard van Beinumlaan,61,3122 TK,SCHIEDAM,0606,SCHIEDAM,0104716562,primary,51.93037222,4.3714887
Zuid-Holland,IBS Ababil,Dr Kuyperlaan,12,3118 RR,SCHIEDAM,0606,SCHIEDAM,0104716562,primary,51.91862809,4.38702202
Zuid-Holland,De Nieuwe Maan,J.J. Slauerhofflaan,273,2624 JZ,DELFT,0503,DELFT,0153011064,primary,51.98950845,4.3536001
Zuid-Holland,De Reiziger,Dr. Jan Schoutenlaan,3,3145 SX,MAASSLUIS,0556,MAASSLUIS, ,primary,51.93754242,4.23082405
Zuid-Holland,De Kubus,Galileistraat,86,3112 PJ,SCHIEDAM,0606,SCHIEDAM,0103230007,primary,51.91554193,4.40798863
Zuid-Holland,De Walvis,Philips de Goedestraat,162,3132 XT,VLAARDINGEN,0622,VLAARDINGEN, ,primary,51.91522654,4.32057383
Zuid-Holland,Islamitische Basisschool An Noer,Polluxstraat,2,2402 BT,ALPHEN AAN DEN RIJN,0484,ALPHEN AAN DEN RIJN,0172439937,primary,52.14182156,4.67321548
Zuid-Holland,Islamitische Basisschool Al Qalam,Calslaan,99,2804 RT,GOUDA,0513,GOUDA,0172439937,primary,52.02720515,4.71214233
Zuid-Holland,Delftse Montessorischool voor Basisonderwijs,Jacoba van Beierenlaan,166,2613 JK,DELFT,0503,DELFT,0152124800,primary,52.00171702,4.34896658
Zuid-Holland,Duinoord-Basisschool Protestants Christelijk Onderwijs,Prins Mauritslaan,8,2582 LR,'S-GRAVENHAGE,0518,S GRAVENHAGE,0703544323,primary,52.09376316,4.27962288
Zuid-Holland,Christelijke Basisschool Rehoboth,Windvaan,8,2751 ES,MOERKAPELLE,1892,ZUIDPLAS,0795931284,primary,52.04647676,4.58671811
Zuid-Holland,Basisschool Joris De Witte,Jan Wolkerslaan,16,2343 BK,OEGSTGEEST,0579,OEGSTGEEST,0715175410,primary,52.19441149,4.47770834
Zuid-Holland,Basisschool De Wegwijzer School met de Bijbel,Planetenlaan,32,2957 SN,NIEUW-LEKKERLAND,1978,MOLENLANDEN,0184682765,primary,51.88506519,4.67060858
Zuid-Holland,School met de Bijbel,Korenbloemplaats,4,2971 BH,BLESKENSGRAAF CA,1978,MOLENLANDEN,0184691595,primary,51.87381792,4.78466167
Zuid-Holland,De Zaaier,Dorpsstraat,32-A,3366 BD,WIJNGAARDEN,1978,MOLENLANDEN,0184410139,primary,51.84505229,4.76192832
Zuid-Holland,School Met De Bijbel De Schakel,Jacob van Oudenhovenstr,1,2957 KE,NIEUW-LEKKERLAND,1978,MOLENLANDEN,0184682864,primary,51.88845668,4.68578894
Zuid-Holland,Christelijke Basisschool de Fakkel,Noordzijde,47,2977 XA,GOUDRIAAN,1978,MOLENLANDEN,0183581210,primary,51.90407562,4.89983206
Zuid-Holland,Basisschool Eben Haezer,B,115,2975 BK,OTTOLAND,1978,MOLENLANDEN,0184642202,primary,51.8860498,4.84911791
Zuid-Holland,Graaf Jan van Nassauschool,Steijnpad,1,2805 JE,GOUDA,0513,GOUDA,0182512691,primary,52.01760444,4.72238715
Zuid-Holland,Koningin Beatrixschool,Saenredamstraat,4,2525 TN,'S-GRAVENHAGE,0518,S GRAVENHAGE,0703808494,primary,52.06436937,4.3054492
Zuid-Holland,Tamarschool,Fluitenbergstraat,6,2545 NL,'S-GRAVENHAGE,0518,S GRAVENHAGE,0703099066,primary,52.05057408,4.27913622
Zuid-Holland,Johannes Calvijn-School,Dreef,200,2803 HE,GOUDA,0513,GOUDA,0182513555,primary,52.0194363,4.69920561
Zuid-Holland,Protestants Christelijke Basisschool Livingstone,Livingstonelaan,60,2803 EL,GOUDA,0513,GOUDA,0182510112,primary,52.02616873,4.70254149
Zuid-Holland,Prinses Julianaschool,Burg Martenssingel,38,2806 CV,GOUDA,0513,GOUDA,0182514581,primary,52.01223542,4.72119649
Zuid-Holland,Haanstra Basisschool,Rapenburg,129-131,2311 GM,LEIDEN,0546,LEIDEN,0715133631,primary,52.15551445,4.48848102
Zuid-Holland,Hofdyckschool,Hazenboslaan,1,2341 SE,OEGSTGEEST,0579,OEGSTGEEST,0715237614,primary,52.18348796,4.47654782
Zuid-Holland,School met de Bijbel,Marktveld,11,3264 AL,NIEUW-BEIJERLAND,1963,HOEKSCHE WAARD,0186691842,primary,51.81309672,4.33759356
Zuid-Holland,CBS De Klimop,Mr. Treubstraat,3,2982 VN,RIDDERKERK,0597,RIDDERKERK,0180414543,primary,51.871284,4.59146431
Zuid-Holland,Christelijke Basisschool De Wingerd,P.C. Hooftstraat,2,2985 BK,RIDDERKERK,0597,RIDDERKERK,0180422576,primary,51.86760081,4.60510802
Zuid-Holland,CBS de Regenboog,Reijerweg,60,2983 AT,RIDDERKERK,0597,RIDDERKERK,0180486111,primary,51.88529151,4.60532074
Zuid-Holland,Christelijke Basisschool de Bongerd,Patrijs,28-29,2986 CA,RIDDERKERK,0597,RIDDERKERK,0180425857,primary,51.86476309,4.61372073
Zuid-Holland,De Fontein School voor Christelijk Basisonderwijs,Scheldeplein,4,2987 EL,RIDDERKERK,0597,RIDDERKERK,0180411989,primary,51.89122575,4.57901026
Zuid-Holland,Basisschool De Hoeksteen,Kruidentuin,6-A,2991 RK,BARENDRECHT,0489,BARENDRECHT,0180613938,primary,51.85276126,4.54712352
Zuid-Holland,Potestants Christelijke Basisschool Het Kompas,Hoefslag,20,2992 VH,BARENDRECHT,0489,BARENDRECHT,0180615225,primary,51.85693946,4.52935859
Zuid-Holland,Basisschool Gr van Prinsterer,Stellingmolen,10,2992 DN,BARENDRECHT,0489,BARENDRECHT,0180612557,primary,51.85025544,4.5298812
Zuid-Holland,Protestants Christelijke Basisschool De Ark,Klipper,108-109,2991 KM,BARENDRECHT,0489,BARENDRECHT,0180616998,primary,51.84716348,4.5463454
Zuid-Holland,Protestants Christelijke Basisschool Smitshoek,Riederhof,37,2993 XJ,BARENDRECHT,0489,BARENDRECHT,0180627878,primary,51.85449623,4.4911687
Zuid-Holland,CBS De Vrijenburg,Vrijenburglaan,61,2994 CD,BARENDRECHT,0489,BARENDRECHT,0180531794,primary,51.85893008,4.50627791
Zuid-Holland,Groen van Prinsterer,Schoolstraat,20,2969 BG,OUD-ALBLAS,1978,MOLENLANDEN,0184699999,primary,51.85787048,4.70384133
Zuid-Holland,Willem de Zwijgerschool,IJdenhove,238,3341 RL,HENDRIK-IDO-AMBACHT,0531,HENDRIK-IDO-AMBACHT,0786816529,primary,51.84325333,4.65040891
Zuid-Holland,Stadhouder Willem de Derde School,Sandelingenstraat,17,3342 BL,HENDRIK-IDO-AMBACHT,0531,HENDRIK-IDO-AMBACHT,0786816399,primary,51.84853346,4.63037033
Zuid-Holland,Vereniging Nutsschool Wassenaar,Zijllaan,39,2242 CA,WASSENAAR,0629,WASSENAAR,0705114461,primary,52.1422118,4.40223122
Zuid-Holland,Islamitische Basisschool Er Riseleh,Stadhouderslaan,1-B,2313 AB,LEIDEN,0546,LEIDEN,0715128850,primary,52.15038444,4.48808479
Zuid-Holland,Basisschool de Wissel voor Interconfessioneel Basisonderwijs,Spoorweghaven,174,3071 ZG,ROTTERDAM,0599,ROTTERDAM,0104841493,primary,51.90463419,4.50461022
Zuid-Holland,Islamitische Basisschool Yunus Emre,Mandelaplein,2,2572 HT,'S-GRAVENHAGE,0518,S GRAVENHAGE,0703895376,primary,52.064176,4.29578158
Zuid-Holland,Islamitische Basisschool Yunus Emre,Beresteinlaan,629,2542 JR,'S-GRAVENHAGE,0518,S GRAVENHAGE,0707830001,primary,52.03632753,4.26183851
Zuid-Holland,Yunus Emre,Van Damstraat,7,2512 PG,'S-GRAVENHAGE,0518,S GRAVENHAGE,0703050441,primary,52.07113895,4.29396342
Zuid-Holland,Yunus Emre,Carry van Bruggenhove,2,2717 XV,ZOETERMEER,0637,ZOETERMEER,0797810011,primary,52.06432471,4.47870096
Zuid-Holland,Islamitische Basisschool,De Savornin Lohmanstraat,1,2672 BB,NAALDWIJK,1783,WESTLAND, ,primary,51.99637117,4.21689304
Zuid-Holland,Christelijke Basisschool De Burcht,Broekweg,32,2235 BK,VALKENBURG ZH,0537,KATWIJK,0714074467,primary,52.17920195,4.43037793
Zuid-Holland,Ds G H Kerstenschool,Margriete van Comenestr,2,2982 PH,RIDDERKERK,0597,RIDDERKERK,0180428862,primary,51.87650945,4.59723903
Zuid-Holland,Daltonschool de Vliegers,Kastanjelaan,3,3241 BH,MIDDELHARNIS,1924,GOEREE-OVERFLAKKEE,0187482980,primary,51.7544356,4.16757859
Zuid-Holland,Rooms Katholieke Basisschool De Touwladder,Velddreef,328,2727 CV,ZOETERMEER,0637,ZOETERMEER,0793413033,primary,52.06992742,4.51448891
Zuid-Holland,Rooms Katholieke Basisschool de Spelevaert,Irisvaart,2-4,2724 TT,ZOETERMEER,0637,ZOETERMEER,0793318004,primary,52.06645754,4.50637817
Zuid-Holland,Rooms Katholieke Basisschool de Elzenhoek,Broekwegzijde,192-194,2725 PE,ZOETERMEER,0637,ZOETERMEER,0793316321,primary,52.06900831,4.49287312
Zuid-Holland,IKC De Buytenkans,Busken Huethove,6,2717 XK,ZOETERMEER,0637,ZOETERMEER,0793290190,primary,52.06334578,4.47925133
Zuid-Holland,Koningin Wilhelminaschool,Willem-Alexanderplnts,1,2713 VM,ZOETERMEER,0637,ZOETERMEER,0793310988,primary,52.05480897,4.48730709
Zuid-Holland,de Jacobsvlinder,Schoutenhoek,160,2722 EK,ZOETERMEER,0637,ZOETERMEER,0793311167,primary,52.05734114,4.49950597
Zuid-Holland,Rooms Katholieke Basisschool De Regenboog,Kerkenbos,12,2715 RP,ZOETERMEER,0637,ZOETERMEER,0793211592,primary,52.05733047,4.47423371
Zuid-Holland,IKC Stella Nova,Willem-Alexanderplnts,2,2713 VM,ZOETERMEER,0637,ZOETERMEER,0793169184,primary,52.05462782,4.48647403
Zuid-Holland,Rooms Katholieke Basisschool Paulus,Dr. J. W. Paltelaan,5,2712 RN,ZOETERMEER,0637,ZOETERMEER,0793164834,primary,52.05301243,4.49172971
Zuid-Holland,Noordeinde,Bijvoetplan,43-45,2728 DC,ZOETERMEER,0637,ZOETERMEER,0793319620,primary,52.07791778,4.51551924
Zuid-Holland,Rooms Katholieke Basisschool De Achtsprong,Rakkersveld,257,2722 BN,ZOETERMEER,0637,ZOETERMEER,0793313129,primary,52.05727851,4.50676582
Zuid-Holland,KC De Entree,Overwater,1,2715 BT,ZOETERMEER,0637,ZOETERMEER,0793213293,primary,52.05430766,4.47329976
Zuid-Holland,Basisschool De Hofvijver,Forelsloot,3,2724 CA,ZOETERMEER,0637,ZOETERMEER,0793315481,primary,52.06277324,4.51254352
Zuid-Holland,Prinses Margrietschool,Antigoneschouw,12,2726 KE,ZOETERMEER,0637,ZOETERMEER,0793315443,primary,52.06638258,4.49166551
Zuid-Holland,Rooms Katholieke Basisschool Het Palet,Marsgeel,14,2718 BZ,ZOETERMEER,0637,ZOETERMEER,0793610082,primary,52.04212784,4.48977173
Zuid-Holland,Protestants Christelijke Basisschool Prins Clausschool,Straspad,1,2719 VG,ZOETERMEER,0637,ZOETERMEER,0793616009,primary,52.03766495,4.47656091
Zuid-Holland,RK Basisschool De Floriant,Florasingel,17,2719 HP,ZOETERMEER,0637,ZOETERMEER,0793615607,primary,52.04086041,4.46569722
Zuid-Holland,Protestants Christelijke Basisschool Prins Florisschool,Hazerswoudestraat,250,2729 CN,ZOETERMEER,0637,ZOETERMEER,0793315022,primary,52.066761,4.53579627
Zuid-Holland,Rooms Katholieke Basisschool De Oostwijzer,Sumatra,15,2721 GG,ZOETERMEER,0637,ZOETERMEER,0793460169,primary,52.05748962,4.54124134
Zuid-Holland,Oranjerie,Sumatra,11,2721 GG,ZOETERMEER,0637,ZOETERMEER,0793434277,primary,52.0578396,4.54168748
Zuid-Holland,Al Qoeba,Terwestenstraat,105,2525 GG,'S-GRAVENHAGE,0518,S GRAVENHAGE,0703887915,primary,52.06545589,4.30080512
Zuid-Holland,Gr v Prinsterer-School,Piet Heinlaan,3,2224 SZ,KATWIJK ZH,0537,KATWIJK,0714016917,primary,52.20231335,4.40979628
Zuid-Holland,Basisschool De Farel,Koninginneweg,38,2225 HK,KATWIJK ZH,0537,KATWIJK,0714015117,primary,52.20066792,4.39251229
Zuid-Holland,Christelijke Opleidingsschool,Nolensstraat,1,2221 CE,KATWIJK ZH,0537,KATWIJK,0714013567,primary,52.20806051,4.4102262
Zuid-Holland,Basisschool Marnix,Schimmelpenninckstraat,2,2221 EP,KATWIJK ZH,0537,KATWIJK,0714080215,primary,52.20759308,4.41676174
Zuid-Holland,Het Noorderlicht,Jan Tooropstraat,30-A,2225 XV,KATWIJK ZH,0537,KATWIJK,0714016919,primary,52.20790882,4.39994312
Zuid-Holland,Mr. J.J.L. van der Brugghenschool,Schimmelpenninckstraat,8,2221 EP,KATWIJK ZH,0537,KATWIJK,0714081969,primary,52.2080748,4.41850695
Zuid-Holland,Rehoboth School,Poolster,4,2221 NT,KATWIJK ZH,0537,KATWIJK,0714081019,primary,52.21239183,4.4188228
Zuid-Holland,Christelijke Basisschool de Duinroos,Prinses Irenelaan,49,2224 XA,KATWIJK ZH,0537,KATWIJK,0714078228,primary,52.1953736,4.41136107
Zuid-Holland,W. van Veenschool,Huetingstraat,17,2223 BM,KATWIJK ZH,0537,KATWIJK,0714029106,primary,52.19214136,4.42298225
Zuid-Holland,Sjaloomschool,Stadhoudersdreef,65,2224 BP,KATWIJK ZH,0537,KATWIJK,0714015768,primary,52.19918925,4.41899261
Zuid-Holland,Christelijke Basisschool Oranje Nassau,Buitendorpstraat,1,2471 AW,ZWAMMERDAM,0484,ALPHEN AAN DEN RIJN,0172613803,primary,52.10625977,4.7252519
Zuid-Holland,PC Basissch Rehoboth,Rozenlaan,39,2771 DB,BOSKOOP,0484,ALPHEN AAN DEN RIJN,0172217338,primary,52.07636908,4.66727661
Zuid-Holland,Immanuelschool,Boomgaard,2,2771 PC,BOSKOOP,0484,ALPHEN AAN DEN RIJN,0172214143,primary,52.07286567,4.6543108
Zuid-Holland,Basisschool de Rank,Lauraplein,1,2406 BB,ALPHEN AAN DEN RIJN,0484,ALPHEN AAN DEN RIJN,0172474130,primary,52.12835288,4.66777708
Zuid-Holland,Protestants Christelijke Basisschool Groen van Prinsterer,Jan Nieuwenhuijzenstraat,26,2405 VG,ALPHEN AAN DEN RIJN,0484,ALPHEN AAN DEN RIJN,0172474131,primary,52.13739273,4.65928242
Zuid-Holland,Protestants Christelijke Basisschool Samen Op Weg,Jan Pieterszoon Coenlaan,1-B,2404 AL,ALPHEN AAN DEN RIJN,0484,ALPHEN AAN DEN RIJN,0172474132,primary,52.13519572,4.65296485
Zuid-Holland,Protestants Christelijke Basisschool De Windroos,Zaalbergstraat,1,2405 XA,ALPHEN AAN DEN RIJN,0484,ALPHEN AAN DEN RIJN,0172493269,primary,52.12420523,4.66188679
Zuid-Holland,Protestants Christelijke Basisschool JP Sweelinck,Groenoord,247,2401 AR,ALPHEN AAN DEN RIJN,0484,ALPHEN AAN DEN RIJN,0172421995,primary,52.14385953,4.65554222
Zuid-Holland,Protestants Christelijke Basisschool De Stromen,Lupinesingel,11,2403 CM,ALPHEN AAN DEN RIJN,0484,ALPHEN AAN DEN RIJN,0172421846,primary,52.14551745,4.67933452
Zuid-Holland,Protestants Christelijke Basisschool De Mare,Schelfhorst,2,2402 LG,ALPHEN AAN DEN RIJN,0484,ALPHEN AAN DEN RIJN,0172435736,primary,52.14898895,4.66874613
Zuid-Holland,Protestants Christelijke Basisschool Het Baken,Klepperman,1,2401 GH,ALPHEN AAN DEN RIJN,0484,ALPHEN AAN DEN RIJN,0172436468,primary,52.15456032,4.65511705
Zuid-Holland,Protestants Christelijke Basisschool de Fontein,De Oude Wereld,52,2408 JV,ALPHEN AAN DEN RIJN,0484,ALPHEN AAN DEN RIJN,0172424825,primary,52.12078032,4.6497523
Zuid-Holland,Het Mozaïek,Vroonhoevelaan,10-12,2408 ST,ALPHEN AAN DEN RIJN,0484,ALPHEN AAN DEN RIJN,0172497704,primary,52.11872757,4.64313785
Zuid-Holland,Oranje Nassau-School,Bilwijkerweg,6-A,2821 SB,STOLWIJK,1931,KRIMPENERWAARD,0182341448,primary,51.97642457,4.77043941
Zuid-Holland,Het Kompas,Kuyperbrink,10,2253 VX,VOORSCHOTEN,0626,VOORSCHOTEN,0715763579,primary,52.14236045,4.45920228
Zuid-Holland,Dominee Fortgensschool,Van Beethovenlaan,10-A,2253 BE,VOORSCHOTEN,0626,VOORSCHOTEN,0715612995,primary,52.13230229,4.45215487
Zuid-Holland,Gevers Deynootschool,Burg Van der Haarplein,7,2251 CT,VOORSCHOTEN,0626,VOORSCHOTEN,0715612497,primary,52.1220972,4.44558767
Zuid-Holland,Algemene Hindoeschool,Mackaystraat,6,2571 AR,'S-GRAVENHAGE,0518,S GRAVENHAGE,0703841924,primary,52.07356151,4.2909297
Zuid-Holland,Basisschool de Vink,Kuyperbrink,12,2253 VX,VOORSCHOTEN,0626,VOORSCHOTEN,0715763580,primary,52.14245501,4.4600087
Zuid-Holland,School op Algemeen Bijzondere Grondslag,Salamanderveen,352,3205 TG,SPIJKENISSE,1930,NISSEWAARD,0181635634,primary,51.83465087,4.33918078
Zuid-Holland,Rooms Katholieke Basisschool De Krullevaar,Doelenplein,26,2871 CV,SCHOONHOVEN,1931,KRIMPENERWAARD,0182384221,primary,51.94729074,4.85367879
Zuid-Holland,Zevensprong,Snijdelwijklaan,4-C,2771 SX,BOSKOOP,0484,ALPHEN AAN DEN RIJN,0172213886,primary,52.06839411,4.6445993
Zuid-Holland,Samenwerkingsschool De Pelikaan,Grote Haven,2-D,2851 BM,HAASTRECHT,1931,KRIMPENERWAARD,0182501597,primary,51.99966896,4.77782824
Zuid-Holland,IKC Sterrenwijzer,Vincent van Goghstraat,18,2391 VB,HAZERSWOUDE-DORP,0484,ALPHEN AAN DEN RIJN,0172589869,primary,52.0963234,4.5845071
Zuid-Holland,RK Basisschool De Bijenkorf,Aalberseplein,6,2805 EG,GOUDA,0513,GOUDA,0182516675,primary,52.02151913,4.71615685
Zuid-Holland,RK Basisschool De Bron,Drielingschouw,1,2811 LP,REEUWIJK,1901,BODEGRAVEN-REEUWIJK,0182393234,primary,52.05421602,4.69240486
Zuid-Holland,Basisschool De Hortus,Populierenhof,2,2771 DG,BOSKOOP,0484,ALPHEN AAN DEN RIJN,0172215912,primary,52.07528609,4.6650914
Zuid-Holland,Basisschool De Regenboog,Willem de Zwijgerlaan,55,2741 DB,WADDINXVEEN,0627,WADDINXVEEN,0182613707,primary,52.05113742,4.65132525
Zuid-Holland,Rooms Katholieke Basisschool De Goudakker,Reigerstraat,37,2802 EM,GOUDA,0513,GOUDA,0182515657,primary,52.00781931,4.6962403
Zuid-Holland,Rooms Katholieke Basisschool Speel en Werkhoeve,Leeuwerik,1,2411 KR,BODEGRAVEN,1901,BODEGRAVEN-REEUWIJK,0172611608,primary,52.07726814,4.75004658
Zuid-Holland,KC de KAS,Zuidplashof,1,2743 CR,WADDINXVEEN,0627,WADDINXVEEN,0182619856,primary,52.03665631,4.63754284
Zuid-Holland,Integraal Kind Centrum Schatrijk,Eendrachtsweg,30,2411 VL,BODEGRAVEN,1901,BODEGRAVEN-REEUWIJK,0172613405,primary,52.08644042,4.75249844
Zuid-Holland,Rooms Katholieke Basisschool  Willibrord-Miland,Dronenplein,1-B,2411 HE,BODEGRAVEN,1901,BODEGRAVEN-REEUWIJK,0172614591,primary,52.07915755,4.74531574
Zuid-Holland,RK Basisschool De Triangel,Coniferensingel,22,2803 JH,GOUDA,0513,GOUDA,0182530225,primary,52.0283997,4.69206043
Zuid-Holland,RK Basisschool De Cirkel,Rijnlust,42,2804 LC,GOUDA,0513,GOUDA,0182533560,primary,52.03456848,4.71081609
Zuid-Holland,Rooms Katholieke Basisschool Sint Jozef,Oudersvrucht,3,2841 LN,MOORDRECHT,1892,ZUIDPLAS,0182372600,primary,51.98961714,4.66110073
Zuid-Holland,RK Basisschool 't Carillon,Geerpolderweg,32-34,2807 LS,GOUDA,0513,GOUDA,0182524818,primary,52.0080802,4.75072231
Zuid-Holland,rk basisschool St. Aloysius,Spieringstraat,18,2801 ZM,GOUDA,0513,GOUDA,0182515338,primary,52.00934523,4.71324313
Zuid-Holland,KC Koningskwartier,Ryckevelde,1,2761 KZ,ZEVENHUIZEN ZH,1892,ZUIDPLAS,0180740016,primary,52.00832947,4.59402976
Zuid-Holland,Hildegaertschool,Debussylaan,11,3055 TE,ROTTERDAM,0599,ROTTERDAM,0104180049,primary,51.96035157,4.50600244
Zuid-Holland,Heybergschool Molenwiek,Heijbergstraat,2-4,3055 PP,ROTTERDAM,0599,ROTTERDAM,0104182199,primary,51.95480798,4.51213398
Zuid-Holland,Emmaschool,Hilleniussingel,23,3054 EX,ROTTERDAM,0599,ROTTERDAM,0104189053,primary,51.95681002,4.49287154
Zuid-Holland,IKC Wonderwijs,Kastanjeplein,6,3053 CD,ROTTERDAM,0599,ROTTERDAM,0104189579,primary,51.95742487,4.46682644
Zuid-Holland,Rooms Katholieke Petrusschool voor Basisonderwijs,Johan Brouwerstraat,2,2286 RL,RIJSWIJK ZH,0603,RIJSWIJK,0703930960,primary,52.02972997,4.31016801
Zuid-Holland,Sint Jozef Basisschool,Sportparkweg,6-8,2631 GA,NOOTDORP,1926,PIJNACKER-NOOTDORP,0153109654,primary,52.04864566,4.39372059
Zuid-Holland,Rooms Katholieke Basisschool De Zuidwester,Marterrade,312,2544 ME,'S-GRAVENHAGE,0518,S GRAVENHAGE,0703660484,primary,52.04527508,4.25771166
Zuid-Holland,Rosa-School,Nijkerklaan,7,2573 BA,'S-GRAVENHAGE,0518,S GRAVENHAGE,0703457726,primary,52.06400132,4.28235406
Zuid-Holland,Basisschool Pius X,De Goudwinde,1,2661 KZ,BERGSCHENHOEK,1621,LANSINGERLAND,0105213460,primary,51.99066826,4.49345732
Zuid-Holland,Rooms Katholieke Basisschool De Buutplaats,Hoefkade,677,2525 LE,'S-GRAVENHAGE,0518,S GRAVENHAGE,0703801982,primary,52.06356697,4.30278855
Zuid-Holland,Rooms Katholieke Basisschool Petrus Donders,Ambachtsgaarde,5,2542 ED,'S-GRAVENHAGE,0518,S GRAVENHAGE,0703671214,primary,52.03550595,4.26464389
Zuid-Holland,Basisschool De Piramide,P.C. Boutenslaan,2,2283 GT,RIJSWIJK ZH,0603,RIJSWIJK,0703938929,primary,52.04119198,4.31951707
Zuid-Holland,Mariaschool voor Katholiek Basisonderwijs,Van Vredenburchweg,75,2282 SE,RIJSWIJK ZH,0603,RIJSWIJK,0703954050,primary,52.05203496,4.32938086
Zuid-Holland,Godfried Bomansschool,Wijnandt van Elststraat,1,2282 HH,RIJSWIJK ZH,0603,RIJSWIJK,0703904426,primary,52.04772991,4.33397397
Zuid-Holland,Gabrielschool,Michiel ten Hovestraat,9,2613 VX,DELFT,0503,DELFT,0152134615,primary,52.00751453,4.34500675
Zuid-Holland,Rooms Katholieke Basisschool de Oostpoort,Oosteinde,6,2611 SN,DELFT,0503,DELFT,0152130856,primary,52.01120106,4.36778315
Zuid-Holland,Cornelis Musiusschool,Prins Mauritsstraat,37,2628 SR,DELFT,0503,DELFT,0152568365,primary,52.00761804,4.37394836
Zuid-Holland,Bernadette Mariaschool,Aan 't Verlaat,30,2612 XZ,DELFT,0503,DELFT,0152134617,primary,52.01928972,4.36082949
Zuid-Holland,Monseigneur Bekkersschool,Frederik van Eedenlaan,12,2624 VH,DELFT,0503,DELFT,0152561318,primary,51.99049559,4.36045037
Zuid-Holland,Titus Brandsmaschool,Van Rijslaan,6,2625 KX,DELFT,0503,DELFT,0152563929,primary,51.98959608,4.33552058
Zuid-Holland,Regenboog-School,Kraanvogelstraat,2,2623 MZ,DELFT,0503,DELFT,0152610357,primary,51.98422141,4.36116568
Zuid-Holland,De Bonte Pael,Bikolaan,113,2622 EE,DELFT,0503,DELFT,0152617660,primary,51.98139453,4.34384411
Zuid-Holland,De Wilgenhoek,Pastoor Velthuijsestraat,4,2651 GR,BERKEL EN RODENRIJS,1621,LANSINGERLAND,0105112696,primary,51.9998871,4.48475438
Zuid-Holland,De Kwakel,Chrysantenhof,20,2651 XK,BERKEL EN RODENRIJS,1621,LANSINGERLAND,0105199555,primary,51.98240998,4.46262795
Zuid-Holland,De Poolster,Esdoornlaan,13,2651 RC,BERKEL EN RODENRIJS,1621,LANSINGERLAND,0105115598,primary,52.0022804,4.49093938
Zuid-Holland,Maria Basisschool,Oranje-Nassauplein,27,2635 HX,DEN HOORN ZH,1842,MIDDEN-DELFLAND,0152615430,primary,52.00250992,4.3352858
Zuid-Holland,RK Basisschool Willibrord,Stampioendreef,9,2661 SR,BERGSCHENHOEK,1621,LANSINGERLAND,0105299368,primary,51.99381564,4.5055528
Zuid-Holland,RK Basisschool Christoffel,Madurolaan,25,2496 RH,'S-GRAVENHAGE,0518,S GRAVENHAGE,0651740087,primary,52.04297178,4.36743719
Zuid-Holland,Rooms Katholieke Basisschool Het Baken,Oudelandselaan,139,2652 CJ,BERKEL EN RODENRIJS,1621,LANSINGERLAND,0105190620,primary,51.99573396,4.4730578
Zuid-Holland,R.K. Basisschool De Gouden Griffel,Annie M.G. Schmidtlaan,2,2652 HJ,BERKEL EN RODENRIJS,1621,LANSINGERLAND,0105114731,primary,51.98929955,4.45832389
Zuid-Holland,IKC Het  Avontuur,Zuiderparklaan,45,2662 AD,BERGSCHENHOEK,1621,LANSINGERLAND, ,primary,51.98485194,4.49775869
Zuid-Holland,Basisschool De Lisbloem,Orion,2,2163 AJ,LISSE,0553,LISSE,0252413468,primary,52.26571517,4.56537483
Zuid-Holland,Basisschool De Avonturier,Jacoba van Beierenweg,53-D,2215 KV,VOORHOUT,1525,TEYLINGEN,0252210264,primary,52.22785225,4.49081036
Zuid-Holland,Rooms Katholieke Basisschool De Horizon,Mgr Bekkersstraat,1-B,2223 AP,KATWIJK ZH,0537,KATWIJK,0714029196,primary,52.1963965,4.42151061
Zuid-Holland,De Schapendel,Stakman Bossestraat,73,2203 GH,NOORDWIJK ZH,0575,NOORDWIJK,0713613477,primary,52.24280285,4.45385906
Zuid-Holland,Montessorischool Noordwijk,Jan de Ridderstraat,6,2201 DN,NOORDWIJK ZH,0575,NOORDWIJK,0713610662,primary,52.23154246,4.45877438
Zuid-Holland,Basisschool De Buitenplaats,De Krogt,6,2361 GT,WARMOND,1525,TEYLINGEN,0713010568,primary,52.19890184,4.50341399
Zuid-Holland,Rooms Katholieke Basisschool Andreas,Rembrandtlaan,14,2215 CK,VOORHOUT,1525,TEYLINGEN,0252213178,primary,52.22341331,4.47875232
Zuid-Holland,De Fontein,Willem de Rijkelaan,13,2181 TA,HILLEGOM,0534,HILLEGOM,0252516031,primary,52.29238123,4.58607782
Zuid-Holland,Rooms Katholieke Basisschool De Bronckhorst,Bronckhorststraat,32,2201 KW,NOORDWIJK ZH,0575,NOORDWIJK,0713613441,primary,52.23444297,4.44470897
Zuid-Holland,Rooms Katholieke Basisschool De Giraf,Guido Gezellelaan,3,2182 WB,HILLEGOM,0534,HILLEGOM,0252519097,primary,52.2816038,4.58536963
Zuid-Holland,Basisschool De Klarinet,Handelstraat,34-36,2162 AG,LISSE,0553,LISSE,0252414408,primary,52.25014274,4.56208914
Zuid-Holland,Johannesschool,Mariastraat,30,2181 CT,HILLEGOM,0534,HILLEGOM,0252517938,primary,52.29492384,4.58175198
Zuid-Holland,Kindercampus Joseph,Achterweg,7-7A,2161 GA,LISSE,0553,LISSE,0252414416,primary,52.25728884,4.55106421
Zuid-Holland,IKC Vossepark,Weerlaan,22,2181 HH,HILLEGOM,0534,HILLEGOM,0252518353,primary,52.29446179,4.59149767
Zuid-Holland,Basisschool Sint Willibrordusschool,Oranjelaan,96,2161 KH,LISSE,0553,LISSE,0252414101,primary,52.26149776,4.56507338
Zuid-Holland,Basisschool de Overplaats,Willibrorduslaan,71,2171 VB,SASSENHEIM,1525,TEYLINGEN,0252223080,primary,52.22795552,4.51958293
Zuid-Holland,Kind Centrum Op Zee,Hoogwakersbosstraat,22,2202 SP,NOORDWIJK ZH,0575,NOORDWIJK,0713611314,primary,52.24863686,4.43993603
Zuid-Holland,Rooms Katholieke Basisschool de Springplank,Kagerplein,30,2172 EA,SASSENHEIM,1525,TEYLINGEN,0252223184,primary,52.22195807,4.5309002
Zuid-Holland,Het Sterrenwerk,Knorrenburgerlaan,2,2171 AZ,SASSENHEIM,1525,TEYLINGEN,0252223113,primary,52.22008917,4.51692982
Zuid-Holland,Basisschool Hoffenne,Invaltij,17,2201 WN,NOORDWIJK ZH,0575,NOORDWIJK,0713614091,primary,52.22866058,4.43761503
Zuid-Holland,Rooms Katholieke Basisschool De Egelantier,Hafkenscheidtlaan,2,2191 BP,DE ZILK,0575,NOORDWIJK,0252520787,primary,52.30198708,4.54382022
Zuid-Holland,Rooms Katholieke Basisschool Prinsenhof,Langevelderweg,27-A,2211 AB,NOORDWIJKERHOUT,0575,NOORDWIJK,0252372445,primary,52.26563769,4.49211277
Zuid-Holland,Rooms Katholieke Basisschool St Victor,Pilarenlaan,33,2211 LH,NOORDWIJKERHOUT,0575,NOORDWIJK,0252372699,primary,52.25516218,4.49470465
Zuid-Holland,Rooms Kahtolieke Basisschool De Startbaan,Smirnoffstraat,15,2171 NZ,SASSENHEIM,1525,TEYLINGEN,0252232875,primary,52.22074047,4.50762082
Zuid-Holland,Protestants Christelijke Basisschool De Regenboog,Distelweg,60,2215 DZ,VOORHOUT,1525,TEYLINGEN,0252233307,primary,52.22060223,4.49114005
Zuid-Holland,Rooms Katholieke Basisschool Emmaus,Bonekruidstraat,11,2215 BG,VOORHOUT,1525,TEYLINGEN,0252223313,primary,52.22381431,4.49088154
Zuid-Holland,RKBS De Kiem,Schoolplein,1,2371 EK,ROELOFARENDSVEEN,1884,KAAG EN BRAASSEM,0713314359,primary,52.19471296,4.62607684
Zuid-Holland,Elckerlyc,Rembrandt van Rijnsingel,19,2371 RE,ROELOFARENDSVEEN,1884,KAAG EN BRAASSEM,0713312735,primary,52.20936833,4.64122221
Zuid-Holland,Basisschool De Kinderbrug,Oud Adeselaan,50,2375 XE,RIJPWETERING,1884,KAAG EN BRAASSEM,0715018421,primary,52.19263195,4.57576086
Zuid-Holland,Rooms Katholiek Basisschool de Roelevaer,Lupinestraat,2,2371 NK,ROELOFARENDSVEEN,1884,KAAG EN BRAASSEM,0713313632,primary,52.20740988,4.63007747
Zuid-Holland,Basisschool De Klimboom,Rembrandt van Rijnsingel,17,2371 RE,ROELOFARENDSVEEN,1884,KAAG EN BRAASSEM,0713313039,primary,52.20958846,4.64192081
Zuid-Holland,RKB Sint Antonius,Anemonenstraat,1,2431 XB,NOORDEN,0569,NIEUWKOOP,0172408257,primary,52.16578942,4.82875005
Zuid-Holland,Samenwerkingsschool De Veenvogel,Hazeweg,3,2441 AD,NIEUWVEEN,0569,NIEUWKOOP,0172538854,primary,52.19486694,4.75287151
Zuid-Holland,Daltonschool De Diamant,Vrijenhoek,29,2435 XV,ZEVENHOVEN,0569,NIEUWKOOP,0172538237,primary,52.18136641,4.77798229
Zuid-Holland,Samenwerkingsschool De Wereldweide,Cornelis Kempenaarlaan,2-4,2481 XB,WOUBRUGGE,1884,KAAG EN BRAASSEM,0172518371,primary,52.16992405,4.63251194
Zuid-Holland,KB Aeresteijn,Sportlaan,19-21,2461 NK,TER AAR,0569,NIEUWKOOP,0172602548,primary,52.19743603,4.71029485
Zuid-Holland,IKC De Lei,Larikslaan,2,2451 BV,LEIMUIDEN,1884,KAAG EN BRAASSEM,0172509295,primary,52.22283385,4.66630036
Zuid-Holland,PCB Johannes Post,Sportparklaan,1,2391 AX,HAZERSWOUDE-DORP,0484,ALPHEN AAN DEN RIJN,0172589766,primary,52.09914944,4.59501576
Zuid-Holland,PCB Maranatha,Ladderhaak,7,2421 NK,NIEUWKOOP,0569,NIEUWKOOP,0172520055,primary,52.15556981,4.77653332
Zuid-Holland,IKC Het Woud,Herenweg,165,2465 AH,RIJNSATERWOUDE,1884,KAAG EN BRAASSEM,0172508165,primary,52.19269847,4.67185967
Zuid-Holland,KB De Rietkraag,Ladderhaak,9,2421 NK,NIEUWKOOP,0569,NIEUWKOOP,0172520050,primary,52.15556981,4.77653332
Zuid-Holland,RKB Ter Does,Schoollaan,4,2355 BS,HOOGMADE,1884,KAAG EN BRAASSEM,0715018496,primary,52.16874107,4.58104795
Zuid-Holland,Basisschool De Vaart,Beverlanderhof,28,2461 BT,TER AAR,0569,NIEUWKOOP,0172602939,primary,52.16377246,4.70757452
Zuid-Holland,RKB De Tweeklank,da Costasingel,42,2394 BL,HAZERSWOUDE-RIJNDIJK,0484,ALPHEN AAN DEN RIJN,0713413162,primary,52.12687869,4.58837581
Zuid-Holland,Prinses Margrietschool,Spaanseweg,40,3028 HW,ROTTERDAM,0599,ROTTERDAM,0104371800,primary,51.91669663,4.42859744
Zuid-Holland,Prinses Julianaschool,Snellemanstraat,47,3035 WK,ROTTERDAM,0599,ROTTERDAM,0104661551,primary,51.93307952,4.48370328
Zuid-Holland,KC Talma,Vaandrigstraat,15,3034 PX,ROTTERDAM,0599,ROTTERDAM,0104136676,primary,51.93398885,4.49775897
Zuid-Holland,Nieuwe Park Rozenburgschool,Hoflaan,113,3062 JE,ROTTERDAM,0599,ROTTERDAM,0102430140,primary,51.92067493,4.51442314
Zuid-Holland,IKC De Driemaster,Hoekse Hillweg,115,3151 CB,HOEK VAN HOLLAND,0599,ROTTERDAM,0174383834,primary,51.97815839,4.14236474
Zuid-Holland,De Fontein,Hoyledestraat,25,3036 LP,ROTTERDAM,0599,ROTTERDAM,0104659366,primary,51.93975524,4.48066545
Zuid-Holland,KC Het Oude Westen,Van Speykstraat,109,3014 VG,ROTTERDAM,0599,ROTTERDAM,0104363836,primary,51.91707979,4.46566828
Zuid-Holland,Basisschool voor Christelijk Onderwijs Onze Wereld,Cornelis Danckertsstraat,34,3067 XG,ROTTERDAM,0599,ROTTERDAM,0104205293,primary,51.94316256,4.53935636
Zuid-Holland,CBS De Regenboog,Delftweg,46,3043 CH,ROTTERDAM,0599,ROTTERDAM,0104371016,primary,51.9420433,4.42145951
Zuid-Holland,IKC Nova,Bertrand Russellplaats,7-9,3069 CA,ROTTERDAM,0599,ROTTERDAM,0104205629,primary,51.96326254,4.5496573
Zuid-Holland,IKC Albert Plesmanschool voor Protestants Christelijk Basisonderwijs,Nieuwe Ommoordseweg,99,3068 BS,ROTTERDAM,0599,ROTTERDAM,0104215313,primary,51.95500279,4.53830853
Zuid-Holland,IKC Cornelis Haak,Algiersstraat,6,3067 MZ,ROTTERDAM,0599,ROTTERDAM,0104552883,primary,51.94818705,4.56159974
Zuid-Holland,IKC De Buskes,Ben Websterstraat,3-11,3069 XJ,ROTTERDAM,0599,ROTTERDAM,0104552940,primary,51.96908575,4.57335187
Zuid-Holland,CBS Mozaiek,Jaap Valkhoffplein,5,3023 PV,ROTTERDAM,0599,ROTTERDAM,0102440891,primary,51.91259682,4.44939568
Zuid-Holland,IKC de Ark,Nozemanstraat,16,3023 TN,ROTTERDAM,0599,ROTTERDAM,0104256394,primary,51.91627412,4.4532776
Zuid-Holland,KC De Vlinder,Albregt-Engelmanstraat,34,3025 BH,ROTTERDAM,0599,ROTTERDAM,0104765521,primary,51.90771395,4.44383784
Zuid-Holland,Waalse School,Goudseweg,25,3031 XH,ROTTERDAM,0599,ROTTERDAM,0104130405,primary,51.92701622,4.49019987
Zuid-Holland,IKC De Lis,Bieslandstraat,61,3037 LB,ROTTERDAM,0599,ROTTERDAM,0104669961,primary,51.93857331,4.47266661
Zuid-Holland,Arentschool,Jaffahof,75,3061 KZ,ROTTERDAM,0599,ROTTERDAM,0104520766,primary,51.93125811,4.50190038
Zuid-Holland,Juliana van Stolbergschool,Rodenrijselaan,74,3037 XH,ROTTERDAM,0599,ROTTERDAM,0102439957,primary,51.93515255,4.47469079
Zuid-Holland,Koningin Wilhelminaschool,Koepelstraat,10,3031 VB,ROTTERDAM,0599,ROTTERDAM,0102130296,primary,51.92930501,4.49240421
Zuid-Holland,KC De Stelberg,Clazina Kouwenbergzoom,130,3065 KC,ROTTERDAM,0599,ROTTERDAM,0102020224,primary,51.92772668,4.5561279
Zuid-Holland,IKC Het Spectrum,Robert van 't Hoffstraat,10,3059 PN,ROTTERDAM,0599,ROTTERDAM,0102222842,primary,51.981914,4.58769917
Zuid-Holland,Basisschool Nieuw Vreugd en Rust,Montessoristraat,1,2273 AC,VOORBURG,1916,LEIDSCHENDAM-VOORBURG,0703860561,primary,52.07526107,4.36656548
Zuid-Holland,Montessorischool Leidschenveen,Cicerostrook,1,2493 ZL,'S-GRAVENHAGE,0518,S GRAVENHAGE,0703271123,primary,52.06021273,4.39567242
Zuid-Holland,Protestants Christelijke Basisschool De Wegwijzer,Koningin Wilhelminastr,7,3265 BH,PIERSHIL,1963,HOEKSCHE WAARD,0186692572,primary,51.79505082,4.31685543
Zuid-Holland,Protestants Christelijke Basisschool De Schelp,Wilgenlaan,16,3297 BW,PUTTERSHOEK,1963,HOEKSCHE WAARD,0786761661,primary,51.80419382,4.56535639
Zuid-Holland,Christelijke Basisschool De Vliet,Berkenlaan,16,3286 XC,KLAASWAAL,1963,HOEKSCHE WAARD,0186572419,primary,51.77141695,4.44387413
Zuid-Holland,Protestants Christelijke Basisschool De Molenwiek,Beatrixplein,4,3271 BA,MIJNSHEERENLAND,1963,HOEKSCHE WAARD,0186601598,primary,51.79920016,4.49135204
Zuid-Holland,BasisschoolDe Weerklank,Beatrixlaan,2-A,3273 AB,WESTMAAS,1963,HOEKSCHE WAARD,0186571416,primary,51.78804907,4.46970013
Zuid-Holland,Christelijke Basisschool De Regenboog,Johan Berkstraat,35,3284 XD,ZUID-BEIJERLAND,1963,HOEKSCHE WAARD,0186661343,primary,51.75204907,4.3683306
Zuid-Holland,Christelijke Basisschool De Bouwsteen,Vlasakker,3,3295 SH,'S-GRAVENDEEL,1963,HOEKSCHE WAARD,0786733260,primary,51.77809168,4.61243165
Zuid-Holland,Christelijke Basisschool De Regenboog,Heyne van Althenastraat,4,3274 CD,HEINENOORD,1963,HOEKSCHE WAARD,0186601983,primary,51.82580323,4.48033806
Zuid-Holland,Basisschool De Parel,Leeuwerikstraat,5,3291 XJ,STRIJEN,1963,HOEKSCHE WAARD,0786742496,primary,51.74325032,4.54919533
Zuid-Holland,Christelijke Basisschool De Bron,Roerdompsingel,2,3281 JH,NUMANSDORP,1963,HOEKSCHE WAARD,0186652736,primary,51.73364555,4.44058878
Zuid-Holland,Sabina van Egmond,Sportlaan,1-B,3261 AT,OUD-BEIJERLAND,1963,HOEKSCHE WAARD,0186614018,primary,51.82113403,4.4227878
Zuid-Holland,De Kriekenhof,W. van Vlietstraat,2-B,3262 GM,OUD-BEIJERLAND,1963,HOEKSCHE WAARD,0186613638,primary,51.81981299,4.40822284
Zuid-Holland,Keuchenius,Weegpad,4,3262 CL,OUD-BEIJERLAND,1963,HOEKSCHE WAARD,0186618246,primary,51.82396162,4.40090017
Zuid-Holland,De Hoeksteen,Zilvermeeuw,2,3263 BP,OUD-BEIJERLAND,1963,HOEKSCHE WAARD,0186616418,primary,51.82487849,4.39163815
Zuid-Holland,School Muhring,Vrieseweg,92,3311 NZ,DORDRECHT,0505,DORDRECHT,0786135064,primary,51.81075667,4.67646563
Zuid-Holland,Basisschool Vest,Blekersdijk,94,3311 LG,DORDRECHT,0505,DORDRECHT,0786390120,primary,51.81001622,4.67218753
Zuid-Holland,Basisschool De Morgenster,Grote Haven,2-B,2851 BM,HAASTRECHT,1931,KRIMPENERWAARD,0182501534,primary,51.99979,4.77796822
Zuid-Holland,De Regenboog,Greidweide,1,2811 JK,REEUWIJK,1901,BODEGRAVEN-REEUWIJK,0182394149,primary,52.05087184,4.72704577
Zuid-Holland,Basisschool De Eendragt Christelijk Nationaal Onderwijs,De Lente,1,2761 VL,ZEVENHUIZEN ZH,1892,ZUIDPLAS,0180631819,primary,52.01047063,4.58063372
Zuid-Holland,Basisschool De Wegwijzer,Meidoornlaan,17,3465 TK,DRIEBRUGGEN,1901,BODEGRAVEN-REEUWIJK,0348501254,primary,52.04148305,4.79967627
Zuid-Holland,PCB Meester Lalleman,Middelweg,62,2841 LC,MOORDRECHT,1892,ZUIDPLAS,0182375495,primary,51.98914068,4.66609005
Zuid-Holland,Protestants Christelijke BasisschoolDe Nessevliet,Wollefoppenweg,40,2761 DP,ZEVENHUIZEN ZH,1892,ZUIDPLAS,0104550269,primary,51.97106623,4.55884276
Zuid-Holland,Basisschool Prins Willem-Alexander,Prinses Maximalaan,1,3466 LP,WAARDER,1901,BODEGRAVEN-REEUWIJK,0348501661,primary,52.06097744,4.8214686
Zuid-Holland,Da Costaschool,Laan van Turkenburg,2,2411 VM,BODEGRAVEN,1901,BODEGRAVEN-REEUWIJK,0172611897,primary,52.08716313,4.74818392
Zuid-Holland,Westerschool voor Protestants Christelijk Basisonderwijs,Jacob van Lennepkade,2-4,2802 LH,GOUDA,0513,GOUDA,0182514324,primary,52.00578197,4.69894194
Zuid-Holland,Prinses Beatrixschool,Dronenplein,7,2411 HE,BODEGRAVEN,1901,BODEGRAVEN-REEUWIJK,0172612878,primary,52.07834639,4.74464324
Zuid-Holland,KC Wereldweijde,Cortenhoeve,51,2411 JL,BODEGRAVEN,1901,BODEGRAVEN-REEUWIJK,0172611286,primary,52.07782883,4.75068046
Zuid-Holland,Plaswyckschool voor Protestants Christelijk Basisonderwijs,Weerestein,37-39,2804 GG,GOUDA,0513,GOUDA,0182534118,primary,52.03068186,4.71245745
Zuid-Holland,Koning Willem-Alexander-school,Willem de Zwijgerlaan,53,2741 DB,WADDINXVEEN,0627,WADDINXVEEN,0182743008,primary,52.05094316,4.65180165
Zuid-Holland,Christelijke Basisschool TOV,Parklaan,7,2742 MG,WADDINXVEEN,0627,WADDINXVEEN,0182619862,primary,52.02881941,4.64453252
Zuid-Holland,KC Goejanverwelle,Chopinstraat,10,2807 PS,GOUDA,0513,GOUDA,0182580075,primary,52.01397606,4.74395476
Zuid-Holland,Montessorischool Nieuwerkerk aan den Ijssel,Schoolstraat,4,2912 CR,NIEUWERKERK AD IJSSEL,1892,ZUIDPLAS,0180313900,primary,51.96783853,4.61009682
Zuid-Holland,Montessori Basisschool Houtwijk,Architect Berlagelaan,125,2552 ZE,'S-GRAVENHAGE,0518,S GRAVENHAGE,0703979792,primary,52.05773114,4.25557164
Zuid-Holland,Christelijke Montessorischool De Abeel,Abeelstraat,30,2565 XP,'S-GRAVENHAGE,0518,S GRAVENHAGE,0703607053,primary,52.07767205,4.26862428
Zuid-Holland,Montessori Basisschool,Preludeweg,15,2402 HB,ALPHEN AAN DEN RIJN,0484,ALPHEN AAN DEN RIJN,0172444990,primary,52.1474129,4.66037088
Zuid-Holland,Montessorisch Maassluis,Richard Hollaan,4,3144 BB,MAASSLUIS,0556,MAASSLUIS,0105917410,primary,51.92916129,4.24680485
Zuid-Holland,CBS De Brug,Brandschouwer,2,2415 CC,NIEUWERBRUG AAN DEN RIJN,1901,BODEGRAVEN-REEUWIJK,0348688352,primary,52.07517343,4.81087636
Zuid-Holland,Protestants Christelijk Basisonderwijs De Meent,Korte Meentweg,13,3652 LG,WOERDENSE VERLAAT,0569,NIEUWKOOP,0172408510,primary,52.15484719,4.86166269
Zuid-Holland,De Toermalijn Vrije School voor de Bollenstreek,Abellalaan,74,2182 TZ,HILLEGOM,0534,HILLEGOM,0252524899,primary,52.28443049,4.57870271
Zuid-Holland,Protestants Christelijke Basisschool Willem de Zwijger,Bernhardstraat,1,2351 GG,LEIDERDORP,0547,LEIDERDORP,0715895659,primary,52.14688318,4.52668289
Zuid-Holland,Protestants Christelijke Basisschool Kastanjelaan,Kastanjelaan,6,2351 ND,LEIDERDORP,0547,LEIDERDORP,0715820081,primary,52.15101741,4.52538666
Zuid-Holland,Protestants Christelijke Basisschool 't Bolwerk,Klerkenhof,1,2353 WB,LEIDERDORP,0547,LEIDERDORP,0715893838,primary,52.16850646,4.52499281
Zuid-Holland,Basisschool Elckerlyc,Klimopzoom,41,2353 RE,LEIDERDORP,0547,LEIDERDORP,0715892945,primary,52.16035699,4.54094643
Zuid-Holland,Passe Partout Montessori School,Saturnusgeel,64,2718 CT,ZOETERMEER,0637,ZOETERMEER,0793612793,primary,52.03881193,4.48670738
Zuid-Holland,IKC  Kethel,Vlaardingseweg,23,3121 JM,SCHIEDAM,0606,SCHIEDAM,0104712219,primary,51.93617334,4.37673004
Zuid-Holland,IKC De Regenboog,Zwaluwstraat,15,3145 NG,MAASSLUIS,0556,MAASSLUIS,0105914791,primary,51.93105649,4.23805963
Zuid-Holland,IKC Ichthus,Steenen Dijck,1,3146 BX,MAASSLUIS,0556,MAASSLUIS,0105914605,primary,51.93793928,4.22562934
Zuid-Holland,IKC De Kindertuin,Guido Gezellestraat,30,3141 BH,MAASSLUIS,0556,MAASSLUIS,0105928880,primary,51.92137619,4.26033135
Zuid-Holland,De Groene Hoek,Dennendal,141,3142 LC,MAASSLUIS,0556,MAASSLUIS,0105920075,primary,51.92733748,4.25091374
Zuid-Holland,Het Anker,Kruidenpad,5-6,3137 WD,VLAARDINGEN,0622,VLAARDINGEN,0104744150,primary,51.93536744,4.33727916
Zuid-Holland,IKC De Ark,Lissabonweg,6-8,3137 LR,VLAARDINGEN,0622,VLAARDINGEN,0104741665,primary,51.93536934,4.35059355
Zuid-Holland,IKC Ambacht,Chrysantstraat,7,3135 HG,VLAARDINGEN,0622,VLAARDINGEN,0104352399,primary,51.91634713,4.35009169
Zuid-Holland,IKC Het Spectrum,Boslaan,1,3134 XC,VLAARDINGEN,0622,VLAARDINGEN,0104356608,primary,51.90860722,4.35614737
Zuid-Holland,De Schakel,Van Boisotstraat,20-22,3132 XM,VLAARDINGEN,0622,VLAARDINGEN,0104353396,primary,51.91501089,4.32259373
Zuid-Holland,Dr H Bavinckschool,Da Costastraat,26,3131 GC,VLAARDINGEN,0622,VLAARDINGEN,0104353695,primary,51.91309768,4.33689209
Zuid-Holland,KC Het Visnet,Stationsstraat,117,3131 PS,VLAARDINGEN,0622,VLAARDINGEN,0104356709,primary,51.90408633,4.3426863
Zuid-Holland,IKC Van Kampen,Paterstraat,1,3131 CS,VLAARDINGEN,0622,VLAARDINGEN,0104356696,primary,51.90828602,4.34050746
Zuid-Holland,Prins Willem Alexandersch,Gansfoortstraat,1,3132 EM,VLAARDINGEN,0622,VLAARDINGEN,0104341414,primary,51.9081352,4.31252998
Zuid-Holland,Openbare Basisschool Het Bolwerk,Menneweg,12,2172 HD,SASSENHEIM,1525,TEYLINGEN,0252222615,primary,52.22200004,4.52486401
Zuid-Holland,De Tweemaster,Nassaupark,80,2161 KL,LISSE,0553,LISSE,0252410304,primary,52.26166918,4.56457395
Zuid-Holland,Openbare Basisschool De Dubbelburg,Luit Katlaan,5,2235 SN,VALKENBURG ZH,0537,KATWIJK,0714013963,primary,52.17648668,4.44516171
Zuid-Holland,De Witte School voor Openbaar Onderwijs,Van Panhuysstraat,19,2203 JN,NOORDWIJK ZH,0575,NOORDWIJK,0713615000,primary,52.24174014,4.44453985
Zuid-Holland,Daltonschool Klaverweide,Jan de Ridderstraat,4,2201 DN,NOORDWIJK ZH,0575,NOORDWIJK,0713610089,primary,52.2313828,4.45853315
Zuid-Holland,De Regenboog,Ambachtsweg,1,2211 JN,NOORDWIJKERHOUT,0575,NOORDWIJK,0252374333,primary,52.25648586,4.489017
Zuid-Holland,Daltonschool Hillegom,Prinses Irenelaan,32,2181 CZ,HILLEGOM,0534,HILLEGOM,0252530065,primary,52.29554405,4.58416208
Zuid-Holland,Daltonschool Katwijk,Van Lierestraat,2,2221 SC,KATWIJK ZH,0537,KATWIJK,0714082550,primary,52.20500382,4.42030975
Zuid-Holland,obs Wereldwijs,Alk,82,2201 XP,NOORDWIJK ZH,0575,NOORDWIJK,0713621554,primary,52.23150512,4.43813991
Zuid-Holland,obs De Achtbaan,Distelweg,56,2215 DZ,VOORHOUT,1525,TEYLINGEN,0252217410,primary,52.22095235,4.49068685
Zuid-Holland,obs De Achtbaan - Cluster,Pieter v Slingerlandstr,40,2215 SZ,VOORHOUT,1525,TEYLINGEN,0252223574,primary,52.22783201,4.49138419
Zuid-Holland,Jenaplanschool Gorkum,Traverse,18,4207 GG,GORINCHEM,0512,GORINCHEM,0183690571,primary,51.83334575,4.98384889
Zuid-Holland,Merwedeschool voor Openbaar Basisonderwijs,Hobbemastraat,3,3372 XG,HARDINXVELD-GIESSENDAM,0523,HARDINXVELD-GIESSENDAM,0184613942,primary,51.82376824,4.88728188
Zuid-Holland,Openbare Basisschool de Driemaster,Pietersweer,32,3371 PN,HARDINXVELD-GIESSENDAM,0523,HARDINXVELD-GIESSENDAM,0184614313,primary,51.82673191,4.83728669
Zuid-Holland,BS De Tweemaster,Oude Lombardstraat,21,4201 HR,GORINCHEM,0512,GORINCHEM,0183631703,primary,51.83141893,4.9720729
Zuid-Holland,BS Graaf Reinald,Top Naeffstraat,26,4207 MT,GORINCHEM,0512,GORINCHEM,0183699029,primary,51.83495283,4.99767439
Zuid-Holland,"Meander, locatie JP Waale",Herman de Ruijterstraat,34,4206 ZM,GORINCHEM,0512,GORINCHEM,0183620536,primary,51.83978123,4.978318
Zuid-Holland,IKC Merweplein,Merwe Donk,4,4207 XB,GORINCHEM,0512,GORINCHEM,0183681100,primary,51.82982126,5.00448775
Zuid-Holland,IKC De Gaerde,Moerbeigaarde,58,2723 AG,ZOETERMEER,0637,ZOETERMEER,0793437828,primary,52.0609922,4.51338172
Zuid-Holland,IKC De Kasteeltuyn,Rakkersveld,137,2722 BN,ZOETERMEER,0637,ZOETERMEER,0793311169,primary,52.05725903,4.50626829
Zuid-Holland,Het Zwanenbos,Kerkenbos,24-26,2716 PH,ZOETERMEER,0637,ZOETERMEER,0793517688,primary,52.060468,4.4736229
Zuid-Holland,IKC De Piramide,Fivelingo,86,2716 BG,ZOETERMEER,0637,ZOETERMEER,0793211055,primary,52.05324499,4.46831984
Zuid-Holland,IKC De Watersnip,Cesar Franckrode,70,2717 BG,ZOETERMEER,0637,ZOETERMEER,0793515723,primary,52.06895554,4.47195608
Zuid-Holland,IKC Het Plankier,Wedekindzijde,1,2725 PG,ZOETERMEER,0637,ZOETERMEER,0793460047,primary,52.06900398,4.49360539
Zuid-Holland,IKC De Tjalk,Kadelaan,208,2725 BR,ZOETERMEER,0637,ZOETERMEER,0793460060,primary,52.07622382,4.49732104
Zuid-Holland,IKC De Springplank,Irisvaart,6-8,2724 TT,ZOETERMEER,0637,ZOETERMEER,0793460064,primary,52.06694432,4.50560436
Zuid-Holland,IKC De Baanbreker,Lijnbaan,319,2728 AG,ZOETERMEER,0637,ZOETERMEER,0793421495,primary,52.07521942,4.52237848
Zuid-Holland,IKC De Saffier,Electrablauw,5,2718 JT,ZOETERMEER,0637,ZOETERMEER,0793610311,primary,52.03958632,4.4978888
Zuid-Holland,IKC De Waterlelie,Goudenregenzoom,73,2719 HE,ZOETERMEER,0637,ZOETERMEER,0793615711,primary,52.04069141,4.4663623
Zuid-Holland,IKC De Trinoom,Nieuwlandstraat,241,2729 EB,ZOETERMEER,0637,ZOETERMEER,0793431733,primary,52.06665529,4.53634227
Zuid-Holland,IKC Florence Nightingale,Zanzibarplein,90,2721 GE,ZOETERMEER,0637,ZOETERMEER,0793319754,primary,52.05846576,4.53927492
Zuid-Holland,Basisschool de Tamboerijn,Westerstraat,3,4201 GT,GORINCHEM,0512,GORINCHEM,0183632465,primary,51.82806204,4.97063285
Zuid-Holland,Samen Onderweg,Stalkaarsen,17-A,4205 PG,GORINCHEM,0512,GORINCHEM,0183622856,primary,51.84101262,4.96158171
Zuid-Holland,CBS De Regenboog,Albertine Kehrerstraat,7,4207 MV,GORINCHEM,0512,GORINCHEM,0183620541,primary,51.83555445,4.99560167
Zuid-Holland,Openbare Basisschool De Sterrenboom,Bilwijkerweg,6-B,2821 SB,STOLWIJK,1931,KRIMPENERWAARD,0182341720,primary,51.97730134,4.76997051
Zuid-Holland,Basisschool Flora,Baken,19,2931 RP,KRIMPEN AAN DE LEK,1931,KRIMPENERWAARD,0180521928,primary,51.89892854,4.6344193
Zuid-Holland,Basisschool De Kromme Draai,Den Hoeff,49,2865 XR,AMMERSTOL,1931,KRIMPENERWAARD,0182352607,primary,51.92972743,4.81175191
Zuid-Holland,Koningin Emmaschool,Jan Kortlandstraat,9,2871 DA,SCHOONHOVEN,1931,KRIMPENERWAARD,0182383105,primary,51.94770709,4.85233568
Zuid-Holland,Basisschool Prinses Irene,Klaverstraat,1,2931 TL,KRIMPEN AAN DE LEK,1931,KRIMPENERWAARD,0180516956,primary,51.89412226,4.62351544
Zuid-Holland,De Schakel,Kerkweg,82,2935 AK,OUDERKERK AAN DEN IJSSEL,1931,KRIMPENERWAARD,0180681994,primary,51.93198688,4.63815708
Zuid-Holland,Openbare Basisschool De Vlieger,Voltastraat,2,2871 ZN,SCHOONHOVEN,1931,KRIMPENERWAARD,0182380978,primary,51.95182062,4.83928363
Zuid-Holland,De Kranepoort,J. Huurmanlaan,8,2831 XT,GOUDERAK,1931,KRIMPENERWAARD,0182372855,primary,51.98249192,4.67653154
Zuid-Holland,Openbare Basisschool de Polsstok,Prins Bernhardstraat,40,2825 BE,BERKENWOUDE,1931,KRIMPENERWAARD,0182362540,primary,51.94575249,4.70555895
Zuid-Holland,Basisschool Koningin Wilhelmina,Koninginneweg,7,2941 XH,LEKKERKERK,1931,KRIMPENERWAARD,0180661763,primary,51.89860967,4.68644846
Zuid-Holland,Het Schateiland,Jan Ligthartstraat,96,2941 SE,LEKKERKERK,1931,KRIMPENERWAARD,0180662616,primary,51.89895243,4.6772526
Zuid-Holland,Basisschool Kiezel en Kei,Bloemengaarde,41,2861 VM,BERGAMBACHT,1931,KRIMPENERWAARD,0182351480,primary,51.93349469,4.78680555
Zuid-Holland,Christelijke Basisschool Samen Op Weg,Dirk IV-plein,33,4223 NJ,HOORNAAR,1978,MOLENLANDEN,0183589205,primary,51.87890116,4.94952413
Zuid-Holland,Christelijke Basisschool De Hoeksteen,Johan de Kreijstraat,2,3381 DG,GIESSENBURG,1978,MOLENLANDEN,0184652731,primary,51.85004983,4.88669638
Zuid-Holland,Rehobothschool,Schoolstraat,4,3371 AW,HARDINXVELD-GIESSENDAM,0523,HARDINXVELD-GIESSENDAM,0184612942,primary,51.82922542,4.83233838
Zuid-Holland,SmdB De Regenboog,Steek,2,3372 XX,HARDINXVELD-GIESSENDAM,0523,HARDINXVELD-GIESSENDAM,0184612345,primary,51.82489296,4.88691718
Zuid-Holland,Basisschool De Wegwijzer,Schoolstraat,3-D,4221 LR,HOOGBLOKLAND,1978,MOLENLANDEN,0183562057,primary,51.87440784,4.97542909
Zuid-Holland,Ichthusschool,Pauwtjesmolen,55-A,3371 RL,HARDINXVELD-GIESSENDAM,0523,HARDINXVELD-GIESSENDAM,0184613929,primary,51.82870756,4.84074423
Zuid-Holland,Basisschool 't Prisma,Daniel Catterwijckstraat,6,2282 HM,RIJSWIJK ZH,0603,RIJSWIJK,0703907149,primary,52.04814252,4.33517529
Zuid-Holland,Basisschool Steenvoorde,Dr Poelslaan,4,2285 VD,RIJSWIJK ZH,0603,RIJSWIJK,0703940760,primary,52.03520128,4.30956111
Zuid-Holland,Wethouder Brederodeschool,Goedendorplaan,3,2286 MV,RIJSWIJK ZH,0603,RIJSWIJK,0703931745,primary,52.02542614,4.31584881
Zuid-Holland,Parkschool,Poptahof Noord,448,2624 RZ,DELFT,0503,DELFT,0152612195,primary,51.9988885,4.34956381
Zuid-Holland,Freinetschool Delft,Loevesteinplaats,8,2613 LE,DELFT,0503,DELFT,0152132674,primary,52.00695203,4.34899614
Zuid-Holland,IKC De Eglantier Voorhof,Ina Boudier-Bakkerstraat,2,2624 NX,DELFT,0503,DELFT,0152564208,primary,51.99121894,4.35445429
Zuid-Holland,Montessorischool De Delftse Tuin,Maria Duystlaan,2,2612 SR,DELFT,0503,DELFT,0152134603,primary,52.01427905,4.36753706
Zuid-Holland,Basisschool SpringWijs,Fuutlaan,13,2623 MX,DELFT,0503,DELFT,0152610409,primary,51.98374361,4.36097312
Zuid-Holland,De Eglantier Buiten,Van Rijslaan,8,2625 KX,DELFT,0503,DELFT,0152561928,primary,51.98966966,4.33457915
Zuid-Holland,Basisschool Kronenburgh,Broekslootkade,95-97,2281 TC,RIJSWIJK ZH,0603,RIJSWIJK,0702210382,primary,52.06051384,4.33839868
Zuid-Holland,Openbare Basisschool De Schelf,Vlasstraat,3,3295 TM,'S-GRAVENDEEL,1963,HOEKSCHE WAARD,0786731813,primary,51.77593866,4.60995457
Zuid-Holland,Het Talent,Kreekstraat,1,3293 AB,MOOKHOEK,1963,HOEKSCHE WAARD,0786731249,primary,51.75263206,4.59475566
Zuid-Holland,OBS De Meerwaarde,Diepenhorstweg,1-A,3291 GJ,STRIJEN,1963,HOEKSCHE WAARD,0786742344,primary,51.73998772,4.55040112
Zuid-Holland,IKC De Wereld,W. van Vlietstraat,2,3262 GM,OUD-BEIJERLAND,1963,HOEKSCHE WAARD,0186614705,primary,51.8202954,4.40835174
Zuid-Holland,Basisschool de Blieken,Klaverbladstraat,1,3286 VR,KLAASWAAL,1963,HOEKSCHE WAARD,0186579220,primary,51.77229867,4.44870485
Zuid-Holland,De Eendragt,Johan Berkstraat,31,3284 XD,ZUID-BEIJERLAND,1963,HOEKSCHE WAARD,0186661404,primary,51.75255955,4.36831908
Zuid-Holland,Basisschool De Dubbeldekker,Buttervliet,2,3281 LK,NUMANSDORP,1963,HOEKSCHE WAARD,0186681363,primary,51.73845795,4.43792879
Zuid-Holland,'t Kraaienest,Koningin Wilhelminastr,5,3265 BH,PIERSHIL,1963,HOEKSCHE WAARD,0186691661,primary,51.79501863,4.31598784
Zuid-Holland,Basisschool de Takkenbosse,Roerdompsingel,6,3281 JH,NUMANSDORP,1963,HOEKSCHE WAARD,0186652355,primary,51.7333548,4.44095533
Zuid-Holland,Openbare Basisschool de Tandem,Weegpad,13,3262 CL,OUD-BEIJERLAND,1963,HOEKSCHE WAARD,0186618314,primary,51.8242508,4.40033391
Zuid-Holland,Onder de Wieken,Achterstraat,5,3264 AB,NIEUW-BEIJERLAND,1963,HOEKSCHE WAARD,0186692208,primary,51.81248092,4.33879419
Zuid-Holland,De Gouwaert,Nicolaas van Puttenstr,20,3267 AN,GOUDSWAARD,1963,HOEKSCHE WAARD,0186691400,primary,51.79333966,4.27904322
Zuid-Holland,Het Anker,Heyne van Althenastraat,2,3274 CD,HEINENOORD,1963,HOEKSCHE WAARD,0186602255,primary,51.82585115,4.47886325
Zuid-Holland,Burgemeester van Bommelschool,Van Galenstraat,9,3274 LV,HEINENOORD,1963,HOEKSCHE WAARD,0186603130,primary,51.81388223,4.51074177
Zuid-Holland,IKC De Boomgaard,Beatrixplein,5,3271 BA,MIJNSHEERENLAND,1963,HOEKSCHE WAARD,0186602760,primary,51.79934254,4.49112055
Zuid-Holland,Het Driespan,Singel,3,3297 BS,PUTTERSHOEK,1963,HOEKSCHE WAARD,0786763807,primary,51.80371002,4.56455761
Zuid-Holland,De Vlashoek,Van Koetsveldlaan,19,3273 AL,WESTMAAS,1963,HOEKSCHE WAARD,0186571236,primary,51.78804907,4.46970013
Zuid-Holland,Openbare Basisschool de Pijler,Fazant,1,3299 BS,MAASDAM,1963,HOEKSCHE WAARD,0786761445,primary,51.78893644,4.55969149
Zuid-Holland,De Klinker,Polderlaan,9,3261 ZA,OUD-BEIJERLAND,1963,HOEKSCHE WAARD,0186626477,primary,51.81133401,4.42881887
Zuid-Holland,Rooms Katholieke Basisschool De Regenboog,Rouboslaan,12,2252 TR,VOORSCHOTEN,0626,VOORSCHOTEN,0715615743,primary,52.12338553,4.43626772
Zuid-Holland,Basisschool Essesteijn,Elzendreef,4,2272 EB,VOORBURG,1916,LEIDSCHENDAM-VOORBURG,0703873527,primary,52.08373654,4.3679871
Zuid-Holland,Nutsbasisschool Voorschoten,Elstlaan,6,2252 LC,VOORSCHOTEN,0626,VOORSCHOTEN,0715614097,primary,52.12987283,4.44842881
Zuid-Holland,KC de Telescoop,Heeswijkstraat,2,2275 EE,VOORBURG,1916,LEIDSCHENDAM-VOORBURG,0703904104,primary,52.06190952,4.3534021
Zuid-Holland,Basisschool De Lusthof,Lusthofstraat,11,2271 XV,VOORBURG,1916,LEIDSCHENDAM-VOORBURG,0703860872,primary,52.06852648,4.35899692
Zuid-Holland,Rooms Katholieke Basisschool Emmaus,Elstlaan,4,2252 LC,VOORSCHOTEN,0626,VOORSCHOTEN,0715615451,primary,52.12909268,4.44972331
Zuid-Holland,Basisschool St Maartens,Wijkerlaan,10,2271 EP,VOORBURG,1916,LEIDSCHENDAM-VOORBURG,0703861352,primary,52.0737321,4.37737182
Zuid-Holland,Openbare Basisschool de Margriet,Dobbelaan,9,2262 EA,LEIDSCHENDAM,1916,LEIDSCHENDAM-VOORBURG,0703273823,primary,52.09032888,4.38752191
Zuid-Holland,MMiXX,De Tol,251,2266 EE,LEIDSCHENDAM,1916,LEIDSCHENDAM-VOORBURG,0703275243,primary,52.08027636,4.4032562
Zuid-Holland,Openbare Dalton Basisschool de Tandem,Leenkamp,7-9,2264 KW,LEIDSCHENDAM,1916,LEIDSCHENDAM-VOORBURG,0703279315,primary,52.09281939,4.40326236
Zuid-Holland,Professor Casimirschool,Van Deventerlaan,16,2271 TX,VOORBURG,1916,LEIDSCHENDAM-VOORBURG,0703008304,primary,52.07436243,4.36872038
Zuid-Holland,De Parachute,Van Lodensteijnstraat,6,2274 TZ,VOORBURG,1916,LEIDSCHENDAM-VOORBURG,0703850739,primary,52.07293731,4.34442244
Zuid-Holland,IKEC De Waterlelie,Prinsenhof,4-B,2263 EV,LEIDSCHENDAM,1916,LEIDSCHENDAM-VOORBURG,0703276225,primary,52.09577122,4.39845584
Zuid-Holland,Roomskatholieke Basisschool Maria Bernadette,Van Ruysdaellaan,91,2264 TA,LEIDSCHENDAM,1916,LEIDSCHENDAM-VOORBURG,0703274014,primary,52.08842672,4.39000636
Zuid-Holland,De Walvis,Eendenplein,5,2492 NZ,'S-GRAVENHAGE,0518,S GRAVENHAGE,0703206705,primary,52.06480799,4.41282415
Zuid-Holland,Brede School Het Dok,Rustenburgerpad,8,2342 BT,OEGSTGEEST,0579,OEGSTGEEST,0715177066,primary,52.17844985,4.4502067
Zuid-Holland,Protestants Christelijke Basisschool Pieter van der Plas School,Pieter van der Plasstr,22,2291 SE,WATERINGEN,1783,WESTLAND,0174292303,primary,52.02251195,4.26877139
Zuid-Holland,Christelijke Basisschool De Hoeksteen,Fazantlaan,4,2675 XT,HONSELERSDIJK,1783,WESTLAND,0174624402,primary,52.00773576,4.22910542
Zuid-Holland,Basisschool Het Kompas,Trompstraat,5,2676 XH,MAASDIJK,1783,WESTLAND,0174512628,primary,51.95891026,4.2179792
Zuid-Holland,Christelijke Basisschool Rehoboth,Hoefblad,13,2671 WX,NAALDWIJK,1783,WESTLAND,0174625271,primary,51.99422979,4.19905983
Zuid-Holland,Basisschool De Groene Oase,Doelstraat,48,3155 AJ,MAASLAND,1842,MIDDEN-DELFLAND,0105911033,primary,51.9362087,4.27389203
Zuid-Holland,De Blinkerd,Poelenburgh,1,2681 NW,MONSTER,1783,WESTLAND,0174212449,primary,52.02671792,4.17862481
Zuid-Holland,Christelijke Basisschool de Ouverture,Sibelius,1,2671 VV,NAALDWIJK,1783,WESTLAND,0174628927,primary,51.99240815,4.21148873
Zuid-Holland,De Liereling,Kweektuin,1,2678 XE,DE LIER,1783,WESTLAND,0174514395,primary,51.98086729,4.26062801
Zuid-Holland,Koningin Julianaschool,Abel Tasmanlaan,1,2678 ER,DE LIER,1783,WESTLAND,0174513748,primary,51.97453397,4.25375232
Zuid-Holland,Prins Mauritsschool,Frankenthaler,1,2678 WE,DE LIER,1783,WESTLAND,0174514625,primary,51.97849142,4.24711724
Zuid-Holland,Christelijke Basisschool de Wegwijzer,Prins Bernhardstraat,28,2691 VK,'S-GRAVENZANDE,1783,WESTLAND,0174412018,primary,51.99994792,4.16946116
Zuid-Holland,De Kameleon Christelijke Basisschool,Eikenlaan,50,2691 EE,'S-GRAVENZANDE,1783,WESTLAND,0174412587,primary,51.99645428,4.16679565
Zuid-Holland,Prins Willem Alexanderschool,Wagenmakerstraat,51,2694 BW,'S-GRAVENZANDE,1783,WESTLAND,0174416242,primary,52.007798,4.16133513
Zuid-Holland,De Schutse,Meester Postlaan,1,3155 BM,MAASLAND,1842,MIDDEN-DELFLAND,0105918857,primary,51.93428282,4.27185435
Zuid-Holland,Basisschool Het Galjoen,Achterdijkshoorn,7,2635 MK,DEN HOORN ZH,1842,MIDDEN-DELFLAND,0152562561,primary,52.00259207,4.32523712
Zuid-Holland,Openbare Basisschool De Vlieten,Anjer,2,2678 PB,DE LIER,1783,WESTLAND,0174514258,primary,51.97691048,4.24459513
Zuid-Holland,Willemsschool,Zilvermeeuwstraat,1,2681 TT,MONSTER,1783,WESTLAND,0174212646,primary,52.0270746,4.16823599
Zuid-Holland,Basisschool De Kijckert,Lange Spruit,88,2291 LC,WATERINGEN,1783,WESTLAND,0174293116,primary,52.01933602,4.27678181
Zuid-Holland,Openbare Basisschool De Driekleur,Van Der Kest Wittensstr,3,2691 XD,'S-GRAVENZANDE,1783,WESTLAND,0174526060,primary,52.00237519,4.16899372
Zuid-Holland,De Hoogvlieger,Hoogwerf,9-A,2671 MJ,NAALDWIJK,1783,WESTLAND,0174623913,primary,51.98545217,4.2112879
Zuid-Holland,Openbare Basisschool Valckesteyn,Emmastraat,46-44,3171 AH,POORTUGAAL,0613,ALBRANDSWAARD,0105060703,primary,51.85706462,4.39342323
Zuid-Holland,Openbare Basisschool Rhoon,Hovenier,2,3161 LG,RHOON,0613,ALBRANDSWAARD,0105018669,primary,51.86011446,4.41528898
Zuid-Holland,Basisschool Boterdorp,De Zilverspar,14,2661 AP,BERGSCHENHOEK,1621,LANSINGERLAND,0105214555,primary,51.98966803,4.49600013
Zuid-Holland,Christelijke Basisschool De Wiekslag,Dorpsstraat,44,2665 BJ,BLEISWIJK,1621,LANSINGERLAND,0105212635,primary,52.01014,4.52879951
Zuid-Holland,Prins Johan Friso Basisschool,Oudelandselaan,147,2652 ER,BERKEL EN RODENRIJS,1621,LANSINGERLAND,0105112521,primary,51.99659584,4.47344414
Zuid-Holland,Christelijke Basisschool De Regenboog,Eiberplein,3,2661 BP,BERGSCHENHOEK,1621,LANSINGERLAND,0105214017,primary,51.98391687,4.5016567
Zuid-Holland,Prins Willem Alexanderschool,Chrysantenhof,18,2651 XK,BERKEL EN RODENRIJS,1621,LANSINGERLAND,0105112043,primary,51.98180334,4.46187276
Zuid-Holland,PC BS De Acker,Stampioendreef,5,2661 SR,BERGSCHENHOEK,1621,LANSINGERLAND,0105211555,primary,51.99355065,4.50497558
Zuid-Holland,Christelijke Basisschool Prinses Maxima,Annie M.G. Schmidtlaan,6,2652 HJ,BERKEL EN RODENRIJS,1621,LANSINGERLAND,0105190786,primary,51.98900148,4.4581408
Zuid-Holland,Het Palet,Zuiderparklaan,45,2662 AD,BERGSCHENHOEK,1621,LANSINGERLAND, ,primary,51.98485194,4.49775869
Zuid-Holland,basisschool Omnia,De Poort,6,2631 PT,NOOTDORP,1926,PIJNACKER-NOOTDORP,0153105310,primary,52.04489265,4.40623257
Zuid-Holland,'t Reigerbos,Zaagmolenpad,1,2761 TL,ZEVENHUIZEN ZH,1892,ZUIDPLAS,0180638333,primary,52.0104973,4.58058954
Zuid-Holland,Basisschool Anne Frank,Lijsterlaan,8,2665 TK,BLEISWIJK,1621,LANSINGERLAND,0105299440,primary,52.00707654,4.53149443
Zuid-Holland,Keijzerschool,Windvaan,4,2751 ES,MOERKAPELLE,1892,ZUIDPLAS,0795931788,primary,52.046261,4.58678006
Zuid-Holland,Openbare Basisschool De Tweemaster,Blauwe Kiekendieflande,1,2641 MM,PIJNACKER,1926,PIJNACKER-NOOTDORP,0153693041,primary,52.01771713,4.44069636
Zuid-Holland,Basisschool Prins Willem Alexander,Goudmos,67-B,2914 AG,NIEUWERKERK AD IJSSEL,1892,ZUIDPLAS,0180315939,primary,51.97279522,4.61479915
Zuid-Holland,Basisschool de Terp,Dorpsstraat,6,2912 CB,NIEUWERKERK AD IJSSEL,1892,ZUIDPLAS,0180313907,primary,51.96950679,4.60413044
Zuid-Holland,OBS Vuurvogel,De Zilverspar,14,2661 AP,BERGSCHENHOEK,1621,LANSINGERLAND,0105214161,primary,51.98966803,4.49600013
Zuid-Holland,Openbare Basisschool IXIEJE,Oudersvrucht,1,2841 LN,MOORDRECHT,1892,ZUIDPLAS,0182372406,primary,51.98950089,4.66162195
Zuid-Holland,Openbare basisschool Groenehoek,Stampioendreef,7,2661 SR,BERGSCHENHOEK,1621,LANSINGERLAND,0105211242,primary,51.99339313,4.50554654
Zuid-Holland,Openbare Basisschool De Bonte Tol,Gantellaan,5,2642 JK,PIJNACKER,1926,PIJNACKER-NOOTDORP,0153699256,primary,52.00994077,4.45182513
Zuid-Holland,Basisschool De Klipper,Oudelandselaan,141,2652 ER,BERKEL EN RODENRIJS,1621,LANSINGERLAND,0105113280,primary,51.99652706,4.47324142
Zuid-Holland,Openbare Basisschool De Meander,Florijnstraat,3,2645 HH,DELFGAUW,1926,PIJNACKER-NOOTDORP,0152564159,primary,52.00459017,4.39347354
Zuid-Holland,Katholieke Basisschool Mariëngaarde,Schepenenstraat,1,4204 BL,GORINCHEM,0512,GORINCHEM,0183633969,primary,51.83608439,4.95955013
Zuid-Holland,Katholieke Basisschool de Toermalijn,Schaepmanlaan,23,3332 HW,ZWIJNDRECHT,0642,ZWIJNDRECHT,0786122323,primary,51.82722783,4.65779243
Zuid-Holland,Katholieke Basisschool Pius 10,Brouwersdijk,4,3314 GR,DORDRECHT,0505,DORDRECHT,0786142562,primary,51.80395486,4.65765965
Zuid-Holland,Katholieke Jenaplanschool de Klimboom,Elstar,31,3341 JH,HENDRIK-IDO-AMBACHT,0531,HENDRIK-IDO-AMBACHT,0786812007,primary,51.83928567,4.65092892
Zuid-Holland,Katholieke Basisschool Don Bosco,Nolensweg,2,3317 LE,DORDRECHT,0505,DORDRECHT,0786172234,primary,51.78928376,4.6639819
Zuid-Holland,Katholieke Basisschool Geert Groote,Van den Broek-erf,7,3315 SB,DORDRECHT,0505,DORDRECHT,0786166330,primary,51.80414922,4.72627876
Zuid-Holland,Openbare Basisschool Mondriaan,Jacob Marisstraat,80,3314 TK,DORDRECHT,0505,DORDRECHT,0786130936,primary,51.7982588,4.65973253
Zuid-Holland,Kennedyschool,Bosstraat,1,3317 KM,DORDRECHT,0505,DORDRECHT,0786176070,primary,51.79105752,4.66847187
Zuid-Holland,Basisschool Dubbeldam,Eikenlaan,25,3319 SC,DORDRECHT,0505,DORDRECHT,0786160151,primary,51.7893617,4.69929078
Zuid-Holland,De Keerkring,Ockenburg,44,3328 TG,DORDRECHT,0505,DORDRECHT,0786170123,primary,51.77585961,4.67040145
Zuid-Holland,De Meridiaan,Kinkelenburg,19,3328 AE,DORDRECHT,0505,DORDRECHT,0786179547,primary,51.77566667,4.68366317
Zuid-Holland,De Griffioen,Rudyard Kipling-erf,123-124,3315 AE,DORDRECHT,0505,DORDRECHT,0786164202,primary,51.80046028,4.72327015
Zuid-Holland,Staten-School,Hofstraat,5,3311 XH,DORDRECHT,0505,DORDRECHT,0786137397,primary,51.81513685,4.66983063
Zuid-Holland,MKC Mozaïek,Nassauweg,250,3314 JR,DORDRECHT,0505,DORDRECHT,0786173806,primary,51.80301964,4.67068519
Zuid-Holland,De Albatros,Douwe Aukesstraat,1,3317 AM,DORDRECHT,0505,DORDRECHT,0786185045,primary,51.79122776,4.65175102
Zuid-Holland,De Driehoek,Driehoek,40,3328 KG,DORDRECHT,0505,DORDRECHT,0786173613,primary,51.78172021,4.67167296
Zuid-Holland,Openbare Basisschool de Bever,Chico Mendesring,188,3315 MB,DORDRECHT,0505,DORDRECHT,0786213088,primary,51.8066907,4.7138519
Zuid-Holland,Landelijk Onderwijs aan Varende Kinderen,Papeterspad,5,3311 WT,DORDRECHT,0505,DORDRECHT,0610990227,primary,51.81068044,4.66156806
Zuid-Holland,De Carrousel,Scholenpad,4,2804 RW,GOUDA,0513,GOUDA,0182546744,primary,52.02480974,4.7085096
Zuid-Holland,Openbare Basisschool 't Vogelnest,Leeuwerik,3,2411 KR,BODEGRAVEN,1901,BODEGRAVEN-REEUWIJK,0172614330,primary,52.07668985,4.74948591
Zuid-Holland,OBS Wereldwijs,Wilsonplein,3,2806 JM,GOUDA,0513,GOUDA,0182678032,primary,52.01318662,4.72838892
Zuid-Holland,De Kas,2e E J Potgieterstraat,2,2802 VA,GOUDA,0513,GOUDA,0182519739,primary,52.00376361,4.69972095
Zuid-Holland,De Venen,Hooiweide,2,2811 JE,REEUWIJK,1901,BODEGRAVEN-REEUWIJK,0182393873,primary,52.05184141,4.72740242
Zuid-Holland,Basisschool Theo Thijssen,Kerkweg-Oost,230,2741 HA,WADDINXVEEN,0627,WADDINXVEEN,0182614421,primary,52.04449386,4.65756714
Zuid-Holland,Basisschool Dick Bruna School,Parklaan,3,2742 MG,WADDINXVEEN,0627,WADDINXVEEN,0182614406,primary,52.02889918,4.64440179
Zuid-Holland,Het Palet,Knipmolenweg,2,2807 DC,GOUDA,0513,GOUDA,0182526304,primary,52.00836284,4.74317758
Zuid-Holland,De Wegwijzer,Admiraal de Ruyterstraat,1,2931 AA,KRIMPEN AAN DE LEK,1931,KRIMPENERWAARD,0180512453,primary,51.89374474,4.62324298
Zuid-Holland,Christelijke Basisschool De Ark,Bloemengaarde,41,2861 VM,BERGAMBACHT,1931,KRIMPENERWAARD,0182357075,primary,51.93349469,4.78680555
Zuid-Holland,De Bron,J. Huurmanlaan,10,2831 XT,GOUDERAK,1931,KRIMPENERWAARD,0182372575,primary,51.98249192,4.67653154
Zuid-Holland,Eben Haezer-School,Lorentzweg,60,2941 VE,LEKKERKERK,1931,KRIMPENERWAARD,0180661134,primary,51.90087912,4.68278512
Zuid-Holland,Koningin Wilhelmina School,Willem de Zwijgerstraat,1,2935 XT,OUDERKERK AAN DEN IJSSEL,1931,KRIMPENERWAARD,0180681617,primary,51.93492469,4.63744238
Zuid-Holland,Koningin Julianaschool,Hoge Molenwerf,1,2935 CB,OUDERKERK AAN DEN IJSSEL,1931,KRIMPENERWAARD,0180681992,primary,51.9658416,4.63978142
Zuid-Holland,Protestants Christelijke Basisschool Ichthus,Merellaan,1,2872 AM,SCHOONHOVEN,1931,KRIMPENERWAARD,0182383552,primary,51.94628943,4.87164649
Zuid-Holland,De Rank,Pasteurweg,93,2871 JM,SCHOONHOVEN,1931,KRIMPENERWAARD,0182384789,primary,51.95124003,4.84026502
Zuid-Holland,Nederlands Hervormde Basisschool De Lelie,Burg Doormanstraat,26,3465 KE,DRIEBRUGGEN,1901,BODEGRAVEN-REEUWIJK,0348502104,primary,52.0450007,4.79852227
Zuid-Holland,Verhoeff-Rollmanschool,Dronenpark,1,2411 HC,BODEGRAVEN,1901,BODEGRAVEN-REEUWIJK,0172614676,primary,52.07740377,4.74380702
Zuid-Holland,Jenaplan Vlaardingen Basisschool,Van Hogendorplaan,1023,3135 BK,VLAARDINGEN,0622,VLAARDINGEN,0104712914,primary,51.91526304,4.36017562
Zuid-Holland,IKC Startpunt,Dennendal,145,3142 LC,MAASSLUIS,0556,MAASSLUIS,0105913714,primary,51.92799861,4.2509498
Zuid-Holland,IKC de Westhoek,Dr. Jan Schoutenlaan,36,3145 SZ,MAASSLUIS,0556,MAASSLUIS,0105914870,primary,51.93627681,4.22684462
Zuid-Holland,IKC Erasmus,Huijgensstraat,64,3131 WN,VLAARDINGEN,0622,VLAARDINGEN,0104349968,primary,51.91107524,4.33537976
Zuid-Holland,IKC de Wereldwijzer,Erasmusplein,1,3132 EL,VLAARDINGEN,0622,VLAARDINGEN,0104347904,primary,51.91031207,4.31648018
Zuid-Holland,IKC Jan Ligthart,Plein Emaus,6,3135 JN,VLAARDINGEN,0622,VLAARDINGEN,0104347007,primary,51.91731232,4.34634817
Zuid-Holland,OBS de Singel,Kruidenpad,1,3137 WD,VLAARDINGEN,0622,VLAARDINGEN,0104746379,primary,51.93542436,4.33825427
Zuid-Holland,Openbare Basisschool Klim Op,Lijstersingel,22-A,2902 JD,CAPELLE AAN DEN IJSSEL,0502,CAPELLE AAN DEN IJSSEL,0104502459,primary,51.92879007,4.58364884
Zuid-Holland,Kindcentrum Ontdekrijk,Rogaland,31,2905 AP,CAPELLE AAN DEN IJSSEL,0502,CAPELLE AAN DEN IJSSEL,0104500550,primary,51.93754952,4.59729835
Zuid-Holland,De Catamaran,Maria Danneels erf,22-24,2907 BD,CAPELLE AAN DEN IJSSEL,0502,CAPELLE AAN DEN IJSSEL,0104512336,primary,51.94849988,4.5736578
Zuid-Holland,Openbare Basisschool de Tweemaster,Aleoeten,37,2904 VA,CAPELLE AAN DEN IJSSEL,0502,CAPELLE AAN DEN IJSSEL,0104500012,primary,51.93377302,4.60710202
Zuid-Holland,West,Berliozstraat,11,2901 GA,CAPELLE AAN DEN IJSSEL,0502,CAPELLE AAN DEN IJSSEL,0102022044,primary,51.91568206,4.56137271
Zuid-Holland,Kortland,Jozef Israelsstraat,2,2923 CH,KRIMPEN AAN DEN IJSSEL,0542,KRIMPEN AAN DEN IJSSEL,0180512477,primary,51.9140661,4.59749492
Zuid-Holland,Openbare Basisschool de Groeiplaneet,Populierenlaan,1-A,2925 CP,KRIMPEN AAN DEN IJSSEL,0542,KRIMPEN AAN DEN IJSSEL,0180513835,primary,51.91833163,4.62340228
Zuid-Holland,Montessorischool,Vredehofweg,21,3062 EK,ROTTERDAM,0599,ROTTERDAM,0104527360,primary,51.9264775,4.51692175
Zuid-Holland,Montessorischool,Essenburgsingel,25-C,3021 AN,ROTTERDAM,0599,ROTTERDAM,0104775767,primary,51.92249855,4.45980274
Zuid-Holland,OBS De Wilgen,Valkweg,4,3362 GH,SLIEDRECHT,0610,SLIEDRECHT,0184413788,primary,51.82481134,4.78847101
Zuid-Holland,OBS Henri Dunantschool,Kerkstraat,15,3361 BP,SLIEDRECHT,0610,SLIEDRECHT,0184413933,primary,51.82114393,4.77132784
Zuid-Holland,De Knotwilg,Moerbeihof,1,3355 AJ,PAPENDRECHT,0590,PAPENDRECHT,0786440283,primary,51.83687452,4.69822435
Zuid-Holland,De Viermaster,Van Der Palmpad,2,3351 GZ,PAPENDRECHT,0590,PAPENDRECHT,0786426068,primary,51.83295051,4.68127391
Zuid-Holland,OBS Anne Frank,Rozenstraat,36,3353 VH,PAPENDRECHT,0590,PAPENDRECHT,0786151582,primary,51.83068634,4.69011775
Zuid-Holland,OBS 't Kofschip,Zuidkil,57,3356 DA,PAPENDRECHT,0590,PAPENDRECHT,0786441550,primary,51.83169279,4.72510257
Zuid-Holland,Basisschool de Peperklip,Fahrenheitstraat,2-4,3112 ZM,SCHIEDAM,0606,SCHIEDAM,0104152685,primary,51.91928448,4.41266983
Zuid-Holland,Basisschool de Singel,Singel,5,3112 GH,SCHIEDAM,0606,SCHIEDAM,0104268878,primary,51.91531756,4.40360737
Zuid-Holland,Montessori Schiedam,Anthonie Muysstraat,2,3117 LD,SCHIEDAM,0606,SCHIEDAM,0102730020,primary,51.91197372,4.39121866
Zuid-Holland,OBS Het Kleurrijk,Frans Halsplein,33,3117 WE,SCHIEDAM,0606,SCHIEDAM,0104269661,primary,51.91323839,4.38174025
Zuid-Holland,Het Startblok,Burg Van Haarenlaan,871,3119 GD,SCHIEDAM,0606,SCHIEDAM,0104737889,primary,51.92364695,4.39140326
Zuid-Holland,De Taaltuin,Thorbeckesingel,4,3118 RW,SCHIEDAM,0606,SCHIEDAM,0104709641,primary,51.91825478,4.3864108
Zuid-Holland,Het Windas,Nachtegaallaan,2,3121 XP,SCHIEDAM,0606,SCHIEDAM,0104700245,primary,51.93344335,4.38048947
Zuid-Holland,Basisschool Loep,Peter van Anrooylaan,1,3122 TA,SCHIEDAM,0606,SCHIEDAM,0104707079,primary,51.92880406,4.37014522
Zuid-Holland,De Violier,Stockholm,1,3124 SG,SCHIEDAM,0606,SCHIEDAM,0104714603,primary,51.94310136,4.38231472
Zuid-Holland,Basisschool de Klinker,Bernardus IJzerdraatsngl,1,3123 CC,SCHIEDAM,0606,SCHIEDAM,0104709501,primary,51.9429556,4.36575984
Zuid-Holland,Sint Leonardus,Gooteplein,2,3232 DA,BRIELLE,1992,VOORNE AAN ZEE,0181415922,primary,51.89557312,4.16108953
Zuid-Holland,Christelijke Basisschool Anker,Gooteplein,4,3232 DA,BRIELLE,1992,VOORNE AAN ZEE,0181414244,primary,51.89557312,4.16108953
Zuid-Holland,Protestants Christelijke Basisschool De Aanwas,Dr W Dreesstraat,25,3214 XE,ZUIDLAND,1930,NISSEWAARD,0881454520,primary,51.82020763,4.25983797
Zuid-Holland,CNS De Nieuwe Weg,Nieuweweg,12,3233 BK,OOSTVOORNE,1992,VOORNE AAN ZEE,0881454525,primary,51.91359406,4.09820826
Zuid-Holland,Rooms Katholieke Basisschool Hendrik Boogaard,Rie Mastenbroekplein,2,3223 KJ,HELLEVOETSLUIS,1992,VOORNE AAN ZEE,0181313194,primary,51.83504456,4.13655707
Zuid-Holland,Basisschool De Rank,Jan van Goyenstraat,4,3181 HE,ROZENBURG ZH,0599,ROTTERDAM,0181214972,primary,51.90383327,4.24775813
Zuid-Holland,De Regenboog basisschool,Perengaarde,1,3181 PV,ROZENBURG ZH,0599,ROTTERDAM,0181212485,primary,51.90591956,4.23264933
Zuid-Holland,Openbare Basisschool De Bosrand,Mildenburglaan,6,3233 AS,OOSTVOORNE,1992,VOORNE AAN ZEE,0181482799,primary,51.91531843,4.1009706
Zuid-Holland,Obs 't Want,Martinusplein,1,3238 AJ,ZWARTEWAAL,1992,VOORNE AAN ZEE,0181663258,primary,51.88391439,4.22191795
Zuid-Holland,Openbare Basisschool Het Overbos,Polderslaan,1,3233 VL,OOSTVOORNE,1992,VOORNE AAN ZEE,0181487094,primary,51.9062591,4.09354994
Zuid-Holland,Basisschool de Regenboog,Kreeft,37,3225 AC,HELLEVOETSLUIS,1992,VOORNE AAN ZEE,0881454540,primary,51.83117184,4.16096981
Zuid-Holland,Openbare Basisschool de Tiende Penning,H W Croeslaan,31,3237 AN,VIERPOLDERS,1992,VOORNE AAN ZEE,0181415372,primary,51.87844691,4.17840042
Zuid-Holland,De Bron,Plataanlaan,6,3224 TT,HELLEVOETSLUIS,1992,VOORNE AAN ZEE,0881454535,primary,51.82833509,4.14594429
Zuid-Holland,Basisschool de Zeewinde,Hoogvlietlaan,28,3235 BL,ROCKANJE,1992,VOORNE AAN ZEE,0181402500,primary,51.87350372,4.07051692
Zuid-Holland,Openbare Basisschool De Vliegerdt,Achterweg ZZ,2-C,3216 AB,ABBENBROEK,1930,NISSEWAARD,0181662559,primary,51.84791233,4.24314279
Zuid-Holland,Openbare Basisschool Branding,Gooteplein,3,3232 DA,BRIELLE,1992,VOORNE AAN ZEE,0181414277,primary,51.89557312,4.16108953
Zuid-Holland,Openbare Basisschool Markenburg,Markenburglaan,1,3211 AV,GEERVLIET,1930,NISSEWAARD,0181669424,primary,51.86159202,4.26156742
Zuid-Holland,Basisschool de Ravelinde,Bloemendaele,4,3218 XA,HEENVLIET,1930,NISSEWAARD,0881454530,primary,51.86523755,4.23886926
Zuid-Holland,Informele samenwerkingsschool Brielse Veste,M H Trompstraat,24-B,3231 XP,BRIELLE,1992,VOORNE AAN ZEE,0181412086,primary,51.90202834,4.16215015
Zuid-Holland,Openbare Basisschool De Hoorn,Molenweg,12,3227 AR,OUDENHOORN,1992,VOORNE AAN ZEE,0181461755,primary,51.82982717,4.19006226
Zuid-Holland,Openbare Basisschool de Wateringe,Bremstraat,1,3222 XA,HELLEVOETSLUIS,1992,VOORNE AAN ZEE,0181312155,primary,51.83916567,4.12933238
Zuid-Holland,Basisschool De Vlasbloem,Zoetemanring,55-A,3214 GA,ZUIDLAND,1930,NISSEWAARD,0181451860,primary,51.82686969,4.25202041
Zuid-Holland,Openbare basisschool Het Palet,Jachthoornpad,1,3223 HR,HELLEVOETSLUIS,1992,VOORNE AAN ZEE,0181315766,primary,51.84254759,4.15366509
Zuid-Holland,Openbare Basisschool 't Schrijverke,P A de Genestetlaan,2,3221 VP,HELLEVOETSLUIS,1992,VOORNE AAN ZEE,0181313506,primary,51.83169543,4.13172019
Zuid-Holland,Openbare Basisschool de Kring,Kasteelpad,4,3223 GE,HELLEVOETSLUIS,1992,VOORNE AAN ZEE,0181318759,primary,51.83935618,4.15022621
Zuid-Holland,Samenwerkingsschool De Brandaris,Branding,55,3224 GA,HELLEVOETSLUIS,1992,VOORNE AAN ZEE,0181315404,primary,51.82550949,4.15285072
Zuid-Holland,Openbare Basisschool de Houthoeffe,Kreeft,35,3225 AC,HELLEVOETSLUIS,1992,VOORNE AAN ZEE,0181319993,primary,51.83073138,4.16115318
Zuid-Holland,De Ravense Poort,Rode Kruislaan,3,3223 MA,HELLEVOETSLUIS,1992,VOORNE AAN ZEE,0181313985,primary,51.84753118,4.1582892
Zuid-Holland,De Kleine Keizer,Alphons Diepenbrockhof,79,2551 KK,'S-GRAVENHAGE,0518,S GRAVENHAGE,0703972832,primary,52.05907667,4.23142684
Zuid-Holland,Basisschool Archipel,Atjehstraat,31,2585 VG,'S-GRAVENHAGE,0518,S GRAVENHAGE,0703508027,primary,52.09274494,4.30492653
Zuid-Holland,Dalton KC Helen Parkhurst,Baambruggestraat,2-4,2546 SK,'S-GRAVENHAGE,0518,S GRAVENHAGE,0703664493,primary,52.05744657,4.26822527
Zuid-Holland,De Spoorzoeker,Busken Huetstraat,22-24,2524 TT,'S-GRAVENHAGE,0518,S GRAVENHAGE,0703944997,primary,52.05068012,4.31250113
Zuid-Holland,Obs Dr Willem Drees,Bresterstraat,15,2523 XC,'S-GRAVENHAGE,0518,S GRAVENHAGE,0703937689,primary,52.05946384,4.31930136
Zuid-Holland,Basisschool Valkenbos Montessori-School,Cederstraat,29,2565 JM,'S-GRAVENHAGE,0518,S GRAVENHAGE,0703600377,primary,52.07746219,4.26883155
Zuid-Holland,Basisschool Bohemen Kijkduin,Daltonplantsoen,6,2555 SB,'S-GRAVENHAGE,0518,S GRAVENHAGE,0703681338,primary,52.06920518,4.24047531
Zuid-Holland,Benoordenhout,Dreibholtzstraat,2-4,2596 XG,'S-GRAVENHAGE,0518,S GRAVENHAGE,0703242976,primary,52.09269565,4.32114744
Zuid-Holland,De Baanbreker,Elboogstraat,68,2516 PV,'S-GRAVENHAGE,0518,S GRAVENHAGE,0703995406,primary,52.06695746,4.33223013
Zuid-Holland,P.C. Hooft-School,Escamplaan,65,2547 GA,'S-GRAVENHAGE,0518,S GRAVENHAGE,0703236232,primary,52.06455667,4.27596599
Zuid-Holland,Startpunt International,Suze Robertsonstraat,103,2526 WS,'S-GRAVENHAGE,0518,S GRAVENHAGE,0703803935,primary,52.06546444,4.31146341
Zuid-Holland,Galvani-School,Galvanistraat,43,2517 RA,'S-GRAVENHAGE,0518,S GRAVENHAGE,0703607495,primary,52.08001345,4.27827323
Zuid-Holland,Maria Montessorischool,Zevenwoudenlaan,197,2548 NT,'S-GRAVENHAGE,0518,S GRAVENHAGE,0703099335,primary,52.03398153,4.2930544
Zuid-Holland,Basisschool Anne Frank,Beresteinlaan,267,2542 JG,'S-GRAVENHAGE,0518,S GRAVENHAGE,0703664406,primary,52.0407152,4.25466115
Zuid-Holland,De Zonnebloem,Hyacinthweg,5,2565 RE,'S-GRAVENHAGE,0518,S GRAVENHAGE,0703251503,primary,52.07273702,4.25279863
Zuid-Holland,Annie MG Schmidtschool,Jacob de Graefflaan,10,2517 JM,'S-GRAVENHAGE,0518,S GRAVENHAGE,0703451265,primary,52.08706099,4.28247527
Zuid-Holland,De Klimop,Cartesiusstraat,2-4,2562 SK,'S-GRAVENHAGE,0518,S GRAVENHAGE,0703654086,primary,52.07413914,4.28544099
Zuid-Holland,De Kameleon,Ketelstraat,101,2516 VN,'S-GRAVENHAGE,0518,S GRAVENHAGE,0704152531,primary,52.062629,4.33741242
Zuid-Holland,Openbare Basisschool Max Velthuijs,Da Costastraat,40,2513 RP,'S-GRAVENHAGE,0518,S GRAVENHAGE,0703655010,primary,52.07836761,4.29569568
Zuid-Holland,Openbare basisschool Houtwijk,Mari Andriessenstraat,42-44,2552 KN,'S-GRAVENHAGE,0518,S GRAVENHAGE,0702181375,primary,52.05418677,4.24815256
Zuid-Holland,Houtrustschool,Nachtegaalplein,19-A,2566 JP,'S-GRAVENHAGE,0518,S GRAVENHAGE,0703647549,primary,52.0835337,4.26308618
Zuid-Holland,Openbare Basisschool De Gelderlandschool,Nijkerklaan,9,2573 BA,'S-GRAVENHAGE,0518,S GRAVENHAGE,0703459307,primary,52.06357633,4.28245394
Zuid-Holland,De Drentse Hoek,Oosterhesselenstraat,586,2545 SL,'S-GRAVENHAGE,0518,S GRAVENHAGE,0703661515,primary,52.04669818,4.27151114
Zuid-Holland,Van Ostadeschool,Van Ostadestraat,245,2526 EV,'S-GRAVENHAGE,0518,S GRAVENHAGE,0703806773,primary,52.06633661,4.30556883
Zuid-Holland,Erasmusschool,Ambachtsgaarde,1,2542 ED,'S-GRAVENHAGE,0518,S GRAVENHAGE,0703097073,primary,52.03608652,4.26470272
Zuid-Holland,Openbare Basisschool Prins Willem Alexander,Laakweg,199,2521 SG,'S-GRAVENHAGE,0518,S GRAVENHAGE,0703991868,primary,52.06328465,4.32303084
Zuid-Holland,Springbok International,Pretoriusstraat,123,2571 VD,'S-GRAVENHAGE,0518,S GRAVENHAGE,0703458605,primary,52.07011233,4.28824179
Zuid-Holland,De Kleine Wereld,Van Ruysbroekstraat,7,2531 TG,'S-GRAVENHAGE,0518,S GRAVENHAGE,0704020188,primary,52.05491725,4.30397209
Zuid-Holland,De La Reyschool,De la Reyweg,212,2571 GH,'S-GRAVENHAGE,0518,S GRAVENHAGE,0703617017,primary,52.06658325,4.28775899
Zuid-Holland,Het Volle Leven,Rijslag,17-23,2587 BB,'S-GRAVENHAGE,0518,S GRAVENHAGE,0703558454,primary,52.10605878,4.28428396
Zuid-Holland,Jan Ligthartschool,Slicherstraat,5-7,2515 GE,'S-GRAVENHAGE,0518,S GRAVENHAGE,0703882951,primary,52.07060793,4.31444853
Zuid-Holland,De Wissel,Steenwijklaan,10,2541 RL,'S-GRAVENHAGE,0518,S GRAVENHAGE,0703663606,primary,52.04545357,4.28579423
Zuid-Holland,Het Galjoen,Anna Blamanplein,15,2525 ZV,'S-GRAVENHAGE,0518,S GRAVENHAGE,0703803416,primary,52.05988689,4.30023955
Zuid-Holland,De Tweemaster,Tesselsestraat,75-A,2583 JH,'S-GRAVENHAGE,0518,S GRAVENHAGE,0703558619,primary,52.09072539,4.25955351
Zuid-Holland,Basisschool De Voorsprong,Ruijsdaelstraat,11,2525 AA,'S-GRAVENHAGE,0518,S GRAVENHAGE,0703805157,primary,52.0702483,4.30029205
Zuid-Holland,De Vlierboom,Vlierboomstraat,366,2564 JJ,'S-GRAVENHAGE,0518,S GRAVENHAGE,0703231215,primary,52.06897612,4.25943543
Zuid-Holland,Kindcentrum Kansrijk,Walenburg,25,2591 BR,'S-GRAVENHAGE,0518,S GRAVENHAGE,0703856563,primary,52.09185734,4.36243644
Zuid-Holland,Prinses Marijkeschool,Abraham van Beyerenstr,1-C,2525 TA,'S-GRAVENHAGE,0518,S GRAVENHAGE,0703884035,primary,52.06439363,4.30615046
Zuid-Holland,Zuidwalschool,Lepelstraat,6,2512 CW,'S-GRAVENHAGE,0518,S GRAVENHAGE,0703633650,primary,52.07227701,4.31034803
Zuid-Holland,De Vijver,Kikkerbeetlaan,27,2548 WJ,'S-GRAVENHAGE,0518,S GRAVENHAGE,0703967588,primary,52.02018866,4.30104924
Zuid-Holland,Openbare Dalton Basisschool Waterland,Eendenplein,1,2492 NZ,'S-GRAVENHAGE,0518,S GRAVENHAGE,0703278335,primary,52.06595914,4.41094663
Zuid-Holland,Openbare Basisschool De Notenkraker,Eksterhof,2,2496 HS,'S-GRAVENHAGE,0518,S GRAVENHAGE,0153106060,primary,52.04967649,4.38379308
Zuid-Holland,Prinses Catharina-Amaliaschool,Cicerostrook,9,2493 ZL,'S-GRAVENHAGE,0518,S GRAVENHAGE,0703019586,primary,52.05981432,4.39624678
Zuid-Holland,De Noordwijkse School,Hoogwakersbosstraat,14,2202 SP,NOORDWIJK ZH,0575,NOORDWIJK,0713619800,primary,52.24745518,4.44230523
Zuid-Holland,De Stapsteen,Lindenstraat,3,2971 AR,BLESKENSGRAAF CA,1978,MOLENLANDEN,0184691875,primary,51.87155141,4.78057801
Zuid-Holland,Basisschool De Lingewaard,Harpstraat,13,4241 CA,ARKEL,1978,MOLENLANDEN,0183562412,primary,51.8612914,4.99251456
Zuid-Holland,Basisschool De Ammers,Lijsterstraat,35-B,2964 CC,GROOT-AMMERS,1978,MOLENLANDEN,0184661228,primary,51.92490412,4.82674566
Zuid-Holland,Basisschool De Knotwilg,Waterlinie,2,2965 CC,NIEUWPOORT,1978,MOLENLANDEN,0184601729,primary,51.93078419,4.87401492
Zuid-Holland,Basisschool Het Tweespan,Giessenlaan,26,3381 AM,GIESSENBURG,1978,MOLENLANDEN,0184652515,primary,51.85050509,4.88729471
Zuid-Holland,Openbare Basisschool de Tuimelaar,Raadhuisplein,1,2957 RK,NIEUW-LEKKERLAND,1978,MOLENLANDEN,0184820994,primary,51.88710578,4.68242986
Zuid-Holland,Basisschool Den Beemd,Schoolstraat,3-E,4221 LR,HOOGBLOKLAND,1978,MOLENLANDEN,0183562212,primary,51.87446529,4.97551685
Zuid-Holland,Basisschool De Boomgaard,Kerklaan,11,2959 BR,STREEFKERK,1978,MOLENLANDEN,0184689350,primary,51.89948353,4.74555976
Zuid-Holland,Openbare Basisschool Klim-Op,Dirk IV-plein,35,4223 NJ,HOORNAAR,1978,MOLENLANDEN,0183582076,primary,51.87857264,4.94952602
Zuid-Holland,Protestants Christelijke Basisschool de Rank,Lisstraat,15,3202 JG,SPIJKENISSE,1930,NISSEWAARD,0181613294,primary,51.85670686,4.32147199
Zuid-Holland,Basisschool De Duif,Salamanderveen,354,3205 TG,SPIJKENISSE,1930,NISSEWAARD,0181640678,primary,51.83413083,4.3387639
Zuid-Holland,Basisschool Op Dreef,Vlasdreef,2,3204 GS,SPIJKENISSE,1930,NISSEWAARD,0181630782,primary,51.83533643,4.32832791
Zuid-Holland,Jan Campert,Slauerhoffstraat,2,3202 VV,SPIJKENISSE,1930,NISSEWAARD,0181612624,primary,51.85508845,4.31523052
Zuid-Holland,Marimba Groenewoud,Eikenlaan,88-A,3203 BM,SPIJKENISSE,1930,NISSEWAARD,0181616543,primary,51.8418172,4.3380819
Zuid-Holland,De Veenvlinder,Vlinderveen,221,3205 EB,SPIJKENISSE,1930,NISSEWAARD,0181640087,primary,51.83370705,4.3423456
Zuid-Holland,PC Basissch de Hoeksteen,Gangesstraat,13,3207 AC,SPIJKENISSE,1930,NISSEWAARD,0181622741,primary,51.84441924,4.35238891
Zuid-Holland,"De Vuurvogel, Openbare Daltonschool Spijkenisse",Zwanenhoek,41,3201 HT,SPIJKENISSE,1930,NISSEWAARD,0181624186,primary,51.84402317,4.3173835
Zuid-Holland,De Wereldreiziger,Jagerskreek,65,3206 HJ,SPIJKENISSE,1930,NISSEWAARD,0181632553,primary,51.82676537,4.32632639
Zuid-Holland,De Vogelenzang,J. Wagenaarstraat,2,3208 AK,SPIJKENISSE,1930,NISSEWAARD,0181636296,primary,51.83019447,4.31399048
Zuid-Holland,Protestants Christelijke School Het Anker,M Rutgers-Hoitsemastr,4,3207 EJ,SPIJKENISSE,1930,NISSEWAARD,0181643434,primary,51.83690651,4.35970514
Zuid-Holland,Marimba Sterrenkwartier,Galileilaan,9-C,3204 AK,SPIJKENISSE,1930,NISSEWAARD,0181616543,primary,51.83912617,4.32352854
Zuid-Holland,Piramide Elementen,Rijnlaan,25,3207 PE,SPIJKENISSE,1930,NISSEWAARD,0181611121,primary,51.8462536,4.34455288
Zuid-Holland,WereldWijs,Kerkenbos,28,2716 PH,ZOETERMEER,0637,ZOETERMEER,0793516148,primary,52.0599852,4.47488391
Zuid-Holland,De Morgenster,Oranjelaan,27,3201 CN,SPIJKENISSE,1930,NISSEWAARD,0104420074,primary,51.85115864,4.32046691
Zuid-Holland,De Parel,Westersingel,2,2651 CP,BERKEL EN RODENRIJS,1621,LANSINGERLAND,0102680732,primary,51.99198498,4.47180925
Zuid-Holland,Het Christal,Pompenburgsingel,30,3135 PS,VLAARDINGEN,0622,VLAARDINGEN,0104341249,primary,51.91430638,4.35734449
Zuid-Holland,De Triangel Capelle,Bongerd,4,2906 VK,CAPELLE AAN DEN IJSSEL,0502,CAPELLE AAN DEN IJSSEL,0104420074,primary,51.933308,4.5664962
Zuid-Holland,Kleurrijk,Jacob Catslaan,3,2741 XL,WADDINXVEEN,0627,WADDINXVEEN,0182612341,primary,52.05362619,4.6548716
Zuid-Holland,Het Kompas,Spijkenissestraat,15,3081 SX,ROTTERDAM,0599,ROTTERDAM,0104855109,primary,51.89530498,4.48995633
Zuid-Holland,De Lichtwijzer,Van Houdringelaan,2-A,2341 BK,OEGSTGEEST,0579,OEGSTGEEST,0715173882,primary,52.18378366,4.46429139
Zuid-Holland,De Wonderwijzer,Tonneband,22,3371 JG,HARDINXVELD-GIESSENDAM,0523,HARDINXVELD-GIESSENDAM,0184614321,primary,51.82826388,4.82466256
Zuid-Holland,De Akker,Trompetstraat,3,2287 TK,RIJSWIJK ZH,0603,RIJSWIJK,0703944853,primary,52.03346706,4.32349075
Zuid-Holland,De Wegwijzer,Hoofdland,2,3332 RG,ZWIJNDRECHT,0642,ZWIJNDRECHT,0786129393,primary,51.8273444,4.64576887
Zuid-Holland,De Tamboerijn,Van Nesstraat,8,2404 AV,ALPHEN AAN DEN RIJN,0484,ALPHEN AAN DEN RIJN,0172424834,primary,52.13680527,4.65425148
Zuid-Holland,INOVA basisschool Hoek van Holland,Mercatorweg,155,3151 CJ,HOEK VAN HOLLAND,0599,ROTTERDAM,0174382346,primary,51.97782323,4.13693532
Zuid-Holland,Jan Prins,Nieuwstraat,15,3011 GM,ROTTERDAM,0599,ROTTERDAM,0104133111,primary,51.91956471,4.48541253
Zuid-Holland,Openbare Basisschool Het Landje,Schiedamsesingel,180,3012 BA,ROTTERDAM,0599,ROTTERDAM,0104123325,primary,51.91369829,4.4791198
Zuid-Holland,OBS Crooswijk,Goudseweg,15,3031 XH,ROTTERDAM,0599,ROTTERDAM,0104126573,primary,51.92746066,4.49039309
Zuid-Holland,De Phoenix,Bramenpad,1,3181 PX,ROZENBURG ZH,0599,ROTTERDAM,0181212943,primary,51.90581667,4.23041393
Zuid-Holland,Delfshaven,Pieter de Hoochstraat,52,3024 CS,ROTTERDAM,0599,ROTTERDAM,0108208987,primary,51.90529501,4.4569101
Zuid-Holland,De Boog,Kedoestraat,102,3029 CK,ROTTERDAM,0599,ROTTERDAM,0104780808,primary,51.90391107,4.44134552
Zuid-Holland,De Korf,Korfmakersstraat,80,3026 XJ,ROTTERDAM,0599,ROTTERDAM,0104371050,primary,51.91382483,4.4386042
Zuid-Holland,OBS Kasteel Spangen,Nicolaas Beetsstraat,4,3027 AR,ROTTERDAM,0599,ROTTERDAM,0104152770,primary,51.91974546,4.43663306
Zuid-Holland,obs Dakpark,Catharina Beersmansstr,80,3025 EJ,ROTTERDAM,0599,ROTTERDAM,0104760114,primary,51.90770971,4.4422364
Zuid-Holland,De Vierambacht,Nozemanstraat,75,3023 TM,ROTTERDAM,0599,ROTTERDAM,0104771883,primary,51.91464118,4.45296748
Zuid-Holland,OBS Mathenesse,Brigantijnstraat,46-48,3028 HH,ROTTERDAM,0599,ROTTERDAM,0104151130,primary,51.91796584,4.42296955
Zuid-Holland,Harbour IBSR,Coolhavenstraat,29,3024 TD,ROTTERDAM,0599,ROTTERDAM,0107371755,primary,51.9062907,4.45408692
Zuid-Holland,De Margriet,Nolensstraat,44,3039 PV,ROTTERDAM,0599,ROTTERDAM,0104663012,primary,51.93024429,4.46355312
Zuid-Holland,De Klimop,Rembrandtstraat,27,3035 LL,ROTTERDAM,0599,ROTTERDAM,0104666895,primary,51.93039592,4.48212366
Zuid-Holland,Jan Antonie Byloo,Rodaristraat,31,3066 LA,ROTTERDAM,0599,ROTTERDAM,0104200811,primary,51.93920693,4.55272747
Zuid-Holland,Openbare Daltonschool Overschie,2e Hogenbanweg,111,3042 AX,ROTTERDAM,0599,ROTTERDAM,0102450405,primary,51.93712228,4.42929006
Zuid-Holland,Openbare Montessori Basisschool Tuinstad Schiebroek/ Ter Bregge,Abeelweg,225,3053 PA,ROTTERDAM,0599,ROTTERDAM,0104180862,primary,51.96279141,4.47889779
Zuid-Holland,De Wilgenstam,Meidoornsingel,120,3052 BT,ROTTERDAM,0599,ROTTERDAM,0104185680,primary,51.95780741,4.47429434
Zuid-Holland,De Bergse Zonnebloem,Elektroweg,18-20,3051 NC,ROTTERDAM,0599,ROTTERDAM,0104181977,primary,51.94431614,4.47512568
Zuid-Holland,Eduard V Beinumschool,Bizetlaan,2,3055 SB,ROTTERDAM,0599,ROTTERDAM,0104226026,primary,51.96367054,4.50659607
Zuid-Holland,Jacob Maris-School,Jacob Marisplein,9,3055 BK,ROTTERDAM,0599,ROTTERDAM,0104182821,primary,51.95936356,4.49880635
Zuid-Holland,Basisschool Fridtjof Nansen Jenaplan Basisschool,Nansenplaats,4-6,3069 CV,ROTTERDAM,0599,ROTTERDAM,0104209048,primary,51.9648312,4.54549699
Zuid-Holland,Kruidenhoek Jenaplan Basisschool,Geelkruid,27-29,3068 SN,ROTTERDAM,0599,ROTTERDAM,0104211674,primary,51.95939635,4.55739147
Zuid-Holland,Prins Alexander,Curieplaats,20-22,3069 HA,ROTTERDAM,0599,ROTTERDAM,0104206022,primary,51.96334699,4.53673683
Zuid-Holland,Passe-Partout,Marcel Duchampplein,802,3059 RD,ROTTERDAM,0599,ROTTERDAM,0623229736,primary,51.97664716,4.58759435
Zuid-Holland,De Waterlelie,Veluwemeer,1,3068 KM,ROTTERDAM,0599,ROTTERDAM,0104211020,primary,51.96478453,4.57652853
Zuid-Holland,Globe,Zwartewaalstraat,38-B,3081 HZ,ROTTERDAM,0599,ROTTERDAM,0104848282,primary,51.89371162,4.48809653
Zuid-Holland,De Kameleon,Fazantstraat,105-107,3083 ZG,ROTTERDAM,0599,ROTTERDAM,0104817625,primary,51.88605395,4.4740709
Zuid-Holland,De Toermalijn,Hijkerveld,5,3085 PA,ROTTERDAM,0599,ROTTERDAM,0104803603,primary,51.8711796,4.48382665
Zuid-Holland,Charlois,Clemensstraat,117,3082 CE,ROTTERDAM,0599,ROTTERDAM,0104297320,primary,51.89343956,4.46676492
Zuid-Holland,Openbare Basisschool De Triangel,De Quackstraat,76,3082 VW,ROTTERDAM,0599,ROTTERDAM,0104290987,primary,51.88756758,4.46518665
Zuid-Holland,Basisschool over De Slinge,Krabbendijkestraat,243-245,3086 LR,ROTTERDAM,0599,ROTTERDAM,0104803552,primary,51.87324251,4.46584219
Zuid-Holland,De Mare,Grift,50,3075 SB,ROTTERDAM,0599,ROTTERDAM,0102917514,primary,51.88181055,4.50803382
Zuid-Holland,De Akkers,Jagerslaan,15,3075 AA,ROTTERDAM,0599,ROTTERDAM,0102907827,primary,51.88884601,4.49999168
Zuid-Holland,OBS De Bloementuin,Rozemarijnstraat,10,3073 EX,ROTTERDAM,0599,ROTTERDAM,0104849093,primary,51.89410876,4.50101216
Zuid-Holland,De Gouden Griffel,Slaghekstraat,5,3074 LA,ROTTERDAM,0599,ROTTERDAM,0104190730,primary,51.89808792,4.51377094
Zuid-Holland,Kindcentrum Blijvliet,Hillevliet,96,3074 KD,ROTTERDAM,0599,ROTTERDAM,0102908060,primary,51.89561442,4.50707554
Zuid-Holland,De Catamaran,Catullusweg,298,3076 KH,ROTTERDAM,0599,ROTTERDAM,0102916770,primary,51.87536403,4.52540947
Zuid-Holland,De Schalm,Katendrechtsestraat,61,3072 NS,ROTTERDAM,0599,ROTTERDAM,0104858393,primary,51.90100441,4.48094039
Zuid-Holland,Nelson Mandela,Jacominastraat,64,3072 SC,ROTTERDAM,0599,ROTTERDAM,0104841651,primary,51.90287076,4.50109969
Zuid-Holland,De Clipper,Laan op Zuid,1362,3071 AC,ROTTERDAM,0599,ROTTERDAM,0104850642,primary,51.90326546,4.50640975
Zuid-Holland,Kindcentrum IJsselmonde,Heindijk,20,3079 PM,ROTTERDAM,0599,ROTTERDAM,0104829188,primary,51.88207648,4.54601783
Zuid-Holland,De Plataan,Polluxstraat,12,3195 RH,PERNIS ROTTERDAM,0599,ROTTERDAM,0104161023,primary,51.88892404,4.39171576
Zuid-Holland,Basisschool Het Prisma,Nieuwe Wetering,251,3194 TB,HOOGVLIET ROTTERDAM,0599,ROTTERDAM,0102957416,primary,51.86706639,4.36918096
Zuid-Holland,De Notenkraker,Othelloweg,8,3194 GS,HOOGVLIET ROTTERDAM,0599,ROTTERDAM,0102957273,primary,51.87048665,4.36383716
Zuid-Holland,De Tuimelaar,Lengweg,146,3192 BM,HOOGVLIET ROTTERDAM,0599,ROTTERDAM,0104165392,primary,51.85492649,4.35734895
Zuid-Holland,De Barkentijn,De Haerestraat,17-19,3077 HD,ROTTERDAM,0599,ROTTERDAM,0104828485,primary,51.89056358,4.56840673
Zuid-Holland,Basisschool de Esch,Lage Filterweg,4,3063 SJ,ROTTERDAM,0599,ROTTERDAM,0104526822,primary,51.91236931,4.52200183
Zuid-Holland,Openbare Basisschool Plevier,Plevier,97-99,3191 GA,HOOGVLIET ROTTERDAM,0599,ROTTERDAM,0104160777,primary,51.85907753,4.37693141
Zuid-Holland,De Pijler,W.G. Witteveenplein,10,3071 MA,ROTTERDAM,0599,ROTTERDAM,0102900290,primary,51.90690151,4.50003911
Zuid-Holland,Pluspunt,Maria Wesselingstraat,14,3065 GA,ROTTERDAM,0599,ROTTERDAM,0102020534,primary,51.92749296,4.54826655
Zuid-Holland,OBS de Blijberg,Gordelweg,216-217,3039 GA,ROTTERDAM,0599,ROTTERDAM,0104669629,primary,51.93570605,4.45919602
Zuid-Holland,Park16Hoven,Tinbergenlaan,50-52,3045 BJ,ROTTERDAM,0599,ROTTERDAM,0103032550,primary,51.94818613,4.45378255
Zuid-Holland,Basisschool De Achtsprong,Kloosterstraat,31,3256 AH,ACHTHUIZEN,1924,GOEREE-OVERFLAKKEE,0187631246,primary,51.68645187,4.28281912
Zuid-Holland,Bloemcampschool,Bloemcamplaan,52,2244 EE,WASSENAAR,0629,WASSENAAR,0705179783,primary,52.11471412,4.36335247
Zuid-Holland,IBS el Enbiya,Schepenenstraat,5,4204 BL,GORINCHEM,0512,GORINCHEM, ,primary,51.83619074,4.95916699
Zuid-Holland,Basisschool Het Startblok,Van Halenstraat,1,3255 BN,OUDE-TONGE,1924,GOEREE-OVERFLAKKEE,0187642001,primary,51.69446053,4.21163068
Zuid-Holland,Ollie B Bommel,Nassaustraat,22,3258 AR,DEN BOMMEL,1924,GOEREE-OVERFLAKKEE,0187612007,primary,51.71439271,4.28835496
Zuid-Holland,OBS De Inktvis,Hondsgalgweg,5,3247 XW,DIRKSLAND,1924,GOEREE-OVERFLAKKEE,0187602783,primary,51.74510618,4.09711349
Zuid-Holland,Openbare Basisschool De Pannebakker,Koningin Julianastraat,13,3244 BE,NIEUWE-TONGE,1924,GOEREE-OVERFLAKKEE,0187652069,primary,51.71520652,4.16039956
Zuid-Holland,Openbare Basisschool De Regenboog,Weesmolenstraat,10,3257 XM,OOLTGENSPLAAT,1924,GOEREE-OVERFLAKKEE,0187632010,primary,51.68551515,4.34489409
Zuid-Holland,Openbare Basisschool Roxenisse,Julianaweg,4,3248 AN,MELISSANT,1924,GOEREE-OVERFLAKKEE,0187601951,primary,51.77062501,4.06704282
Zuid-Holland,Openbare Basisschool J.C. van Gent,Molenlaan,26,3245 CP,SOMMELSDIJK,1924,GOEREE-OVERFLAKKEE,0187482063,primary,51.75843482,4.14769268
Zuid-Holland,Openbare Basisschool de Molenvliet,Molendijk,8,3243 AM,STAD AAN 'T HARINGVLIET,1924,GOEREE-OVERFLAKKEE,0187611350,primary,51.73735598,4.24077109
Zuid-Holland,Basisschool Buten De Poorte,De Tuinen,2,3252 AH,GOEDEREEDE,1924,GOEREE-OVERFLAKKEE,0187492176,primary,51.81936451,3.98307995
Zuid-Holland,Openbare Basisschool De Westhoek,Dorpstienden,1,3253 AS,OUDDORP,1924,GOEREE-OVERFLAKKEE,0187681868,primary,51.80870423,3.93346323
Zuid-Holland,Basisschool Stellegors,Schoolstraat,2,3251 AZ,STELLENDAM,1924,GOEREE-OVERFLAKKEE,0187492212,primary,51.80521123,4.02779181
Zuid-Holland,CBS De Loofboom,Schoolstraat,32,2912 CR,NIEUWERKERK AD IJSSEL,1892,ZUIDPLAS,0180313747,primary,51.96874122,4.60660316
Zuid-Holland,Gideonschool,Kroonkruid,107-B,2914 TK,NIEUWERKERK AD IJSSEL,1892,ZUIDPLAS,0180316275,primary,51.97407702,4.61802548
Zuid-Holland,Elimschool,Van Beethovenlaan,31,2912 VK,NIEUWERKERK AD IJSSEL,1892,ZUIDPLAS,0180312706,primary,51.96356317,4.60794033
Zuid-Holland,Kon Julianaschool,Kom van Aaiweg,2,2351 NN,LEIDERDORP,0547,LEIDERDORP,0715420866,primary,52.15318648,4.52833914
Zuid-Holland,De Hobbit,Klerkenhof,5,2353 WB,LEIDERDORP,0547,LEIDERDORP,0715890385,primary,52.16909347,4.52517442
Zuid-Holland,De Morskring,Damlaan,1,2332 XG,LEIDEN,0546,LEIDEN,0715760852,primary,52.15900073,4.4689645
Zuid-Holland,Montessorischool Apollo,Strausspad,3,2324 BG,LEIDEN,0546,LEIDEN,0715765439,primary,52.14033376,4.47237317
Zuid-Holland,Leimundo,Hoflaan,80,2321 TA,LEIDEN,0546,LEIDEN,0715724242,primary,52.15087562,4.47986877
Zuid-Holland,Lucas V Leyden,Vliet,20,2311 RE,LEIDEN,0546,LEIDEN,0715121675,primary,52.15503744,4.48786496
Zuid-Holland,Brede School Merenwijk,Valkenpad,1,2317 AN,LEIDEN,0546,LEIDEN,0715213550,primary,52.1734457,4.50720206
Zuid-Holland,OBS Kwintijn,Broekplein,5,2318 TJ,LEIDEN,0546,LEIDEN,0715220243,primary,52.17958401,4.50288616
Zuid-Holland,De Dukdalf,Regenboogpad,7,2317 XK,LEIDEN,0546,LEIDEN,0715215507,primary,52.1790319,4.51517597
Zuid-Holland,De Viersprong,Bonaireplein,8,2315 HG,LEIDEN,0546,LEIDEN,0715221127,primary,52.16663066,4.50971052
Zuid-Holland,De Stevenshof,Antoinette Kleynstraat,4,2331 DV,LEIDEN,0546,LEIDEN,0715315109,primary,52.15383491,4.44879524
Zuid-Holland,Lorentz,Van Vollenhovenkade,17,2313 GG,LEIDEN,0546,LEIDEN,0715141777,primary,52.148958,4.50275133
Zuid-Holland,Woutertje Pieterse,Houtlaan,60,2334 CL,LEIDEN,0546,LEIDEN,0715154903,primary,52.17285533,4.47986733
Zuid-Holland,Anne Frank,Zuster Meijboomstraat,2,2331 PD,LEIDEN,0546,LEIDEN,0715318388,primary,52.1488831,4.45102778
Zuid-Holland,Openbare Basisschool de Vos,Multatulilaan,92,2251 ZM,VOORSCHOTEN,0626,VOORSCHOTEN,0715610216,primary,52.12868118,4.45869566
Zuid-Holland,Basisschool Rehoboth,Roerdompstraat,29,2964 HD,GROOT-AMMERS,1978,MOLENLANDEN,0184661529,primary,51.92532503,4.83085878
Zuid-Holland,School Met De Bijbel Eben Haezer,Waterlinie,8,2965 CC,NIEUWPOORT,1978,MOLENLANDEN,0184601818,primary,51.9304863,4.87415575
Zuid-Holland,Basisschool Eben Haezer,Irenestraat,140,2964 BL,GROOT-AMMERS,1978,MOLENLANDEN,0184661223,primary,51.92305584,4.82611754
Zuid-Holland,Sol Krommeweg / Admiraal,Admiraal de Ruyterlaan,1,3342 TA,HENDRIK-IDO-AMBACHT,0531,HENDRIK-IDO-AMBACHT,0786840336,primary,51.84348092,4.62656644
Zuid-Holland,Sol Villa Ambacht,Jan Wissenslaan,9,3341 GG,HENDRIK-IDO-AMBACHT,0531,HENDRIK-IDO-AMBACHT,0786814418,primary,51.84496525,4.64826844
Zuid-Holland,Sol De Watervlinder,Druivengaarde,11,3344 PK,HENDRIK-IDO-AMBACHT,0531,HENDRIK-IDO-AMBACHT,0786822252,primary,51.83443477,4.6442605
Zuid-Holland,Eben Haezerschool,Paulus Buijsstraat,51,2582 CH,'S-GRAVENHAGE,0518,S GRAVENHAGE,0703225228,primary,52.09608685,4.27698902
Zuid-Holland,Reformatorische Basisschool Eben Haezer,Albert Klingstraat,24,2691 ZC,'S-GRAVENZANDE,1783,WESTLAND,0174415187,primary,52.00408995,4.16588713
Zuid-Holland,De Calvijnschool,Claudius Civilislaan,30,3132 JB,VLAARDINGEN,0622,VLAARDINGEN,0104346530,primary,51.91176007,4.32430656
Zuid-Holland,School met de Bijbel,Ploegerf,1,2731 HJ,BENTHUIZEN,0484,ALPHEN AAN DEN RIJN,0793313430,primary,52.07647483,4.55352528
Zuid-Holland,Casa tweetalige Montessorischool,Groen van Prinstererlaan,1,2641 CA,PIJNACKER,1926,PIJNACKER-NOOTDORP,0152010376,primary,52.02456372,4.42955812
Zuid-Holland,Bosseschool,Juliana van Stolberglaan,19-A,3241 GL,MIDDELHARNIS,1924,GOEREE-OVERFLAKKEE,0187484881,primary,51.75559719,4.15876641
Zuid-Holland,Prins Maurits,Begonia,1,3247 DV,DIRKSLAND,1924,GOEREE-OVERFLAKKEE,0187601729,primary,51.74342598,4.10291758
Zuid-Holland,Pr Johan Friso,Deltastraat,13,3249 AC,HERKINGEN,1924,GOEREE-OVERFLAKKEE,0187661011,primary,51.71084239,4.09176781
Zuid-Holland,Basisschool Het Kompas Nederlands Hervormd Onderwijs,Schoolstraat,19,3251 AX,STELLENDAM,1924,GOEREE-OVERFLAKKEE,0187492458,primary,51.80565653,4.0257265
Zuid-Holland,Protestants Christelijke Basisschool Het Kompas,Nassaustraat,24,3258 AR,DEN BOMMEL,1924,GOEREE-OVERFLAKKEE,0187612064,primary,51.71426233,4.28863356
Zuid-Holland,School Met De Bijbel De Regenboog,Beatrixlaan,6,3248 AB,MELISSANT,1924,GOEREE-OVERFLAKKEE,0187601806,primary,51.76969002,4.07103298
Zuid-Holland,Basisschool De Bron,Melkweg,75,3255 TE,OUDE-TONGE,1924,GOEREE-OVERFLAKKEE,0187642011,primary,51.69379598,4.20811859
Zuid-Holland,School Met De Bijbel,Sperwer,167,3245 VP,SOMMELSDIJK,1924,GOEREE-OVERFLAKKEE,0187482110,primary,51.75239663,4.15439101
Zuid-Holland,Groen van Prinsterer Basisschool,Emmalaan,26,3241 GH,MIDDELHARNIS,1924,GOEREE-OVERFLAKKEE,0187482486,primary,51.75676106,4.15975988
Zuid-Holland,Protestants Christelijke Basisschool Oranje Nassau,Korteweegje,7,3244 AK,NIEUWE-TONGE,1924,GOEREE-OVERFLAKKEE,0187652233,primary,51.71294713,4.16637742
Zuid-Holland,Albert Schweitzerschool,Aleijd van Puttenstraat,1,3243 BA,STAD AAN 'T HARINGVLIET,1924,GOEREE-OVERFLAKKEE,0187612260,primary,51.73862804,4.23823761
Zuid-Holland,Christelijke Nationale School voor Basisonderwijs Zomerland,Prinses Marijkestraat,30,3251 XP,STELLENDAM,1924,GOEREE-OVERFLAKKEE,0187491719,primary,51.8065745,4.02303876
Zuid-Holland,Protestants Christelijke Basisschool Eben Haezer,Blauwe Distelstraat,31,3252 LA,GOEDEREEDE,1924,GOEREE-OVERFLAKKEE,0187492535,primary,51.83045342,4.0051464
Zuid-Holland,IKC Het Palet,Van Eesterensingel,197,2951 AP,ALBLASSERDAM,0482,ALBLASSERDAM,0786914914,primary,51.86380093,4.66404518
Zuid-Holland,IKC 't Nokkenwiel,Boerenpad,1,2953 BA,ALBLASSERDAM,0482,ALBLASSERDAM,0786914892,primary,51.87047661,4.65673415
Zuid-Holland,Basisschool de Dolfijn,Perkstraat,55,3333 VE,ZWIJNDRECHT,0642,ZWIJNDRECHT,0786126506,primary,51.81022107,4.63864573
Zuid-Holland,Kindcentrum De Kade,Hoendersekade,1,3332 KW,ZWIJNDRECHT,0642,ZWIJNDRECHT,0786123033,primary,51.82443412,4.64770441
Zuid-Holland,De Bosweide,Grevelingenhof,1,2987 EB,RIDDERKERK,0597,RIDDERKERK,0180417728,primary,51.89173335,4.57831835
Zuid-Holland,Basisschool de Develhoek,Beethovenlaan,97,3335 BE,ZWIJNDRECHT,0642,ZWIJNDRECHT,0786102464,primary,51.82018809,4.61089114
Zuid-Holland,Integraal Kindcentrum BinnensteBuiten,Duivenvoorde,2,3334 EH,ZWIJNDRECHT,0642,ZWIJNDRECHT,0786123226,primary,51.81463623,4.60353821
Zuid-Holland,De Botter,Voorn,11,2986 JA,RIDDERKERK,0597,RIDDERKERK,0180426731,primary,51.86475359,4.61912187
Zuid-Holland,Kindcentrum de Noord,Bilderdijklaan,2-A,2985 XB,RIDDERKERK,0597,RIDDERKERK,0180422567,primary,51.8655382,4.60737019
Zuid-Holland,De Piramide,Burg de Zeeuwstraat,294,2981 AJ,RIDDERKERK,0597,RIDDERKERK,0180499010,primary,51.86667061,4.59379637
Zuid-Holland,Basisschool de Reijer,Prinsenstraat,74,2983 CL,RIDDERKERK,0597,RIDDERKERK,0180412503,primary,51.8822018,4.60083585
Zuid-Holland,KJS,Sportlaan,6-B,2995 VN,HEERJANSDAM,0642,ZWIJNDRECHT,0786774375,primary,51.833751,4.5654998
Zuid-Holland,Basisschool De Tweemaster,Schoener,120,2991 JN,BARENDRECHT,0489,BARENDRECHT,0180616144,primary,51.84717888,4.54203642
Zuid-Holland,Openbare Basisschool De Draaimolen,Stellingmolen,12,2992 DN,BARENDRECHT,0489,BARENDRECHT,0180615895,primary,51.8501524,4.53057624
Zuid-Holland,De Openbare Dalton Basisschool De Zeppelin,Middeldijkerplein,3,2993 DL,BARENDRECHT,0489,BARENDRECHT,0180626317,primary,51.84790353,4.5022424
Zuid-Holland,Obs De Driehoek,Kouwenhoven-akker,14,2994 AS,BARENDRECHT,0489,BARENDRECHT,0180556847,primary,51.85975376,4.49400234
Zuid-Holland,IKC Cadans Berkel,Het Hoge Land,17-A,2652 EA,BERKEL EN RODENRIJS,1621,LANSINGERLAND,0850081959,primary,51.99914919,4.47249858
Zuid-Holland,Treehouse Tree of Infinity,Zuiderparklaan,45,2662 AD,BERGSCHENHOEK,1621,LANSINGERLAND,0626066702,primary,51.98485194,4.49775869
Zuid-Holland,KC De Ontdekkingsreizigers,Frederik Beuckelstraat,12,2809 TR,GOUDA,0513,GOUDA,0182206001,primary,52.0060846,4.67125839
Zuid-Holland,De Verwondering,Geuzenpark,4,3237 KN,VIERPOLDERS,1992,VOORNE AAN ZEE,0181201100,primary,51.89230805,4.18630593
Zuid-Holland,Ds. Abraham Hellenbroek,Swanendrift,78,3332 RN,ZWIJNDRECHT,0642,ZWIJNDRECHT,0786120899,primary,51.82477001,4.63996439
Zuid-Holland,Protestants Christelijke Basisschool de Wegwijzer,Hyacint,1-A,2925 EN,KRIMPEN AAN DEN IJSSEL,0542,KRIMPEN AAN DEN IJSSEL,0180580144,primary,51.92102304,4.62455359
Zuid-Holland,Groen van Prinsterer,Ericaplein,11,2906 CG,CAPELLE AAN DEN IJSSEL,0502,CAPELLE AAN DEN IJSSEL,0104507207,primary,51.93573614,4.57515197
Zuid-Holland,Protestants Christelijke Basisschool het Kompas,Patrijzenstraat,53,2922 GN,KRIMPEN AAN DEN IJSSEL,0542,KRIMPEN AAN DEN IJSSEL,0180599870,primary,51.91601209,4.59772363
Zuid-Holland,Protestants Christelijke Basisschool de Horizon,Roerdomplaan,88-A,2903 TJ,CAPELLE AAN DEN IJSSEL,0502,CAPELLE AAN DEN IJSSEL,0104505563,primary,51.92694796,4.58912857
Zuid-Holland,Het Baken,Maria Danneels erf,18,2907 BD,CAPELLE AAN DEN IJSSEL,0502,CAPELLE AAN DEN IJSSEL,0104503015,primary,51.94919876,4.57454392
Zuid-Holland,Christelijke Basisschool de Fontein,Jan de Geusrede,39-A,2901 CN,CAPELLE AAN DEN IJSSEL,0502,CAPELLE AAN DEN IJSSEL,0104582740,primary,51.91428813,4.56167454
Zuid-Holland,Rehoboth-School,Dorpsstraat,184,2992 AB,BARENDRECHT,0489,BARENDRECHT,0180615413,primary,51.85939658,4.53141964
Zuid-Holland,Prins Willem Alexander,Prof. van der Waalslaan,2,3362 SP,SLIEDRECHT,0610,SLIEDRECHT,0184416662,primary,51.81984979,4.7829044
Zuid-Holland,Christelijke Basisschool Anne De Vriesschool,Deltalaan,200,3363 AH,SLIEDRECHT,0610,SLIEDRECHT,0184418892,primary,51.82696321,4.75528506
Zuid-Holland,cbs Oranje-Nassau,Merwestraat,16,3361 HL,SLIEDRECHT,0610,SLIEDRECHT,0184415111,primary,51.81862881,4.77005614
Zuid-Holland,IKC Beatrix,Van Der Palmstraat,8,3351 HA,PAPENDRECHT,0590,PAPENDRECHT,0786152256,primary,51.83342514,4.68198289
Zuid-Holland,Prins Constantijn,Walmolen,2,3352 AN,PAPENDRECHT,0590,PAPENDRECHT,0786154954,primary,51.84056903,4.69002657
Zuid-Holland,Prins Floris,Moerbeihof,5,3355 AJ,PAPENDRECHT,0590,PAPENDRECHT,0786440330,primary,51.83688499,4.69763932
Zuid-Holland,Oranje Nassau,Leeuwerikstraat,7,3353 AT,PAPENDRECHT,0590,PAPENDRECHT,0786151499,primary,51.82523512,4.69073501
Zuid-Holland,Koningin Wilhelmina-School,Noordstraat,1,3371 SP,HARDINXVELD-GIESSENDAM,0523,HARDINXVELD-GIESSENDAM,0184614053,primary,51.82274348,4.83093885
Zuid-Holland,Basisschool De Bron,Dorpsstraat,13,2973 AB,MOLENAARSGRAAF,1978,MOLENLANDEN,0184641480,primary,51.87560177,4.81917674
Zuid-Holland,Rotterdamse Schoolvereniging 11,Stuart Millpad,84,3076 RK,ROTTERDAM,0599,ROTTERDAM,0104324297,primary,51.87760712,4.51300289
Zuid-Holland,Rotterdamse Schoolvereniging,Schiedamsesingel,155,3012 BB,ROTTERDAM,0599,ROTTERDAM,0104138999,primary,51.91447323,4.47815719
Zuid-Holland,1e Ned Montessorischool,Laan van Poot,353,2566 DA,'S-GRAVENHAGE,0518,S GRAVENHAGE,0715730910,primary,52.07666239,4.24533939
Zuid-Holland,Basisschool Het Open Venster,Catullusweg,440,3076 KH,ROTTERDAM,0599,ROTTERDAM,0104198722,primary,51.87440153,4.52388261
Zuid-Holland,Christelijke Basisschool Het Waterschip,Burgemeester Beyenstraat,81,3195 RB,PERNIS ROTTERDAM,0599,ROTTERDAM,0104381553,primary,51.89018189,4.39137006
Zuid-Holland,Christelijke Basisschool Beatrix,Herenoord,10,3079 JJ,ROTTERDAM,0599,ROTTERDAM,0104829652,primary,51.878471,4.55340918
Zuid-Holland,Wilhelminaschool,Natersweg,7,3082 VA,ROTTERDAM,0599,ROTTERDAM,0104292138,primary,51.88954014,4.46701773
Zuid-Holland,Protestants Christelijke Het Middelpunt,Cromme Meth,70,3191 TG,HOOGVLIET ROTTERDAM,0599,ROTTERDAM,0104168762,primary,51.86293862,4.36150889
Zuid-Holland,Beatrixschool,Krabbendijkestraat,240,3086 LW,ROTTERDAM,0599,ROTTERDAM,0104802816,primary,51.87278009,4.4665712
Zuid-Holland,Protestants Christelijke Basisschool Zalmplaat,Aalreep,10,3192 SE,HOOGVLIET ROTTERDAM,0599,ROTTERDAM,0104161435,primary,51.85347338,4.37159502
Zuid-Holland,Steven Stemerdingschool voor Basisonderwijs,Slingeplein,10,3085 EZ,ROTTERDAM,0599,ROTTERDAM,0104808635,primary,51.87182748,4.48970912
Zuid-Holland,Oecomenische Basisschool de Hoeksteen,Kerkwervesingel,30,3086 HH,ROTTERDAM,0599,ROTTERDAM,0104801179,primary,51.87526905,4.46987437
Zuid-Holland,Chr Basissch De Klaver,Klaverstraat,44,3083 VH,ROTTERDAM,0599,ROTTERDAM,0104818340,primary,51.88943291,4.47753381
Zuid-Holland,Prins Willem Alexanderschool voor Basisonderwijs,Noorderhagen,80,3078 CK,ROTTERDAM,0599,ROTTERDAM,0104820600,primary,51.8885456,4.55372925
Zuid-Holland,Prinses Margrietschool voor Basisonderwijs,Sportlaan,80,3078 WR,ROTTERDAM,0599,ROTTERDAM,0104191489,primary,51.88888265,4.53490443
Zuid-Holland,Oranjeschool voor Basisonderwijs,Putselaan,184,3073 JM,ROTTERDAM,0599,ROTTERDAM,0104851907,primary,51.89770127,4.49836184
Zuid-Holland,Da Costaschool v BSO,Johannes-Brandstraat,3-7,3072 BD,ROTTERDAM,0599,ROTTERDAM,0104843534,primary,51.89921189,4.50434453
Zuid-Holland,Vreewijkschool,Groenezoom,156,3075 GK,ROTTERDAM,0599,ROTTERDAM,0104190630,primary,51.8854199,4.51551086
Zuid-Holland,Johan Bogermanschool voor Basisonderwijs,Stichtseplein,3,3074 TN,ROTTERDAM,0599,ROTTERDAM,0104192192,primary,51.89350534,4.51254586
Zuid-Holland,Prot. Chr. Basisschool De Parel,Molecatensingel,250,3077 SH,ROTTERDAM,0599,ROTTERDAM,0104825226,primary,51.8930323,4.56564913
Zuid-Holland,De Schakel,Sandelingplein,25,3075 AG,ROTTERDAM,0599,ROTTERDAM,0104844688,primary,51.88955737,4.50579496
Zuid-Holland,Christelijk Basisschool De Akker,Millinxstraat,33,3081 PE,ROTTERDAM,0599,ROTTERDAM,0104844687,primary,51.89274777,4.49267905
Zuid-Holland,Chr Basissch De Sleutel,Putseplein,18,3073 HT,ROTTERDAM,0599,ROTTERDAM,0104844691,primary,51.89703257,4.50055602
Zuid-Holland,Christelijke Basisschool Willem van Oranje,Hendrick Croesinckstraat,36,3074 PG,ROTTERDAM,0599,ROTTERDAM,0104195289,primary,51.8912096,4.51138472
Zuid-Holland,Dominee Johannes Bogermanschool,Prof. Waterinklaan,43,3312 KM,DORDRECHT,0505,DORDRECHT,0786141791,primary,51.80066659,4.67912744
Zuid-Holland,Dominee J Polyanderschool,Atmosfeerstraat,34,3328 GD,DORDRECHT,0505,DORDRECHT,0786181637,primary,51.77942176,4.67765704
Zuid-Holland,Aida,Elboogstraat,68,2516 PV,'S-GRAVENHAGE,0518,S GRAVENHAGE,0708201200,primary,52.06695746,4.33223013
Zuid-Holland,Dominee Koelmanschool,Tapperstraat,1,4204 TR,GORINCHEM,0512,GORINCHEM,0183621645,primary,51.8373028,4.94811281
Zuid-Holland,Enderun Hisar Rotterdam,Zwederstraat,54,3073 ZT,ROTTERDAM,0599,ROTTERDAM, ,primary,51.89627561,4.49959303
Zuid-Holland,RK Daltonschool De Leeuwerik,Leeuwerikstraat,2,2352 ER,LEIDERDORP,0547,LEIDERDORP,0715892824,primary,52.15994484,4.52423368
Zuid-Holland,St Bernardusschool,Laan van Meerburg,1,2382 EP,ZOETERWOUDE,0638,ZOETERWOUDE,0715421600,primary,52.14228674,4.52314813
Zuid-Holland,RK basisschool Het Avontuur,Het Veldboeket,1,2381 JK,ZOETERWOUDE,0638,ZOETERWOUDE,0715801505,primary,52.11819006,4.49626139
Zuid-Holland,Rooms Katholieke Basisschool De Schakel,Van Alphenplein,6,2353 BX,LEIDERDORP,0547,LEIDERDORP,0715890988,primary,52.16412378,4.53746314
Zuid-Holland,De Springplank,Bonaireplein,4,2315 HG,LEIDEN,0546,LEIDEN,0715221110,primary,52.16617402,4.50989202
Zuid-Holland,Zylwyk,Schaduwpad,1,2317 VX,LEIDEN,0546,LEIDEN,0715233424,primary,52.17919388,4.51596383
Zuid-Holland,PC De Ley,Kiljanpad,2,2321 SK,LEIDEN,0546,LEIDEN,0715722141,primary,52.15091699,4.48023167
Zuid-Holland,Basisschool De Wereldwijzer,Antoinette Kleynstraat,6,2331 DV,LEIDEN,0546,LEIDEN,0715314950,primary,52.15382473,4.44863612
Zuid-Holland,Roomskatholieke Basisschool De Tweemaster,Broekplein,1,2318 TJ,LEIDEN,0546,LEIDEN,0715220239,primary,52.1793597,4.50294991
Zuid-Holland,Roomskatholieke Basisschool Sint Joseph-School,Oppenheimstraat,8,2313 JE,LEIDEN,0546,LEIDEN,0715132263,primary,52.15018519,4.50677897
Zuid-Holland,KBS Pacelli,Damlaan,22,2332 XH,LEIDEN,0546,LEIDEN,0715760858,primary,52.15813547,4.46824917
Zuid-Holland,Roomskatholieke Basisschool De Singel,Bonaireplein,7,2315 HG,LEIDEN,0546,LEIDEN,0715218471,primary,52.16659379,4.50951174
Zuid-Holland,Basisschool Eben Haezer,Jac. P. Thijssestraat,30,2771 HT,BOSKOOP,0484,ALPHEN AAN DEN RIJN,0172214881,primary,52.06518483,4.6529968
Zuid-Holland,Chr Basisschool De Parel,Sleedoorn,40,3171 PN,POORTUGAAL,0613,ALBRANDSWAARD,0105015016,primary,51.85457819,4.39428331
Zuid-Holland,Protestants Christelijke Basisschool Juliana,Julianastraat,6,3161 AK,RHOON,0613,ALBRANDSWAARD,0105015819,primary,51.85705028,4.41757964
Zuid-Holland,Protestants-Christelijke Basisschool Het Lichtpunt,Binnengracht,4,3162 WD,RHOON,0613,ALBRANDSWAARD,0102033720,primary,51.85677441,4.46873816
Zuid-Holland,De Vrije School Widar,De Meesterstraat,2,2613 XB,DELFT,0503,DELFT,0152130330,primary,52.01216055,4.34213827
Zuid-Holland,Leeuwenhartschool,Jasmijnstraat,6,3261 BK,OUD-BEIJERLAND,1963,HOEKSCHE WAARD,0186612142,primary,51.81978035,4.41940818
Zuid-Holland,Dordtse Vrije School,Dubbelmondestraat,1,3312 NB,DORDRECHT,0505,DORDRECHT,0786140106,primary,51.80500789,4.68163925
Zuid-Holland,Rudolf Steiner School Rotterdam,Michelangelostraat,375,3066 NL,ROTTERDAM,0599,ROTTERDAM,0104564742,primary,51.93487899,4.55266907
Zuid-Holland,Vrije School Vredehof,Vredehofweg,30,3062 EP,ROTTERDAM,0599,ROTTERDAM,0104526519,primary,51.92600296,4.51620226
Zuid-Holland,Vrije School Wonnebald,Mozartlaan,189,2555 JK,'S-GRAVENHAGE,0518,S GRAVENHAGE,0703254818,primary,52.06257742,4.23530517
Zuid-Holland,Vrije School Rotterdam West,Velsenluststraat,7,3021 AW,ROTTERDAM,0599,ROTTERDAM,0103132490,primary,51.92201195,4.45966128
Zuid-Holland,Basisschool Aloysius,Meester Postlaan,5,3155 BM,MAASLAND,1842,MIDDEN-DELFLAND,0105917116,primary,51.93418397,4.27269089
Zuid-Holland,Rooms Katholieke Basisschool de Nobelaer,Julianastraat,13,3255 BG,OUDE-TONGE,1924,GOEREE-OVERFLAKKEE,0187642181,primary,51.69224592,4.20951862
Zuid-Holland,Basisschool Sint Jan Baptist,Anemonenweg,17,2241 XH,WASSENAAR,0629,WASSENAAR,0705115085,primary,52.14428741,4.4135513
Zuid-Holland,Sint Bonifacius-School,Kloosterland,5,2242 JS,WASSENAAR,0629,WASSENAAR,0705116379,primary,52.14311826,4.39209768
Zuid-Holland,Basisschool Sint Jozef,Thorbeckestraat,37,2241 KR,WASSENAAR,0629,WASSENAAR,0705113934,primary,52.14833122,4.40284142
Zuid-Holland,Augustinusschool,P.J. Troelstrastraat,98,3354 BN,PAPENDRECHT,0590,PAPENDRECHT,0786154167,primary,51.82951028,4.70020785
Zuid-Holland,Kath BS St Willibrordus,Frans Halsstraat,2,3262 HG,OUD-BEIJERLAND,1963,HOEKSCHE WAARD,0186613456,primary,51.8164483,4.40289057
Zuid-Holland,Chr. Basisschool De Elout,Copernicusstraat,159,2561 VT,'S-GRAVENHAGE,0518,S GRAVENHAGE,0703455056,primary,52.0767006,4.27682161
Zuid-Holland,Basisschool Bavinck,Acaciastraat,141,2565 JZ,'S-GRAVENHAGE,0518,S GRAVENHAGE,0703450369,primary,52.07709985,4.2699801
Zuid-Holland,Kindcentrum Vroondaal,Madepolderweg,76-78,2553 EG,'S-GRAVENHAGE,0518,S GRAVENHAGE,0707900120,primary,52.03485579,4.21741794
Zuid-Holland,Prof Mr A Anema Basisschool,Eindstede,4,2543 BL,'S-GRAVENHAGE,0518,S GRAVENHAGE,0703669672,primary,52.04046378,4.26358006
Zuid-Holland,Ds W E Den Hertog School,Luxemburgstraat,7,2552 RA,'S-GRAVENHAGE,0518,S GRAVENHAGE,0703979206,primary,52.05328684,4.23798103
Zuid-Holland,Christelijke Basisschool De Ark,Maarsbergenstraat,169-C,2546 SP,'S-GRAVENHAGE,0518,S GRAVENHAGE,0703292952,primary,52.05652744,4.27088151
Zuid-Holland,Protestants Christelijke Basisschool Prinsehaghe,Prinsegracht,182,2512 GG,'S-GRAVENHAGE,0518,S GRAVENHAGE,0703802098,primary,52.07206996,4.30173154
Zuid-Holland,Waalse Louise De Coligny School voor Christelijk Basisonderwijs,Ametisthorst,421,2592 HN,'S-GRAVENHAGE,0518,S GRAVENHAGE,0703854949,primary,52.09406839,4.36138058
Zuid-Holland,Oranje Nassauschool voor Christelijk Basisonderwijs,Weissenbruchstraat,119,2596 GD,'S-GRAVENHAGE,0518,S GRAVENHAGE,0703280647,primary,52.09098392,4.32289301
Zuid-Holland,O G Heldringsch Christelijke Basis Onderwijs,IJsvogelplein,10,2566 VS,'S-GRAVENHAGE,0518,S GRAVENHAGE,0703635403,primary,52.08144035,4.25632253
Zuid-Holland,V Hoogstratensch Christelijk Basisonderwijs,Spaarwaterstraat,21,2593 RM,'S-GRAVENHAGE,0518,S GRAVENHAGE,0703854972,primary,52.08902914,4.3403606
Zuid-Holland,Chr Basisschool Comenius,Colensostraat,6,2572 NR,'S-GRAVENHAGE,0518,S GRAVENHAGE,0703806700,primary,52.06144293,4.29438269
Zuid-Holland,Da Costa School Christelijke Basisonderwijs,Hollanderstraat,21,2517 HH,'S-GRAVENHAGE,0518,S GRAVENHAGE,0703451194,primary,52.08423693,4.2822739
Zuid-Holland,kindcentrum Leyenburg kindcentrum voor opvang en christelijk onderwijs (0-12),Edamstraat,2,2547 VR,'S-GRAVENHAGE,0518,S GRAVENHAGE,0703251978,primary,52.06029,4.2650907
Zuid-Holland,Ds D.A. van den Boschschool voor Christelijk Basisonderwijs,Erasmusweg,68,2532 CR,'S-GRAVENHAGE,0518,S GRAVENHAGE,0703948687,primary,52.0524312,4.30456336
Zuid-Holland,"P Oosterleeschool, school voor Christelijk Basisonderwijs",Pieter Langendijkstraat,81,2533 TG,'S-GRAVENHAGE,0518,S GRAVENHAGE,0703801534,primary,52.04920408,4.29471709
Zuid-Holland,Dr J A Gerth V Wijksch voor Christelijk Basis Onderwijs,Withuysstraat,2,2523 GW,'S-GRAVENHAGE,0518,S GRAVENHAGE,0703944056,primary,52.05871548,4.31668201
Zuid-Holland,Christelijke Basisschool De Vliermeent,Vlierboomstraat,362,2564 HT,'S-GRAVENHAGE,0518,S GRAVENHAGE,0703250130,primary,52.0697028,4.26115758
Zuid-Holland,Ds Dj Karressch Christelijke Basisonderwijs,Naarderstraat,170,2574 PK,'S-GRAVENHAGE,0518,S GRAVENHAGE,0703235886,primary,52.06440395,4.27528353
Zuid-Holland,Paul Krugersch voor Christelijk Basisonderwijs,Fischerstraat,133,2572 PV,'S-GRAVENHAGE,0518,S GRAVENHAGE,0703888855,primary,52.06566217,4.29557206
Zuid-Holland,Christelijke Basisschool De Ontmoeting,Draaistraat,16,2516 KE,'S-GRAVENHAGE,0518,S GRAVENHAGE,0703995864,primary,52.06532228,4.33072913
Zuid-Holland,Jan V Nassauschool voor Protestants Christelijk Basisonderwijs,Zaanstraat,25,2515 TM,'S-GRAVENHAGE,0518,S GRAVENHAGE,0708200183,primary,52.0748064,4.32674456
Zuid-Holland,Pr Ireneschool voor Christelijk Basisonderwijs,Slicherstraat,6,2515 GE,'S-GRAVENHAGE,0518,S GRAVENHAGE,0703883716,primary,52.07027817,4.31442292
Zuid-Holland,Meester Schabergschool voor Christelijk Basisonderwijs,Sirtemastraat,400,2513 XX,'S-GRAVENHAGE,0518,S GRAVENHAGE,0703644622,primary,52.07526379,4.2981722
Zuid-Holland,Dr M M Den Hertogschool voor Christelijk Basis  Onderwijs,Amalia van Solmsstraat,5,2595 TA,'S-GRAVENHAGE,0518,S GRAVENHAGE,0703852552,primary,52.08201689,4.33639966
Zuid-Holland,De Horizon Christelijke School voor Basisonderwijs,Paets van Troostwijkstr,93,2522 DM,'S-GRAVENHAGE,0518,S GRAVENHAGE,0703993482,primary,52.05808977,4.33055712
Zuid-Holland,Protestants Christelijke Basisschool De Vuurtoren,Stevinstraat,65-E,2587 EB,'S-GRAVENHAGE,0518,S GRAVENHAGE,0703540031,primary,52.10841621,4.28452731
Zuid-Holland,Protestants Christelijke Basisschool De Oranjeschool,Westduinweg,127,2583 AA,'S-GRAVENHAGE,0518,S GRAVENHAGE,0703540457,primary,52.0950237,4.269287
Zuid-Holland,De Gantel,Laan van Wateringse Veld,925,2548 BR,'S-GRAVENHAGE,0518,S GRAVENHAGE,0703967222,primary,52.02616588,4.28981317
Zuid-Holland,CBS De Waterlelie,Laantje van Salland,32,2548 NP,'S-GRAVENHAGE,0518,S GRAVENHAGE,0703099730,primary,52.03439243,4.29352416
Zuid-Holland,Protestants Christelijke Basisschool Willem de Zwijger,Gentsestraat,124,2587 HZ,'S-GRAVENHAGE,0518,S GRAVENHAGE,0703557484,primary,52.11011756,4.2961276
Zuid-Holland,School Met De Bijbel De Hoeksteen,Pieter Biggestraat,11,3257 AR,OOLTGENSPLAAT,1924,GOEREE-OVERFLAKKEE,0187631485,primary,51.68108419,4.34750096
Zuid-Holland,Basisschool Herenweg,Herenweg,4,2242 ES,WASSENAAR,0629,WASSENAAR,0705114223,primary,52.14140444,4.39556192
Zuid-Holland,Chr Basisschool De Wegwijzer,Prins Clausstraat,1,2825 BG,BERKENWOUDE,1931,KRIMPENERWAARD,0182362589,primary,51.94623546,4.70514436
Zuid-Holland,School Met De Bijbel Koningin Beatrix,Margrietweg,6,3253 BM,OUDDORP,1924,GOEREE-OVERFLAKKEE,0187682306,primary,51.81501911,3.93311644
Zuid-Holland,Rooms Katholieke Basisschool De Kring Jenaplan-School,Rembrandt van Rijnlaan,26,2343 SR,OEGSTGEEST,0579,OEGSTGEEST,0715177211,primary,52.18625558,4.47807649
Zuid-Holland,RK Bs Joseph,Acacialaan,8,2641 AC,PIJNACKER,1926,PIJNACKER-NOOTDORP,0153692694,primary,52.02089827,4.43087638
Zuid-Holland,RK Bs  Maria,Ru Paresingel,1,2642 CR,PIJNACKER,1926,PIJNACKER-NOOTDORP,0153692389,primary,52.01324746,4.45148781
Zuid-Holland,RK Bs Johannes,Duivestein,27,2641 LG,PIJNACKER,1926,PIJNACKER-NOOTDORP,0153693712,primary,52.01094404,4.43865873
Zuid-Holland,RK Bs Het Spectrum,Florijnstraat,5,2645 HH,DELFGAUW,1926,PIJNACKER-NOOTDORP,0152573621,primary,52.00432775,4.3931021
Zuid-Holland,RK Bs De Keizerskroon,Zilverreigerdreef,101,2643 MC,PIJNACKER,1926,PIJNACKER-NOOTDORP,0153613005,primary,52.00325358,4.43885652
Zuid-Holland,Triangel,Florijnstraat,7,2645 HH,DELFGAUW,1926,PIJNACKER-NOOTDORP,0152562963,primary,52.00409292,4.39450903
Zuid-Holland,Kindcentrum Regenboog,Koningin Julianastraat,1,2631 BK,NOOTDORP,1926,PIJNACKER-NOOTDORP,0153109519,primary,52.04456482,4.39301651
Zuid-Holland,Vlinderboom,Zilverreigerdreef,115,2643 MC,PIJNACKER,1926,PIJNACKER-NOOTDORP,0153694106,primary,52.00298615,4.43657549
Zuid-Holland,Schatkaart,Groen van Prinstererlaan,5,2641 CA,PIJNACKER,1926,PIJNACKER-NOOTDORP,0153692183,primary,52.02447983,4.42922333
Zuid-Holland,Beatrix,Julianalaan,2,2641 HC,PIJNACKER,1926,PIJNACKER-NOOTDORP,0153698718,primary,52.01767486,4.43190246
Zuid-Holland,Fontein,Steenuillaan,2,2496 PN,'S-GRAVENHAGE,0518,S GRAVENHAGE,0153106066,primary,52.04471832,4.37429568
Zuid-Holland,Ackerweide,Gantellaan,7,2642 JK,PIJNACKER,1926,PIJNACKER-NOOTDORP,0153612304,primary,52.01002413,4.45242771
Zuid-Holland,Zonnestraal,Oeverwallaan,108,2498 BZ,'S-GRAVENHAGE,0518,S GRAVENHAGE,0153698244,primary,52.03151574,4.38131565
Zuid-Holland,Protestants Christelijke Basisschool de Wegwijzer,Koningin Julianalaan,2-A,2231 VD,RIJNSBURG,0537,KATWIJK,0714082759,primary,52.18726418,4.43951223
Zuid-Holland,Protestants Christelijke Basisschool de Schakel,Het Cappelrijeland,1-A,2231 ZD,RIJNSBURG,0537,KATWIJK,0714082428,primary,52.18455038,4.44269279
Zuid-Holland,Koningin Wilhelminaschool voor Protestants Christelijk Basisonderwijs,Kerkstraat,21,2231 CX,RIJNSBURG,0537,KATWIJK,0714082871,primary,52.18960894,4.44245402
Zuid-Holland,PC basisschool Oranje Nassau,Sandtlaan,98,2231 CE,RIJNSBURG,0537,KATWIJK,0714082347,primary,52.18978093,4.43366087
Zuid-Holland,Protestants Christelijke Basisschool Juliana,De Poel,2,2231 TK,RIJNSBURG,0537,KATWIJK,0714082215,primary,52.19099699,4.43348649
Zuid-Holland,Christelijk kindcentrum De Schalm,Kerkstraat,60,2951 GL,ALBLASSERDAM,0482,ALBLASSERDAM,0788200033,primary,51.86140735,4.66403849
Zuid-Holland,Christelijk kindcentrum De Twijn,Parallelweg,2,2951 BS,ALBLASSERDAM,0482,ALBLASSERDAM,0788200032,primary,51.86618899,4.66092717
Zuid-Holland,Christelijk kindcentrum De Meander,Witte de Withstraat,46,3342 TW,HENDRIK-IDO-AMBACHT,0531,HENDRIK-IDO-AMBACHT,0783030013,primary,51.84546965,4.62885762
Zuid-Holland,Christelijk kindcentrum De Tweestroom,Jan Wissenslaan,5,3341 GG,HENDRIK-IDO-AMBACHT,0531,HENDRIK-IDO-AMBACHT,0783030015,primary,51.84560784,4.64710048
Zuid-Holland,Christelijk Kindcentrum de Brink,Roerdompstraat,5,3334 AG,ZWIJNDRECHT,0642,ZWIJNDRECHT,0788200013,primary,51.81496552,4.62004365
Zuid-Holland,Christelijk Kindcentrum  Eigen-Wijs,Uilenvliet,41,3333 BS,ZWIJNDRECHT,0642,ZWIJNDRECHT,0788200012,primary,51.80889231,4.63080252
Zuid-Holland,Christelijk Kindcentrum Juliana,Juliana van Stolbergstr,30,3331 BJ,ZWIJNDRECHT,0642,ZWIJNDRECHT,0788200015,primary,51.81822171,4.64774406
Zuid-Holland,Christelijk kindcentrum Impuls,Talmaplantsoen,1-3,3332 CR,ZWIJNDRECHT,0642,ZWIJNDRECHT,0788200014,primary,51.82467094,4.66000409
Zuid-Holland,Kindcentrum De Notenbalk,Bazuinstraat,26,3335 DD,ZWIJNDRECHT,0642,ZWIJNDRECHT,0788200018,primary,51.82065976,4.60661174
Zuid-Holland,De Wijngaard,Druivengaarde,9,3344 PK,HENDRIK-IDO-AMBACHT,0531,HENDRIK-IDO-AMBACHT,0783030016,primary,51.83400757,4.64351309
Zuid-Holland,Protestants Christelijke Basisschool Het Kompas,Scheepsbouwplein,10,2953 XM,ALBLASSERDAM,0482,ALBLASSERDAM,0786912669,primary,51.87245859,4.63958875
Zuid-Holland,Jenaplanschool De Waterval,Judith Leijsterstraat,2,2162 JK,LISSE,0553,LISSE,0252418191,primary,52.24468283,4.55637722
Zuid-Holland,CBS Het Talent,Achterdijkshoorn,9,2635 MK,DEN HOORN ZH,1842,MIDDEN-DELFLAND,0152626285,primary,52.00212205,4.32489096
Zuid-Holland,Christelijke Basisschool De Ark,Sint Maartensregtplein,15,2636 GC,SCHIPLUIDEN,1842,MIDDEN-DELFLAND,0153808696,primary,51.97510299,4.31712573
Zuid-Holland,Christelijke Basisschool Het Mozaiek,Caspar Fagelstraat,65,2613 GV,DELFT,0503,DELFT,0152144263,primary,52.00988369,4.34731283
Zuid-Holland,Max Havelaar Kindcentrum ( afdeling Onderwijs),Drie Akersstraat,4,2611 JR,DELFT,0503,DELFT,0152134619,primary,52.01409033,4.35662604
Zuid-Holland,Christelijke Basisschool de Horizon,Brahmslaan,42,2625 BW,DELFT,0503,DELFT,0152562104,primary,51.99598569,4.33637847
Zuid-Holland,Christelijke Basisschool Rembrandt,Rooseveltlaan,49,2625 GM,DELFT,0503,DELFT,0152561988,primary,51.98942677,4.34824118
Zuid-Holland,CBS De Waterhof,Derde Werelddreef,29,2622 HB,DELFT,0503,DELFT,0152617670,primary,51.98135746,4.34826421
Zuid-Holland,Oranje Nassauschool,Selma Lagerlof-erf,164,3315 AT,DORDRECHT,0505,DORDRECHT,0786162904,primary,51.80025852,4.72421873
Zuid-Holland,Julianaschool,Goudenregenstraat,65,3319 TB,DORDRECHT,0505,DORDRECHT,0786160013,primary,51.78905027,4.70519303
Zuid-Holland,Beatrixschool,Van Schendelstraat,24,3319 RN,DORDRECHT,0505,DORDRECHT,0786161358,primary,51.7949857,4.69997056
Zuid-Holland,Protestants Christelijke Basisschool Johan Friso,Chico Mendesring,196,3315 MB,DORDRECHT,0505,DORDRECHT,0786213144,primary,51.80691235,4.71383778
Zuid-Holland,De Capelse Schoolvereniging,Duikerlaan,402,2903 AC,CAPELLE AAN DEN IJSSEL,0502,CAPELLE AAN DEN IJSSEL,0104505808,primary,51.93222836,4.59328362
Zuid-Holland,School Met De Bijbel,Noorderplein,2,4225 RT,NOORDELOOS,1978,MOLENLANDEN,0183581266,primary,51.90729899,4.94097645
Zuid-Holland,Johannes Calvijnschool,Scheldelaan,15,3363 CK,SLIEDRECHT,0610,SLIEDRECHT,0184412788,primary,51.82373325,4.77046841
Zuid-Holland,Delftsche Schoolvereniging,Koningsplein,83,2611 XG,DELFT,0503,DELFT,0152120628,primary,52.01777532,4.35645228
Zuid-Holland,Schoolvereniging voor Neutraal Bijzonder Onderwijs voor Gouda en omgeving,Groeneweg,27,2801 ZA,GOUDA,0513,GOUDA,0182519706,primary,52.01097688,4.7139276
Zuid-Holland,Schoolvereniging Wolters,Utenbroekestraat,2,2597 PH,'S-GRAVENHAGE,0518,S GRAVENHAGE,0703242630,primary,52.09884949,4.31359059
Zuid-Holland,Basisschool van de Stichting Haagsche School Vereniging,Nassaulaan,26,2514 JT,'S-GRAVENHAGE,0518,S GRAVENHAGE,0703638531,primary,52.08575613,4.30792553
Zuid-Holland,Willemspark,Frederikstraat,28,2514 LK,'S-GRAVENHAGE,0518,S GRAVENHAGE,0703464038,primary,52.08724682,4.31019182
Zuid-Holland,Montessorischool Waalsdorp,Utenbroekestraat,6,2597 PH,'S-GRAVENHAGE,0518,S GRAVENHAGE,0703247420,primary,52.09928286,4.31282521
Zuid-Holland,De Vrije School,Abbenbroekweg,7,2597 NT,'S-GRAVENHAGE,0518,S GRAVENHAGE,0703244300,primary,52.10568517,4.30449099
Zuid-Holland,Vuurvogel vrijeschool voor basisonderwijs,Schansbos,5-6,2716 GV,ZOETERMEER,0637,ZOETERMEER,0793517824,primary,52.05841281,4.46767796
Zuid-Holland,Basisschool De Ridderslag,Ridder van Catsweg,256-A,2805 BC,GOUDA,0513,GOUDA,0182537515,primary,52.02394595,4.70795916
Zuid-Holland,Vrije School Mareland,Maresingel,19,2316 HA,LEIDEN,0546,LEIDEN,0715219015,primary,52.16494698,4.49133317
Zuid-Holland,Vrije School Ridderspoor,Essenburg,24-26,2402 KP,ALPHEN AAN DEN RIJN,0484,ALPHEN AAN DEN RIJN,0172443009,primary,52.14858418,4.67425699
Zuid-Holland,Eerste Leidse Schoolvereniging,P.C. Hooftlaan,12,2332 AX,LEIDEN,0546,LEIDEN,0715765266,primary,52.1604205,4.47169287
Zuid-Holland,De Kralingsche School voor Basisonderwijs,Rozenburglaan,27,3062 EB,ROTTERDAM,0599,ROTTERDAM,0104526689,primary,51.9271018,4.51441738
Zuid-Holland,Basisschool Van Oldenbarneveltschool,Jagthuisstraat,14,3022 PR,ROTTERDAM,0599,ROTTERDAM,0102447125,primary,51.92114336,4.44947624
Zuid-Holland,Montessorischool,Zanderijpad,10,2242 GW,WASSENAAR,0629,WASSENAAR,0705113388,primary,52.1381904,4.38980572
Drenthe,School voor Praktijkonderwijs Assen,Zwartwatersweg,202,9406 NN,ASSEN,0106,ASSEN,0592340973,secondary,53.00873143,6.55171496
Drenthe,Christelijk Scholengemeenschap Vincent van Gogh Vwo Havo Mavo Vbo Lwoo,Selma Lagerloflaan,3,9406 KB,ASSEN,0106,ASSEN,0592390290,secondary,52.99975127,6.54547401
Drenthe,Openbare Scholengemeenschap Dr Nassau College voor Vwo Havo Mavo Vbo Lwoo,Mr Groen v Prinstererln,98,9402 KG,ASSEN,0106,ASSEN,0592390290,secondary,53.00459515,6.55943946
Drenthe,School voor Praktijkonderwijs De Meander,Wolfsbosstraat,7-A,7905 BZ,HOOGEVEEN,0118,HOOGEVEEN,0528266192,secondary,52.71953036,6.49212341
Drenthe,Regionale Scholengemeenschap Wolfsbos,Valkenlaan,1,7905 AA,HOOGEVEEN,0118,HOOGEVEEN,0528266192,secondary,52.71865635,6.49332989
Drenthe,Carmelcollege Emmen,Wendeling,59,7824 TB,EMMEN,0114,EMMEN,0591622870,secondary,52.77978515,6.92741567
Drenthe,Drenthe College Terra,Anne de Vriesstraat,70,9402 NT,ASSEN,0106,ASSEN,0881884444,secondary,52.99997441,6.56949079
Drenthe,Roelof van Echten College,Sportveldenweg,20,7902 NX,HOOGEVEEN,0118,HOOGEVEEN,0528358658,secondary,52.72137744,6.49200148
Drenthe,Hondsrug College Christelijke SGM voor LYC HAVO MAVO VBO LWOO,Emmalaan,25,7822 JB,EMMEN,0114,EMMEN,0591657979,secondary,52.77876766,6.90585768
Drenthe,Praktijkschool Emmen,Ullevi,22,7825 SE,EMMEN,0114,EMMEN,0591613310,secondary,52.77652883,6.94482632
Drenthe,Christelijke Scholengemeenschap Dingstede voor Mavo Havo en Atheneum,Gerard Doustraat,13,7944 HD,MEPPEL,0119,MEPPEL,0522700500,secondary,52.68933617,6.18210023
Drenthe,Stad & Esch Praktijkschool,Ezingerweg,54,7943 AZ,MEPPEL,0119,MEPPEL,0522253188,secondary,52.690357,6.19971859
Drenthe,Regionale Scholengemeenschap Stad en Esch voor Lyceum Havo Mavo Vbo Lwoo,Ezingerweg,52,7943 AZ,MEPPEL,0119,MEPPEL,0522263275,secondary,52.69049278,6.1987996
Drenthe,Scholengemeenschap de Nieuwe Veste voor Lyceum Havo Mavo Vbo Lwoo,Van Heeckerenlaan,2,7742 AB,COEVORDEN,0109,COEVORDEN,0524593800,secondary,52.66006792,6.7533387
Drenthe,Openbare Scholengemeenschap voor Lyceum Havo Mavo Vbo Lwoo Esdal College,Oosterstraat,78,7822 HG,EMMEN,0114,EMMEN,0880009610,secondary,52.78407851,6.90946625
Flevoland,Waldorf Almere,Rooseveltweg,5,1314 SJ,ALMERE,0034,ALMERE,0646446410,secondary,52.37824033,5.21935471
Flevoland,De Steiger school voor Praktijkonderwijs,Griend 50,1,8225 TZ,LELYSTAD,0995,LELYSTAD,0320252254,secondary,52.50016059,5.4950809
Flevoland,Berechja College voor MAVO HAVO VBO,Waaiershoek,46,8321 BH,URK,0184,URK,0527681237,secondary,52.66915785,5.60660909
Flevoland,Aeres Praktijkonderwijs Emmeloord,Scandinavielaan,33-A,8303 GN,EMMELOORD,0171,NOORDOOSTPOLDER,0880205120,secondary,52.7094556,5.74186903
Flevoland,Aeres VMBO Almere,Heliumweg,1,1362 JA,ALMERE,0034,ALMERE,0880205400,secondary,52.34775198,5.16641655
Flevoland,St Bonifatius Mavo,Prof. Lorentzstraat,3,8302 AS,EMMELOORD,0171,NOORDOOSTPOLDER,0527613469,secondary,52.71293359,5.75662118
Flevoland,Openbare School voor voortgezet onderwijs Zuyderzee Lyceum,Prof. ter Veenstraat,5,8302 GA,EMMELOORD,0171,NOORDOOSTPOLDER,0527635950,secondary,52.71541351,5.75677525
Flevoland,PORTEUM 2 voor Atheneum havo mavo vbo en lwoo,De Campus,15,8233 GA,LELYSTAD,0995,LELYSTAD,0320752500,secondary,52.49553871,5.48113382
Flevoland,PORTEUM 1 voor Atheneum havo mavo vbo en lwoo,De Campus,11,8233 GA,LELYSTAD,0995,LELYSTAD,0320752500,secondary,52.495524,5.47945998
Flevoland,PORTEUM 3 voor Atheneum havo mavo vbo en lwoo,De Campus,7,8233 GA,LELYSTAD,0995,LELYSTAD,0320752500,secondary,52.49631263,5.47964388
Flevoland,Openbare Scholengemeenschap Echnaton,Zwolleweg,1,1324 EL,ALMERE,0034,ALMERE,0365331220,secondary,52.36799791,5.21196073
Flevoland,Openbare Scholengemeenschap De Meergronden voor Vwo Havo Mavo Vmbo,Marktgracht,65,1353 AL,ALMERE,0034,ALMERE,0365472727,secondary,52.33630444,5.21727098
Flevoland,Praktijkonderwijs Almere-Bachweg,J.S. Bachweg,7,1323 BA,ALMERE,0034,ALMERE,0365338141,secondary,52.36955301,5.20116268
Flevoland,Oostvaarders College voor Lyceum Havo Mavo Vbo Lwoo,A. Boekenweg,3,1333 VD,ALMERE,0034,ALMERE,0365492492,secondary,52.39546477,5.26490502
Flevoland,Praktijkonderwijs Almere - Tom Poes,Tom Poesstraat,2,1336 AE,ALMERE,0034,ALMERE,0365494150,secondary,52.40216331,5.31039951
Flevoland,Praktijkonderwijs-Almere Koningsbeltweg,Koningsbeltstraat,4,1329 AL,ALMERE,0034,ALMERE,0365336194,secondary,52.37249151,5.27456961
Flevoland,Emelwerda College Christelijke Scholengemeenschap voor Lwoo Mavo Havo Vwo,Peppellaan,1,8302 AL,EMMELOORD,0171,NOORDOOSTPOLDER,0527634567,secondary,52.71516707,5.74924059
Flevoland,"Het Baken Almere, interconfessioneel voortgezet onderwijs VWO Havo Vmbo",Rooseveltweg,7,1314 SJ,ALMERE,0034,ALMERE,0365307207,secondary,52.37795945,5.22056924
Friesland,Burg Walda Scholengemeenschap voor VMBO,Ballumerweg,24,9163 GB,NES GEM AMELAND,0060,AMELAND,0519542066,secondary,53.44673522,5.76630713
Friesland,Burg Harmsma SGM voor VO Mavo Lhno en Lto,H. Ringenoldusstrjitte,3,8401 PV,GORREDIJK,0086,OPSTERLAND,0513463455,secondary,53.00716249,6.06697972
Friesland,Openbare Scholengemeenschap Singelland voor Lyceum Havo Mavo Vbo Lwoo,Van Haersmasingel,37,9201 KN,DRACHTEN,0090,SMALLINGERLAND,0512582345,secondary,53.11280129,6.10124147
Friesland,RSG Simon Vestdijk voor Ath Havo Mavo Vbo,Koningin Julianastraat,3,8862 TA,HARLINGEN,0072,HARLINGEN,0517432900,secondary,53.16916551,5.42442032
Friesland,Gemeentelijke Scholengemeenschap t Schylger Jouw voor vmbo,Zuid Midslandweg,8,8891 GH,MIDSLAND,0093,TERSCHELLING,0562448531,secondary,53.3810897,5.28678105
Friesland,Openbare Scholengemeenschap Piter Jelles voor Lyceum Havo Mavo Vbo Lwoo,Dr. Jacob Botkeweg,3,8935 AB,LEEUWARDEN,0080,LEEUWARDEN,0588801400,secondary,53.18588881,5.8049563
Friesland,Lauwers College Christelijk Scholengemeenschap voor Atheneum Havo Mavo Vbo,De Hoefslag,40,9285 RV,BUITENPOST,0059,ACHTKARSPELEN,0511542415,secondary,53.2501653,6.15482457
Friesland,Dockingacollege Chr SGS VMBO/HAVO/VWO,Parklaan,5,9103 ST,DOKKUM,1970,NOARDEAST-FRYSLAN,0519229610,secondary,53.31830548,5.99339549
Friesland,Christelijke Scholengemeenschap Liudger voor Lyceum Havo Mavo Vbo Lwoo Pro,Leerweg,2,9202 LC,DRACHTEN,0090,SMALLINGERLAND,0512305700,secondary,53.10550996,6.11827659
Friesland,Carmel Lyceum Hurdegaryp,Reidroas,12,9254 JR,HURDEGARYP,0737,TYTSJERKSTERADIEL,0511471712,secondary,53.21779398,5.93441999
Friesland,De Diken,Simmerdyk,1-A,8601 ZP,SNEEK,1900,SUDWEST-FRYSLAN,0515585801,secondary,53.03229784,5.64300439
Friesland,Christelijke Scholengemeenschap Bogerman voor Lyceum Havo Mavo Vbo Lwoo,Hemdijk,2,8601 XH,SNEEK,1900,SUDWEST-FRYSLAN,0515482482,secondary,53.03531541,5.6482374
Friesland,Marne College voor Atheneum Havo Mavo Vbo Lwoo,Schoolstraat,1,8701 DX,BOLSWARD,1900,SUDWEST-FRYSLAN,0515548222,secondary,53.06697292,5.51768105
Friesland,Stellingwerf College,Quadoelenweg,29,8431 LN,OOSTERWOLDE FR,0085,OOSTSTELLINGWERF,0516568500,secondary,52.99226209,6.28770242
Friesland,Linde College voor Atheneum Havo Mavo Vbo en Lwoo,Drafsportlaan,22,8472 AS,WOLVEGA,0098,WESTSTELLINGWERF,0561691700,secondary,52.88445112,6.00784679
Friesland,Comenius Christelijke Scholengemeenschap voor Atheneum Havo Vmbo Lwoo Pro,Achter de Hoven,118,8933 CR,LEEUWARDEN,0080,LEEUWARDEN,0582347670,secondary,53.19697595,5.80597858
Friesland,Christelijke Scholengemeenschap A.M. van Schurman voor Havo Mavo Vbo,Cort van der Lindenstr,1,8802 RX,FRANEKER,1949,WAADHOEKE,0517395900,secondary,53.19551522,5.53882412
Friesland,Christelijk Gymnasium Beyers Naude,Gymnasiumstraat,36,8932 GW,LEEUWARDEN,0080,LEEUWARDEN,0582124471,secondary,53.19449657,5.79526267
Friesland,Regionale Scholengemeenschap Magister Alvinus voor Vwo Havo Mavo Vbo,Almastraat,5,8601 EW,SNEEK,1900,SUDWEST-FRYSLAN,0515429760,secondary,53.030326,5.65327542
Friesland,PRO Dokkum,Birdaarderstraatweg,82,9101 PK,DOKKUM,1970,NOARDEAST-FRYSLAN,0519294137,secondary,53.3202902,5.98501825
Friesland,"Openbare Scholengroep  voor VMBO, Havo, Atheneum en Gymnasium",Schans,100,8441 AE,HEERENVEEN,0074,HEERENVEEN,0513657310,secondary,52.97238347,5.91335373
Friesland,"Bornego College Chr. Scholengemeenschap voor VMBO, Havo, Atheneum en Gymnasium",Ds Kingweg,1,8446 KZ,HEERENVEEN,0074,HEERENVEEN,0513801800,secondary,52.95317285,5.92161581
Friesland,De Compagnie Praktijkonderwijs Sevenwolden,Ds Kingweg,10,8446 KZ,HEERENVEEN,0074,HEERENVEEN,0513654155,secondary,52.94747257,5.92755871
Gelderland,Candea College Atheneum Havo Mavo Vmbo,Saturnus,1,6922 LX,DUIVEN,0226,DUIVEN,0316367800,secondary,51.9485611,5.99912806
Gelderland,Olympuscollege PC RK SGM voor Lyceum Havo Mavo,Olympus,11,6832 EL,ARNHEM,0202,ARNHEM,0263202870,secondary,51.96344848,5.90259897
Gelderland,Symbion School voor Praktijkonderwijs,Hoge Witteveld,2,6942 RD,DIDAM,1955,MONTFERLAND,0316583880,secondary,51.93124617,6.12800216
Gelderland,Produs,Leidenweg,60,6843 LD,ARNHEM,0202,ARNHEM,0263208830,secondary,51.9555357,5.86177044
Gelderland,Liemers College SGM voor LYC HAVO MAVO VBO LWOO,Heerenmaten,6,6904 GZ,ZEVENAAR,0299,ZEVENAAR,0316583800,secondary,51.93569285,6.05600495
Gelderland,Stedelijk Gymnasium Arnhem,Thorbeckestraat,17,6828 TS,ARNHEM,0202,ARNHEM,0263209840,secondary,51.98191764,5.92654578
Gelderland,Lorentz Groep voor Vwo Havo Mavo Vbo Lwoo,Metamorfosenallee,100,6843 HX,ARNHEM,0202,ARNHEM,0263202850,secondary,51.95592572,5.85331643
Gelderland,"Openb. SGM. Arnhem Noord. voor lyceum, havo, mavo en vbo",Bernhardlaan,49,6824 LE,ARNHEM,0202,ARNHEM,0263209820,secondary,51.9963585,5.94229017
Gelderland,Regionale Scholengemeenschap Pantarijn voor Lyc Havo Mavo Vbo Pro Lwoo,Hollandseweg,11,6706 KN,WAGENINGEN,0289,WAGENINGEN,0317465855,secondary,51.97993779,5.6756053
Gelderland,Openbare Regionale Scholengemeenschap Lek en Linge voor atheneum havo vmbo lwoo,Multatulilaan,6,4103 NM,CULEMBORG,0216,CULEMBORG,0345512833,secondary,51.94576867,5.23485876
Gelderland,Vrije school Zutphen-Groningen,De IJsselhank,1,7206 DG,ZUTPHEN,0301,ZUTPHEN,0575538720,secondary,52.12743604,6.19803059
Gelderland,Rooms Katholieke Scholengemeenschap Marianum voor Lyc Havo Mavo Vbo Lwoo,Deken Hooijmansingel,1,7141 EA,GROENLO,1586,OOST GELRE,0544477070,secondary,52.03820893,6.61776079
Gelderland,Carmel College West Betuwe,Ossengang,45,4191 LR,GELDERMALSEN,1960,WEST BETUWE,0345525816,secondary,51.88435621,5.27214588
Gelderland,Christelijk College Nassau-Veluwe,Stationslaan,26,3842 LA,HARDERWIJK,0243,HARDERWIJK,0341436170,secondary,52.3392667,5.62197044
Gelderland,Corlaer College,ds. Kuypersstraat,3-5,3863 CA,NIJKERK,0267,NIJKERK,0334794040,secondary,52.21142827,5.46562603
Gelderland,Accent Praktijkonderwijs,ds. Kuypersstraat,1,3863 CA,NIJKERK,0267,NIJKERK,0332458819,secondary,52.21147321,5.46544223
Gelderland,Staring College Regionale Scholengemeenschap voor Ath Gymn Havo Vmbo,Zutphenseweg,108,7241 SE,LOCHEM,0262,LOCHEM,0573297297,secondary,52.15094998,6.39247636
Gelderland,"Montessori College voor Vwo, Havo, Vmbo",Kwakkenbergweg,27,6523 MJ,NIJMEGEN,0268,NIJMEGEN,0243283000,secondary,51.82992163,5.88895254
Gelderland,"Het Streek Lyceum, Christelijke School voor mavo, havo, vwo en gymnasium",Bovenbuurtweg,1,6717 XA,EDE,0228,EDE,0318477100,secondary,52.02369288,5.66140754
Gelderland,Het Streek College Christelijke school voor praktijkonderwijs,Zandlaan,25,6717 LN,EDE,0228,EDE,0318477100,secondary,52.01780451,5.66796284
Gelderland,Isendoorn College voor Mavo Havo en Atheneum,Lage Weide,1,7231 NN,WARNSVELD,0301,ZUTPHEN,0575760760,secondary,52.13537635,6.2233634
Gelderland,Aeres VMBO en Aeres MBO,Mansholtlaan,18,6708 PA,WAGENINGEN,0289,WAGENINGEN,0880207020,secondary,51.9861391,5.67215139
Gelderland,hét KWC voor Lyc Havo Mavo Vbo Pro en Lwoo,Beethovenlaan,1,4102 BM,CULEMBORG,0216,CULEMBORG,0345639050,secondary,51.95088736,5.2339354
Gelderland,Christelijk College De Noordgouw,Eperweg,34-A,8181 EW,HEERDE,0246,HEERDE,0578693411,secondary,52.38217497,6.03299836
Gelderland,Regionale Scholengemeenschap Het Rhedens voor Lyceum Havo Mavo Vbo,Kleiberglaan,1,6891 DK,ROZENDAAL,0277,ROZENDAAL,0313490900,secondary,52.00406902,5.97211264
Gelderland,De Tender School voor Praktijkonderwijs,Harderwijkerweg,1-B,6952 AA,DIEREN,0275,RHEDEN,0313422765,secondary,52.04490103,6.09793281
Gelderland,Zone.college,Hoeflingweg,9,7241 CJ,LOCHEM,0262,LOCHEM,0882620700,secondary,52.1644985,6.40368569
Gelderland,Lingecollege voor vwo havo mavo vmbo pro lwoo,Teisterbantlaan,2,4006 EB,TIEL,0281,TIEL,0344614341,secondary,51.88431903,5.41882317
Gelderland,Pro College Nijmegen/Bemmel voor Praktijkonderwijs,Dennenstraat,21,6543 JP,NIJMEGEN,0268,NIJMEGEN,0242210221,secondary,51.83092504,5.82441238
Gelderland,Pro College Wijchen voor praktijkonderwijs,Acaciastraat,68,6602 EN,WIJCHEN,0296,WIJCHEN,0246412817,secondary,51.80850815,5.73965663
Gelderland,Scholengemeenschap voor Voortgezet Vrije Schoolonderwijs,Wilhelminasingel,13-15,6524 AJ,NIJMEGEN,0268,NIJMEGEN,0242082800,secondary,51.8404533,5.86454707
Gelderland,Maaswaal College voor Gymnasium Atheneum Havo Vmbo Lwoo,Veenseweg,18,6603 AN,WIJCHEN,0296,WIJCHEN,0246487120,secondary,51.80669964,5.75201066
Gelderland,Canisius College Lyceum Havo Mavo Vbo Lwoo,Berg en Dalseweg,207,6522 BK,NIJMEGEN,0268,NIJMEGEN,0243816816,secondary,51.83763464,5.88488636
Gelderland,Kandinsky College voor Lyceum Havo Mavo Vbo Lwoo,Malderburchtstraat,11,6535 ND,NIJMEGEN,0268,NIJMEGEN,0243594422,secondary,51.80617234,5.83900913
Gelderland,NSG Groenewoud voor Vwo Havo en Mavo,Van Cranenborchstraat,7,6525 BM,NIJMEGEN,0268,NIJMEGEN,0243234455,secondary,51.82582267,5.87491429
Gelderland,Pax Christi College - scholengemeenschap voor vwo havo vmbo lwoo,Mr. van Coothstraat,34,6651 ZJ,DRUTEN,0225,DRUTEN,0487512403,secondary,51.88682957,5.61409049
Gelderland,Stedelijk Gymnasium Nijmegen,Kronenburgersingel,269,6511 AS,NIJMEGEN,0268,NIJMEGEN,0243220606,secondary,51.8472931,5.85576534
Gelderland,Stedelijke Scholengemeenschap Nijmegen,IJsbeerstraat,12,6531 PL,NIJMEGEN,0268,NIJMEGEN,0243563974,secondary,51.82461471,5.84516883
Gelderland,Mondial College,Leuvensbroek,3001,6546 TD,NIJMEGEN,0268,NIJMEGEN,0243786993,secondary,51.831136,5.77792547
Gelderland,Citadel College voor vwo havo mavo vbo en lwoo,Dijkstraat,6,6663 AD,LENT,0268,NIJMEGEN,0243297740,secondary,51.86952666,5.85719679
Gelderland,Arentheem College Interconfessionele School voor Atheneum Gymnasium Havo Vmbo,Thomas a Kempislaan,25,6822 LR,ARNHEM,0202,ARNHEM,0264432113,secondary,51.99413935,5.9266862
Gelderland,Praktijkschool Arentheem,Laan van Presikhaaf,5,6826 HA,ARNHEM,0202,ARNHEM,0264432113,secondary,51.98441083,5.94504602
Gelderland,Sprengenbeek College Havo Mavo Vbo Lwoo,Albert Schweitzerlaan,2,8162 DS,EPE,0232,EPE,0578612094,secondary,52.34970332,5.97803854
Gelderland,Regionale Scholengemeenschap Slingerbos/Levant voor Ath Havo Mavo,Eisenhowerlaan,59,3844 AS,HARDERWIJK,0243,HARDERWIJK,0341414484,secondary,52.33327005,5.61512099
Gelderland,Christelijk Scholengemeenschap voor Atheneum Havo Mavo Vbo Lwoo,Mammoetstraat,3,6671 DL,ZETTEN,1734,OVERBETUWE,0488451544,secondary,51.92984487,5.72163114
Gelderland,Scholengemeenschap voor Vwo Dorenweerd College,Dalweg,5,6865 CZ,DOORWERTH,0274,RENKUM,0263397030,secondary,51.98493325,5.79732109
Gelderland,Over Betuwe College voor Ath Havo Mavo Vbo Lwoo,De Heister,1,6681 CV,BEMMEL,1705,LINGEWAARD,0481470555,secondary,51.89299099,5.91518088
Gelderland,De Meerwaarde,Rietberglaan,6,3771 RD,BARNEVELD,0203,BARNEVELD,0342404777,secondary,52.13125847,5.60061291
Gelderland,De Meerwaarde Praktijkonderwijs,Rietberglaan,6,3771 RD,BARNEVELD,0203,BARNEVELD,0342404777,secondary,52.13125847,5.60061291
Gelderland,Praktijkschool Apeldoorn,Fabianusstraat,2,7333 BM,APELDOORN,0200,APELDOORN,0555332544,secondary,52.19260593,5.96445749
Gelderland,De Brug School voor Praktijkonderwijs,Sportlaan,2,5301 PX,ZALTBOMMEL,0297,ZALTBOMMEL,0418540394,secondary,51.80384941,5.25603848
Gelderland,Stadspoort College Harderwijk,Kruithuis,4,3844 DH,HARDERWIJK,0243,HARDERWIJK,0341417419,secondary,52.34382115,5.61695956
Gelderland,Jacobus Fruijtier Scholengemeenschap v Lyceum Havo Mavo Vbo Lwoo,Anklaarseweg,71,7316 MB,APELDOORN,0200,APELDOORN,0555262300,secondary,52.23560781,5.96535019
Gelderland,Van Lodenstein College Reformatorische School voor Praktijkonderwijs,Verlengde Parkweg,49,6717 GL,EDE,0228,EDE,0854838008,secondary,52.02623168,5.65400018
Gelderland,Al Amana College Ede,Bovenbuurtweg,27,6717 XA,EDE,0228,EDE, ,secondary,52.01821423,5.66239098
Gelderland,Cambium College voor Atheneum Havo Mavo Vbo Lwoo,Courtine,2,5301 DH,ZALTBOMMEL,0297,ZALTBOMMEL,0418512500,secondary,51.80344519,5.23210359
Gelderland,Johannes Fontanus College Christelijk Scholengemeenschap voor Mavo Havo Atheneum,Wethouder Rebellaan,135,3771 KA,BARNEVELD,0203,BARNEVELD,0342491469,secondary,52.14930599,5.58069261
Gelderland,Pallas Athene College Openbare Scholengemeenschap voor Vwo Havo Mavo Vbo,Koekeltse Boslaan,21,6715 CW,EDE,0228,EDE,0318624500,secondary,52.03714452,5.64188499
Gelderland,Christelijk College Schaersvoorde voor Atheneum Havo Mavo Vbo Lwoo,Slingelaan,28,7122 AW,AALTEN,0197,AALTEN,0543491111,secondary,51.9258745,6.57344388
Gelderland,"Houtkamp College voor mavo, havo, ath, gym, vbo, lwoo",Ruimzichtlaan,155,7001 KD,DOETINCHEM,0222,DOETINCHEM,0314325248,secondary,51.9716385,6.28700709
Gelderland,Praktijkonderwijs Zutphen,Paulus Potterstraat,12-A,7204 CV,ZUTPHEN,0301,ZUTPHEN,0575515982,secondary,52.13883845,6.21234931
Gelderland,Almende College voor Gymnasium Atheneum Havo Mavo Vbo Lwoo,Terborgseveld,75,7064 AN,SILVOLDE,1509,OUDE IJSSELSTREEK,0315630000,secondary,51.91317986,6.37311555
Gelderland,Gerrit Komrij College Gemeentelijke Scholengemeenschap voor Vwo Havo Vmbo,Parallelweg,7,7102 DE,WINTERSWIJK,0294,WINTERSWIJK,0543551515,secondary,51.96801396,6.71338555
Gelderland,Panora Lyceum Scholengemeenschap voor Gymn Ath Havo Mavo,Holterweg,121,7001 EK,DOETINCHEM,0222,DOETINCHEM,0314727100,secondary,51.96222905,6.30044072
Gelderland,"Eligant Lyceum, scholengroep voor Lyceum Havo Mavo Vbo Lwoo",Isendoornstraat,3,7201 NJ,ZUTPHEN,0301,ZUTPHEN,0575590909,secondary,52.14518817,6.2001359
Gelderland,PRAKTICON,Spoorstraat,11-B,7003 DX,DOETINCHEM,0222,DOETINCHEM,0314389100,secondary,51.95889345,6.300855
Gelderland,MaxX,Parallelweg,5,7161 AE,NEEDE,1859,BERKELLAND,0545294145,secondary,52.13009751,6.62094898
Gelderland,Pronova,Wielewaalstraat,2,7102 HB,WINTERSWIJK,0294,WINTERSWIJK,0543531574,secondary,51.97025981,6.70466022
Gelderland,Nuborgh College,Kruidenlaan,1,8082 CA,ELBURG,0230,ELBURG,0525688199,secondary,52.44763853,5.86667948
Gelderland,Katholieke Scholengemeenschap Veluws College voor Gymn Ath Havo Mavo en Vmbo,Waltersingel,130,7314 NX,APELDOORN,0200,APELDOORN,0553579825,secondary,52.21210345,5.93370597
Gelderland,Christelijk Voortgezet Onderwijs Apeldoorn voor Gymn Ath Havo Mavo en Vmbo,Heemradenlaan,125,7329 BZ,APELDOORN,0200,APELDOORN,0555779799,secondary,52.1930795,6.00051173
Gelderland,Openbare Scholengemeenschap Apeldoorn,Jhr Mr G W Molleruslaan,42,7316 AW,APELDOORN,0200,APELDOORN,0555212655,secondary,52.2202623,5.96236049
Gelderland,Gymnasium Apeldoorn,Kastanjelaan,10,7316 BN,APELDOORN,0200,APELDOORN,0555213024,secondary,52.22072198,5.96589026
Gelderland,Christelijk College Groevenbeek,Paul Krugerweg,44-50,3851 ZJ,ERMELO,0233,ERMELO,0341274950,secondary,52.2891622,5.62097189
Gelderland,Notre Dame Des Anges Havo,Kasteelselaan,50,6574 AJ,UBBERGEN,1945,BERG EN DAL,0243229337,secondary,51.83695549,5.90739683
Gelderland,De Boog Christelijk School voor Prak Vorm,Buizerdweg,17,7331 JD,APELDOORN,0200,APELDOORN,0555423193,secondary,52.19677649,5.96425618
Gelderland,Marnix College  Scholengemeenschap voor Gymnasium Atheneum Havo Mavo,Prins Bernhardlaan,30,6713 MC,EDE,0228,EDE,0318650035,secondary,52.03156775,5.66362428
Groningen,Openbare Scholengemeenschap Winkler Prins voor ATH HAVO MAVO VBO LWOO,Raadsgildenlaan,1,9646 AA,VEENDAM,0047,VEENDAM,0598364656,secondary,53.11026117,6.86774767
Groningen,Willem Lodewijkgymnasium,Verzetsstrijderslaan,220,9727 CK,GRONINGEN,0014,GRONINGEN,0505262094,secondary,53.20865023,6.55064046
Groningen,Maartenscollege voor Lyceum Havo Mavo,Hemmenlaan,2,9751 NS,HAREN GN,0014,GRONINGEN,0505375200,secondary,53.184255,6.59207576
Groningen,Stichting bijzonder voortgezet onderwijs Ubbo Emmius voor Lyc Havo Mavo Vbo,Stationslaan,17,9503 CA,STADSKANAAL,0037,STADSKANAAL,0599631122,secondary,52.98574247,6.95011617
Groningen,School voor Praktijkonderwijs PrO Stadskanaal,Gelderselaan,1,9501 RA,STADSKANAAL,0037,STADSKANAAL,0599696020,secondary,52.9893805,6.95759595
Groningen,Dollard College PrO Winschoten,Bovenburen,11-A,9675 HA,WINSCHOTEN,1895,OLDAMBT,0597553195,secondary,53.15115964,7.02411499
Groningen,Dollard College Pontis Winschoten voor Lyc Havo Mavo Vbo Lwoo,Dr. J.H. Hommesplein,2,9671 CZ,WINSCHOTEN,1895,OLDAMBT,0597670200,secondary,53.14649438,7.040692
Groningen,Christelijke Scholengemeenschap Groningen Vmbo Havo Atheneum,Heerdenpad,8,9731 BW,GRONINGEN,0014,GRONINGEN,0505742766,secondary,53.23765249,6.57828499
Groningen,Christelijkeschool voor praktijkonderwijs De Bolster,Multatulistraat,91,9721 NH,GRONINGEN,0014,GRONINGEN,0505250110,secondary,53.19671254,6.56465159
Groningen,rsg de Borgen voor Lyceum Havo Mavo Vbo Lwoo,Waezenburglaan,51-A,9351 HC,LEEK,1969,WESTERKWARTIER,0505292929,secondary,53.16228203,6.37106288
Groningen,Gomarus College voor Vwo Havo Mavo Vbo Lwoo,Vondelpad,1,9721 LX,GRONINGEN,0014,GRONINGEN,0505244500,secondary,53.20074681,6.56779736
Groningen,Regionale Scholengemeenschap Ter Apel voor Ath Havo Mavo Lhno,Oude Weg,41,9561 LB,TER APEL,1950,WESTERWOLDE,0599581226,secondary,52.87744866,7.06702751
Groningen,Reitdiepcollege voor Atheneum Havo Mavo Vbo Lwoo,Eikenlaan,286,9741 EW,GRONINGEN,0014,GRONINGEN,0503210610,secondary,53.2321148,6.55068493
Groningen,Heyerdahl College Openbare School voor Praktijkonderwijs,Kluiverboom,1-B,9732 KZ,GRONINGEN,0014,GRONINGEN,0505797999,secondary,53.2336585,6.60768954
Groningen,Praedinius Gymnasium,Turfsingel,82,9711 VX,GRONINGEN,0014,GRONINGEN,0503120559,secondary,53.22109364,6.57151446
Groningen,"H. N. Werkmancollege, school voor Atheneum, havo,mavo en vbo",Nieuwe Sint Jansstraat,11,9711 VG,GRONINGEN,0014,GRONINGEN,0503210500,secondary,53.22015099,6.57286788
Groningen,Zernike College voor ATHENEUM HAVO MAVO VBO,Helper Brink,30,9722 EP,GRONINGEN,0014,GRONINGEN,0503210580,secondary,53.19992758,6.58212016
Groningen,dr Aletta Jacobs College voor Lyc Havo Mavo Vbo Lwoo,Laan van de Sport,4,9603 TG,HOOGEZAND,1952,MIDDEN-GRONINGEN,0598350250,secondary,53.15227496,6.76223901
Groningen,VO Eemsdelta  praktijkonderwijs,Pastorielaan,4-A,9901 CE,APPINGEDAM,1979,EEMSDELTA,0596693693,secondary,53.32484573,6.87229912
Groningen,"VO Eemsdelta voor vwo, havo en vmbo",Pastorielaan,4,9901 CE,APPINGEDAM,1979,EEMSDELTA,0596693693,secondary,53.32484573,6.87229912
Groningen,Hogeland College voor Ath Havo Mavo Vbo Lwoo,A.G. Bellstraat,2,9989 AT,WARFFUM,1966,HET HOGELAND,0595425005,secondary,53.39134476,6.55382778
Limburg,Praktijkonderwijs Roermond,Heinsbergerweg,192,6045 CL,ROERMOND,0957,ROERMOND,0475323437,secondary,51.16818493,6.00440064
Limburg,Valuascollege Lyc Ath Havo Mavo Vbo Lwoo,Hogeweg,24,5911 EB,VENLO,0983,VENLO,0773590400,secondary,51.37434731,6.17335345
Limburg,College Den Hulster Scholengemeenschap voor ATH HAVO MAVO VBO LWOO,Hagerhofweg,15,5912 PN,VENLO,0983,VENLO,0773590300,secondary,51.35750049,6.16113507
Limburg,Blariacumcollege Scholengemeenschap voor Lyceum Havo Mavo Vbo Lwoo,Drie Decembersingel,40,5922 BD,VENLO,0983,VENLO,0773590200,secondary,51.37119186,6.13714406
Limburg,Atheneum van de Trevianum Scholengroep,Bradleystraat,25,6135 CV,SITTARD,1883,SITTARD-GELEEN,0464206900,secondary,51.00737438,5.84838163
Limburg,Gymnasium van de Trevianum Scholengroep,Bradleystraat,25,6135 CV,SITTARD,1883,SITTARD-GELEEN,0464206900,secondary,51.00737438,5.84838163
Limburg,HAVO van de Trevianum Scholengroep,Bradleystraat,25,6135 CV,SITTARD,1883,SITTARD-GELEEN,0464206900,secondary,51.00737438,5.84838163
Limburg,"Mundium College voor vwo, havo, mavo, vbo en lwoo",Heinsbergerweg,184,6045 CK,ROERMOND,0957,ROERMOND,0475345700,secondary,51.17076736,6.00161112
Limburg,Bisschop College Broekhin voor Lyceum Havo Mavo Vbo,Bob Boumanstraat,30,6042 EH,ROERMOND,0957,ROERMOND,0475346666,secondary,51.20769323,6.01196318
Limburg,Connect College voor vwo havo mavo vbo en lwoo,Populierlaan,1,6101 BA,ECHT,1711,ECHT-SUSTEREN,0475416111,secondary,51.11226438,5.87041391
Limburg,Rooms Katholieke Scholengemeenschap St Ursula voor Vwo Havo Vmbo Lwoo,Bergerweg,21,6085 AS,HORN,1640,LEUDAL,0475582121,secondary,51.20771915,5.92953967
Limburg,Sophianum Scholengemeenschap in het Heuvelland,Landsraderweg,3,6271 NT,GULPEN,1729,GULPEN-WITTEM,0434505310,secondary,50.81077003,5.89038066
Limburg,Grotiuscollege Stedelijke Scholengemeenschap voor Lyceum Havo Mavo,Akerstraat,117,6417 BM,HEERLEN,0917,HEERLEN,0455713952,secondary,50.87968817,5.98643268
Limburg,DaCapo College locatie Havikstraat voor Mavo Vbo Lwoo,Havikstraat,5,6135 ED,SITTARD,1883,SITTARD-GELEEN,0467820800,secondary,51.00513782,5.84569505
Limburg,Het College voor Lyc Havo Mavo Vbo lwoo,Parklaan,1-A,6006 NT,WEERT,0988,WEERT,0495657740,secondary,51.2409698,5.69316865
Limburg,Emmacollege voor Mavo Kbl en BBL,De Weggebekker,1,6413 NR,HEERLEN,0917,HEERLEN,0455224040,secondary,50.92773001,5.95444896
Limburg,DaCapo-College Einighauserweg,Einighauserweg,25,6163 AK,GELEEN,1883,SITTARD-GELEEN,0467820700,secondary,50.9852515,5.82553165
Limburg,Sint-Janscollege voor Vwo Havo,Amstenraderweg,122,6431 EN,HOENSBROEK,0917,HEERLEN,0455218666,secondary,50.9331993,5.92931537
Limburg,Scholengemeenschap Philips van Horne voor LYC HAVO MAVO VBO LWOO,Herenstraat,298,6004 XL,WEERT,0988,WEERT,0495431030,secondary,51.25655361,5.71786804
Limburg,Compass College voor Atheneum Havo en Mavo,Schoolstraat,16,6443 BT,BRUNSSUM,0899,BRUNSSUM,0455258616,secondary,50.93924938,5.97091307
Limburg,Graaf Huyn College voor LYC HAVO MAVO VBO LWOO,Jos Klijnenlaan,683,6164 AP,GELEEN,1883,SITTARD-GELEEN,0464236400,secondary,50.95731171,5.82136679
Limburg,Stella Maris College voor Lyc Havo Mavo Vbo Lwoo,Parallelweg,56,6231 CJ,MEERSSEN,0938,MEERSSEN,0433586100,secondary,50.88133255,5.75723029
Limburg,Scholengemeenschap Groenewald voor Vmbo Havo VWO,Kinskystraat,15,6171 LX,STEIN,0971,STEIN,0464332820,secondary,50.96068484,5.77783386
Limburg,Bouwens van der Boije College voor Lyceum Havo Mavo Lwoo Vbo,Min. Calsstraat,10,5981 VT,PANNINGEN,1894,PEEL EN MAAS,0773068888,secondary,51.32048752,5.97950637
Limburg,Raayland College RK SGM v Gymn Ath Havo Mavo Vmbo Pro,Leunseweg,6,5802 CH,VENRAY,0984,VENRAY,0478551155,secondary,51.51997204,5.97811638
Limburg,Dendroncollege RK SGM v Lyc Havo Mavo Vbo Lwoo,Gebr. van Doornelaan,124,5961 BE,HORST,1507,HORST AAN DE MAAS,0773970880,secondary,51.46391511,6.04908523
Limburg,Terra Nigra Praktijkonderwijs,Terra nigrastraat,5,6216 BK,MAASTRICHT,0935,MAASTRICHT,0433621079,secondary,50.85139477,5.66168968
Limburg,Porta Mosana College Vwo Havo Mavo Vbo,Oude Molenweg,130,6228 XW,MAASTRICHT,0935,MAASTRICHT,0432410410,secondary,50.83447511,5.73316035
Limburg,Sint-Maartenscollege,Bemelerweg,1,6226 NE,MAASTRICHT,0935,MAASTRICHT,0433526868,secondary,50.84743547,5.72855453
Limburg,Bonnefantencollege,Eenhoornsingel,100,6216 CW,MAASTRICHT,0935,MAASTRICHT,0433541234,secondary,50.84892524,5.6633985
Limburg,"Openbaar Buurtcollege Maas en Peel voor mavo, havo en vwo",Piushof,87,5981 VW,PANNINGEN,1894,PEEL EN MAAS, ,secondary,51.32328379,5.97794673
Limburg,Wildveld,Roerdompstraat,5,5912 BR,VENLO,0983,VENLO,0773542450,secondary,51.36061188,6.16406171
Limburg,Het Martin Buber,Marktstraat,6,6461 CX,KERKRADE,0928,KERKRADE,0618736513,secondary,50.86470223,6.06307996
Limburg,Montessori College Maastricht voor Atheneum en Gymnasium,Wilhelminasingel,80,6221 BL,MAASTRICHT,0935,MAASTRICHT, ,secondary,50.84898248,5.70194287
Limburg,Katholieke School voor Praktijkonderwijs,Sittarderweg,75,6412 CC,HEERLEN,0917,HEERLEN,0455615555,secondary,50.89424225,5.97375699
Limburg,Herlecollege Scholengemeenschap voor Vmbo,Heldevierlaan,5,6415 SB,HEERLEN,0917,HEERLEN,0455721010,secondary,50.89949558,5.97865884
Limburg,"Charlemagne College voor VWO (ath.-gymn.), havo, vmbo, vmbo-t, lwoo",Dormansberg,19,6371 XE,LANDGRAAF,0882,LANDGRAAF,0455315656,secondary,50.89977574,6.02734746
Limburg,VWO van het Bernardinuscollege,Sint Franciscusweg,38,6417 BD,HEERLEN,0917,HEERLEN,0455740150,secondary,50.88251359,5.98469144
Limburg,School voor Havo Mavo V H Bernardinuscollege,Akerstraat,95,6417 BK,HEERLEN,0917,HEERLEN,0455740150,secondary,50.88189947,5.98469203
Limburg,Sintermeertencollege Scholengemeenschap voor Lyceum Havo Mavo,Valkenburgerweg,219,6419 AT,HEERLEN,0917,HEERLEN,0455711664,secondary,50.87849844,5.95694976
Limburg,Openbare School voor Praktijkonderwijs,Sittarderweg,75,6412 CC,HEERLEN,0917,HEERLEN,0455615555,secondary,50.89424225,5.97375699
Noord-Brabant,Gymnasium Bernrode,Abdijstraat,36,5473 AG,HEESWIJK-DINTHER,1721,BERNHEZE,0413291342,secondary,51.65396636,5.47373067
Noord-Brabant,Stedelijk Gymnasium,Mercatorplein,2,5223 LL,'S-HERTOGENBOSCH,0796,S HERTOGENBOSCH,0736219068,secondary,51.69047473,5.28921531
Noord-Brabant,Novum Saeculum Tilburg,Wildstraat,1,5042 WZ,TILBURG,0855,TILBURG,0685478811,secondary,51.57346473,5.05247352
Noord-Brabant,Sam College,Schoonstraat,34,5384 AP,HEESCH,1721,BERNHEZE,0412724972,secondary,51.73134586,5.52786833
Noord-Brabant,KSE (Katholieke Scholengemeenschap Etten-Leur e.o.),Stijn Streuvelslaan,42,4873 EB,ETTEN-LEUR,0777,ETTEN-LEUR,0765015905,secondary,51.56737013,4.64835774
Noord-Brabant,Markland Oudenbosch Gymn Ath Havo Mavo Vmbo,Eikenlaan,18,4731 CR,OUDENBOSCH,1655,HALDERBERGE,0165390390,secondary,51.58701163,4.53923481
Noord-Brabant,Markland Zevenbergen,Vaandelweg,4,4761 BC,ZEVENBERGEN,1709,MOERDIJK, ,secondary,51.64062795,4.60588216
Noord-Brabant,Rooms Katholieke SGM Pius X voor Gymnasium Atheneum Havo Mavo Vbo Pro Lwoo,Tuinstraat,1,5531 GK,BLADEL,1728,BLADEL,0497361261,secondary,51.3720598,5.23034926
Noord-Brabant,Medina College,Jacob Oppenheimstraat,1,5652 HG,EINDHOVEN,0772,EINDHOVEN,0850520298,secondary,51.44044934,5.44498582
Noord-Brabant,"Reeshof College VMBO, VMBO LWOO",Warmondstraat,240,5036 BV,TILBURG,0855,TILBURG,0135784770,secondary,51.57302649,4.99479636
Noord-Brabant,"Campus 013, scholengemeenschap voor vbo en mavo, lwoo",Stappegoorweg,185,5022 DD,TILBURG,0855,TILBURG,0135397040,secondary,51.54036398,5.08102533
Noord-Brabant,Curio vmbo,Steenspil,46,4661 TZ,HALSTEREN,0748,BERGEN OP ZOOM,0765048000,secondary,51.53764428,4.29345685
Noord-Brabant,Curio praktijkschool Breda,Frankenthalerstraat,17,4816 KA,BREDA,0758,BREDA,0765048000,secondary,51.59984855,4.80332444
Noord-Brabant,"Curio VO, locatie prinsentuin van cooth vmbo",Tuinzigtlaan,10,4812 XN,BREDA,0758,BREDA,0765048000,secondary,51.58041349,4.75304105
Noord-Brabant,Curio,Trivium,74,4873 LP,ETTEN-LEUR,0777,ETTEN-LEUR,0765048000,secondary,51.56977731,4.66163909
Noord-Brabant,Curio,Trivium,74,4873 LP,ETTEN-LEUR,0777,ETTEN-LEUR,0765048000,secondary,51.56977731,4.66163909
Noord-Brabant,Christiaan Huygens College voor Lyceum Havo Mavo Vbo Lwoo,Rachmaninowlaan,2,5653 AT,EINDHOVEN,0772,EINDHOVEN,0402516221,secondary,51.43023065,5.45569582
Noord-Brabant,De Nassau Scholengemeenschap voor Gymn Ath Havo Mavo,Paul Krugerlaan,2,4818 BC,BREDA,0758,BREDA,0765330330,secondary,51.58128315,4.79167834
Noord-Brabant,Augustinianum Scholengemeenschap voor Vwo en Havo,Dirk Boutslaan,25,5613 LH,EINDHOVEN,0772,EINDHOVEN,0402111069,secondary,51.43234798,5.49982017
Noord-Brabant,Het Hooghuis,Molenstraat,30,5341 GD,OSS,0828,OSS,0412224180,secondary,51.7672377,5.52573267
Noord-Brabant,Dongemond College voor Atheneum Havo en Vmbo,Collegeweg,1,4942 VC,RAAMSDONKSVEER,0779,GEERTRUIDENBERG,0162513469,secondary,51.70344359,4.87167317
Noord-Brabant,Lorentz Casimir Lyceum,Celebeslaan,10-20,5641 AG,EINDHOVEN,0772,EINDHOVEN,0402909420,secondary,51.44769334,5.50938283
Noord-Brabant,Praktijkschool De Zwaaikom,Nassaustraat,10,4902 NA,OOSTERHOUT NB,0826,OOSTERHOUT,0162422827,secondary,51.64263825,4.84587771
Noord-Brabant,Het Kwadrant School voor Praktijk Onderwijs,Oberonstraat,2,4624 VM,BERGEN OP ZOOM,0748,BERGEN OP ZOOM,0164210199,secondary,51.48354813,4.31129919
Noord-Brabant,Elde College Schijndel voor VWO HAVO VMBO LWOO en PRO,Putsteeg,4,5481 XT,SCHIJNDEL,1948,MEIERIJSTAD,0738200400,secondary,51.61567129,5.42689259
Noord-Brabant,Udens College voor Lyceum Havo Mavo Vbo Lwoo,President Kennedylaan,22-B,5402 KD,UDEN,1991,MAASHORST,0413283000,secondary,51.66207516,5.62700025
Noord-Brabant,Stg ROC Summa College,Habsburglaan,1,5616 HV,EINDHOVEN,0772,EINDHOVEN,0402694000,secondary,51.43400121,5.45524847
Noord-Brabant,Delta vmbo,Deltaweg,205,5709 AB,HELMOND,0794,HELMOND,0492510306,secondary,51.47114777,5.70369244
Noord-Brabant,Willibrord Gymnasium,Beukenstraat,80,5753 GD,DEURNE,0762,DEURNE,0493314802,secondary,51.44732827,5.78203096
Noord-Brabant,Jan van Brabant College vestiging Molenstraat,Molenstraat,191,5701 KD,HELMOND,0794,HELMOND,0492522287,secondary,51.478546,5.6617139
Noord-Brabant,Commanderij College voor gymnasium atheneum havo vmbo  en praktijkonderwijs,Sleutelbosch,2,5421 KZ,GEMERT,1652,GEMERT-BAKEL,0492371220,secondary,51.55877024,5.68958067
Noord-Brabant,Voortgezet Onderwijs Best-Oirschot,Willem de Zwijgerweg,150,5684 SL,BEST,0753,BEST,0499336231,secondary,51.50007614,5.38314174
Noord-Brabant,Ds. Pierson College voor Mavo Havo Atheneum,Geraert ter Borchstraat,1,5212 CZ,'S-HERTOGENBOSCH,0796,S HERTOGENBOSCH,0736442929,secondary,51.69956251,5.31795763
Noord-Brabant,"Pro College Boxmeer, school voor Praktijkonderwijs",Stationsweg,38-B,5831 CR,BOXMEER,1982,LAND VAN CUIJK,0485577459,secondary,51.6418289,5.942816
Noord-Brabant,OMO Scholengroep Bergen op Zoom e.o. voor Lyceum Havo Mavo Vbo Lwoo,Bolwerk-Zuid,168,4611 DX,BERGEN OP ZOOM,0748,BERGEN OP ZOOM,0164213520,secondary,51.49920994,4.28915367
Noord-Brabant,"Maurick College Scholengemeenschap voor vmbo, havo, atheneum en gymnasium",Titus Brandsmalaan,1,5262 BS,VUGHT,0865,VUGHT,0736562302,secondary,51.65118731,5.28251434
Noord-Brabant,"Voortgezet Onderwijs Veghel voor vwo, havo, mavo, vbo en praktijkonderwijs",Pr W Alexander Sportprk,15,5461 XL,VEGHEL,1948,MEIERIJSTAD,0413366941,secondary,51.62649186,5.54037089
Noord-Brabant,Baanderherencollege Vmbo,Baanderherenweg,2,5282 RJ,BOXTEL,0757,BOXTEL,0411676924,secondary,51.59451581,5.31668853
Noord-Brabant,Munnikenheide College voor MAVO VBO LWOO,Trivium,60,4873 LP,ETTEN-LEUR,0777,ETTEN-LEUR,0765016152,secondary,51.57123324,4.66148052
Noord-Brabant,Rodenborch-College voor Atheneum Havo Mavo,Rietpad,4,5245 PE,ROSMALEN,0796,S HERTOGENBOSCH,0735219046,secondary,51.72523886,5.35203576
Noord-Brabant,Varendonck College voor Atheneum Gymnasium Havo Vmbo Lwoo Pro,Beatrixlaan,25,5721 LZ,ASTEN,0743,ASTEN,0493672672,secondary,51.39874216,5.73259789
Noord-Brabant,Roncalli Scholengemeenschap voor Ath Havo Mavo,Tuinderspad,6,4613 CA,BERGEN OP ZOOM,0748,BERGEN OP ZOOM,0164241050,secondary,51.50195963,4.28624436
Noord-Brabant,Sondervick College RK Scholengemeenschap voor Lyceum Havo Mavo Vbo Lwoo,Knegselseweg,30,5504 NC,VELDHOVEN,0861,VELDHOVEN,0402309444,secondary,51.40370882,5.38366106
Noord-Brabant,2College voor Lyceum Havo Mavo Vbo,Van Kemenadelaan,5,5061 EE,OISTERWIJK,0824,OISTERWIJK,0880232600,secondary,51.57652978,5.18542605
Noord-Brabant,Jacob-Roelandslyceum,Grote Beemd,3,5281 CC,BOXTEL,0757,BOXTEL,0411672219,secondary,51.58528244,5.3292558
Noord-Brabant,OMO Scholengroep De Langstraat voor vwo havo mavo vbo,Olympiaweg,8-B,5143 NA,WAALWIJK,0867,WAALWIJK,0416673930,secondary,51.68568007,5.07832341
Noord-Brabant,"Mezzo Scholen voor vwo, havo en vmbo",Bilderbeekstraat,27,5831 CW,BOXMEER,1982,LAND VAN CUIJK,0485572032,secondary,51.64512032,5.94286156
Noord-Brabant,Gymnasium Beekvliet,Beekvlietstraat,4,5271 SM,SINT-MICHIELSGESTEL,0845,SINT-MICHIELSGESTEL,0735512213,secondary,51.64219686,5.36294826
Noord-Brabant,Van Maerlant voor Mavo Vbo Lwoo,Onderwijsboulevard,1,5223 DE,'S-HERTOGENBOSCH,0796,S HERTOGENBOSCH,0736132931,secondary,51.69143498,5.28697167
Noord-Brabant,Instelling Voortgezet Onderwijs Deurne voor ATH GYM HAVO MAVO VBO LWOO PRO,Vloeieindsedreef,5,5753 SM,DEURNE,0762,DEURNE,0493353400,secondary,51.44579537,5.78395753
Noord-Brabant,Rythovius College Scholengemeenschap voor Lyc Havo Mavo,Bospoort,1,5521 CK,EERSEL,0770,EERSEL,0497513043,secondary,51.36305258,5.31199483
Noord-Brabant,Merletcollege Lyc Havo Mavo Vbo Lwoo,Katwijkseweg,2,5431 RX,CUIJK,1982,LAND VAN CUIJK,0485336336,secondary,51.73766228,5.87947814
Noord-Brabant,"Parmant Scholen voor vwo, havo, mavo, vbo, pro en lwoo",von Flotowlaan,1,5653 AD,EINDHOVEN,0772,EINDHOVEN,0402116090,secondary,51.42905433,5.45840766
Noord-Brabant,"Mill Hill College voor mavo, havo en vwo",Venneweg,42,5051 BP,GOIRLE,0785,GOIRLE,0135420538,secondary,51.53157058,5.05930699
Noord-Brabant,Van Maerlantlyceum,Jacob van Maerlantlaan,11,5615 JS,EINDHOVEN,0772,EINDHOVEN,0402513704,secondary,51.42819829,5.4745849
Noord-Brabant,Eckartcollege voor Lyc Havo Mavo Vbo Lwoo,Damocleslaan,3,5631 KC,EINDHOVEN,0772,EINDHOVEN,0402972222,secondary,51.46510443,5.50055669
Noord-Brabant,"OMO Scholengroep Helmond voor vwo, havo, mavo, vbo en praktijkonderwijs",Keizerin Marialaan,4,5702 NR,HELMOND,0794,HELMOND,0492792020,secondary,51.48767419,5.65794048
Noord-Brabant,Sint-Janslyceum School voor Gymnasium Atheneum Havo en Mavo,Sweelinckplein,3,5216 EG,'S-HERTOGENBOSCH,0796,S HERTOGENBOSCH,0736154780,secondary,51.67871313,5.31783862
Noord-Brabant,Maaslandcollege Scholengemeenschap voor Mavo Havo Vwo,Vianenstraat,1,5342 AJ,OSS,0828,OSS,0412667070,secondary,51.76210574,5.52236492
Noord-Brabant,"Scholengemeenschap Tongerlo voor lyceum, havo, mavo, vmbo, praktijkonderwijs",Bovendonk,1,4707 ZH,ROOSENDAAL,1674,ROOSENDAAL,0165792000,secondary,51.52266404,4.4668627
Noord-Brabant,Theresialyceum voor gymnasium atheneum en havo,Prof Cobbenhagenlaan,5,5037 DA,TILBURG,0855,TILBURG,0134673738,secondary,51.56108585,5.0614443
Noord-Brabant,Sint Odulphuslyceum Scholengemeenschap voor VWO en HAVO,Noordhoekring,99,5038 GC,TILBURG,0855,TILBURG,0135426652,secondary,51.55705485,5.07718075
Noord-Brabant,"Scholengemeenschap Were Di voor gymnasium, atheneum, havo, vmbo en lwoo",Merendreef,1,5553 CC,VALKENSWAARD,0858,VALKENSWAARD,0402074700,secondary,51.36302259,5.46879843
Noord-Brabant,Kwadrant Scholengroep  RK Regionale Scholengemeenschap voor Vwo Havo en Vmbo,Mgr. Schaepmanlaan,13,5103 BB,DONGEN,0766,DONGEN,0162372810,secondary,51.63121378,4.94196179
Noord-Brabant,Bossche Vakschool voor Mavo Vbo Lwoo,Hervensebaan,5,5232 JL,'S-HERTOGENBOSCH,0796,S HERTOGENBOSCH,0736443777,secondary,51.70199699,5.32385128
Noord-Brabant,Baanderherencollege Praktijkonderwijs,Baanderherenweg,2,5282 RJ,BOXTEL,0757,BOXTEL,0411676924,secondary,51.59451581,5.31668853
Noord-Brabant,De Nieuwste School voor vwo havo mavo,Professor Goossenslaan,1-02,5022 DM,TILBURG,0855,TILBURG,0135812066,secondary,51.53958302,5.07914099
Noord-Brabant,"De Rijzert, school voor Praktijkonderwijs",Hedikhuizerweg,3,5222 BC,'S-HERTOGENBOSCH,0796,S HERTOGENBOSCH,0736217623,secondary,51.70395565,5.26444249
Noord-Brabant,Regionale Scholengemeenschap 't Rijks School voor Lyceum Havo Mavo,Burg Stulemeijerlaan,24,4611 EG,BERGEN OP ZOOM,0748,BERGEN OP ZOOM,0164242150,secondary,51.49876337,4.28278852
Noord-Brabant,Jan Tinbergen College Openbare Scholengemeenschap voor Ath Havo Mavo,Burg Schneiderlaan,2,4706 EZ,ROOSENDAAL,1674,ROOSENDAAL,0165543871,secondary,51.53112447,4.47996723
Noord-Brabant,Scholengemeenschap De Rooi Pannen,Dr. Ahausstraat,1,5042 EK,TILBURG,0855,TILBURG,0135002100,secondary,51.56915372,5.06342219
Noord-Brabant,Koning Willem II College voor Lyc Havo Mavo,Tatraweg,80,5022 DS,TILBURG,0855,TILBURG,0135436631,secondary,51.54116348,5.08356012
Noord-Brabant,"Beatrix College voor Mavo, Havo, Atheneum",Ketelhavenstraat,3,5045 NG,TILBURG,0855,TILBURG,0135711725,secondary,51.57791573,4.99590644
Noord-Brabant,Strabrechtcollege Scholengemeenschap voor LYC HAVO MAVO,Grote Bos,2,5666 AZ,GELDROP,1771,GELDROP-MIERLO,0402867715,secondary,51.42701868,5.57387865
Noord-Brabant,Openbaar Stedelijk College Eindhoven voor Atheneum Havo Mavo Vbo Lwoo,Henegouwenlaan,2-2A,5628 WK,EINDHOVEN,0772,EINDHOVEN,0402645367,secondary,51.48329898,5.48630685
Noord-Brabant,SiNTLUCAS,Torenallee,75,5617 BB,EINDHOVEN,0772,EINDHOVEN,0402591391,secondary,51.44693556,5.45467868
Noord-Brabant,Sint-Oelbert vwo,Warandelaan,3,4904 PA,OOSTERHOUT NB,0826,OOSTERHOUT,0162447474,secondary,51.63062119,4.85409105
Noord-Brabant,Stedelijk Gymnasium Breda,Nassausingel,7,4811 DE,BREDA,0758,BREDA,0765225040,secondary,51.59203959,4.78854287
Noord-Brabant,Newmancollege Rooms Katholieke Scholengemeenschap voor Vwo Havo Mavo,Verviersstraat,4,4826 HT,BREDA,0758,BREDA,0765810450,secondary,51.60251149,4.78646268
Noord-Brabant,Onze Lieve Vrouwelyceum - Breda,Paul Windhausenweg,11,4818 TA,BREDA,0758,BREDA,0765224707,secondary,51.58159124,4.78522046
Noord-Brabant,Scholengemeenschap Breda voor Katholiek Lyceum Havo Mavo Vbo Lwoo,Emerweg,29,4814 NA,BREDA,0758,BREDA,0765601370,secondary,51.58988818,4.74914599
Noord-Brabant,Graaf Engelbrecht voor mavo/havo/vwo,Ganzerik,3,4822 RK,BREDA,0758,BREDA,0765421191,secondary,51.61642461,4.73128113
Noord-Brabant,Mgr Frencken College voor Atheneum en Havo,Slotlaan,40,4902 AE,OOSTERHOUT NB,0826,OOSTERHOUT,0162426355,secondary,51.63481146,4.85880924
Noord-Brabant,W v Oranje Coll Chr SGM v Ath Havo Mavo Vbo Lwoo,De Gaard,4,5146 AW,WAALWIJK,0867,WAALWIJK,0416333069,secondary,51.67612925,5.0441885
Noord-Brabant,MET Praktijkonderwijs Waalwijk,Koetshuislaan,1,5146 BA,WAALWIJK,0867,WAALWIJK,0416333146,secondary,51.67390869,5.0490445
Noord-Brabant,Praktijkcollege Tilburg,Brittendreef,9,5012 AE,TILBURG,0855,TILBURG,0134632296,secondary,51.57811217,5.09950726
Noord-Brabant,Altena College Christelijke Scholengemeenschap voor Atheneum Havo en Mavo,Rijksstraatweg,153,4254 XD,SLEEUWIJK,1959,ALTENA,0183302944,secondary,51.80638738,4.94202531
Noord-Holland,Regionale Scholengemeenschap Enkhuizen voor MAVO HAVO VWO,Boendersveld,3,1602 DK,ENKHUIZEN,0388,ENKHUIZEN,0228350800,secondary,52.70876761,5.26991382
Noord-Holland,Gymnasium Felisenum,Van Hogendorplaan,2,1981 EE,VELSEN-ZUID,0453,VELSEN,0255545710,secondary,52.45535336,4.63729235
Noord-Holland,Stedelijk Gymnasium,Prinsenhof,3,2011 TR,HAARLEM,0392,HAARLEM,0235125353,secondary,52.38173598,4.63346946
Noord-Holland,Barlaeus Gymnasium,Weteringschans,31,1017 RV,AMSTERDAM,0363,AMSTERDAM,0206263396,secondary,52.36221822,4.88481187
Noord-Holland,Vossius Gymnasium,Messchaertstraat,1,1077 WS,AMSTERDAM,0363,AMSTERDAM,0206620934,secondary,52.34568593,4.88391299
Noord-Holland,osg Willem Blaeu voor vwo havo mavo en vbo,Robonsbosweg,11,1816 MK,ALKMAAR,0361,ALKMAAR,0725122477,secondary,52.640159,4.72366024
Noord-Holland,Focus school voor praktijkonderwijs,Umbriellaan,1,1702 AJ,HEERHUGOWAARD,1980,DIJK EN WAARD,0725400205,secondary,52.67084636,4.82669386
Noord-Holland,Berger Scholengemeenschap voor vwo havo en mavo,Rondelaan,34,1861 ED,BERGEN NH,0373,BERGEN NH,0725894118,secondary,52.67346579,4.6915608
Noord-Holland,rsg Wiringherlant voor vwo havo mavo en vbo,Dokter Tamsmalaan,1-A,1771 AB,WIERINGERWERF,1911,HOLLANDS KROON,0227513830,secondary,52.84859536,5.02353629
Noord-Holland,"De Viaan, school voor praktijkonderwijs",Havinghastraat,11,1817 DA,ALKMAAR,0361,ALKMAAR,0725115213,secondary,52.64886516,4.73849246
Noord-Holland,Stedelijk Dalton College Alkmaar voor vwo havo mavo en vbo,Arubastraat,4,1825 PV,ALKMAAR,0361,ALKMAAR,0725625000,secondary,52.65907137,4.75764366
Noord-Holland,Huygens College Heerhugowaard voor vwo havo mavo en vbo,Middenweg,68,1703 RD,HEERHUGOWAARD,1980,DIJK EN WAARD,0725765700,secondary,52.66200098,4.83204722
Noord-Holland,Murmellius Gymnasium,Bergerhout,1,1815 DA,ALKMAAR,0361,ALKMAAR,0725272072,secondary,52.6339981,4.73878807
Noord-Holland,Gemeentelijk Gymnasium,Vaartweg,54,1217 SV,HILVERSUM,0402,HILVERSUM,0356241181,secondary,52.22300877,5.16394916
Noord-Holland,CVO 't Gooi  voor Lyc Havo VMBO Lwoo,Bisonlaan,1,1217 GH,HILVERSUM,0402,HILVERSUM,0356215751,secondary,52.23407007,5.14573507
Noord-Holland,Kairos College,Buiksloterdijk,332,1034 ZG,AMSTERDAM,0363,AMSTERDAM,0639766819,secondary,52.40031419,4.9192186
Noord-Holland,Joodse Scholengemeenschap Maimonides voor Ath Mavo En Afd Havo,Noordbrabantstraat,17,1083 BE,AMSTERDAM,0363,AMSTERDAM,0206426161,secondary,52.32564747,4.8870445
Noord-Holland,Montessori Scholengemeenschap Amsterdam voor Lyceum Havo Mavo Vbo Lwoo,Pieter de Hoochstraat,59,1071 ED,AMSTERDAM,0363,AMSTERDAM,0206767855,secondary,52.35500384,4.88546601
Noord-Holland,Montessori Lyceum Terra Nova,Pampuslaan,1,1087 HP,AMSTERDAM,0363,AMSTERDAM,0203443000,secondary,52.35129567,5.00433549
Noord-Holland,Het Amsterdams Lyceum,Valeriusplein,15,1075 BJ,AMSTERDAM,0363,AMSTERDAM,0205747744,secondary,52.35100187,4.86440704
Noord-Holland,De Pijler school voor praktijk onderwijs,Drs. F. Bijlweg,232,1784 MC,DEN HELDER,0400,DEN HELDER,0883433300,secondary,52.93775468,4.75512217
Noord-Holland,Esprit Scholen voor Lyceum Havo Mavo Vbo Lwoo,Burg Hogguerstraat,2,1064 EB,AMSTERDAM,0363,AMSTERDAM,0205854811,secondary,52.37331851,4.83064649
Noord-Holland,Het 4e Gymnasium,Archangelweg,4,1013 ZZ,AMSTERDAM,0363,AMSTERDAM,0205854811,secondary,52.3943236,4.87286408
Noord-Holland,Erfgooiers College mavo havo vwo,Graaf Wichman,175,1276 KD,HUIZEN,0406,HUIZEN,0355248020,secondary,52.29809491,5.24517514
Noord-Holland,Vonk,Drechterwaard,10-A,1824 EX,ALKMAAR,0361,ALKMAAR,0725147666,secondary,52.64107471,4.752708
Noord-Holland,"Alberdingk Thijm Scholen Vwo, Havo, Mavo, Vbo, LWOO",Emmastraat,56-58,1213 AL,HILVERSUM,0402,HILVERSUM,0356460088,secondary,52.21825222,5.18221746
Noord-Holland,Laar en Berg scholengemeenschap voor havo en vwo,Langsakker,4,1251 GB,LAREN NH,0417,LAREN, ,secondary,52.24669539,5.21101849
Noord-Holland,Aloysius College voor mavo en havo,Schapenkamp,200,1211 PB,HILVERSUM,0402,HILVERSUM, ,secondary,52.22348723,5.18080429
Noord-Holland,St Vituscollege Bussum/Naarden,Beerensteinerlaan,69,1406 NR,BUSSUM,1942,GOOISE MEREN,0356931153,secondary,52.26831742,5.15241243
Noord-Holland,Volantcollege voor mavo havo vwo,Nieuwe 's-Gravelandseweg,38,1405 HM,BUSSUM,1942,GOOISE MEREN,0356927600,secondary,52.27466152,5.15393932
Noord-Holland,Gooise Praktijkschool,Laapersboog,5,1213 VC,HILVERSUM,0402,HILVERSUM,0356264040,secondary,52.21299792,5.18585119
Noord-Holland,"Gooise Scholenfederatie vwo, havo, vmbo",Vossiuslaan,2-A,1401 RT,BUSSUM,1942,GOOISE MEREN,0356933294,secondary,52.27970855,5.16594185
Noord-Holland,Gooise Scholen Federatie Weesp,Amstellandlaan,1-A,1382 CD,WEESP,0363,AMSTERDAM,0294805250,secondary,52.30977184,5.03070834
Noord-Holland,St. Ignatiusgymnasium,Jan van Eijckstraat,47,1077 LH,AMSTERDAM,0363,AMSTERDAM,0206763868,secondary,52.34977743,4.87393036
Noord-Holland,Fons Vitae Lyceum voor havo en vwo,Reijnier Vinkeleskade,53,1071 SW,AMSTERDAM,0363,AMSTERDAM,0205712410,secondary,52.35174164,4.87836524
Noord-Holland,St. Nicolaaslyceum voor havo en vwo,Beethovenplein,2,1077 WM,AMSTERDAM,0363,AMSTERDAM,0206445151,secondary,52.34150723,4.87811476
Noord-Holland,"Da Vinci College School voor mavo/havo, havo, vwo, tweetalig ond. en technasium",Johanna Naberstraat,218,1442 BG,PURMEREND,0439,PURMEREND,0299413327,secondary,52.51248062,4.95652519
Noord-Holland,Scholen aan Zee voor vwo havo mavo vmbo lwoo,Drs. F. Bijlweg,6,1784 MC,DEN HELDER,0400,DEN HELDER,0223540315,secondary,52.9406601,4.75387416
Noord-Holland,Bonhoeffer College Scholengemeenschap voor Mavo Havo Vwo,Pieter Kieftstraat,20,1902 RA,CASTRICUM,0383,CASTRICUM,0251653165,secondary,52.54126767,4.66733291
Noord-Holland,Jac P Thijsse College voor Vwo Havo Mavo,De Bloemen,65,1902 GT,CASTRICUM,0383,CASTRICUM,0251652571,secondary,52.55153993,4.6863861
Noord-Holland,SVOK H-B Vmbo-Havo-Ath-Gym,Bullerlaan,2,1945 SR,BEVERWIJK,0375,BEVERWIJK,0251233070,secondary,52.49388757,4.66107379
Noord-Holland,Forta PRO,Jan van Kuikweg,12,1965 BB,HEEMSKERK,0396,HEEMSKERK,0251226601,secondary,52.50152782,4.6672003
Noord-Holland,Katholiek Scholengemeenschap Hoofddorp voor Lyceum HAVO en MAVO,Assumburg,10,2135 BA,HOOFDDORP,0394,HAARLEMMERMEER,0235677588,secondary,52.30400194,4.66714798
Noord-Holland,Scholengemeenschap Eerste Christelijk Lyceum Vwo en Havo,Zuider Emmakade,43,2012 KN,HAARLEM,0392,HAARLEM,0235311651,secondary,52.37240001,4.62020883
Noord-Holland,"Herbert Vissers College voor mavo, havo,  atheneum en gymnasium",Beurtschipper,200,2152 LG,NIEUW-VENNEP,0394,HAARLEMMERMEER,0252661566,secondary,52.27181384,4.63366753
Noord-Holland,Rooms Katholieke Scholengemeenschap Thamen voor Mavo Vbo Lwoo,Den Uyllaan,4,1421 NK,UITHOORN,0451,UITHOORN,0297563192,secondary,52.24315835,4.81874345
Noord-Holland,Haemstede Barger MAVO,Koediefslaan,73,2101 BT,HEEMSTEDE,0397,HEEMSTEDE,0235282380,secondary,52.35702358,4.61697079
Noord-Holland,Kaj Munk College voor Atheneum Havo Mavo,Kaj Munkweg,3,2131 RV,HOOFDDORP,0394,HAARLEMMERMEER,0235616198,secondary,52.31099555,4.68114074
Noord-Holland,Ir. Lely Lyceum voor Atheneum Havo Mavo Vmbo,Ravenswaaipad,3,1106 AW,AMSTERDAM,0363,AMSTERDAM,0205633050,secondary,52.29714626,4.97800452
Noord-Holland,Futuris Scholengemeenschap voor vmbo/mavo en ISK,Pandora,1,1183 KK,AMSTELVEEN,0362,AMSTELVEEN,0205032121,secondary,52.30315865,4.87852613
Noord-Holland,Scholengemeenschap voor Vwo Havo Mavo Het Hervormd Lyceum,Hemsterhuisstraat,79,1065 JX,AMSTERDAM,0363,AMSTERDAM,0206152780,secondary,52.36254546,4.82562855
Noord-Holland,Scholengemeenschap voor Atheneum en Havo Het Hervormd Lyceum Zuid,Geulstraat,9,1078 KW,AMSTERDAM,0363,AMSTERDAM,0206627983,secondary,52.34484602,4.89362285
Noord-Holland,H Wesselink College Christelijke Scholengemeenschap voor Vwo Havo Mavo,Startbaan,3,1185 XP,AMSTELVEEN,0362,AMSTELVEEN,0206459751,secondary,52.28742709,4.85610988
Noord-Holland,Chr Sgm Buitenveldert v Gymn Ath Havo en Mavo,De Cuserstraat,3,1081 CK,AMSTERDAM,0363,AMSTERDAM,0206423902,secondary,52.32343443,4.86779545
Noord-Holland,Vrije School Noord Holland voor Atheneum Havo Mavo,Fred. Roeskestraat,84,1076 ED,AMSTERDAM,0363,AMSTERDAM,0205745830,secondary,52.34145307,4.86093078
Noord-Holland,Dalton Scholengemeenschap Spinozalyceum voor Vwo Havo Mavo,Peter van Anrooystraat,8,1076 BH,AMSTERDAM,0363,AMSTERDAM,0205777444,secondary,52.34264205,4.86591252
Noord-Holland,Scholengroep Zaandam voor vwo havo mavo vmbo lwoo,Vincent van Goghweg,42,1506 JD,ZAANDAM,0479,ZAANSTAD,0756170055,secondary,52.44936279,4.81358298
Noord-Holland,Scholengroep Krommenie voor Vwo Havo Mavo Vbo Lwoo,Erasmusstraat,28,1561 KD,KROMMENIE,0479,ZAANSTAD,0756210426,secondary,52.49754473,4.75682197
Noord-Holland,Praktijkschool De Brug,Saenredamstraat,39,1566 KL,ASSENDELFT,0479,ZAANSTAD,0756210688,secondary,52.49378569,4.75979111
Noord-Holland,Zuiderzee College voor VMBO,Zuiderzee,200,1503 HZ,ZAANDAM,0479,ZAANSTAD,0756166069,secondary,52.45376984,4.83313618
Noord-Holland,"Noordzee Onderwijs Groep voor Gymnasium, Atheneum, Havo, Vmbo",Wolff en Dekenlaan,1,1985 HP,DRIEHUIS,0453,VELSEN,0255546400,secondary,52.44331664,4.63613212
Noord-Holland,Haarlem College Scholengemeenschap voor Mavo Vbo Lwoo,Broekweg,1,2035 LE,HAARLEM,0392,HAARLEM,0235311572,secondary,52.369233,4.64872981
Noord-Holland,Montessori College voor Mavo Aerdenhout,Boekenroodeweg,5,2111 HJ,AERDENHOUT,0377,BLOEMENDAAL,0235246246,secondary,52.35983179,4.59877732
Noord-Holland,Noordzee Onderwijs Groep voor Praktijkonderwijs,Eenhoornstraat,4,1973 XT,IJMUIDEN,0453,VELSEN,0255516343,secondary,52.45215792,4.60092774
Noord-Holland,School voor Praktische Vorming Oost-ter-Hout,Oosterhoutlaan,19,2012 RA,HAARLEM,0392,HAARLEM,0235290350,secondary,52.36796686,4.63469552
Noord-Holland,Rietland College,Rietvoornlaan,5,2132 PG,HOOFDDORP,0394,HAARLEMMERMEER,0235612136,secondary,52.28881643,4.67206763
Noord-Holland,Hartenlustsch voor Mavo,Vijverweg,31,2061 GT,BLOEMENDAAL,0377,BLOEMENDAAL,0235251702,secondary,52.40279389,4.62205365
Noord-Holland,Solyvius College SGM voor Lyc Havo Mavo Vbo Lwoo,Baron De Coubertinlaan,2,2134 CG,HOOFDDORP,0394,HAARLEMMERMEER,0235631644,secondary,52.30634576,4.6447796
Noord-Holland,Openbare Scholengemeenschap Vellesan College Ath Havo Mavo Vbo Lwoo,Briniostraat,16,1971 HM,IJMUIDEN,0453,VELSEN,0255519001,secondary,52.45996496,4.63011833
Noord-Holland,Gem Schoter Scholengemeenschap voor Atheneum Havo en Mavo,Sportweg,9,2024 CN,HAARLEM,0392,HAARLEM,0235258491,secondary,52.40908723,4.64784852
Noord-Holland,Coornhertlyc Gem Scholengemeenschap Lyceum Havo Mavo,Lyceumlaan,1,2012 WT,HAARLEM,0392,HAARLEM,0235121616,secondary,52.36236129,4.61379431
Noord-Holland,Spaarne College Haarlem voor Mavo Vbo Lwoo,Badmintonpad,15,2023 BT,HAARLEM,0392,HAARLEM,0235415100,secondary,52.39494422,4.62433423
Noord-Holland,Praktijkschool Uithoorn,Legmeerplein,55,1422 RG,UITHOORN,0451,UITHOORN,0297267018,secondary,52.24968268,4.81781065
Noord-Holland,Haarlem College school voor havo,Broekweg,1,2035 LE,HAARLEM,0392,HAARLEM,0235311572,secondary,52.369233,4.64872981
Noord-Holland,Calandlyceum voor Gymnasium Atheneum Havo Vmbo,Pieter Calandlaan,182,1068 NT,AMSTERDAM,0363,AMSTERDAM,0206675353,secondary,52.35366949,4.8059693
Noord-Holland,Hubertus & Berkhoff voor Vbo en Lwoo,Betuwestraat,29,1079 PR,AMSTERDAM,0363,AMSTERDAM,0205797190,secondary,52.33945904,4.89382351
Noord-Holland,"Cburg College voor Vbo, Lwoo en Praktijkonderwijs",Foekje Dillemastraat,116,1095 MK,AMSTERDAM,0363,AMSTERDAM,0205797130,secondary,52.37199543,4.96807789
Noord-Holland,Voortgezet Onderwijs van Amsterdam voor Lyceum Havo Mavo Vbo en Lwoo,Meeuwenlaan,132,1022 AM,AMSTERDAM,0363,AMSTERDAM,0205797111,secondary,52.38912928,4.9255344
Noord-Holland,Stichting Atlas College voor Lyceum Havo Mavo Vbo Lwoo,Bontekoestraat,3,1623 LL,HOORN NH,0405,HOORN,0229206020,secondary,52.64390839,5.06773608
Noord-Holland,Amstelveen College Opb Ssm voor Gymnasium Havo en Mavo,Sportlaan,27,1185 TB,AMSTELVEEN,0362,AMSTELVEEN,0203039999,secondary,52.29030956,4.85138793
Noord-Holland,Open Sgm Bylmer Vath Havo Mavo Lhno Lto Leao,Gulden Kruis,5,1103 BE,AMSTERDAM,0363,AMSTERDAM,0206909050,secondary,52.31829975,4.96440247
Noord-Holland,Scholengemeenschap ZAAM Zaanstad voor Vwo Havo Mavo Vbo,Pascalstraat,4,1503 DA,ZAANDAM,0479,ZAANSTAD,0207059600,secondary,52.45445579,4.83183296
Noord-Holland,Scholengemeenschap ZAAM Oost voor Vwo Havo Mavo Vbo,Nobelweg,6,1097 AR,AMSTERDAM,0363,AMSTERDAM,0207059600,secondary,52.34972192,4.92364145
Noord-Holland,Scholengemeenschap ZAAM West voor Vwo Havo Mavo Vbo,Jacob Geelstraat,38,1065 VT,AMSTERDAM,0363,AMSTERDAM,0207059600,secondary,52.36143836,4.83100105
Noord-Holland,Scholengemeenschap ZAAM Noord voor Vwo Havo Mavo Vbo,Rode Kruisstraat,83,1025 KM,AMSTERDAM,0363,AMSTERDAM,0207059600,secondary,52.39539993,4.92660176
Noord-Holland,Scholengemeenschap ZAAM Zuid voor Vwo Havo Mavo Vbo,Gerrit van der Veenstr,99,1077 DT,AMSTERDAM,0363,AMSTERDAM,0207059600,secondary,52.34877378,4.87461708
Noord-Holland,De Faam voor Praktijkonderwijs,Blooksven,21,1504 AN,ZAANDAM,0479,ZAANSTAD,0207059600,secondary,52.43732689,4.84361225
Noord-Holland,Praktijkschool Westfriesland locatie Hoorn,Gording,124,1628 JG,HOORN NH,0405,HOORN,0229219487,secondary,52.64986425,5.08159124
Noord-Holland,Praktijkschool West-Friesland locatie Stede Broec,Annie M.G. Schmidtweg,1,1613 MA,GROOTEBROEK,0532,STEDE BROEC,0228510350,secondary,52.69941979,5.2166383
Noord-Holland,Fiducie College,Derkinderenstraat,44,1062 BJ,AMSTERDAM,0363,AMSTERDAM,0202610952,secondary,52.35982186,4.84093048
Noord-Holland,De Amsterdamse Mavo & Havo,Linnaeushof,48,1098 KM,AMSTERDAM,0363,AMSTERDAM,0616293215,secondary,52.35167315,4.93549513
Noord-Holland,"Cornelius Haga Lyceum, Islamitische Scholengemeenschap voor mavo havo en vwo",Naritaweg,30,1043 BZ,AMSTERDAM,0363,AMSTERDAM,0203053828,secondary,52.38824297,4.82995876
Noord-Holland,Openbare Scholengemeensschap Texel voor Ath Havo Mavo Vbo Lwoo,Haffelderweg,40,1791 AS,DEN BURG,0448,TEXEL,0222312121,secondary,53.05073864,4.80045161
Noord-Holland,SGM Kennemer Lyc Bz Sch Alg Grondsl v Vwo Havo,Adriaan Stoopplein,7,2051 KA,OVERVEEN,0377,BLOEMENDAAL,0235221060,secondary,52.39127184,4.6207247
Noord-Holland,Martinus College Christelijke Scholengemeenschap voor LYC HAVO MAVO VBO LWOO,De Aanloop,6,1613 KW,GROOTEBROEK,0532,STEDE BROEC,0228510300,secondary,52.69234851,5.21764194
Noord-Holland,Stichting Media Amsterdam,Contactweg,36,1014 AN,AMSTERDAM,0363,AMSTERDAM,0208509500,secondary,52.39115041,4.85614589
Noord-Holland,Petrus Canisius College Scholengemeenschap voor VWO HAVO VMBO,Blekerskade,11,1814 CG,ALKMAAR,0361,ALKMAAR,0725353540,secondary,52.62544485,4.74557253
Noord-Holland,Keizer Karel College Vwo Havo,Elegast,5,1185 AA,AMSTELVEEN,0362,AMSTELVEEN,0206415700,secondary,52.30221873,4.85044277
Noord-Holland,Alkwin Kollege Rooms Katholieke Scholengemeenschap voor Vwo en Havo,Weegbree,55,1422 MT,UITHOORN,0451,UITHOORN,0297566903,secondary,52.24578101,4.81762458
Noord-Holland,Don Bosco College Atheneum Havo Vmbo Lwoo,Heideweg,2,1132 DB,VOLENDAM,0385,EDAM-VOLENDAM,0299399299,secondary,52.492283,5.05851501
Noord-Holland,"Sancta Maria Lyceum voor Havo, Atheneum en Gymnasium",Van Limburg Stirumstraat,4,2012 MN,HAARLEM,0392,HAARLEM,0235316040,secondary,52.3664101,4.61717116
Noord-Holland,"Trinitas College RK scholengemeenschap voor ATHENEUM, HAVO, MAVO, VBO, LWOO",Beukenlaan,1,1701 DA,HEERHUGOWAARD,1980,DIJK EN WAARD,0725710144,secondary,52.66516671,4.8481179
Noord-Holland,"Regius College Schagen voor Gym, Ath, Havo,Vmbo tl, Vmbo basis/kader",Wilhelminalaan,4,1741 CN,SCHAGEN,0441,SCHAGEN,0224297841,secondary,52.78244909,4.79702936
Noord-Holland,Regius College Emmalaan Praktijkonderwijs,Emmalaan,2,1741 CX,SCHAGEN,0441,SCHAGEN,0224297841,secondary,52.78360499,4.79541977
Noord-Holland,Tabor College d'Ampte Hoorn voor Vwo Havo Mavo Vmbo Lwoo,Berkhouterweg,5,1624 NS,HOORN NH,0405,HOORN,0229283555,secondary,52.64646138,5.04369248
Noord-Holland,Jan Arentsz Christelijke Scholengemeenschap voor Lyceum Havo Mavo Vbo,Mandenmakerstraat,11,1825 BB,ALKMAAR,0361,ALKMAAR,0725187676,secondary,52.64843402,4.75085213
Noord-Holland,Kolom Praktijkcollege De Schakel,Sterrenpad,2,2023 BV,HAARLEM,0392,HAARLEM,0235316470,secondary,52.39308604,4.62392197
Noord-Holland,Kolom Praktijkcollege De Atlant,Teilingen,4,1082 JS,AMSTERDAM,0363,AMSTERDAM,0206447290,secondary,52.32659546,4.87129376
Noord-Holland,Kolom Praktijkcollege Het Plein,Jan de Louterpad,5,1063 ME,AMSTERDAM,0363,AMSTERDAM,0204801048,secondary,52.37882501,4.8186666
Noord-Holland,Kolom Praktijkcollege Noord,Oostzanerdijk,139,1035 EX,AMSTERDAM,0363,AMSTERDAM,0206301199,secondary,52.42065705,4.87871004
Noord-Holland,Kolom Praktijkcollege De Dreef,Alexander Dumaslaan,7,1102 WD,AMSTERDAM,0363,AMSTERDAM,0205195070,secondary,52.32332308,4.94131544
Noord-Holland,Rooms Katholieke Scholengemeenschap St Michaelcollege voor Atheneum en Havo,Leeghwaterweg,7,1509 BS,ZAANDAM,0479,ZAANSTAD,0756127474,secondary,52.47410872,4.82549283
Noord-Holland,Atheneum College Hageveld,Hageveld,15,2102 LM,HEEMSTEDE,0397,HEEMSTEDE,0235100100,secondary,52.34758688,4.6323546
Noord-Holland,Stichting Joodse Kindergemeenschap Cheider MAVO HAVO VWO,Zeelandstraat,11,1082 BV,AMSTERDAM,0363,AMSTERDAM,0206465564,secondary,52.3267993,4.87893409
Noord-Holland,Mendel College Interconfessionele Scholengemeenschap Voor Mavo Havo Vwo,Pim Mulierlaan,4-6,2024 BT,HAARLEM,0392,HAARLEM,0235258421,secondary,52.4069432,4.63137282
Overijssel,"Almere College, Ontmoetingsschool voor PRO LWOO VMBO HAVO VWO",Marinus Postlaan,1,8264 PB,KAMPEN,0166,KAMPEN,0383371230,secondary,52.55587839,5.89762012
Overijssel,De Waerdenborch Scholengemeenschap voor Atheneum Havo Mavo Vbo,Haarstraat,14,7451 CZ,HOLTEN,1742,RIJSSEN-HOLTEN,0548378383,secondary,52.28019366,6.41750085
Overijssel,Vernieuwingsonderwijs De UiterWaarden,Zutphenseweg,55,7418 AH,DEVENTER,0150,DEVENTER,0629333561,secondary,52.24031361,6.17712051
Overijssel,PrO Hardenberg school voorChristelijk Praktijkonderwijs,Verlengde Korte Steeg,18,7772 RZ,HARDENBERG,0160,HARDENBERG,0523267700,secondary,52.57405931,6.63444289
Overijssel,Scholengemeenschap Pieter Zandt voor Vwo Havo Vmbo Pro,Kamperstraatweg,1-A,8265 PA,KAMPEN,0166,KAMPEN,0388700800,secondary,52.54249423,5.92272659
Overijssel,Etty Hillesum Lyceum voor Gymnasium Atheneum Havo Vmbo Pro,Lebuinuslaan,1,7415 DM,DEVENTER,0150,DEVENTER,0570504700,secondary,52.27194923,6.15720851
Overijssel,Pius X College Scholengemeenschap voor Lyceum Havo Mavo Vbo Lwoo,Cesar Franckstraat,4,7604 JG,ALMELO,0141,ALMELO,0546540808,secondary,52.36079232,6.64456273
Overijssel,Carmel College Salland Katholieke Scholengemeenschap,Florens Radewijnsstraat,6,8101 BW,RAALTE,0177,RAALTE,0572348500,secondary,52.39192958,6.2666117
Overijssel,"Twents Carmel College voor Gymnasium, Atheneum, Havo, Vmbo, Pro",Potskampstraat,2,7573 CC,OLDENZAAL,0173,OLDENZAAL,0541572372,secondary,52.31500972,6.93497133
Overijssel,R.K. Scholengemeenschap  Canisius voor vmbo havo vwo,Slot,31,7608 ND,ALMELO,0141,ALMELO,0546488488,secondary,52.37491735,6.68813375
Overijssel,"Bonhoeffer College voor Gymnasium, Atheneum, Havo, VMBO, LWOO en PrO",Vlierstraat,75,7544 GG,ENSCHEDE,0153,ENSCHEDE,0537512000,secondary,52.19813882,6.88475004
Overijssel,Scholengroep Carmel Hengelo voor GYM ATH HAVO MAVO VBO,Woolderesweg,130,7555 LC,HENGELO OV,0164,HENGELO,0742555333,secondary,52.27230267,6.77162076
Overijssel,Het Assink lyceum voor Lyceum Havo Mavo Vbo Lwoo,Bouwmeester,10,7481 LP,HAAKSBERGEN,0158,HAAKSBERGEN,0535730707,secondary,52.15855549,6.74028119
Overijssel,Protestants Scholengemeenschap Het Noordik voor Lyceum Havo Mavo Vbo Lwoo,Noordikslaan,68,7602 CG,ALMELO,0141,ALMELO,0546484848,secondary,52.36897703,6.65992654
Overijssel,Reggesteyn Christelijke Scholengemeenschap voor Pro-Vmbo-Havo-Atheneum-Gymnasium,Noetselerbergweg,20,7441 BK,NIJVERDAL,0163,HELLENDOORN,0548533600,secondary,52.35563444,6.46223374
Overijssel,Vechtdal College Scholengemeenschap voor Atheneum Havo Mavo Vbo Lwoo,Burg Schuitestraat,3,7772 BS,HARDENBERG,0160,HARDENBERG,0523281428,secondary,52.5702515,6.6215279
Overijssel,Stichting Landstede,Rechterland,1,8024 AH,ZWOLLE,0193,ZWOLLE,0888508040,secondary,52.52282392,6.12344273
Overijssel,"de Passie, Evangelische school voor Vmbo-tl, Havo, Vwo",Esrand,2,7642 ZZ,WIERDEN,0189,WIERDEN,0883372820,secondary,52.35291879,6.58331208
Overijssel,Regionale Scholengemeenschap Tromp Meesters voor Lyc Havo Mavo Vbo Lwoo,Lijsterbesstraat,1,8331 NS,STEENWIJK,1708,STEENWIJKERLAND,0521514137,secondary,52.7817007,6.11408622
Overijssel,Christelijke Scholengemeenschap voor Mavo en Vbo Eekeringe,Oostwijkstraat,8,8331 ED,STEENWIJK,1708,STEENWIJKERLAND,0521513527,secondary,52.78683253,6.12137556
Overijssel,RSG Tromp Meesters Praktijkschool,Stationsstraat,40,8331 GK,STEENWIJK,1708,STEENWIJKERLAND,0521512220,secondary,52.78994265,6.12162073
Overijssel,Ichthus College Kampen,Jan Ligthartstraat,1,8265 CJ,KAMPEN,0166,KAMPEN,0888508008,secondary,52.55174121,5.90887031
Overijssel,Ichthus College Praktijkonderwijs,Flevoweg,68,8265 PL,KAMPEN,0166,KAMPEN,0888508008,secondary,52.5545795,5.88709251
Overijssel,Carolus Clusius College voor Lyceum Havo Mavo Vbo Lwoo,Kamperweg,1,8019 AV,ZWOLLE,0193,ZWOLLE,0888508008,secondary,52.51126102,6.07673333
Overijssel,Talentstad Praktijkonderwijs,Blaloweg,1-A,8041 AH,ZWOLLE,0193,ZWOLLE,0888508008,secondary,52.5171957,6.08100432
Overijssel,"Het Stedelijk Kottenpark praktijkonderwijs, vmbo, havo, atheneum en gymnasium",Lyceumlaan,30,7522 GK,ENSCHEDE,0153,ENSCHEDE,0534800000,secondary,52.23373646,6.88384624
Overijssel,Het Stedelijk Diekman praktijkonderwijs,J.J. van Deinselaan,32,7541 PE,ENSCHEDE,0153,ENSCHEDE,0534821501,secondary,52.20621745,6.90295731
Overijssel,Van der Capellen Scholengemeenschap voor ATH HAVO MAVO VBO LWOO,Lassuslaan,232,8031 XM,ZWOLLE,0193,ZWOLLE,0384262850,secondary,52.52826698,6.09220817
Overijssel,Praktijkschool Het Kwartiers,Russenweg,3,8041 AL,ZWOLLE,0193,ZWOLLE,0384262800,secondary,52.5117678,6.06843049
Overijssel,Gymnasium Celeanum,Zoom,37,8032 EM,ZWOLLE,0193,ZWOLLE,0384552820,secondary,52.53200754,6.09363691
Overijssel,Thorbecke Scholengemeenschap voor Ath Havo Mavo Vbo Lwoo,Dokter van Heesweg,1,8025 AB,ZWOLLE,0193,ZWOLLE,0384564560,secondary,52.51504269,6.1264971
Overijssel,Greijdanus School voor LWOO PRO VMBO HAVO VWO,Campus,5,8017 CB,ZWOLLE,0193,ZWOLLE,0384698698,secondary,52.49827281,6.08078418
Overijssel,Openbare Scholengemeenschap Erasmus Lyceum Havo Mavo Vbo Lwoo,Sluiskade Noordzijde,68,7602 HT,ALMELO,0141,ALMELO,0546480800,secondary,52.36245555,6.66454052
Overijssel,PrO Erasmus,Horstlaan,1,7602 AM,ALMELO,0141,ALMELO,0546492400,secondary,52.367997,6.66948491
Overijssel,OSG Hengelo voor LYC HAVO MAVO VBO LWOO,Sloetsweg,155,7556 HM,HENGELO OV,0164,HENGELO,0742919860,secondary,52.27394303,6.79790335
Overijssel,T Genseler,Jasmijnstraat,15,7552 AH,HENGELO OV,0164,HENGELO,0742916257,secondary,52.24911999,6.81130794
Overijssel,School voor Praktijkonderwijs De Maat,Baron van Fridaghstraat,137-B,7731 DL,OMMEN,0175,OMMEN,0529451062,secondary,52.52362021,6.41756065
Utrecht,Minkema College voor Lwoo Vmbo Havo Atheneum Gymnasium,Minkemalaan,1,3446 GL,WOERDEN,0632,WOERDEN,0348484100,secondary,52.08472009,4.89669446
Utrecht,Katholiek Scholengemeenschap De Breul voor Gymnasium Atheneum Havo en Mavo,Arnhemse Bovenweg,98,3708 AG,ZEIST,0355,ZEIST,0306915604,secondary,52.07205223,5.25765543
Utrecht,Gereformeerde Scholengemeenschap Guido voor Lyceum HAVO MAVO VBO LWOO,Paladijnenweg,251,3813 DH,AMERSFOORT,0307,AMERSFOORT,0334792999,secondary,52.16894619,5.3878356
Utrecht,Amadeus Lyceum voor Vwo Havo Mavo,Burchtpoort,3,3452 MD,VLEUTEN,0344,UTRECHT,0306774338,secondary,52.0942512,5.0111477
Utrecht,"Kranenburg, School voor Praktijkonderwijs",Tamboersdijk,9,3582 TZ,UTRECHT,0344,UTRECHT,0302512492,secondary,52.07659629,5.13987719
Utrecht,"Sint Gregorius College SGS v Atheneum Havo Mavo, loc Waldorf Utrecht",Van Asch van Wijckskade,20,3512 VS,UTRECHT,0344,UTRECHT,0302371771,secondary,52.09637458,5.12080985
Utrecht,Scholengemeenschap St Bonifatius College Lyceum Havo,Burg Fockema Andreaelaan,7-9,3582 KA,UTRECHT,0344,UTRECHT,0302512315,secondary,52.08217233,5.13639706
Utrecht,Niftarlake College Christelijke Scholengemeenschap voor Atheneum Havo Mavo,Pauwenkamp,151,3607 GK,MAARSSEN,1904,STICHTSE VECHT,0346567772,secondary,52.13619668,5.02320514
Utrecht,"De Baanbreker, school voor praktijkonderwijs",Baden Powellweg,1,3401 RR,IJSSELSTEIN,0353,IJSSELSTEIN,0306886699,secondary,52.01755893,5.04982924
Utrecht,Gerrit Rietveld College,Eykmanlaan,1200,3571 KH,UTRECHT,0344,UTRECHT,0302712214,secondary,52.11128204,5.13703876
Utrecht,Christelijk Gymnasium,Koningsbergerstraat,2,3531 AJ,UTRECHT,0344,UTRECHT,0302843000,secondary,52.0882048,5.09917273
Utrecht,Oosterlicht College PC SGM V ATH HAVO MAVO VBO,Dieselbaan,10,3439 MV,NIEUWEGEIN,0356,NIEUWEGEIN,0306004800,secondary,52.0308863,5.09790694
Utrecht,"Globe College, brede school voor vmbo, basis, kader en theoretische leerweg",Bontekoelaan,1,3526 RA,UTRECHT,0344,UTRECHT,0305112000,secondary,52.06734795,5.09566601
Utrecht,Broeckland College voor Mavo Vbo Lwoo,Engel de Ruijterstraat,40,3621 CV,BREUKELEN,1904,STICHTSE VECHT,0364262408,secondary,52.16937625,4.99759713
Utrecht,Christelijk Lyceum Zeist voor VWO HAVO MAVO VMBO LWOO,Lindenlaan,23,3707 EP,ZEIST,0355,ZEIST,0343489911,secondary,52.09294802,5.25636922
Utrecht,Seyster College voor Praktijkonderwijs,Bergweg,97,3707 AC,ZEIST,0355,ZEIST,0343489911,secondary,52.09704255,5.24513478
Utrecht,Meerscholen - rk sg voor lyceum havo mavo vmbo,Daam Fockemalaan,12,3818 KG,AMERSFOORT,0307,AMERSFOORT,0334612984,secondary,52.14190228,5.3527083
Utrecht,Meerscholen - chr sg voor lyceum havo mavo vmbo,Paladijnenweg,101,3813 DC,AMERSFOORT,0307,AMERSFOORT,0334229020,secondary,52.16773497,5.38506411
Utrecht,PRO33 college (Accent Amersfoort),Wiekslag,50,3815 GS,AMERSFOORT,0307,AMERSFOORT,0334450333,secondary,52.16186311,5.40996151
Utrecht,"Kalsbeek College Christelijke Scholengemeenschap voor Vmbo, Havo, Ath. en Gymn.",Jozef Israelslaan,56,3443 CT,WOERDEN,0632,WOERDEN,0348417694,secondary,52.09162311,4.87008165
Utrecht,Protestants Christelijk Mavo Waldheim,Torenlaan,81,3742 CS,BAARN,0308,BAARN,0355429743,secondary,52.20035796,5.2903256
Utrecht,Christelijk College Griftland School voor Atheneum Havo en Mavo,Noorderweg,79,3761 EV,SOEST,0342,SOEST,0356098200,secondary,52.19272082,5.29039482
Utrecht,Het Nieuwe Lyceum Scholengemeenschap voor Gymnasium Atheneum en Havo,Jan Steenlaan,38,3723 BV,BILTHOVEN,0310,DE BILT,0302283060,secondary,52.13379155,5.19783608
Utrecht,Yuverta,De Molen,94,3995 AX,HOUTEN,0321,HOUTEN,0306345100,secondary,52.03229238,5.17005711
Utrecht,"de Passie, Evangelische School voor Vmbo-tl, Havo, Vwo",Zwarte Woud,211,3524 SG,UTRECHT,0344,UTRECHT,0883372800,secondary,52.0625139,5.14158926
Utrecht,Joh van Oldenbarnevelt Gymnasium,Thorbeckeplein,1,3818 JL,AMERSFOORT,0307,AMERSFOORT,0334613944,secondary,52.1507178,5.3681107
Utrecht,Openbaar lyceum De Amersfoortse Berg,Hugo de Grootlaan,25,3818 TA,AMERSFOORT,0307,AMERSFOORT,0334618845,secondary,52.14033789,5.37375939
Utrecht,Vallei College voor Ath Havo Mavo Vbo Lwoo,Paladijnenweg,611,3813 KD,AMERSFOORT,0307,AMERSFOORT,0334750184,secondary,52.16906357,5.39369941
Utrecht,Veenlanden College PC SGM v Mavo Havo Atheneum,Diamant,9,3641 XR,MIJDRECHT,0736,DE RONDE VENEN,0297283459,secondary,52.21454053,4.86150058
Utrecht,Het Perron voor VMBO en Praktijkonderwijs,Sportlaan,11-13,3905 AD,VEENENDAAL,0345,VEENENDAAL,0318509600,secondary,52.02553222,5.54387668
Utrecht,"Utrechts Stedelijk Gymnasium, openbare school voor vwo",Ina Boudier-Bakkerlaan,7,3582 VA,UTRECHT,0344,UTRECHT,0302122199,secondary,52.08224006,5.13315498
Utrecht,"NUOVO Scholen, openbaar vmbo, mavo, havo, vwo",Blikkenburgerlaan,2,3703 CV,ZEIST,0355,ZEIST,0306982140,secondary,52.0747368,5.24280373
Utrecht,Anna van Rijn College Openb. Scholengemeenschap voor Ath Havo Mavo,Albatros,1,3435 XA,NIEUWEGEIN,0356,NIEUWEGEIN,0306040900,secondary,52.02009021,5.07602951
Utrecht,"NUOVO Scholen, openbare scholengemeenschap voor praktijkonderwijs, vmbo en mavo",La Bohemedreef,7,3561 KW,UTRECHT,0344,UTRECHT,0302634690,secondary,52.11247883,5.11746598
Utrecht,"NUOVO Scholen, opb. vmbo, havo, vwo",Maartvlinder,1,3544 DA,UTRECHT,0344,UTRECHT,0302933360,secondary,52.09242665,5.06154634
Utrecht,UniC school voor vwo en havo,Van Bijnkershoeklaan,2,3527 XL,UTRECHT,0344,UTRECHT, ,secondary,52.08025111,5.09647443
Utrecht,Van Lodensteincollege Scholengemeenschap voor Lyceum Havo Mavo Vbo Lwoo,Utrechtseweg,228,3818 ET,AMERSFOORT,0307,AMERSFOORT,0334226400,secondary,52.13678741,5.35117285
Utrecht,Al Amana College Utrecht,Noordse Parklaan,4,3513 GV,UTRECHT,0344,UTRECHT,0850067230,secondary,52.10332824,5.10992497
Utrecht,Regionale Scholengemeenschap Broklede voor Atheneum en Havo,Schepersweg,6-A,3621 JK,BREUKELEN,1904,STICHTSE VECHT,0346258060,secondary,52.17719882,4.99826205
Utrecht,Mgr A E Rientjes Mavo,Valkenkamp,551,3607 MJ,MAARSSEN,1904,STICHTSE VECHT,0346561360,secondary,52.13704907,5.01583694
Utrecht,Rembrandt College Openbare Scholengemeenschap voor Mavo Havo Ath,Rembrandtlaan,2,3904 ZK,VEENENDAAL,0345,VEENENDAAL,0318509900,secondary,52.02123124,5.54682771
Utrecht,De Baander,Zangvogelweg,152,3815 DR,AMERSFOORT,0307,AMERSFOORT,0334723163,secondary,52.16494846,5.40301957
Utrecht,Cals College Roomskatholiek Scholengemeenschap voor Lyceum Havo Mavo Vbo,Vreeswijksestraatweg,6-A,3432 NA,NIEUWEGEIN,0356,NIEUWEGEIN,0306036604,secondary,52.0279549,5.09379163
Utrecht,College de Heemlanden School voor havo en atheneum,De Slinger,48,3995 DE,HOUTEN,0321,HOUTEN,0306379944,secondary,52.03249444,5.16744414
Utrecht,Houtens,Kruisboog,1,3994 AE,HOUTEN,0321,HOUTEN,0306344297,secondary,52.02897776,5.18362528
Utrecht,Focus College Amersfoort,Softwareweg,7,3821 BN,AMERSFOORT,0307,AMERSFOORT,0651051078,secondary,52.17254497,5.41261159
Utrecht,Heerenlanden College,Eksterlaan,48,4143 AC,LEERDAM,1961,VIJFHEERENLANDEN,0345613531,secondary,51.89778642,5.09562885
Utrecht,Ichthus College Scholengemeenschap voor Atheneum Havo Mavo,Vondellaan,4,3906 EA,VEENENDAAL,0345,VEENENDAAL,0318543210,secondary,52.02707389,5.5272144
Utrecht,Het Baarnsch Lyceum,Torenlaan,83,3742 CS,BAARN,0308,BAARN,0355416041,secondary,52.19955303,5.29079206
Utrecht,Werkplaats Kindergemeenschap,Kees Boekelaan,12,3723 BA,BILTHOVEN,0310,DE BILT,0302282841,secondary,52.13422905,5.19574061
Utrecht,Jordan Montessori Lyceum Utrecht havo/vwo,Jordanlaan,3,3706 TE,ZEIST,0355,ZEIST,0306954708,secondary,52.09930085,5.21329736
Utrecht,Futura College voor Praktijkonderwijs,Abeellaan,2,3442 JB,WOERDEN,0632,WOERDEN,0348457320,secondary,52.07963913,4.87273218
Utrecht,Christelijk Lyceum Scholengemeenschap voor Mavo Havo Lyceum,Kerkewijk,149,3904 JC,VEENENDAAL,0345,VEENENDAAL,0318500621,secondary,52.01309529,5.54568569
Zeeland,"Van de Perre voor Vmbo, Mavo, Havo, Atheneum en Gymnasium",Griffioenstraat,17,4334 BK,MIDDELBURG,0687,MIDDELBURG,0118652100,secondary,51.50063035,3.59727315
Zeeland,Scheldemond College,Weyevlietplein,7-13,4385 CH,VLISSINGEN,0718,VLISSINGEN,0118479400,secondary,51.46352868,3.58022406
Zeeland,NEHALENNIA Stedelijke Scholengemeenschap voor LYC HAVO MAVO VBO LWOO,Kruisweg,2,4335 CT,MIDDELBURG,0687,MIDDELBURG,0118479400,secondary,51.49127371,3.59490701
Zeeland,Het Bolwerk,Teresastraat,2-A,4336 LM,MIDDELBURG,0687,MIDDELBURG,0118627697,secondary,51.48622558,3.60995188
Zeeland,De Wissel,Bergweg,8,4461 NB,GOES,0664,GOES,0113221017,secondary,51.50202249,3.90171299
Zeeland,"De Sprong, hoofdlocatie",Evertsenlaan,84-A,4535 AD,TERNEUZEN,0715,TERNEUZEN,0115617287,secondary,51.32297946,3.851258
Zeeland,Ostrea Lyceum voor Lyceum Havo Mavo Vbo Lwoo,Bergweg,4,4461 NB,GOES,0664,GOES,0113212020,secondary,51.50345511,3.90023595
Zeeland,Het Goese Lyceum,Oranjeweg,90,4461 LR,GOES,0664,GOES,0113216971,secondary,51.50022141,3.90579216
Zeeland,Praktiq VBO,Bergweg,14,4461 NB,GOES,0664,GOES,0113212930,secondary,51.5006006,3.90198586
Zeeland,Calvijn College voor Reformatorisch Vmbo Havo Vwo,Klein Frankrijk,19,4461 ZN,GOES,0664,GOES,0113211020,secondary,51.50732654,3.88174179
Zeeland,Zwin College Scholengemeenschap voor Vmbo Havo Atheneum Gymnasium,Nieuwstraat,50,4501 BE,OOSTBURG,1714,SLUIS,0117454555,secondary,51.32419833,3.48637127
Zeeland,Rooms Katholieke Scholengemeenschap Reynaert College Lyceum Havo Mavo Vbo Lwoo,Zoutestraat,61-A,4561 XA,HULST,0677,HULST,0114381818,secondary,51.28736627,4.05805363
Zeeland,Praktijkschool Hulst,Frederik Hendriklaan,16,4561 WE,HULST,0677,HULST,0114312132,secondary,51.28372287,4.06098346
Zeeland,Lodewijk College voor Vwo Havo Mavo Vmbo Lwoo,Zeldenrustlaan,2,4535 GZ,TERNEUZEN,0715,TERNEUZEN,0115694029,secondary,51.3113641,3.85835394
Zuid-Holland,Accent Praktijkonderwijs Centrum,Vijverhofstraat,97,3032 SH,ROTTERDAM,0599,ROTTERDAM,0104651036,secondary,51.93044624,4.47458718
Zuid-Holland,Accent Praktijkonderwijs Delfshaven,Japarastraat,4,3029 NA,ROTTERDAM,0599,ROTTERDAM,0104155828,secondary,51.90334312,4.44762636
Zuid-Holland,Marnix Gymnasium,Essenburgsingel,58,3022 EA,ROTTERDAM,0599,ROTTERDAM,0102445044,secondary,51.92236894,4.45394309
Zuid-Holland,"Portus Scholengroep vwo havo mavo vmbo lwoo, locatie Meridiem",Grift,30,3075 SB,ROTTERDAM,0599,ROTTERDAM,0104933366,secondary,51.88271368,4.50841755
Zuid-Holland,Melanchthon Christelijke Scholengroep voor gymnasium atheneum havo en vmbo,Van Bijnkershoekweg,97,3052 PB,ROTTERDAM,0599,ROTTERDAM,0104767300,secondary,51.95037458,4.47393778
Zuid-Holland,"Comenius Chr. Scholengrp v. vwo havo mavo vbo lwoo, vest. Capell a/d IJssel",Lijstersingel,2-18,2902 JD,CAPELLE AAN DEN IJSSEL,0502,CAPELLE AAN DEN IJSSEL,0104595959,secondary,51.92843504,4.58207559
Zuid-Holland,Portus Scholengroep Farelcollege vwo havo mavo vmbo Iwoo,Kastanjelaan,50,2982 CM,RIDDERKERK,0597,RIDDERKERK,0180411777,secondary,51.87698574,4.58792159
Zuid-Holland,Scholengroep Penta voor gymnasium atheneum havo mavo vmbo lwoo,Curieweg,25,3208 KJ,SPIJKENISSE,1930,NISSEWAARD,0181617588,secondary,51.84741817,4.31070914
Zuid-Holland,Accent Praktijkonderwijs Capelle,Wisselspoor,2,2908 AC,CAPELLE AAN DEN IJSSEL,0502,CAPELLE AAN DEN IJSSEL,0102271181,secondary,51.95605776,4.58159495
Zuid-Holland,Accent praktijkonderwijs Hoogvliet,Max Havelaarweg,53,3193 VA,HOOGVLIET ROTTERDAM,0599,ROTTERDAM,0102095503,secondary,51.86754029,4.34631902
Zuid-Holland,Melanchthon Christelijke Scholengroep voor gymnasium atheneum havo en vmbo,Hoekeindseweg,7-A,2665 KA,BLEISWIJK,1621,LANSINGERLAND,0104767300,secondary,52.00787753,4.52670174
Zuid-Holland,Scholengroep Penta voor gymnasium atheneum havo mavo vmbo lwoo,Fazantenlaan,2,3222 AM,HELLEVOETSLUIS,1992,VOORNE AAN ZEE,0181316866,secondary,51.83444542,4.11881648
Zuid-Holland,"Portus Scholengroep Groene Hart lwoo, vbo, mavo, havo en vwo",Haarspitwei,11,2992 ZB,BARENDRECHT,0489,BARENDRECHT,0180390393,secondary,51.84281558,4.53485184
Zuid-Holland,Zuider Gymnasium,Groene Hilledijk,493,3075 EA,ROTTERDAM,0599,ROTTERDAM,0104190077,secondary,51.88404746,4.50445842
Zuid-Holland,Melanchthon Christelijke Scholengroep voor gymnasium atheneum havo en vmbo,De Zijde,3,2662 EB,BERGSCHENHOEK,1621,LANSINGERLAND,0102492260,secondary,51.98671475,4.48077551
Zuid-Holland,Stanislascollege Delft voor RK vmbo havo atheneum en gymnasium,Westplantsoen,71,2613 GK,DELFT,0503,DELFT,0157506050,secondary,52.00841774,4.34519258
Zuid-Holland,"Christelijk College De Populier voor vwo, havo, mavo",Populierstraat,109,2565 MK,'S-GRAVENHAGE,0518,S GRAVENHAGE,0703648808,secondary,52.0806936,4.27040916
Zuid-Holland,Hofstede College voor bijzonder Praktijkonderwijs,Droogscheerdersgaarde,70,2542 BK,'S-GRAVENHAGE,0518,S GRAVENHAGE,0703676233,secondary,52.03888383,4.26947768
Zuid-Holland,Christelijk Lyceum Zandvliet voor Lyceum en Havo,Bezuidenhoutseweg,40,2594 AW,'S-GRAVENHAGE,0518,S GRAVENHAGE,0703851902,secondary,52.08523208,4.32930075
Zuid-Holland,"Hofstad VO voor bijzonder vwo, havo, mavo, vmbo",Albardastraat,13-S,2555 XP,'S-GRAVENHAGE,0518,S GRAVENHAGE,0703971541,secondary,52.06331644,4.2504536
Zuid-Holland,"Lucas VO Den Haag Zuid-West voor algemeen bijzonder vwo, havo, mavo, vmbo",Beresteinlaan,627,2542 JR,'S-GRAVENHAGE,0518,S GRAVENHAGE,0703089898,secondary,52.03741842,4.25958595
Zuid-Holland,Esloo VO voor bijzonder vwo havo mavo vmbo pro,Louis Couperusplein,33,2514 HP,'S-GRAVENHAGE,0518,S GRAVENHAGE,0707002600,secondary,52.08421814,4.31007715
Zuid-Holland,Interconfessionele Scholengroep Westland voor Lyceum Havo Mavo Vbo Lwoo PrO,Professor Holwerdalaan,54,2672 LD,NAALDWIJK,1783,WESTLAND,0174628961,secondary,51.98779547,4.2034209
Zuid-Holland,"Praktijkcollege Zoetermeer, voor openbaar praktijkonderwijs",Dr. J. W. Paltelaan,1,2712 RN,ZOETERMEER,0637,ZOETERMEER,0793512512,secondary,52.05344352,4.49312138
Zuid-Holland,Lucas Onderwijs Zoetermeer voor openbaar vwo havo mavo vbo lwoo,Paletsingel,38-C,2718 NT,ZOETERMEER,0637,ZOETERMEER,0793471700,secondary,52.04481254,4.49347654
Zuid-Holland,Stanislascollege Pijnacker – Rijswijk voor bijzonder pro vbo mavo havo vwo,Sportlaan,3-A,2641 AZ,PIJNACKER,1926,PIJNACKER-NOOTDORP,0157506050,secondary,52.02432207,4.41935587
Zuid-Holland,Scholengemeenschap Spieringshoek voor Gymnasium Atheneum en HAVO,Van der Brugghenlaan,2,3118 LA,SCHIEDAM,0606,SCHIEDAM,0104706422,secondary,51.9192245,4.37766423
Zuid-Holland,Laurens Lyceum voor Vwo en Havo,Voorhout,100,3055 ES,ROTTERDAM,0599,ROTTERDAM,0104180470,secondary,51.96489554,4.49707045
Zuid-Holland,WOW VO voor havo en vwo,Duivenpad,7,3055 VE,ROTTERDAM,0599,ROTTERDAM,0104537500,secondary,51.96489554,4.49707045
Zuid-Holland,Christelijk Scholengemeenschap voor Lyceum Havo Mavo Vbo Lwoo Insula College,Halmaheiraplein,5,3312 GH,DORDRECHT,0505,DORDRECHT,0788905400,secondary,51.80582248,4.68914843
Zuid-Holland,Hans Petri School,Anna van Saksenstraat,11,3314 NC,DORDRECHT,0505,DORDRECHT,0786324111,secondary,51.79793921,4.66797279
Zuid-Holland,Christelijke Scholengemeenschap De Lage Waard voor Ath Havo Mavo Vbo Lwoo,Vijzellaan,4,3352 VH,PAPENDRECHT,0590,PAPENDRECHT,0786442020,secondary,51.8426788,4.68792042
Zuid-Holland,DevelsteinCollege Christelijke Scholengemeenschap voor Voortgezet Onderwijs,Develsingel,5,3333 LD,ZWIJNDRECHT,0642,ZWIJNDRECHT,0786194566,secondary,51.81685133,4.62780351
Zuid-Holland,Scheepvaart en Transport College,Lloydstraat,300,3024 EA,ROTTERDAM,0599,ROTTERDAM,0883186000,secondary,51.90204343,4.46108909
Zuid-Holland,Lentiz onderwijsgroep,Schiedamsedijk,114,3134 KK,VLAARDINGEN,0622,VLAARDINGEN,0104349925,secondary,51.90809514,4.36717887
Zuid-Holland,Lentiz onderwijsgroep,Rotterdamseweg,55,3135 PT,VLAARDINGEN,0622,VLAARDINGEN,0104357000,secondary,51.91649994,4.35777861
Zuid-Holland,Lentiz Revius Lyceum,Reviusplein,8,3141 SV,MAASSLUIS,0556,MAASSLUIS,0105915883,secondary,51.9240047,4.26365543
Zuid-Holland,Christelijk Gymnasium Sorghvliet,Johan de Wittlaan,22,2517 JR,'S-GRAVENHAGE,0518,S GRAVENHAGE,0703451577,secondary,52.0883347,4.2846673
Zuid-Holland,Carmelcollege Gouda voor tto gym ath havo mavo vmbo lwoo eoa,Groen van Prinsterersngl,49,2805 TD,GOUDA,0513,GOUDA,0182513822,secondary,52.02664751,4.71303776
Zuid-Holland,Erasmuscollege voor Vwo Havo en Mavo,Van Doornenplantsoen,31,2722 ZA,ZOETERMEER,0637,ZOETERMEER,0793319204,secondary,52.06033121,4.50367875
Zuid-Holland,Het Vlietland College Scholengemeenschap voor Vwo Havo Mavo,Apollolaan,262,2324 BZ,LEIDEN,0546,LEIDEN,0715769243,secondary,52.13900327,4.47405076
Zuid-Holland,Christelijke Scholengemeenschap De Goudse Waarden Lyc Havo Mavo Vbo Lwoo Pro,Kanaalstraat,31,2801 SH,GOUDA,0513,GOUDA,0182516077,secondary,52.01505988,4.69595077
Zuid-Holland,Het Schoonhovens College,Albert Plesmanstraat,4,2871 HJ,SCHOONHOVEN,1931,KRIMPENERWAARD,0182385288,secondary,51.95146424,4.84448673
Zuid-Holland,Praktijkschool De Goudse Waarden,H.J. Nederhorststraat,2,2801 SC,GOUDA,0513,GOUDA,0182516077,secondary,52.01595729,4.69594602
Zuid-Holland,Christelijke Scholengemeenschap Willem van Oranje voor ATH HAVO MAVO,Randweg,2,3263 RA,OUD-BEIJERLAND,1963,HOEKSCHE WAARD,0186634343,secondary,51.81845892,4.39496798
Zuid-Holland,Oranje Nassau College Scholengemeenschap Ath Havo Mavo Vbo Lwoo,Parkdreef,282,2724 EZ,ZOETERMEER,0637,ZOETERMEER,0793208830,secondary,52.06593305,4.51283178
Zuid-Holland,"Ashram College KSG voor vwo, havo, mavo en vbo",Marsdiep,293,2401 XH,ALPHEN AAN DEN RIJN,0484,ALPHEN AAN DEN RIJN,0172430234,secondary,52.14631761,4.65405978
Zuid-Holland,"Chr. SGM Groene Hart voor vwo, havo, mavo, vbo",Prinses Beatrixlaan,4,2404 XC,ALPHEN AAN DEN RIJN,0484,ALPHEN AAN DEN RIJN,0172449500,secondary,52.13144411,4.65172403
Zuid-Holland,Groene Hart Pro College,Anna van Burenlaan,15,2404 GA,ALPHEN AAN DEN RIJN,0484,ALPHEN AAN DEN RIJN,0172473175,secondary,52.13206519,4.65347889
Zuid-Holland,Andreas College Christelijke Scholengemeenschap voor VWO Havo Vmbo,Louise de Colignylaan,2,2224 VT,KATWIJK ZH,0537,KATWIJK,0714013128,secondary,52.19660413,4.41723501
Zuid-Holland,Limes Praktijkonderwijs,Louise de Colignylaan,5,2224 VT,KATWIJK ZH,0537,KATWIJK,0714029990,secondary,52.19586622,4.41603703
Zuid-Holland,"Scholengroep Driestar-Wartburg - Guido de Brès, Vwo, Havo, Mavo, Vbo, LWOO, Pro",Smeetslandseweg,127,3079 CR,ROTTERDAM,0599,ROTTERDAM,0102923900,secondary,51.88137691,4.53296792
Zuid-Holland,"Scholengroep Driestar-Wartburg - Driestar Gouda Bèta, vwo, havo, vmbo, pro",Ronsseplein,1,2803 ZV,GOUDA,0513,GOUDA,0182691691,secondary,52.01920235,4.70083193
Zuid-Holland,Laurentius Praktijkschool,Kappeyne vd Coppellostr,28,2613 XP,DELFT,0503,DELFT,0152146523,secondary,52.01335813,4.34287659
Zuid-Holland,Unie Noord,Pieter de Hoochstraat,29,3024 CP,ROTTERDAM,0599,ROTTERDAM,0102443300,secondary,51.90572615,4.45775568
Zuid-Holland,Het Lyceum Rotterdam voor Vwo en Havo,Beukelsdijk,91,3021 AE,ROTTERDAM,0599,ROTTERDAM,0104770033,secondary,51.92190603,4.45876941
Zuid-Holland,Roncalli MAVO,Tattistraat,3,3066 CE,ROTTERDAM,0599,ROTTERDAM,0104205693,secondary,51.9368814,4.55674512
Zuid-Holland,Het Zuiderpark College voor Mavo Vbo en Lwoo,Montessoriweg,26,3083 AN,ROTTERDAM,0599,ROTTERDAM,0104848400,secondary,51.88701471,4.49432678
Zuid-Holland,Nova College,Veenoord,15,3079 NH,ROTTERDAM,0599,ROTTERDAM,0104832344,secondary,51.88414062,4.55113911
Zuid-Holland,Het Praktijkcollege Charlois,Talingstraat,170,3082 MH,ROTTERDAM,0599,ROTTERDAM,0104294946,secondary,51.88491833,4.46608314
Zuid-Holland,Het Praktijkcollege Zuidwijk,Schere,47,3085 DT,ROTTERDAM,0599,ROTTERDAM,0102974580,secondary,51.87518769,4.48779519
Zuid-Holland,Het Praktijkcollege Centrum,Schietbaanstraat,26,3014 ZX,ROTTERDAM,0599,ROTTERDAM,0104362821,secondary,51.91572711,4.46469888
Zuid-Holland,"de Passie Evangelische School voor Vmbo-tl, Havo, Atheneum, Gymnasium",Ulaanbaatarplein,6,3072 JP,ROTTERDAM,0599,ROTTERDAM,0883372730,secondary,51.90177419,4.49537416
Zuid-Holland,Het Waterland,Boerhaavelaan,345,2334 EM,LEIDEN,0546,LEIDEN,0715163636,secondary,52.17187188,4.48748235
Zuid-Holland,SGM Dalton College Voorburg voor Lyceum HAVO MAVO VBO LWOO,Loolaan,125,2271 TM,VOORBURG,1916,LEIDSCHENDAM-VOORBURG,0703007700,secondary,52.07578759,4.3719296
Zuid-Holland,Veurs Lyceum voor Atheneum Havo Mavo Vbo Lwoo,Burg Kolfschotenlaan,5,2262 EZ,LEIDSCHENDAM,1916,LEIDSCHENDAM-VOORBURG,0704199100,secondary,52.09267838,4.393609
Zuid-Holland,Sint Maartenscollege Scholengemeenschap voor Vwo Havo en Mavo Voorburg,Aart van der Leeuwkade,14,2274 KX,VOORBURG,1916,LEIDSCHENDAM-VOORBURG,0703867272,secondary,52.07314087,4.3559795
Zuid-Holland,Gymnasium Novum,Aart van der Leeuwkade,1,2274 KX,VOORBURG,1916,LEIDSCHENDAM-VOORBURG,0703004110,secondary,52.07210456,4.35707797
Zuid-Holland,SGM Grotius College Delft voor Lyceum Havo Mavo Vbo Lwoo,Juniusstraat,8,2625 XZ,DELFT,0503,DELFT,0158000002,secondary,51.99941846,4.34641385
Zuid-Holland,"'s Gravendreef College voor vbo, mavo en havo",Klaas Voskuildreef,135,2492 JJ,'S-GRAVENHAGE,0518,S GRAVENHAGE,0703017755,secondary,52.06668773,4.39903496
Zuid-Holland,Scholengemeenschap Haags Montessori Lyceum voor Lyceum Havo Mavo Vbo,Nassau Bredastraat,5,2596 AK,'S-GRAVENHAGE,0518,S GRAVENHAGE,0703245418,secondary,52.08869409,4.3160361
Zuid-Holland,Maris College voor Mavo Vmbo Lwoo,Mgr. Nolenslaan,16,2555 XZ,'S-GRAVENHAGE,0518,S GRAVENHAGE,0703231334,secondary,52.06396636,4.24838884
Zuid-Holland,"Atlas Onderwijsgroep voor gymnasium, atheneum, havo, vmbo",Karmozijnstraat,2,2284 GA,RIJSWIJK ZH,0603,RIJSWIJK,0703364944,secondary,52.04356203,4.31213307
Zuid-Holland,School voor Speciaal Voortgezet Onderwijs De Einder,Spionkopstraat,9,2572 NK,'S-GRAVENHAGE,0518,S GRAVENHAGE,0704451616,secondary,52.06130309,4.29592716
Zuid-Holland,Gymnasium Haganum,Laan van Meerdervoort,57,2517 AG,'S-GRAVENHAGE,0518,S GRAVENHAGE,0703469243,secondary,52.08361948,4.29127762
Zuid-Holland,Scholengemeenschap het Segbroekcollege Vwo Havo Mavo,Klaverstraat,7,2565 BT,'S-GRAVENHAGE,0518,S GRAVENHAGE,0703634940,secondary,52.07302358,4.2567146
Zuid-Holland,Maerlant Lyceum met Afdeling Havo,Johannes Bildersstraat,11,2596 ED,'S-GRAVENHAGE,0518,S GRAVENHAGE,0703244529,secondary,52.09216198,4.32187356
Zuid-Holland,Dalton Den Haag gymnasium atheneum havo,Aronskelkweg,1,2555 GA,'S-GRAVENHAGE,0518,S GRAVENHAGE,0703689890,secondary,52.06806262,4.23996215
Zuid-Holland,Johan de Witt Scholengroep voor Vwo Havo Mavo Vmbo Pro Lwoo nieuwkomers,Zusterstraat,120,2512 TP,'S-GRAVENHAGE,0518,S GRAVENHAGE,0703120750,secondary,52.07194597,4.29560555
Zuid-Holland,Gemeentelijk Gymnasium Camphusianum,Vroedschapstraat,11,4204 AJ,GORINCHEM,0512,GORINCHEM,0183622388,secondary,51.83516768,4.96119011
Zuid-Holland,Merewade College Openbare Scholengemeenschap voor Ath Havo Mavo Vbo Lwoo,Wijdschildlaan,4,4207 EA,GORINCHEM,0512,GORINCHEM,0183656868,secondary,51.8293209,4.98847412
Zuid-Holland,Northgo College Openbare Scholengemeenschap voor Vmbo Havo Vwo,Duinwetering,107,2203 HM,NOORDWIJK ZH,0575,NOORDWIJK,0713681840,secondary,52.24295415,4.447999
Zuid-Holland,De Noordhoek,Hoefslag,8,4205 NK,GORINCHEM,0512,GORINCHEM,0183625350,secondary,51.84827398,4.97027325
Zuid-Holland,Stedelijk Dalton Lyceum voor Lyceum Havo Mavo Vbo Lwoo,Overkampweg,125,3318 AN,DORDRECHT,0505,DORDRECHT,0786526565,secondary,51.79103075,4.68570923
Zuid-Holland,Griendencollege voor VMBO,Prof Kamerlingh Onnesln,109,3362 VE,SLIEDRECHT,0610,SLIEDRECHT,0184750200,secondary,51.82316706,4.78191622
Zuid-Holland,Algemeen Bijzondere School voor Praktijkonderwijs De Sprong,Elzenhof,124,3363 HE,SLIEDRECHT,0610,SLIEDRECHT,0184430150,secondary,51.82542495,4.75782673
Zuid-Holland,Regionale Scholengemeenschap Hoeksche Waard VWO Havo Mavo Vbo LWOO,Hoefsmid,1,3263 CC,OUD-BEIJERLAND,1963,HOEKSCHE WAARD,0186617522,secondary,51.82014298,4.39586936
Zuid-Holland,Joh De Wittgymnasium,Oranjepark,11,3311 LP,DORDRECHT,0505,DORDRECHT,0786482626,secondary,51.80898281,4.67398142
Zuid-Holland,"De Goudse Scholengemeenschap voor VMBO-TL, HAVO en VWO Leo Vroman",Willem de Zwijgersingel,5,2805 BP,GOUDA,0513,GOUDA,0182599994,secondary,52.02133691,4.71194414
Zuid-Holland,Coornhert Gymnasium,Jan van Renesseplein,1,2805 GT,GOUDA,0513,GOUDA,0182599517,secondary,52.02193662,4.71920675
Zuid-Holland,Het Segment Regionale School voor Praktijkonderwijs,Van Bergen Ijzendoornprk,43,2801 AB,GOUDA,0513,GOUDA,0182513620,secondary,52.01622383,4.70125104
Zuid-Holland,Coenecoop College voor Atheneum Havo Mavo Voorbereidend Beroeps Onderwijs,Oude Dreef,2,2741 ST,WADDINXVEEN,0627,WADDINXVEEN,0182616055,secondary,52.03935517,4.6520616
Zuid-Holland,Scala College voor Atheneum Havo Vmbo-Loot,Kees Mustersstraat,6,2406 LK,ALPHEN AAN DEN RIJN,0484,ALPHEN AAN DEN RIJN,0172423737,secondary,52.13928707,4.67175422
Zuid-Holland,"EYE college voor vwo, havo, mavo vbo en pro",Pelikaanweg,1,2903 ER,CAPELLE AAN DEN IJSSEL,0502,CAPELLE AAN DEN IJSSEL,0851050200,secondary,51.93089771,4.59297978
Zuid-Holland,Lyceum Schravenlant voor Atheneum en Havo,Hugo de Grootstraat,4,3119 HA,SCHIEDAM,0606,SCHIEDAM,0104093300,secondary,51.92459023,4.39135328
Zuid-Holland,ProNovaCollege voor Praktijkonderwijs,Burg Honnerlage Greteln,494,3118 BB,SCHIEDAM,0606,SCHIEDAM,0104715052,secondary,51.91680358,4.38618333
Zuid-Holland,Mavo Schravenlant XL voor mavo en vmbo,Van Hogendorpstraat,105,3118 LG,SCHIEDAM,0606,SCHIEDAM,0104710077,secondary,51.92053801,4.38193706
Zuid-Holland,Het College Vos,Koninginnelaan,771,3136 EZ,VLAARDINGEN,0622,VLAARDINGEN,0108503500,secondary,51.92916338,4.35037421
Zuid-Holland,Stedelijk Gymnasium Schiedam,Valeriusstraat,29-31,3122 AM,SCHIEDAM,0606,SCHIEDAM,0102470468,secondary,51.92765934,4.37495173
Zuid-Holland,Scholengemeenschap Maerlant College voor Lyceum Havo Mavo Vbo Lwoo,Hossenbosdijk,14-16,3232 PX,BRIELLE,1992,VOORNE AAN ZEE,0181412210,secondary,51.89134419,4.1788468
Zuid-Holland,SG Helinium voor Atheneum Havo Mavo Vbo Lwoo,Fazantenlaan,1,3222 AM,HELLEVOETSLUIS,1992,VOORNE AAN ZEE,0181316488,secondary,51.83506732,4.11980017
Zuid-Holland,Praktijk College Spijkenisse,E. van Dintelstraat,11,3201 KX,SPIJKENISSE,1930,NISSEWAARD,0181613187,secondary,51.84850076,4.3124691
Zuid-Holland,Openbare Scholengemeenschap De Ring van Putten voor Ath Havo Mavo,Groenewoudlaan,25,3201 LP,SPIJKENISSE,1930,NISSEWAARD,0181457144,secondary,51.84521905,4.34107289
Zuid-Holland,MY college voor VMBO,Zinkseweg,2,3201 KZ,SPIJKENISSE,1930,NISSEWAARD,0181622033,secondary,51.84912273,4.31446857
Zuid-Holland,"SNZ voor gymnasium, atheneum, havo, mavo vmbo, pro en lwoo",Slaghekstraat,221,3074 LJ,ROTTERDAM,0599,ROTTERDAM,0104850666,secondary,51.89743724,4.50339001
Zuid-Holland,Openbare Scholengemeenschap Libanon Lyceum voor VWO HAVO MAVO,Ramlehweg,6,3061 JX,ROTTERDAM,0599,ROTTERDAM,0104522500,secondary,51.93137095,4.50546302
Zuid-Holland,Thorbecke Talentschool Rotterdam mavo havo vwo,Prinsenlaan,82,3066 KA,ROTTERDAM,0599,ROTTERDAM,0102890450,secondary,51.93962091,4.55534066
Zuid-Holland,Wolfert van Borselen scholengroep,Bentincklaan,280,3039 KK,ROTTERDAM,0599,ROTTERDAM,0108907700,secondary,51.92490055,4.45524811
Zuid-Holland,Erasmianum Gemeente Gymnasium,Wytemaweg,25,3015 CN,ROTTERDAM,0599,ROTTERDAM,0104360045,secondary,51.91173356,4.46827558
Zuid-Holland,Einstein Lyceum Openbare Scholengemeenschap voor MAVO HAVO Atheneum en Gymnasium,Campusplein,18,3192 CD,HOOGVLIET ROTTERDAM,0599,ROTTERDAM,0104835311,secondary,51.8563361,4.36055757
Zuid-Holland,Regionale Scholengemeenschap Goeree-Overflakkee voor Vmbo,Langeweg,111,3245 KG,SOMMELSDIJK,1924,GOEREE-OVERFLAKKEE,0187485444,secondary,51.75158917,4.15910381
Zuid-Holland,Regionale Scholengemeenschap Goeree-Overflakkee voor Vwo Havo Mavo,Koningin Julianaweg,54,3241 XC,MIDDELHARNIS,1924,GOEREE-OVERFLAKKEE,0187482777,secondary,51.75598648,4.16020221
Zuid-Holland,Stedelijk Gymnasium,Fruinlaan,15,2313 EP,LEIDEN,0546,LEIDEN,0715121365,secondary,52.15295668,4.50603659
Zuid-Holland,Stedelijk Gymnasium Socrates,Nieuwe Marnixstraat,90,2316 ES,LEIDEN,0546,LEIDEN,0715121365,secondary,52.1701955,4.49792984
Zuid-Holland,Leonardo College voor Atheneum Havo Mavo,Telderskade,48,2321 TE,LEIDEN,0546,LEIDEN,0715768202,secondary,52.14955435,4.47521865
Zuid-Holland,Da Vinci College Openbare Scholengemeenschap voor ATH HAVO MAVO VBO LWOO,Kagerstraat,7,2334 CP,LEIDEN,0546,LEIDEN,0715795979,secondary,52.17266195,4.4835357
Zuid-Holland,Emmauscollege Rooms Katholieke Scholengemeenschap voor Vwo en Havo,Alexandriestraat,40,3067 MR,ROTTERDAM,0599,ROTTERDAM,0104212144,secondary,51.94869747,4.56508255
Zuid-Holland,Krimpenerwaard College voor Lyceum Havo Mavo,Groene Wetering,1,2922 CX,KRIMPEN AAN DEN IJSSEL,0542,KRIMPEN AAN DEN IJSSEL,0180450110,secondary,51.92095034,4.60257238
Zuid-Holland,Gomarusschool s.g.voor VMBO Havo Atheneum,Hoefslag,11,4205 NK,GORINCHEM,0512,GORINCHEM,0183610361,secondary,51.84927142,4.96984193
Zuid-Holland,Christelijke Scholengemeenschap voor Atheneum Havo Mavo Willem De Zwijger,Kamerlingh Onnesdreef,4,2871 JN,SCHOONHOVEN,1931,KRIMPENERWAARD,0182390539,secondary,51.95058805,4.83775078
Zuid-Holland,Christelijke Scholengemeenschap voor Vwo Havo Mavo Vmbo Pro Lwoo Prins Maurits,Koningin Julianaweg,57,3241 XB,MIDDELHARNIS,1924,GOEREE-OVERFLAKKEE,0187482745,secondary,51.75483227,4.15886255
Zuid-Holland,"Avicenna College voor vwo, havo, mavo en vbo",Montessoriweg,55,3083 AN,ROTTERDAM,0599,ROTTERDAM,0107900555,secondary,51.88501465,4.49462962
Zuid-Holland,"Avicenna College Den Haag voor mavo, havo en vwo",Zuidlarenstraat,6,2545 VX,'S-GRAVENHAGE,0518,S GRAVENHAGE, ,secondary,52.05050575,4.26883384
Zuid-Holland,"Onderwijsgr. Zuid-Hollandse Waarden gymnasium, atheneum, havo, mavo, vmbo, lwoo",Prinses Margrietstraat,163,2983 ED,RIDDERKERK,0597,RIDDERKERK,0180486999,secondary,51.88097285,4.59932475
Zuid-Holland,"Willem De Zwijger College voor Gym, Ath, Havo, en Vmbo",Van Der Palmstraat,2,3351 HA,PAPENDRECHT,0590,PAPENDRECHT,0786417970,secondary,51.83245566,4.68472151
Zuid-Holland,GSR Gymnasium Atheneum HAVO VMBO,Valenciadreef,15,3067 WL,ROTTERDAM,0599,ROTTERDAM,0102862930,secondary,51.94537379,4.55979684
Zuid-Holland,Stichting voor Voortgezet Vrijeschool Onderwijs Delft Mercurius,Molenstraat,22,2611 KA,DELFT,0503,DELFT,0152410025,secondary,52.01579777,4.35501473
Zuid-Holland,Het Rijnlands Lyceum Scholengemeenschap voor Havo VWO,Backershagenlaan,5,2243 AB,WASSENAAR,0629,WASSENAAR,0705110400,secondary,52.13222233,4.39001159
Zuid-Holland,Het Rijnlands Sassenheim Scholengemeenschap voor Atheneum Havo Mavo,Van Alkemadelaan,2,2171 DH,SASSENHEIM,1525,TEYLINGEN,0252243070,secondary,52.21835035,4.51685897
Zuid-Holland,Rijnlands Lyceum Oegstgeest Vwo Havo,Apollolaan,1,2341 BA,OEGSTGEEST,0579,OEGSTGEEST,0715193500,secondary,52.1818363,4.4609902
Zuid-Holland,Scholengemeenschap Montessori Lyceum Rotterdam voor Gymnasium Atheneum en Havo,Schimmelpenninckstraat,17,3039 KS,ROTTERDAM,0599,ROTTERDAM,0104654022,secondary,51.92476482,4.46001109
Zuid-Holland,St.- Jozefmavo,Willem de Zwijgerlaan,240,3136 AX,VLAARDINGEN,0622,VLAARDINGEN,0104744166,secondary,51.92796772,4.34282864
Zuid-Holland,"Aida College voor mavo, havo en vwo",Veluweplein,1,2571 GA,'S-GRAVENHAGE,0518,S GRAVENHAGE, ,secondary,52.06012891,4.29287041
Zuid-Holland,Fioretti College voor Gymnasium Atheneum Havo Mavo Vbo Lwoo,Sportlaan,3,2161 VA,LISSE,0553,LISSE,0252461700,secondary,52.26405951,4.56795394
Zuid-Holland,Teylingen College voor Gymnasium Atheneum Havo Mavo Vbo Lwoo,Leidsevaart,4,2215 RE,VOORHOUT,1525,TEYLINGEN,0252461700,secondary,52.22015378,4.47591985
Zuid-Holland,Duinzigt Havo,Wijttenbachweg,23,2341 VX,OEGSTGEEST,0579,OEGSTGEEST,0715171131,secondary,52.18434461,4.46866125
Zuid-Holland,Visser 't Hooft Lyceum Lyceum Havo Mavo Vbo Lwoo,Kagerstraat,1,2334 CP,LEIDEN,0546,LEIDEN,0715171661,secondary,52.17248207,4.48317589
Zuid-Holland,Bonaventuracollege SGM voor Gym. Ath. Havo Vmbo,Burggravenlaan,2,2313 HV,LEIDEN,0546,LEIDEN,0715660166,secondary,52.15411038,4.50762215
Zuid-Holland,Stichting Willem van Oranje Onderwijsgroep,Oude Hoven,8,4205 AK,GORINCHEM,0512,GORINCHEM, ,secondary,51.83585388,4.96703223
Zuid-Holland,Grafisch Lyceum Rotterdam voor MBO en VMBO,Heer Bokelweg,255,3032 AD,ROTTERDAM,0599,ROTTERDAM,0108802500,secondary,51.92761768,4.47804392
Zuid-Holland,Protestants Christelijke School voor Praktijkonderwijs De Poort,2e Sweelinckstraat,160,2517 HB,'S-GRAVENHAGE,0518,S GRAVENHAGE,0703588970,secondary,52.08469751,4.27702148
Zuid-Holland,S. Adelbert College voor VMBO-T - Havo - VWO - Gymnasium,Deijlerweg,163,2241 AE,WASSENAAR,0629,WASSENAAR,0705119224,secondary,52.14793463,4.41806118
Zuid-Holland,Vrijzinnig Christelijk Lyceum Scholengemeenschap voor Vwo en Havo,Van Stolkweg,35,2585 JN,'S-GRAVENHAGE,0518,S GRAVENHAGE,0703066630,secondary,52.10212047,4.2855362
Zuid-Holland,Rooms Katholiek Alfrink College Scholengemeenschap voor Atheneum en Havo,Werflaan,45,2725 DE,ZOETERMEER,0637,ZOETERMEER,0793306666,secondary,52.07097558,4.50201952
Zuid-Holland,Christelijk Lyceum Delft Scholengemeenschap voor Lyceum Havo Mavo Vbo,Molenhuispad,1,2614 GE,DELFT,0503,DELFT,0152684330,secondary,52.00660298,4.34326637
Zuid-Holland,Vrije School Zuid-Holland voor Atheneum Havo Mavo,Waalsdorperweg,12,2597 JB,'S-GRAVENHAGE,0518,S GRAVENHAGE,0703244300,secondary,52.09917932,4.30984859
Gelderland,SOMA College,Ceintuurbaan,2,3847 LG,HARDERWIJK,0243,HARDERWIJK,0341499100,vocational,52.33305865,5.64413627
Overijssel,C I B A P Christelijk MBO,Nijverheidstraat,11,8031 DZ,ZWOLLE,0193,ZWOLLE,0384546944,vocational,52.52120881,6.09077374
Utrecht,Grafisch Lyceum Utrecht,Vondellaan,178,3521 GH,UTRECHT,0344,UTRECHT,0302807070,vocational,52.07856584,5.11711172
Utrecht,Nimeto Algemeen Bijzondere Scholengemeenschap voor Mbo Kmbo,Smijerslaan,2,3572 LP,UTRECHT,0344,UTRECHT,0302714624,vocational,52.10061913,5.14111175
Utrecht,SVO vakopleiding food,Sleepboot,2,3991 CN,HOUTEN,0321,HOUTEN,0302758181,vocational,52.02011465,5.1506005
Zuid-Holland,Hout- en Meubileringscollege,Erasmuspad,10,3052 KP,ROTTERDAM,0599,ROTTERDAM,0102855555,vocational,51.94779195,4.46647933
Zuid-Holland,Leidse Instrumentmakers School,Einsteinweg,61,2333 CC,LEIDEN,0546,LEIDEN,0715275568,vocational,52.16757372,4.45807924
Gelderland,Aeres VMBO en Aeres MBO,Bovenbuurtweg,27,6717 XA,EDE,0228,EDE,0880207020,vocational,52.01821423,5.66239098
Gelderland,Zone.college,Hoeflingweg,9,7241 CJ,LOCHEM,0262,LOCHEM,0882620700,vocational,52.1644985,6.40368569
Noord-Brabant,Curio,Trivium,74,4873 LP,ETTEN-LEUR,0777,ETTEN-LEUR,0765048000,vocational,51.56977731,4.66163909
Noord-Brabant,SiNTLUCAS,Torenallee,75,5617 BB,EINDHOVEN,0772,EINDHOVEN,0402591391,vocational,51.44693556,5.45467868
Noord-Holland,Stichting Media Amsterdam,Contactweg,36,1014 AN,AMSTERDAM,0363,AMSTERDAM,0208509500,vocational,52.39115041,4.85614589
Utrecht,Yuverta,De Molen,94,3995 AX,HOUTEN,0321,HOUTEN,0306345100,vocational,52.03229238,5.17005711
Zuid-Holland,Scheepvaart en Transport College,Lloydstraat,300,3024 EA,ROTTERDAM,0599,ROTTERDAM,0883186000,vocational,51.90204343,4.46108909
Zuid-Holland,Lentiz onderwijsgroep,Schiedamsedijk,114,3134 KK,VLAARDINGEN,0622,VLAARDINGEN,0104349925,vocational,51.90809514,4.36717887
Zuid-Holland,Grafisch Lyceum Rotterdam voor MBO en VMBO,Heer Bokelweg,255,3032 AD,ROTTERDAM,0599,ROTTERDAM,0108802500,vocational,51.92761768,4.47804392
Noord-Brabant,BBO de Schalm,Vlijmenseweg,2-A,5223 GW,'S-HERTOGENBOSCH,0796,S HERTOGENBOSCH,0736249624,vocational,51.68326653,5.28511726
Flevoland,Regionaal Opleidingen Centrum van Flevoland,Straat van Florida,1,1334 PA,ALMERE,0034,ALMERE,0365495900,vocational,52.39207396,5.27663913
Friesland,Firda,De Eenhoorn,4,8932 NX,LEEUWARDEN,0080,LEEUWARDEN,0582849340,vocational,53.1966994,5.79846967
Gelderland,Regionaal Opleidingen Centrum Rivor,Bachstraat,1,4003 KZ,TIEL,0281,TIEL,0344656200,vocational,51.88615502,5.41330413
Gelderland,Regionaal Opleidingen Centrum Graafschap College,Slingelaan,1,7001 EA,DOETINCHEM,0222,DOETINCHEM,0314353500,vocational,51.96722698,6.29875627
Gelderland,Regionaal Opleidingen Centrum Rijn IJssel,Tivolilaan,10,6824 BW,ARNHEM,0202,ARNHEM,0263129000,vocational,51.98789064,5.9316833
Gelderland,Regionaal Opleidingen Centrum Nijmegen eo,Campusbaan,6,6512 BT,NIJMEGEN,0268,NIJMEGEN,0248904500,vocational,51.84119918,5.85250572
Gelderland,Stichting Regionaal Opleidingen Centrum AVENTUS,Ln van de Mensenrechten,500,7331 VZ,APELDOORN,0200,APELDOORN, ,vocational,52.20811571,5.97054107
Gelderland,Regionaal Opleidingen Centrum A12,Reehorsterweg,80,6717 LG,EDE,0228,EDE,0318455500,vocational,52.02047013,5.66244855
Groningen,Regionaal Opleidingen Centrum Alfa-college,Boumaboulevard,573,9723 ZS,GRONINGEN,0014,GRONINGEN,0505973000,vocational,53.20700545,6.59029852
Groningen,Stichting Noorderpoort,Verzetsstrijderslaan,4,9727 CE,GRONINGEN,0014,GRONINGEN,0505977400,vocational,53.20737197,6.55594633
Groningen,ROC Menso Alting,Vondelpad,4,9721 LX,GRONINGEN,0014,GRONINGEN,0505244580,vocational,53.20157628,6.56867485
Limburg,VISTA College,Sibemaweg,20,6224 DC,MAASTRICHT,0935,MAASTRICHT,0880015000,vocational,50.84657928,5.71788819
Limburg,Regionaal Opleidingen Centrum Gilde Opleidingen Beroepsonderwijs en Educatie,Olympialaan,1,6042 JZ,ROERMOND,0957,ROERMOND,0475349349,vocational,51.19189658,6.01759814
Noord-Brabant,Koning Willem I College,Vlijmenseweg,2,5223 GW,'S-HERTOGENBOSCH,0796,S HERTOGENBOSCH,0736249624,vocational,51.68326653,5.28511726
Noord-Brabant,Yonder,Stappegoorweg,183,5022 DD,TILBURG,0855,TILBURG,0135397090,vocational,51.54038549,5.07973875
Noord-Brabant,Stichting Regionaal Opleidingencentrum Ter AA,Keizerin Marialaan,2,5702 NR,HELMOND,0794,HELMOND,0492507900,vocational,51.48637355,5.65778626
Noord-Holland,ROC van Amsterdam,Fraijlemaborg,141,1102 CV,AMSTERDAM,0363,AMSTERDAM,0205791000,vocational,52.31635143,4.94988941
Noord-Holland,ROC TOP,NDSM-straat,1,1033 SB,AMSTERDAM,0363,AMSTERDAM,0205042400,vocational,52.40424185,4.8886928
Noord-Holland,Regionaal Opleidingen Centrum Nova College,Diakenhuisweg,37-45,2033 AP,HAARLEM,0392,HAARLEM,0235302000,vocational,52.38154955,4.67288715
Noord-Holland,Talland College,Kruseman van Eltenweg,4,1817 BC,ALKMAAR,0361,ALKMAAR,0725476600,vocational,52.64100051,4.74441343
Overijssel,Deltion College,Mozartlaan,15,8031 AA,ZWOLLE,0193,ZWOLLE,0388503000,vocational,52.52089809,6.08447536
Overijssel,Regionaal Opleidingencentrum van Twente,Gieterij,200,7553 VZ,HENGELO OV,0164,HENGELO,0748525000,vocational,52.26015935,6.78751376
Utrecht,Stichting ROC Midden Nederland,Brandenburchdreef,20,3562 CS,UTRECHT,0344,UTRECHT,0307541700,vocational,52.11954043,5.12123754
Utrecht,Hoornbeeck College voor Mbo op Reformatorische Grondslag,Utrechtseweg,230,3818 ET,AMERSFOORT,0307,AMERSFOORT,0334680808,vocational,52.13803229,5.35193857
Utrecht,Stichting Interconfessioneel Beroepsonderwijs Volwasseneneducatie regio Utrecht,Australielaan,23,3526 AB,UTRECHT,0344,UTRECHT,0302815100,vocational,52.06445721,5.10252044
Utrecht,Stichting Interconf. Beroepsonderwijs en Volwasseneneducatie Regio Amersfoort,Leusderweg,30-34,3817 KB,AMERSFOORT,0307,AMERSFOORT,0334221400,vocational,52.14804114,5.38376993
Zeeland,Scalda voor middelbaar beroepsonderwijs en volwasseneneducatie,Vlietstraat,11-A,4535 HA,TERNEUZEN,0715,TERNEUZEN,0115641600,vocational,51.31024595,3.85761464
Zuid-Holland,Zadkine,Marten Meesweg,50,3068 AV,ROTTERDAM,0599,ROTTERDAM,0889452480,vocational,51.95236864,4.55336887
Zuid-Holland,Stichting Albeda,Rosestraat,1101,3071 AL,ROTTERDAM,0599,ROTTERDAM,0102901010,vocational,51.90298026,4.51057784
Zuid-Holland,Regionaal Opleidingen Centrum Da Vinci College,Leerparkpromenade,100,3312 KW,DORDRECHT,0505,DORDRECHT,0886572657,vocational,51.79786094,4.67941977
Zuid-Holland,mboRijnland,Betaplein,18,2321 KS,LEIDEN,0546,LEIDEN,0882221777,vocational,52.14619167,4.49275256
Zuid-Holland,ROC Mondriaan,Leeghwaterplein,72,2521 DB,'S-GRAVENHAGE,0518,S GRAVENHAGE,0886663300,vocational,52.06679833,4.3203149
Drenthe,Drenthe College Terra,Anne de Vriesstraat,70,9402 NT,ASSEN,0106,ASSEN,0881884444,vocational,52.99997441,6.56949079
Noord-Brabant,Curio,Trivium,74,4873 LP,ETTEN-LEUR,0777,ETTEN-LEUR,0765048000,vocational,51.56977731,4.66163909
Noord-Brabant,Stg ROC Summa College,Habsburglaan,1,5616 HV,EINDHOVEN,0772,EINDHOVEN,0402694000,vocational,51.43400121,5.45524847
Noord-Brabant,Scholengemeenschap De Rooi Pannen,Dr. Ahausstraat,1,5042 EK,TILBURG,0855,TILBURG,0135002100,vocational,51.56915372,5.06342219
Noord-Holland,Vonk,Drechterwaard,10-A,1824 EX,ALKMAAR,0361,ALKMAAR,0725147666,vocational,52.64107471,4.752708
Overijssel,Stichting Landstede,Rechterland,1,8024 AH,ZWOLLE,0193,ZWOLLE,0888508040,vocational,52.52282392,6.12344273
Friesland,NHL Stenden Hogeschool,Rengerslaan,10,8917 DD,LEEUWARDEN,0080,LEEUWARDEN,0582512345,university,53.21164511,5.79848899
Gelderland,Christelijke Hogeschool Ede,Oude Kerkweg,100,6717 JS,EDE,0228,EDE,0318696300,university,52.01955034,5.66372491
Gelderland,Aeres Hogeschool,Mansholtlaan,18,6708 PA,WAGENINGEN,0289,WAGENINGEN,0880207000,university,51.9861391,5.67215139
Gelderland,ArtEZ,Onderlangs,9,6812 CE,ARNHEM,0202,ARNHEM,0263535600,university,51.98387418,5.89424278
Gelderland,Hogeschool Van Hall Larenstein,Larensteinselaan,26-A,6882 CT,VELP GLD,0275,RHEDEN,0263695695,university,51.99060337,5.96194248
Gelderland,Iselinge Hogeschool,Bachlaan,11,7002 MZ,DOETINCHEM,0222,DOETINCHEM,0880931000,university,51.96729441,6.30286068
Gelderland,Hogeschool van Arnhem en Nijmegen,Ruitenberglaan,31,6826 CC,ARNHEM,0202,ARNHEM,0263691555,university,51.98914408,5.94949005
Groningen,Hanzehogeschool Groningen,Zernikeplein,1,9747 AS,GRONINGEN,0014,GRONINGEN,0505955610,university,53.2407771,6.53020754
Limburg,Zuyd Hogeschool,Nieuw-Eyckholt,300,6419 DJ,HEERLEN,0917,HEERLEN,0454006060,university,50.88103114,5.95876005
Noord-Brabant,Avans Hogeschool,Prof Cobbenhagenlaan,13,5037 DA,TILBURG,0855,TILBURG,0135958100,university,51.5614207,5.05758027
Noord-Brabant,Breda University of Applied Sciences,Mgr. Hopmansstraat,2,4817 JS,BREDA,0758,BREDA,0765332203,university,51.59019017,4.79426877
Noord-Brabant,HAS green academy,Onderwijsboulevard,221,5223 DE,'S-HERTOGENBOSCH,0796,S HERTOGENBOSCH,0888903600,university,51.68642981,5.28596645
Noord-Brabant,Fontys Hogeschool,Rachelsmolen,1,5612 MA,EINDHOVEN,0772,EINDHOVEN,0877873677,university,51.45116638,5.47959755
Noord-Brabant,Pedagogische Hogeschool De Kempel,Deurneseweg,11,5709 AH,HELMOND,0794,HELMOND,0492514400,university,51.47053022,5.71072124
Noord-Brabant,Design Academy Eindhoven,Emmasingel,14,5611 AZ,EINDHOVEN,0772,EINDHOVEN,0402393939,university,51.43970954,5.47488915
Noord-Holland,Gerrit Rietveld Academie,Fred. Roeskestraat,96,1076 ED,AMSTERDAM,0363,AMSTERDAM,0205711600,university,52.34192246,4.85969906
Noord-Holland,Amsterdamse Hogeschool voor de Kunsten,Jodenbreestraat,3,1011 NG,AMSTERDAM,0363,AMSTERDAM,0205277710,university,52.36960451,4.90165821
Noord-Holland,Hogeschool IPABO Amsterdam Alkmaar,Jan Tooropstraat,136,1061 AD,AMSTERDAM,0363,AMSTERDAM,0206137079,university,52.36748767,4.83688642
Noord-Holland,Hogeschool van Amsterdam,Wibautstraat,3-B,1091 GH,AMSTERDAM,0363,AMSTERDAM,0205952341,university,52.35916154,4.90964519
Overijssel,Hogeschool KPZ,Ten Oeverstraat,68,8012 EW,ZWOLLE,0193,ZWOLLE,0384217425,university,52.50612284,6.10748707
Overijssel,Stichting Hogeschool Viaa,Wethouder Alferinkweg,2,8012 GA,ZWOLLE,0193,ZWOLLE,0384255542,university,52.50819394,6.10301906
Overijssel,Saxion Hogeschool,M.H. Tromplaan,28,7513 AB,ENSCHEDE,0153,ENSCHEDE,0534871111,university,52.2206658,6.8866567
Overijssel,Christelijke Hogeschool Windesheim,Campus,2-6,8017 CA,ZWOLLE,0193,ZWOLLE,0384699911,university,52.50011536,6.08099292
Utrecht,Hogeschool voor de Kunsten Utrecht,Nieuwekade,1,3511 RV,UTRECHT,0344,UTRECHT,0302091509,university,52.09576179,5.11156411
Utrecht,Hogeschool Utrecht,Padualaan,99,3584 CH,UTRECHT,0344,UTRECHT,0302388898,university,52.08451085,5.16924746
Utrecht,Marnix Academie,Vogelsanglaan,1,3571 ZM,UTRECHT,0344,UTRECHT,0302753400,university,52.10354843,5.13316696
Zeeland,HZ University of Applied Sciences,Edisonweg,4,4382 NW,VLISSINGEN,0718,VLISSINGEN,0118489000,university,51.45165945,3.58906641
Zuid-Holland,"Codarts, Hogeschool voor de Kunsten",Kruisplein,26,3012 CC,ROTTERDAM,0599,ROTTERDAM,0102171100,university,51.92212765,4.47166762
Zuid-Holland,Hogeschool Leiden,Zernikedreef,11,2333 CK,LEIDEN,0546,LEIDEN,0715188800,university,52.16715569,4.47179432
Zuid-Holland,Hogeschool Rotterdam,Museumpark,40,3015 CX,ROTTERDAM,0599,ROTTERDAM,0107940000,university,51.91360925,4.46905874
Zuid-Holland,Hogeschool der Kunsten Den Haag,Spuiplein,150,2511 DG,'S-GRAVENHAGE,0518,S GRAVENHAGE,0703154777,university,52.07729125,4.31752256
Zuid-Holland,Driestar educatief,Burgemeester Jamessingel,2,2803 PD,GOUDA,0513,GOUDA,0182540333,university,52.01875897,4.70069833
Zuid-Holland,Hogeschool Inholland,Posthumalaan,90,3072 AG,ROTTERDAM,0599,ROTTERDAM,0703120100,university,51.90616085,4.49475785
Zuid-Holland,De Haagse Hogeschool,Johanna Westerdijkplein,75,2521 EN,'S-GRAVENHAGE,0518,S GRAVENHAGE,0704458888,university,52.06720508,4.32394601
Zuid-Holland,Hogeschool Thomas More,Stationssingel,80,3033 HJ,ROTTERDAM,0599,ROTTERDAM,0104657066,university,51.92546881,4.46406418
Zuid-Holland,Hotelschool The Hague,Brusselselaan,2,2587 AH,'S-GRAVENHAGE,0518,S GRAVENHAGE,0703512481,university,52.10785638,4.29436354
Gelderland,Wageningen University,Droevendaalsesteeg,4,6708 PB,WAGENINGEN,0289,WAGENINGEN,0317480100,university,51.98639193,5.66793128
Gelderland,Theologische Universiteit Apeldoorn,Wilhelminapark,4,7316 BT,APELDOORN,0200,APELDOORN,0555775700,university,52.22117572,5.96412545
Gelderland,Radboud Universiteit Nijmegen,Houtlaan,4,6525 XZ,NIJMEGEN,0268,NIJMEGEN,0243616161,university,51.8168933,5.86549124
Groningen,Rijksuniversiteit Groningen,Broerstraat,5-7,9712 CP,GRONINGEN,0014,GRONINGEN,0503639111,university,53.21924602,6.56310063
Limburg,Universiteit Maastricht,Minderbroedersberg,4-6,6211 LK,MAASTRICHT,0935,MAASTRICHT,0433882222,university,50.84668075,5.68597311
Limburg,Open Universiteit,Valkenburgerweg,177,6419 AT,HEERLEN,0917,HEERLEN,0455762222,university,50.87870156,5.95765046
Noord-Brabant,Technische Universiteit Eindhoven,Den Dolech,2,5612 AZ,EINDHOVEN,0772,EINDHOVEN,0402479111,university,51.44788746,5.48594931
Noord-Brabant,Tilburg University,Warandelaan,2,5037 AB,TILBURG,0855,TILBURG,0134669111,university,51.56289223,5.04175675
Noord-Holland,Universiteit van Amsterdam,Spui,21,1012 WX,AMSTERDAM,0363,AMSTERDAM,0205252704,university,52.36862219,4.89018678
Noord-Holland,Vrije Universiteit Amsterdam,De Boelelaan,1105,1081 HV,AMSTERDAM,0363,AMSTERDAM,0205989898,university,52.33459148,4.86647653
Overijssel,Universiteit Twente,Drienerlolaan,5,7522 NB,ENSCHEDE,0153,ENSCHEDE,0534899111,university,52.23997384,6.85056452
Utrecht,Universiteit Utrecht,Heidelberglaan,8,3584 CS,UTRECHT,0344,UTRECHT,0302533550,university,52.08518073,5.1754514
Utrecht,Protestantse Theologische Universiteit,Janskerkhof,12,3512 BL,UTRECHT,0344,UTRECHT,0883371610,university,52.09302769,5.12277971
Utrecht,Universiteit voor Humanistiek,Kromme Nieuwegracht,29,3512 HD,UTRECHT,0344,UTRECHT,0302390100,university,52.09179545,5.12564383
Utrecht,Theologische Universiteit van de Nederlandse Gereformeerde Kerken,Plompetorengracht,3,3512 CA,UTRECHT,0344,UTRECHT,0853410200,university,52.09553242,5.12369778
Zuid-Holland,Erasmus Universiteit Rotterdam,Burgemeester Oudlaan,50,3062 PA,ROTTERDAM,0599,ROTTERDAM,0104081730,university,51.91905525,4.52516476
Zuid-Holland,Technische Universiteit Delft,Prometheusplein,1,2628 ZC,DELFT,0503,DELFT,0152789111,university,52.00267701,4.37523968
Zuid-Holland,Universiteit Leiden,Rapenburg,70,2311 EZ,LEIDEN,0546,LEIDEN,0715272727,university,52.15663488,4.48673969
