PROVINCIE,INSTELLINGSNAAM,STRAATNAAM,HUISNUMMER-TOEVOEGING,POSTCODE,PLAATSNAAM,GEMEENTENUMMER,GEMEENTENAAM,TELEFOONNUMMER,school_type
Drenthe,BBS de Verwondering,Melkweg,13,9306 TC,ALTEVEER GEM NOORDENVELD,1699,NOORDENVELD, ,primary
Drenthe,Kindcentrum De Wegwijzer,Harm Tiesingstraat,74,9571 AZ,2E EXLOERMOND,1681,BORGER-ODOORN,0599671206,primary
Drenthe,Christelijk Kindcentrum De Borgh,Molenstraat,3-A,9531 CH,BORGER,1681,BORGER-ODOORN,0599234254,primary
Drenthe,Kindcentrum Drijber,Nijenkamp,29,9419 TM,DRIJBER,1731,MIDDEN-DRENTHE,0593562543,primary
Drenthe,Christelijk Kindcentrum Menso Altingschool,Brinkhovenlaan,3-B,9765 BH,PATERSWOLDE,1730,TYNAARLO,0503093854,primary
Drenthe,Dalton Kindcentrum ’t Kompas,Ceresstraat,6,9514 CA,GASSELTERNIJVEEN,1680,AA EN HUNZE,0599512734,primary
Drenthe,Kindcentrum De Klister,Noorderdiep,123,9521 BC,NIEUW-BUINEN,1681,BORGER-ODOORN,0599613864,primary
Drenthe,Dalton Kindcentrum De Vaart,Prof. Dr. Obbinkstraat,3-B,9423 PR,HOOGERSMILDE,1731,MIDDEN-DRENTHE,0592459055,primary
Drenthe,Kindcentrum SPEEL en LEER,Kerklaan,3,9341 AV,VEENHUIZEN,1699,NOORDENVELD,0592388355,primary
Drenthe,Kindcentrum Het Octaaf,Witterhoofdweg,1-C,9405 HX,ASSEN,0106,ASSEN,0592351506,primary
Drenthe,Dalton Kindcentrum De Wingerd,Floralaan,1-A,9421 NP,BOVENSMILDE,1731,MIDDEN-DRENTHE,0592412991,primary
Drenthe,Kindcentrum De Marke,De Weegbree,21,9461 KM,GIETEN,1680,AA EN HUNZE,0592263113,primary
Drenthe,Kindcentrum De Wegwijzer,Homaat,2,9431 MK,WESTERBORK,1731,MIDDEN-DRENTHE,0593331305,primary
Drenthe,Kindcentrum De Holtenhoek,Holtenweg,5,9481 CN,VRIES,1730,TYNAARLO,0592541644,primary
Drenthe,Kindcentrum De Schutkampen,Prins Hendrikstraat,2,9422 GJ,SMILDE,1731,MIDDEN-DRENTHE,0592414010,primary
Drenthe,Kindcentrum De Regenboog,Tuinstraat,5-B,9404 KK,ASSEN,0106,ASSEN,0592316723,primary
Drenthe,Kindcentrum Beatrix,Sportlaan,10,9411 BG,BEILEN,1731,MIDDEN-DRENTHE,0593522718,primary
Drenthe,Christelijk Kindcentrum Het Stroomdal,Esdoornlaan,1,9471 SH,ZUIDLAREN,1730,TYNAARLO,0504093170,primary
Drenthe,Christelijk Dalton Kindcentrum De Eshorst,Esweg,106,9411 AK,BEILEN,1731,MIDDEN-DRENTHE,0593523159,primary
Drenthe,Dalton Kindcentrum Jonglaren,Ludinge,6,9471 JD,ZUIDLAREN,1730,TYNAARLO,0504092079,primary
Drenthe,Kindcentrum De Lichtbaak,Amstelstraat,14-B,9406 TH,ASSEN,0106,ASSEN,0592354150,primary
Drenthe,Christelijk Kindcentrum Het Kompas,Einthovenstraat,26,9402 CB,ASSEN,0106,ASSEN,0592354234,primary
Drenthe,Kindcentrum De Scharmhof,Scharmbarg,1,9407 EA,ASSEN,0106,ASSEN,0592343800,primary
Drenthe,Christelijk Kindcentrum Rehoboth,Rooilaan,154,7876 GW,VALTHERMOND,1681,BORGER-ODOORN,0599662367,primary
Drenthe,Kindcentrum De Borg,Dusselheugte,13,9403 GN,ASSEN,0106,ASSEN,0592370203,primary
Drenthe,Kindcentrum De Tol,De Hilde,1,9472 WH,ZUIDLAREN,1730,TYNAARLO,0504091804,primary
Drenthe,Kindcentrum Het Krijt,Schoolstraat,29,9408 MB,ASSEN,0106,ASSEN,0592460370,primary
Drenthe,Kindcentrum De Kloostertuin,Aletta Jacobsweg,80,9408 AM,ASSEN,0106,ASSEN,0592350303,primary
Drenthe,CKC De Rietzanger,Borchsingel,39,9766 PP,EELDERWOLDE,1730,TYNAARLO,0502053399,primary
Drenthe,Het Mozaiek,De Stok,4,7913 RE,HOLLANDSCHEVELD,0118,HOOGEVEEN,0528343291,primary
Drenthe,Sint Theresiaschool,Kerkweg,4,7741 PJ,COEVORDEN,0109,COEVORDEN,0524514782,primary
Drenthe,Sint Willibrordus,Thorbeckestraat,1,7742 AJ,COEVORDEN,0109,COEVORDEN,0524513531,primary
Drenthe,K B S De Plataan,Vledderstraat,3-E,7941 LC,MEPPEL,0119,MEPPEL,0522251025,primary
Drenthe,R.K. Basisschool Titus Brandsma,Herman Bavinckstraat,1,7901 BS,HOOGEVEEN,0118,HOOGEVEEN,0528264115,primary
Drenthe,St Franciscussch,Zuidersloot,61,7765 AG,WEITEVEEN,0114,EMMEN,0524541495,primary
Drenthe,Sint Gerardus Majella School,Europaweg,149,7766 AE,NIEUW-SCHOONEBEEK,0114,EMMEN,0524541403,primary
Drenthe,Rooms Katholieke Basisschool Panta Rhei,Jan van Scorelstraat,9,7741 XM,COEVORDEN,0109,COEVORDEN,0524513467,primary
Drenthe,Montessorischool Het Element,De Karn,5,7908 NX,HOOGEVEEN,0118,HOOGEVEEN,0528220300,primary
Drenthe,Christelijke Basisschool De Fontein,Westrupstraat,10,7841 AZ,SLEEN,0109,COEVORDEN,0591361910,primary
Drenthe,Protestants Christelijk Basisschool De Wegwijzer,Schoolweg,2,7917 PX,GEESBRUG,0109,COEVORDEN,0524291600,primary
Drenthe,Christelijke Basisschool de Schutse,Paardelandsdrift,9,7854 PR,AALDEN,0109,COEVORDEN,0591371898,primary
Drenthe,Christelijke Basisschool De Slagkrooie,Ringstraat,22,7848 BW,SCHOONOORD,0109,COEVORDEN,0591382412,primary
Drenthe,Willem Alexanderschool,Oranjestraat,2,7753 TK,DALERPEEL,0109,COEVORDEN,0524571956,primary
Drenthe,Mijndert van der Thynenschool,Jan van Scorelstraat,11,7741 XM,COEVORDEN,0109,COEVORDEN,0524513283,primary
Drenthe,Paul Krugerschool,Van Heutszsingel,9,7741 ER,COEVORDEN,0109,COEVORDEN,0524516182,primary
Drenthe,Dr. Picardtschool,Van Pallandtlaan,7,7742 WJ,COEVORDEN,0109,COEVORDEN,0524512148,primary
Drenthe,Christelijke Basisschool De Wel,Burg. Haitsmalaan,7,7948 AE,NIJEVEEN,0119,MEPPEL,0522490461,primary
Drenthe,Christelijke Basisschool De Fontein,Heuvelenweg,22-B,7991 CL,DWINGELOO,1701,WESTERVELD,0521593196,primary
Drenthe,Protestants Christelijke Basisschool Nijensleek,Hoofdweg,136,8383 EK,NIJENSLEEK,1701,WESTERVELD,0521381885,primary
Drenthe,CBS De Akker,Hoogeveenseweg,28,7933 PG,PESSE,0118,HOOGEVEEN,0528262566,primary
Drenthe,Protestants Christelijke Basisschool De Arendsvleugel,Bleekhof,2,7961 AW,RUINERWOLD,1690,DE WOLDEN,0522481344,primary
Drenthe,Basisschool Roosjen,Hoofdstraat,23,7981 AC,DIEVER,1701,WESTERVELD,0521591513,primary
Drenthe,Protestants Christelijke School Het Kompas,Zuiderlaan,197-C,7944 EE,MEPPEL,0119,MEPPEL,0522799199,primary
Drenthe,Prins Johan Frisoschool voor Christelijk Basisonderwijs,Prinses Christinalaan,8,7958 SK,KOEKANGE,1690,DE WOLDEN,0522451384,primary
Drenthe,Anne Frankschool,K.P.-laan,20,7943 CV,MEPPEL,0119,MEPPEL,0522258500,primary
Drenthe,K.C. cbs De Heidevlinder,Heidelaan,1,7921 EA,ZUIDWOLDE DR,1690,DE WOLDEN,0528372772,primary
Drenthe,Koningin Beatrixschool,De Vissersingel,1,7942 EA,MEPPEL,0119,MEPPEL,0522251716,primary
Drenthe,Protestants Christelijke Basisschool de Akker,Engelgaarde,31,7943 LD,MEPPEL,0119,MEPPEL,0522251513,primary
Drenthe,P.C. Basisschool Stadskwartier,Catharinastraat,9,7941 JD,MEPPEL,0119,MEPPEL,0522251076,primary
Drenthe,KindPunt Gavelanden,De Vissersingel,1,7942 EA,MEPPEL,0119,MEPPEL,0522251716,primary
Drenthe,Christelijke Nationale Basisschool De Bron,Ganzenroer,2,7833 GH,NIEUW-AMSTERDAM,0114,EMMEN,0591551293,primary
Drenthe,'t Twiespan,Vredenveld,78,7824 CJ,EMMEN,0114,EMMEN,0591622409,primary
Drenthe,Protestants Christelijke Basisschool Willem Alexander,Verlengde Vaart NZ,37,7887 EE,ERICA,0114,EMMEN,0591301623,primary
Drenthe,Basisschool De Bentetop,Weerdingerkanaal ZZ,163,7831 AK,NIEUW-WEERDINGE,0114,EMMEN,0591521405,primary
Drenthe,cb de Zwaluw,Zandpolstraat,9,7764 AK,ZANDPOL,0114,EMMEN,0591552655,primary
Drenthe,Het Anker Protestants Christelijke Jenaplanschool,Distelvink,107,7827 DD,EMMEN,0114,EMMEN,0591630597,primary
Drenthe,Groen van Prinstererschool,Dr. H. Blinkstraat,5,7815 VH,EMMEN,0114,EMMEN,0591612464,primary
Drenthe,Christelijk Basisschool De Oliebron,Europaweg,145,7761 AC,SCHOONEBEEK,0114,EMMEN,0524531812,primary
Drenthe,Het Palet,Geuzingerbrink,70,7812 NX,EMMEN,0114,EMMEN,0591647653,primary
Drenthe,De Brug,Derksweg,264,7891 PR,KLAZIENAVEEN,0114,EMMEN,0591312021,primary
Drenthe,De Kap,Horizon,74-C,7891 CT,KLAZIENAVEEN,0114,EMMEN,0591312054,primary
Drenthe,CB Het Talent,Zandzoom,19,7814 VH,EMMEN,0114,EMMEN,0591632273,primary
Drenthe,CBS De Parel,Dreesdestraat,40,9301 GG,RODEN,1699,NOORDENVELD,0505017344,primary
Drenthe,CBS De Hoeksteen,Slangenborg,1,9301 VC,RODEN,1699,NOORDENVELD,0505018556,primary
Drenthe,Basisschool De Rank,Hagedoorn,2,7822 CC,EMMEN,0114,EMMEN,0591615518,primary
Drenthe,Kindcentrum Commissaris Gaarlandt,Rembrandtstraat,2,7948 AW,NIJEVEEN,0119,MEPPEL,0522491618,primary
Drenthe,Kindcentrum obs Sprinkels,Zuiderlaan,197-B,7944 EE,MEPPEL,0119,MEPPEL,0522799111,primary
Drenthe,Kindcentrum Het Avontuur,Woldkade,1-A,7942 AH,MEPPEL,0119,MEPPEL,0522252124,primary
Drenthe,Kindcentrum De IJsvogel,Engelgaarde,33,7943 LD,MEPPEL,0119,MEPPEL,0522260651,primary
Drenthe,Kindcentrum Noorderveld,Zuiderlaan,197-B,7944 EE,MEPPEL,0119,MEPPEL,0522729209,primary
Drenthe,De Smeltkroes,Witte Zandpad,1,7854 TW,AALDEN,0109,COEVORDEN,0591372813,primary
Drenthe,Openbare Basisschool De Anwende,Paardelandsdrift,5,7854 PR,AALDEN,0109,COEVORDEN,0591371677,primary
Drenthe,Basisschool De Akker,Oldenhoffstraat,5,7841 AJ,SLEEN,0109,COEVORDEN,0591361766,primary
Drenthe,Basisschool De Vlinderhof,Odoornerweg,8,7846 TA,NOORD-SLEEN,0109,COEVORDEN,0591361357,primary
Drenthe,Burgemeester van Royenschool,Sportparklaan,20,7848 BB,SCHOONOORD,0109,COEVORDEN,0591381262,primary
Drenthe,Burg Wessels Boerschool,Molenwijk,4,7751 CG,DALEN,0109,COEVORDEN,0524551433,primary
Drenthe,Openbare Basisschool De Zwarm,Coevorderstraatweg,6,7917 PR,GEESBRUG,0109,COEVORDEN,0524291300,primary
Drenthe,Marke-School,Middendorp,32,7754 MB,WACHTUM,0109,COEVORDEN,0524552206,primary
Drenthe,Openbare Basisschool de Wilhelminaschool,Jan van Scorelstraat,13,7741 XM,COEVORDEN,0109,COEVORDEN,0524512485,primary
Drenthe,Stidal-School,Hoofdstraat,144,7755 NN,DALERVEEN,0109,COEVORDEN,0524221261,primary
Drenthe,Openbare Basisschool Buitenvree,Van Pallandtlaan,5,7742 WJ,COEVORDEN,0109,COEVORDEN,0524512232,primary
Drenthe,Parkschool voor Openbare Basisschool,Poppenharelaan,1-3,7741 CS,COEVORDEN,0109,COEVORDEN,0524512567,primary
Drenthe,Obs De Woert,Beatrixlaan,25,7861 AG,OOSTERHESSELEN,0109,COEVORDEN,0524581778,primary
Drenthe,Kindcentrum Kornalijn,Emmastraat,43,7941 HN,MEPPEL,0119,MEPPEL,0522253644,primary
Drenthe,Het Koraal,Beukemastraat,44,7906 AN,HOOGEVEEN,0118,HOOGEVEEN,0528267382,primary
Drenthe,Basisschool Eben Haezer,Eenendertigste Wijk-N,1,7913 AA,HOLLANDSCHEVELD,0118,HOOGEVEEN,0528343536,primary
Drenthe,IKC De Meenthe,Floralaan,1-A,9421 NP,BOVENSMILDE,1731,MIDDEN-DRENTHE,0592412973,primary
Drenthe,IKC Prinses Margriet,Prinses Margrietstraat,1,9422 EL,SMILDE,1731,MIDDEN-DRENTHE,0592412302,primary
Drenthe,Openbare Basisschool Pieter van Thuyl,Prof. Dr. Obbinkstraat,3,9423 PR,HOOGERSMILDE,1731,MIDDEN-DRENTHE,0592459043,primary
Drenthe,Basisschool de Lindelaar,Homaat,2,9431 MK,WESTERBORK,1731,MIDDEN-DRENTHE,0593331998,primary
Drenthe,Openbare Basisschool De Wenteling,Schiphorsten,2,9437 TD,BALINGE,1731,MIDDEN-DRENTHE,0593552441,primary
Drenthe,IKC Meester Siebering,Haarweg,27,7938 PS,NIEUW-BALINGE,1731,MIDDEN-DRENTHE,0528321355,primary
Drenthe,IKC Harm Smeenge,Hofstraat,18,9411 LB,BEILEN,1731,MIDDEN-DRENTHE,0593522615,primary
Drenthe,IKC G.A. de Ridder,'t Spiek,2,9411 KV,BEILEN,1731,MIDDEN-DRENTHE,0593522030,primary
Drenthe,IKC 't Hieker Nust,Westeinde,6,9415 PJ,HIJKEN,1731,MIDDEN-DRENTHE,0593525136,primary
Drenthe,IKC De Bosvlinder,Bosweg,1,9414 BD,HOOGHALEN,1731,MIDDEN-DRENTHE,0593592317,primary
Drenthe,IKC Zuiderenk,Drijberseweg,2,9418 PW,WIJSTER,1731,MIDDEN-DRENTHE,0593562250,primary
Drenthe,Openbare Basisschool De Schuthoek,Julianalaan,67,9471 EB,ZUIDLAREN,1730,TYNAARLO,0504092009,primary
Drenthe,De Vijverstee,De Fledders,14,9481 GA,VRIES,1730,TYNAARLO,0592542205,primary
Drenthe,Basisschool Schuilingsoord,Hogeweg,7-C,9472 PA,ZUIDLAREN,1730,TYNAARLO,0504094148,primary
Drenthe,IKC Het Oelebred,Rozenstraat,18,9482 PP,TYNAARLO,1730,TYNAARLO,0592542023,primary
Drenthe,OBDS De Zuid-Wester,Julianalaan,78,9471 EC,ZUIDLAREN,1730,TYNAARLO,0504091658,primary
Drenthe,De Duinstee,Betmersweg,2,9494 RB,YDE,1730,TYNAARLO,0504062332,primary
Drenthe,obs De Zeijer Hoogte,Ubbenaseweg,7,9491 AA,ZEIJEN,1730,TYNAARLO,0592291476,primary
Drenthe,obs De Veenvlinder,Boomgaard,1-A,9761 TM,EELDE,1730,TYNAARLO,0503094324,primary
Drenthe,OBS Ter Borch,Borchsingel,41,9766 PP,EELDERWOLDE,1730,TYNAARLO,0505218088,primary
Drenthe,obs De Westerburcht,Jan Steenweg,1,9761 HJ,EELDE,1730,TYNAARLO,0503094437,primary
Drenthe,BS De Bosrank,Havelter Schapendrift,22,7971 BC,HAVELTE,1701,WESTERVELD,0521227521,primary
Drenthe,KC De Vuursteen,Oude Dijk,59,8351 HR,WAPSERVEEN,1701,WESTERVELD,0521321411,primary
Drenthe,Oosterveldschool,Schoolstraat,4,7975 AC,UFFELTE,1701,WESTERVELD,0521351307,primary
Drenthe,Openbare Basisschool De Hoekstee,De Hoek,26,8381 BL,VLEDDER,1701,WESTERVELD,0521381320,primary
Drenthe,Burgemeester W.A. Storkschool,Heuvelenweg,22-A,7991 CL,DWINGELOO,1701,WESTERVELD,0521591347,primary
Drenthe,Openbare Basisschool De Kievitshoek,Linthorst Homanstraat,24,8384 EE,WILHELMINAOORD,1701,WESTERVELD,0521381536,primary
Drenthe,Openbare Basisschool De Singelier,Schipper,11,7981 DV,DIEVER,1701,WESTERVELD,0521591257,primary
Drenthe,Ten Darperschoele,Ten Darperweg,50,7983 KN,WAPSE,1701,WESTERVELD,0521551332,primary
Drenthe,KC 't Echtenest,Schoolakkers,2-B,7932 PM,ECHTEN DR,1690,DE WOLDEN,0528251558,primary
Drenthe,KC De Klimtoren,Drogteropslagen,57,7705 PD,DROGTEROPSLAGEN,1690,DE WOLDEN,0523614130,primary
Drenthe,IKC 't Oelebröd,Mr. Harm Smeengestraat,56,7963 BZ,RUINEN,1690,DE WOLDEN,0522471805,primary
Drenthe,KC De Bosrand,Jan Haarstraat,28,7926 TC,KERKENVELD,1690,DE WOLDEN,0528361666,primary
Drenthe,KC Het Veldboeket,Schoolweg,19,7924 PL,VEENINGEN,1690,DE WOLDEN,0528391555,primary
Drenthe,IKC Het Groene Hart,Schoolbrink,1,7921 HG,ZUIDWOLDE DR,1690,DE WOLDEN,0528372007,primary
Drenthe,OBS de Wezeboom,Schoolstraat,28,7961 NJ,RUINERWOLD,1690,DE WOLDEN,0522481330,primary
Drenthe,Openbare Basisschool de Dissel-Daltonschool,Dijkhuizen,68-A,7961 AM,RUINERWOLD,1690,DE WOLDEN,0522481488,primary
Drenthe,Basisschool De Rozebottel,Sportlaan,14,7958 SM,KOEKANGE,1690,DE WOLDEN,0522451511,primary
Drenthe,IKC De Horst,Postweg,43-A,7957 BV,DE WIJK,1690,DE WOLDEN,0522441942,primary
Drenthe,Openbare Basisschool J. Emmens,Ceresstraat,8,9514 CA,GASSELTERNIJVEEN,1680,AA EN HUNZE,0599512743,primary
Drenthe,Openbare Basisschool De Dobbe,Achter de Brinken,6-C,9462 RH,GASSELTE,1680,AA EN HUNZE,0599564750,primary
Drenthe,Basisschool De Flint,Markeweg,10,9454 PM,EKEHAAR,1680,AA EN HUNZE,0592389338,primary
Drenthe,Basisschool Gieten,Spoorstraat,2,9461 DA,GIETEN,1680,AA EN HUNZE,0592262796,primary
Drenthe,Basisschool De Drift,De Pol,4-A,9444 XE,GROLLOO,1680,AA EN HUNZE,0592501480,primary
Drenthe,Bonnerschool,Bonnen,29,9461 AC,GIETEN,1680,AA EN HUNZE,0592262158,primary
Drenthe,Basisschool Jan Thies,Menso Altinglaan,4,9451 KE,ROLDE,1680,AA EN HUNZE,0592241303,primary
Drenthe,Basisschool Anloo,Kerkbrink,2,9467 PH,ANLOO,1680,AA EN HUNZE,0592272079,primary
Drenthe,Samenwerkingsschool Oostermoer,Bonnerveen,7-A,9511 PM,GIETERVEEN,1680,AA EN HUNZE,0599648953,primary
Drenthe,Basisschool de Eshoek,Molenakkers,30,9468 BM,ANNEN,1680,AA EN HUNZE,0592271316,primary
Drenthe,Basisschool Prins Willem Alexander,'t Witzand,22,9463 PA,EEXT,1680,AA EN HUNZE,0596852718,primary
Drenthe,Basisschool de Kameleon,Dorpsstraat,54,9658 PC,EEXTERVEEN,1680,AA EN HUNZE,0598468377,primary
Drenthe,o.b.s. De Meander,Molenstraat,3-B,9531 CH,BORGER,1681,BORGER-ODOORN,0599234690,primary
Drenthe,Daltonschool Ees,Schoolstraat,4,9536 PN,EES,1681,BORGER-ODOORN,0599235850,primary
Drenthe,Ekkelhof,Schoolstraat,12,9533 PL,DROUWEN,1681,BORGER-ODOORN,0599565391,primary
Drenthe,Nieuw Buinen 75,Zuiderdiep,3,9521 AA,NIEUW-BUINEN,1681,BORGER-ODOORN,0599212440,primary
Drenthe,Openbare Basisschool De Poolster,Noorderdiep,129,9521 BC,NIEUW-BUINEN,1681,BORGER-ODOORN,0599650060,primary
Drenthe,De Aanloop,Wilhelminalaan,4,7876 HA,VALTHERMOND,1681,BORGER-ODOORN,0599661738,primary
Drenthe,Openbare Basisschool De Westhoek,Schoolstraat,27,9571 CB,2E EXLOERMOND,1681,BORGER-ODOORN,0599671925,primary
Drenthe,Basisschool De Linderakkers,Linderakkers,3,7872 PM,VALTHE,1681,BORGER-ODOORN,0591513592,primary
Drenthe,Basisschool De Weiert,De Goorns,28,7873 AM,ODOORN,1681,BORGER-ODOORN,0591513450,primary
Drenthe,Openbare Basisschool De Zweng,Hoofdstraat,62,7875 AD,EXLOO,1681,BORGER-ODOORN,0591549713,primary
Drenthe,OBS De Zandloper,Cavaljeweg,29,7934 PJ,STUIFZAND,0118,HOOGEVEEN,0528269837,primary
Drenthe,Het Spectrum,Stoekeplein,1,7902 HM,HOOGEVEEN,0118,HOOGEVEEN,0528270080,primary
Drenthe,'t Kienholt,Van Leeuwenhoekstraat,85,7908 BJ,HOOGEVEEN,0118,HOOGEVEEN,0528271335,primary
Drenthe,De Schuthoek,Booyenverlaat,7,7908 EE,HOOGEVEEN,0118,HOOGEVEEN,0528276003,primary
Drenthe,Apollo,Orion,16-A,7904 LG,HOOGEVEEN,0118,HOOGEVEEN,0528262616,primary
Drenthe,Het Hoeltien,Kerkenkavel,40,7913 AT,HOLLANDSCHEVELD,0118,HOOGEVEEN,0528343195,primary
Drenthe,OBS De Driesprong,De Spil,5,7918 AX,NIEUWLANDE,0118,HOOGEVEEN,0528351692,primary
Drenthe,'T Rastholt,Tilber,9,7908 PB,HOOGEVEEN,0118,HOOGEVEEN,0528278118,primary
Drenthe,Basisschool De Rank - school met de Bijbel,Floralaan,3,9301 KE,RODEN,1699,NOORDENVELD,0505017840,primary
Drenthe,Basisschool De Cirkel - school met de Bijbel,Prins Bernhardstraat,11,9402 AR,ASSEN,0106,ASSEN,0592340155,primary
Drenthe,Basisschool De Parel - school met de Bijbel,Aletta Jacobsweg,78,9408 AM,ASSEN,0106,ASSEN,0592342819,primary
Drenthe,Basisschool de Lichtkring - school met de Bijbel,Larikslaan,2,9471 RM,ZUIDLAREN,1730,TYNAARLO,0504091571,primary
Drenthe,Basisschool De Driesprong - school met de Bijbel,Martin Luther Kingweg,46,9403 PA,ASSEN,0106,ASSEN,0592372295,primary
Drenthe,KC Baggelhuizen,Witterhoofdweg,1-B,9405 HX,ASSEN,0106,ASSEN,0592820530,primary
Drenthe,Openbare Basisschool De Driemaster,Amstelstraat,14-A,9406 TH,ASSEN,0106,ASSEN,0592820530,primary
Drenthe,Emmaschool,Prinses Irenestraat,6,9401 HH,ASSEN,0106,ASSEN,0592820640,primary
Drenthe,Basisschool Valkenhorst,Bremstraat,14,9404 GD,ASSEN,0106,ASSEN,0592820630,primary
Drenthe,o.b.s.Theo Thijssen,Sluisstraat,139,9406 AX,ASSEN,0106,ASSEN,0592820620,primary
Drenthe,Basisschool de Vuurvogel,Obrechtlaan,1-3,9402 TB,ASSEN,0106,ASSEN,0592820610,primary
Drenthe,De Veldkei,Veenwalweg,5-7,9407 AM,ASSEN,0106,ASSEN,0592820520,primary
Drenthe,Basisschool De Marskramer,Kleuvenstee,1,9403 LT,ASSEN,0106,ASSEN,0592820580,primary
Drenthe,Openbare Basisschool Heksenketel,Tarwehullen,1,9403 WD,ASSEN,0106,ASSEN,0592820590,primary
Drenthe,Het Sterrenschip,Schoolstraat,31,9408 MB,ASSEN,0106,ASSEN,0592820550,primary
Drenthe,Openbare Basisschool Kloosterveen,De Boomgaard,5,9408 JA,ASSEN,0106,ASSEN,0592820560,primary
Drenthe,Openbare Basisschool 't Eenspan,Oosterstraat,58,7822 HG,EMMEN,0114,EMMEN,0591659840,primary
Drenthe,Openbare Basisschool 2 Emmen Mr Vegter,Bargermeerweg,113,7811 LD,EMMEN,0114,EMMEN,0591659842,primary
Drenthe,Openbare Basisschool De Esdoorn,Buiskoolstraat,1,7814 RC,EMMEN,0114,EMMEN,0591659848,primary
Drenthe,Openbare Basisschool Emmermeer,Middenhaag,4,7815 LB,EMMEN,0114,EMMEN,0591659896,primary
Drenthe,Openbare Basisschool Angelslo,Smedingeslag,1,7824 HK,EMMEN,0114,EMMEN,0591625269,primary
Drenthe,De Kubus,Houtweg,403,7823 PS,EMMEN,0114,EMMEN,0591622100,primary
Drenthe,Openbare Basisschool op 't Veld,Barnar,5-A,7826 EP,EMMEN,0114,EMMEN,0591629364,primary
Drenthe,Openbare Basisschool De Hesselanden,Wilhelmsweg,85-A,7814 VG,EMMEN,0114,EMMEN,0591673062,primary
Drenthe,Openbare Basisschool Bargeres,Mantingerbrink,203,7812 MD,EMMEN,0114,EMMEN,0591659850,primary
Drenthe,De Bente Openbare Basisschool,Westerdiep OZ,96,7881 HG,EMMER-COMPASCUUM,0114,EMMEN,0591353320,primary
Drenthe,Openbare Basisschool de Mende,Wikkel,5,7881 BA,EMMER-COMPASCUUM,0114,EMMEN,0591351446,primary
Drenthe,Openbare Basisschool De Dreef,Kanaal A NZ,102,7881 KL,EMMER-COMPASCUUM,0114,EMMEN,0591352653,primary
Drenthe,Openbare Basisschool Erica De Anbrenge,Semsstraat,2,7887 AD,ERICA,0114,EMMEN,0591301824,primary
Drenthe,OBS Klazienaveen,Van Echtenstraat,26,7891 LM,KLAZIENAVEEN,0114,EMMEN,0591240000,primary
Drenthe,Openbare Basischool De Bascule,Sportlaan,85,7833 CH,NIEUW-AMSTERDAM,0114,EMMEN,0591552042,primary
Drenthe,Openbare Basisschool Dordse Til,Walevest,10,7885 AK,NIEUW-DORDRECHT,0114,EMMEN,0591390175,primary
Drenthe,Openbare Basisschool 't Koppel,Gedempte Achterdiep,9,7831 CJ,NIEUW-WEERDINGE,0114,EMMEN,0591527089,primary
Drenthe,Openbare Basisschool De Dreske,Roswinkelerstraat,131,7895 AR,ROSWINKEL,0114,EMMEN,0591352907,primary
Drenthe,Openbare Basisschool 't Swarte Meer,De Blokken,22,7894 CL,ZWARTEMEER,0114,EMMEN,0591390213,primary
Drenthe,Openbare basischool De Iemenhof,Spanjaardspad,86,7761 BR,SCHOONEBEEK,0114,EMMEN,0524531231,primary
Drenthe,Openbare Basisschool De Vlonder,Giervalk,20,7827 HX,EMMEN,0114,EMMEN,0591678111,primary
Drenthe,Openbare Basisschool De Lisdodde,Ganzenveld,85,7827 SE,EMMEN,0114,EMMEN,0591677908,primary
Drenthe,Openbare Basisschool Montessori,A.L. Lesturgeonstraat,3,7815 VD,EMMEN,0114,EMMEN,0591659874,primary
Drenthe,Delftlanden,Zandzoom,19,7814 VH,EMMEN,0114,EMMEN,0591685555,primary
Drenthe,Kindcentrum De Schans,Norgerweg,18,9342 PH,EEN,1699,NOORDENVELD,0592656308,primary
Drenthe,Kindcentrum De Hekakker,Brinkhofweide,8,9331 AD,NORG,1699,NOORDENVELD,0592613224,primary
Drenthe,Kindcentrum 't Spectrum,Hereweg,1-D,9321 CL,PEIZE,1699,NOORDENVELD,0505033612,primary
Drenthe,Kindcentrum De Elsakker,Schoolstraat,5,9337 PB,WESTERVELDE,1699,NOORDENVELD,0592613991,primary
Drenthe,Kindcentrum De Eskampen,Boerakkerweg,2-A,9321 EL,PEIZE,1699,NOORDENVELD,0505033158,primary
Drenthe,Kindcentrum De Marke,Molenweg,1,9301 JD,RODEN,1699,NOORDENVELD,0505017434,primary
Drenthe,Kindcentrum De Tandem,Klimop,2,9301 PK,RODEN,1699,NOORDENVELD, ,primary
Drenthe,Kindcentrum Het Valkhof,Schonauwen,2,9301 SP,RODEN,1699,NOORDENVELD,0505017300,primary
Drenthe,Kindcentrum De Poolster,Zevenhuisterweg,3,9311 VA,NIEUW-RODEN,1699,NOORDENVELD,0505017772,primary
Drenthe,Kindcentrum De Flint,J.P. Santeeweg,109,9312 TA,NIETAP,1699,NOORDENVELD,0594514649,primary
Drenthe,Kindcentrum Het Palet,Hoofdstraat,21-B,9315 PA,RODERWOLDE,1699,NOORDENVELD,0505033551,primary
Drenthe,Sint Gerardus,Splitting,145,7826 CT,EMMEN,0114,EMMEN,0591622465,primary
Drenthe,St Frans School,Harm Tiesingstraat,2,7815 JJ,EMMEN,0114,EMMEN,0591658985,primary
Drenthe,St Josephschool,Kerklaan,26,9564 PA,ZANDBERG,1681,BORGER-ODOORN,0599413230,primary
Drenthe,Rooms Katholieke Christelijke Basisschool De Banier,De Blokken,16,7894 CL,ZWARTEMEER,0114,EMMEN,0591313193,primary
Drenthe,Rooms Katholieke Basisschool Sint Theresia,Postweg,131,7884 PJ,BARGER-COMPASCUUM,0114,EMMEN,0591349275,primary
Drenthe,RKPC Basisschool Het Compas,Wikkel,3,7881 BA,EMMER-COMPASCUUM,0114,EMMEN,0591352677,primary
Drenthe,Rooms Katholieke Basisschool Vredeveld,Tuinstraat,5-E,9404 KK,ASSEN,0106,ASSEN,0592317620,primary
Drenthe,Rooms Katholieke Basisschool Mariaschool,Boomgaard,1-B,9761 TM,EELDE,1730,TYNAARLO,0503093460,primary
Drenthe,Rooms Katholieke Basisschool De Brummelbos,Omhaal,33,7887 CD,ERICA,0114,EMMEN,0591302200,primary
Drenthe,Maria in Campisschool,Echtenstraat,1,9402 JA,ASSEN,0106,ASSEN,0592340684,primary
Drenthe,Kardinaal Alfrink-School,Geuzingerbrink,74,7812 NX,EMMEN,0114,EMMEN,0591658635,primary
Drenthe,St Henricus-School,Jhr M W C de Jongestraat,26,7891 KN,KLAZIENAVEEN,0114,EMMEN,0591312366,primary
Drenthe,Kristalla,Houtweg,402,7823 PS,EMMEN,0114,EMMEN,0591622657,primary
Drenthe,Pastoor Middelkoopschool,Meridiaan,154,7891 EK,KLAZIENAVEEN,0114,EMMEN,0591313012,primary
Drenthe,Rooms Katholieke Basisschool De Diedeldoorn,Boskraai,76,7827 JV,EMMEN,0114,EMMEN,0591632020,primary
Drenthe,Protestants Christelijke Basisschool De Wegwijzer,Nieuwstraat,17,7927 PJ,ALTEVEER GEM DE WOLDEN,1690,DE WOLDEN,0528361622,primary
Drenthe,Christelijke Basisschool De Regenboog,Jan Naardingweg,56,7914 PN,NOORDSCHESCHUT,0118,HOOGEVEEN,0528341268,primary
Drenthe,Protestants Christelijke Basisschool De Hoeksteen,Hoogeveensche Vaart,34,7912 TB,NIEUWEROORD,0118,HOOGEVEEN,0528341405,primary
Drenthe,Prot Chr Basisschool,De Spil,7,7918 AX,NIEUWLANDE,0118,HOOGEVEEN,0528351301,primary
Drenthe,Protestants Christelijke Basisschool De Palm,Langewijk,110,7916 PT,ELIM,0118,HOOGEVEEN,0528352384,primary
Drenthe,De Morgenster,Grote Beer,38,7904 LW,HOOGEVEEN,0118,HOOGEVEEN,0528231110,primary
Drenthe,Juliana van Stolbergschool,K de Raadstraat,6,7902 JD,HOOGEVEEN,0118,HOOGEVEEN,0528262655,primary
Drenthe,'t Kofschip,Booyenverlaat,11,7908 EE,HOOGEVEEN,0118,HOOGEVEEN,0528275571,primary
Drenthe,De Sprong,Boekenberghstraat,12,7906 GA,HOOGEVEEN,0118,HOOGEVEEN,0528225550,primary
Drenthe,Het Palet,Van Goghlaan,5,7901 GK,HOOGEVEEN,0118,HOOGEVEEN,0528262460,primary
Drenthe,Weidebloem,Schweitzerstraat,21,7909 AV,HOOGEVEEN,0118,HOOGEVEEN,0528265274,primary
Drenthe,De Krullevaar,Koekoeklaan,1,7905 HJ,HOOGEVEEN,0118,HOOGEVEEN,0528264606,primary
Drenthe,De Regenboog,Tilber,1,7908 PB,HOOGEVEEN,0118,HOOGEVEEN,0528276995,primary
Drenthe,Evangelische Basisschool de Fontein,Mimosastraat,2,7906 PK,HOOGEVEEN,0118,HOOGEVEEN,0528745020,primary
Drenthe,Vrije School Assen,Tuinstraat,1,9404 KK,ASSEN,0106,ASSEN,0592309105,primary
Drenthe,Toermalijn,Julianastraat,22,7941 JC,MEPPEL,0119,MEPPEL,0522253343,primary
Drenthe,Basisschool De Stroeten,Stroetweg,10,7812 BA,EMMEN,0114,EMMEN,0591610531,primary
Flevoland,Islamitische Basisschool Al Iman,Harderwijkoever,3,1324 HA,ALMERE,0034,ALMERE,0365304737,primary
Flevoland,Al-Ihsaan,Schor,7,8224 CM,LELYSTAD,0995,LELYSTAD,0320213849,primary
Flevoland,Basisschool De Ark,Middenhof,210,1354 EV,ALMERE,0034,ALMERE,0365310289,primary
Flevoland,Basisschool de Driemaster,Tegelenpad,2,1324 DS,ALMERE,0034,ALMERE,0365331399,primary
Flevoland,Basisschool de Ichthus,Rijnweg,10,1316 EP,ALMERE,0034,ALMERE,0365332746,primary
Flevoland,Basisschool het Kompas,Binnenkruierstraat,5,1333 EC,ALMERE,0034,ALMERE,0365321065,primary
Flevoland,RK Jenaplanschool De Sterrenzee,Vrijmark,114,1355 GK,ALMERE,0034,ALMERE,0365310112,primary
Flevoland,Basisschool de Regenboog,Klipgriend,1,1356 GA,ALMERE,0034,ALMERE,0365314937,primary
Flevoland,Protestants Christelijke Basisschool de Lichtboei,Luitstraat,7,1312 LH,ALMERE,0034,ALMERE,0365361595,primary
Flevoland,Basisschool De Olijfboom,Bongerdstraat,2,1326 AB,ALMERE,0034,ALMERE,0365376557,primary
Flevoland,Protestants Christelijke Basisschool de Buitenburcht,Zonnebloemweg,66,1338 TV,ALMERE,0034,ALMERE,0365329271,primary
Flevoland,Basisschool De Kraanvogel,Perzikstraat,24,1326 HN,ALMERE,0034,ALMERE,0365354527,primary
Flevoland,De Omnibus,J.J. Slauerhoffstraat,53,1321 HE,ALMERE,0034,ALMERE,0365363125,primary
Flevoland,Protestants Christelijke Basisschool De Dukdalf,Makassarweg,68,1335 HZ,ALMERE,0034,ALMERE,0365325089,primary
Flevoland,De Optimist,Hildo Kropstraat,20,1328 BC,ALMERE,0034,ALMERE,0365369060,primary
Flevoland,Oecumenische Daltonschool De Windwijzer,Kraaiennest,4,1319 DA,ALMERE,0034,ALMERE,0365240540,primary
Flevoland,Het Drieluik,Ten Harmsen v.d. Beekpad,4,1336 BK,ALMERE,0034,ALMERE,0365295623,primary
Flevoland,De Kleine Wereld,Heliumweg,61,1362 JA,ALMERE,0034,ALMERE,0367670240,primary
Flevoland,De Ruimte,Nimfenplein,1,1363 SV,ALMERE,0034,ALMERE,0367671688,primary
Flevoland,De Verwondering,Richard Feynmanstraat,7,1341 DL,ALMERE,0034,ALMERE,0367671730,primary
Flevoland,De Verbeelding,Burchard de Volderstraat,19,1349 HJ,ALMERE,0034,ALMERE,0362005546,primary
Flevoland,SWS De Fladderiep,Voorstraat,5,8317 AG,KRAGGENBURG,0171,NOORDOOSTPOLDER,0527252884,primary
Flevoland,Rooms Katholieke Basisschool De Horizon,Arnoldus van Bockholtstr,3,8307 AX,ENS,0171,NOORDOOSTPOLDER,0527251537,primary
Flevoland,De Trimaran,Oosteinde,2-A,8316 BL,MARKNESSE,0171,NOORDOOSTPOLDER,0527203177,primary
Flevoland,SWS De Kring,Ring,17,8308 AL,NAGELE,0171,NOORDOOSTPOLDER,0527652940,primary
Flevoland,De Akkerbloem,Graaf Florislaan,18,8312 AX,CREIL,0171,NOORDOOSTPOLDER,0527274242,primary
Flevoland,Oecumenische basisschool De Ark,Het Laantje,6,8311 AZ,ESPEL,0171,NOORDOOSTPOLDER,0527271638,primary
Flevoland,Albert Schweitzer-School,Skagerrak,11,8303 VA,EMMELOORD,0171,NOORDOOSTPOLDER,0527613159,primary
Flevoland,St Joseph School,Prof. Lorentzstraat,4,8302 AS,EMMELOORD,0171,NOORDOOSTPOLDER,0527613373,primary
Flevoland,cbs De Koperwiek,Lijsterbesstraat,32,8302 CN,EMMELOORD,0171,NOORDOOSTPOLDER,0527697988,primary
Flevoland,CBS De Triangel,Reijdersant,17,8303 XL,EMMELOORD,0171,NOORDOOSTPOLDER,0527612625,primary
Flevoland,De Leeuwerik,Sportweg,52-A,8313 AR,RUTTEN,0171,NOORDOOSTPOLDER,0527262847,primary
Flevoland,CBS De Lichtboei,Scheer,1,8303 KN,EMMELOORD,0171,NOORDOOSTPOLDER,0527698644,primary
Flevoland,CBS 't Kompas,Sondelstraat,4,8304 GA,EMMELOORD,0171,NOORDOOSTPOLDER,0527613253,primary
Flevoland,CBS Op de Wieken,Fazantendrift,2,8309 AM,TOLLEBEEK,0171,NOORDOOSTPOLDER,0527651489,primary
Flevoland,De Bunder,Zuidwend,4,8314 AA,BANT,0171,NOORDOOSTPOLDER,0527261447,primary
Flevoland,CBS Het Lichtschip,Sportweg,24,8307 AN,ENS,0171,NOORDOOSTPOLDER,0527251712,primary
Flevoland,o.b.s. De Carrousel,Lijsterbesstraat,34,8302 CN,EMMELOORD,0171,NOORDOOSTPOLDER,0527612261,primary
Flevoland,Roderik van Voorstschool,Skagerrak,1,8303 VA,EMMELOORD,0171,NOORDOOSTPOLDER,0527612321,primary
Flevoland,De Keerkring,Meteorenstraat,104,8303 BB,EMMELOORD,0171,NOORDOOSTPOLDER,0527698880,primary
Flevoland,De Zevensprong,Ellertsveld,15,8302 JD,EMMELOORD,0171,NOORDOOSTPOLDER,0527788688,primary
Flevoland,Windkracht 10,Pampuspad,45,8304 DR,EMMELOORD,0171,NOORDOOSTPOLDER,0527616674,primary
Flevoland,De Regenboog,Sportweg,22,8307 AN,ENS,0171,NOORDOOSTPOLDER,0527251664,primary
Flevoland,s.w.s. De Floreant,Sportstraat,26,8315 AM,LUTTELGEEST,0171,NOORDOOSTPOLDER,0527202306,primary
Flevoland,a.z.s. De Wissel,Oosterringweg,41-B,8315 PS,LUTTELGEEST,0171,NOORDOOSTPOLDER,0527202006,primary
Flevoland,SWS De Sprang,Fazantendrift,4,8309 AM,TOLLEBEEK,0171,NOORDOOSTPOLDER,0527651497,primary
Flevoland,Kindcentrum Emmelhage,T Karel v Lohuizensngl,6-A,8302 ZH,EMMELOORD,0171,NOORDOOSTPOLDER,0527221026,primary
Flevoland,Christelijk Basisschool De Verbinding,Haagbeukweg,36-38,1326 CR,ALMERE,0034,ALMERE,0365374061,primary
Flevoland,Gereformeerde Basisschool In de Lichtkring,Naarderweg,2,3891 DK,ZEEWOLDE,0050,ZEEWOLDE,0365223265,primary
Flevoland,Kbs de Toekomst,Werfstraat,12,8251 GP,DRONTEN,0303,DRONTEN,0321312483,primary
Flevoland,De Wingerd,Akkerhof,1,8256 BK,BIDDINGHUIZEN,0303,DRONTEN,0321331329,primary
Flevoland,De Golfslag,Narcisstraat,1,8255 BS,SWIFTERBANT,0303,DRONTEN,0321321355,primary
Flevoland,IKC de Zeearend,Leekerhoek,16,8223 ZR,LELYSTAD,0995,LELYSTAD,0320221283,primary
Flevoland,Rooms Katholieke Basisschool Panta Rhei,Slufterplantsoen,2,1316 KX,ALMERE,0034,ALMERE,0365335349,primary
Flevoland,Rooms Katholieke Basisschool de Kring,Schouw 19,1,8232 HM,LELYSTAD,0995,LELYSTAD,0320228060,primary
Flevoland,IKC De Toermalijn,Galjoen 24,24,8243 LR,LELYSTAD,0995,LELYSTAD,0320246367,primary
Flevoland,IKC de Boslelie,Wold 22,15,8225 AZ,LELYSTAD,0995,LELYSTAD,0320230044,primary
Flevoland,Rooms Katholieke Basisonderwijs Crescendo,Luitstraat,9,1312 LH,ALMERE,0034,ALMERE,0365360982,primary
Flevoland,Rooms Katholieke Basisschool 't Zonnewiel,Bongerdstraat,4,1326 AB,ALMERE,0034,ALMERE,0365376558,primary
Flevoland,Rooms Katholieke Baisschool de Lettertuin,Zonnebloemweg,68,1338 TV,ALMERE,0034,ALMERE,0365370738,primary
Flevoland,Katholieke Jenaplan School De Klimboom,Beursplein,1,8253 EA,DRONTEN,0303,DRONTEN,0321382337,primary
Flevoland,Pirouette,Iepenstraat,1-2,1326 DB,ALMERE,0034,ALMERE,0365450425,primary
Flevoland,Het Kristal,Makassarweg,68,1335 HZ,ALMERE,0034,ALMERE,0365352513,primary
Flevoland,De Lispeltuut,Pauwenburg,8,8226 TA,LELYSTAD,0995,LELYSTAD,0320219300,primary
Flevoland,De Droomspiegel,Marco Poloroute,60,1363 LA,ALMERE,0034,ALMERE,0365406060,primary
Flevoland,IKC De Duinvlinder,Slowakijehof,1,1363 BD,ALMERE,0034,ALMERE,0367676006,primary
Flevoland,IKC De Woudreus,Marie Curielaan,301,1341 BA,ALMERE,0034,ALMERE,0623179627,primary
Flevoland,Timotheussch,Zuiderwagenplein,11,8224 AD,LELYSTAD,0995,LELYSTAD,0320247917,primary
Flevoland,De Planthof,De Fjord,44,8303 HL,EMMELOORD,0171,NOORDOOSTPOLDER,0527614823,primary
Flevoland,Gereformeerde Basisschool De Schakel,De Ketting,8,8251 LD,DRONTEN,0303,DRONTEN,0321314552,primary
Flevoland,Basisschool De Helmstok,Volkerakstraat,30,8226 GS,LELYSTAD,0995,LELYSTAD,0320255280,primary
Flevoland,Gereformeerde Basisschool,Almerelaan,18,8321 JB,URK,0184,URK,0527684445,primary
Flevoland,Montessorischool Almere Stad,Randstad 22,113-B,1316 BW,ALMERE,0034,ALMERE,0365376591,primary
Flevoland,Basisschool De Polderhof,Buitenhof,93,1354 GR,ALMERE,0034,ALMERE,0365310271,primary
Flevoland,Basisschool Klaverweide,Rietmeent,136,1357 CM,ALMERE,0034,ALMERE,0365312333,primary
Flevoland,Openbare Basisschool De Flierefluiter,Bosgouw,235,1352 GW,ALMERE,0034,ALMERE,0365491563,primary
Flevoland,Openbare Basisschool Aquamarijn,Meerveldplein,4,1359 HM,ALMERE,0034,ALMERE,0365317155,primary
Flevoland,Basisschool het Samenspel,Amsterdamweg,11,1324 RL,ALMERE,0034,ALMERE,0365330514,primary
Flevoland,Openbare Basisschool De Achtbaan,Dordrechtplein,2,1324 VD,ALMERE,0034,ALMERE,0367670540,primary
Flevoland,Openbare Basisschool De Kameleon,Lingestraat,34,1316 CS,ALMERE,0034,ALMERE,0365332686,primary
Flevoland,Basisschool De Argonaut,Zaagvisplantsoen,32,1317 HP,ALMERE,0034,ALMERE,0365334863,primary
Flevoland,Openbare basisschool Digitalis,Rolklaverpad,30,1314 PE,ALMERE,0034,ALMERE,0367670410,primary
Flevoland,De Tjasker,Buitenkruierstraat,2,1333 EB,ALMERE,0034,ALMERE,0365321041,primary
Flevoland,Basisschool De Kring,Wipmolenweg,50,1333 GS,ALMERE,0034,ALMERE,0365321030,primary
Flevoland,Openbare Basisschool De Architect,C. van Eesterenplein,1,1333 KM,ALMERE,0034,ALMERE,0367670630,primary
Flevoland,Openbare basisschool De Heliotroop,Beemdgrasstraat,12,1313 CM,ALMERE,0034,ALMERE,0367670460,primary
Flevoland,Basisschool Vuurvogel,Ravelplantsoen,5,1323 ET,ALMERE,0034,ALMERE,0365360465,primary
Flevoland,Openbare Basisschool Het Spectrum,Regenboogweg,47,1339 ET,ALMERE,0034,ALMERE,0365352222,primary
Flevoland,Openbare Basisschool Bommelstein,Markiezenhofstraat,62,1333 TS,ALMERE,0034,ALMERE,0324099448,primary
Flevoland,Openbare Basisschool Polygoon,Hollywoodlaan,109,1325 KA,ALMERE,0034,ALMERE,0365376556,primary
Flevoland,Openbare Basisschool Syncope,Kornetstraat,19,1312 XE,ALMERE,0034,ALMERE,0365361277,primary
Flevoland,Openbare Basisschool de Albatros,Edelhertweg,85,1338 EB,ALMERE,0034,ALMERE,0365328971,primary
Flevoland,Openbare Basisschool de Zevensprong,Danslaan,74,1326 PL,ALMERE,0034,ALMERE,0365491563,primary
Flevoland,Openbare Basisschool Aurora,Aprilstraat,105,1335 BL,ALMERE,0034,ALMERE,0365356077,primary
Flevoland,Openbare Basisschool Het Palet,Johan Jongkindstraat,26,1318 LW,ALMERE,0034,ALMERE,0365353033,primary
Flevoland,Openbare Basisschool De Egelantier,Pieter van Damstraat,38,1335 PG,ALMERE,0034,ALMERE,0365296818,primary
Flevoland,OBS Letterland,A. Roland Holststraat,58,1321 RX,ALMERE,0034,ALMERE,0365360566,primary
Flevoland,OBS De Archipel,Maldivenweg,45,1339 PP,ALMERE,0034,ALMERE,0365214791,primary
Flevoland,Openbare Basisschool Caleidoscoop,Walt Disneyplantsoen,72,1325 SX,ALMERE,0034,ALMERE,0365353419,primary
Flevoland,OBS De Compositie,Chagallweg,10,1328 LE,ALMERE,0034,ALMERE,0367671573,primary
Flevoland,Openbare Basisschool Het Meesterwerk,El Grecostraat,171,1328 ST,ALMERE,0034,ALMERE,0365239002,primary
Flevoland,De Ontdekking,Kraaiennest,6,1319 DA,ALMERE,0034,ALMERE,0365487050,primary
Flevoland,Het Avontuur,Catootjepad,6,1336 JG,ALMERE,0034,ALMERE,0365406363,primary
Flevoland,Columbusschool,Marco Poloroute,56,1363 LA,ALMERE,0034,ALMERE,0367670150,primary
Flevoland,Algemeen Bijzondere Basisschool Het Universum,Max Planckstraat,74,1341 DA,ALMERE,0034,ALMERE,0367671562,primary
Flevoland,Openbare Basisschool De Zeeraket,Muiderzandweg,4,1361 BS,ALMERE,0034,ALMERE,0367670221,primary
Flevoland,Basisschool de Notelaar,Boreasplein,2,1363 SM,ALMERE,0034,ALMERE,0643010569,primary
Flevoland,Montessori Campus 0-18 (primair onderwijs),Rosalind Franklinweg,4,1341 HZ,ALMERE,0034,ALMERE, ,primary
Flevoland,De Pauw,Burchard de Volderstraat,19,1349 HJ,ALMERE,0034,ALMERE,0367676888,primary
Flevoland,Openbare Basisschool 'T Wold,Flevoweg,68,3891 CB,ZEEWOLDE,0050,ZEEWOLDE,0365221501,primary
Flevoland,Protestants Christelijke Basisschool De Regenboog,Keteldiep,50,3891 CN,ZEEWOLDE,0050,ZEEWOLDE,0365221556,primary
Flevoland,Openbare Basisschool De Dukdalf,Beursplein,6,8253 EA,DRONTEN,0303,DRONTEN,0321382858,primary
Flevoland,Openbare basisschool Aquamarijn,De Ketting,16,8251 LD,DRONTEN,0303,DRONTEN,0321382918,primary
Flevoland,Samenwerkingsschool De Brandaris,Westland,6,8251 VX,DRONTEN,0303,DRONTEN,0321316066,primary
Flevoland,Daltonschool De Schatkamer,Akkerhof,1,8256 BK,BIDDINGHUIZEN,0303,DRONTEN,0321331502,primary
Flevoland,Openbare Basisschool De Duykeldam,De Lange Streek,30,8255 AR,SWIFTERBANT,0303,DRONTEN,0321321417,primary
Flevoland,De Tamarisk,Akkerhof,1,8256 BK,BIDDINGHUIZEN,0303,DRONTEN,0321331766,primary
Flevoland,Het Zuiderlicht,Langstraat,48,8251 VH,DRONTEN,0303,DRONTEN,0321315943,primary
Flevoland,Het Kompas,Concourslaan,2,8252 GJ,DRONTEN,0303,DRONTEN,0321313235,primary
Flevoland,Aan Boord,Lijzijde,23,8251 CW,DRONTEN,0303,DRONTEN,0321381710,primary
Flevoland,De Branding,Zuidsingel,32,8255 CH,SWIFTERBANT,0303,DRONTEN,0321321437,primary
Flevoland,Samenwerkingsschool Het Wilgerys,Lancasterdreef,65,8251 TJ,DRONTEN,0303,DRONTEN,0321315904,primary
Flevoland,De Wetering,De Verbeelding,27,3892 HZ,ZEEWOLDE,0050,ZEEWOLDE,0365223671,primary
Flevoland,Openbare Basisschool Flevosprong,De Barrage,2,8252 GW,DRONTEN,0303,DRONTEN,0321318524,primary
Flevoland,Protestants Christelijke Basisschool De Zevensprong,Beursplein,3,8253 EA,DRONTEN,0303,DRONTEN,0321382648,primary
Flevoland,RK Basisschool De Toermalijn,Jade,49,3893 EB,ZEEWOLDE,0050,ZEEWOLDE,0365226020,primary
Flevoland,Het Mozaiek,Jade,41,3893 EB,ZEEWOLDE,0050,ZEEWOLDE,0365358000,primary
Flevoland,Openbare Basisschool Panta Rhei,Gedempte Gracht,17,3894 BA,ZEEWOLDE,0050,ZEEWOLDE,0365226303,primary
Flevoland,Kaleidoscoop,Gedempte Gracht,25,3894 BA,ZEEWOLDE,0050,ZEEWOLDE,0365234593,primary
Flevoland,De Vuurtoren,Middelgronden,17,8223 ZL,LELYSTAD,0995,LELYSTAD,0320221768,primary
Flevoland,De Regenboog,Voorhof,4,8212 CA,LELYSTAD,0995,LELYSTAD,0320226181,primary
Flevoland,De Windroos,Karveel 22,28,8231 BG,LELYSTAD,0995,LELYSTAD,0320221451,primary
Flevoland,De Lepelaar,Kempenaar 14,58,8231 VW,LELYSTAD,0995,LELYSTAD,0320240583,primary
Flevoland,Openbare Basisschool De Optimist,Schor,5,8224 CM,LELYSTAD,0995,LELYSTAD,0320767690,primary
Flevoland,De Boeier,Karveel 49,19,8242 VS,LELYSTAD,0995,LELYSTAD,0320222178,primary
Flevoland,De Albatros,Kogge 02,25,8242 AL,LELYSTAD,0995,LELYSTAD,0320240672,primary
Flevoland,De Meander,Pauwenburg,4,8226 TA,LELYSTAD,0995,LELYSTAD,0320240521,primary
Flevoland,De Grundel,Gondel 22,17,8243 CA,LELYSTAD,0995,LELYSTAD,0320222422,primary
Flevoland,De Driemaster,Wold 15,73,8225 AG,LELYSTAD,0995,LELYSTAD,0320243434,primary
Flevoland,De Tjotter,Kennemerland,19,8245 ER,LELYSTAD,0995,LELYSTAD,0320250153,primary
Flevoland,De Finnjol,Jol 24,54,8243 GR,LELYSTAD,0995,LELYSTAD,0320243424,primary
Flevoland,De Triangel,Buizerdweg,27,8245 AA,LELYSTAD,0995,LELYSTAD,0320250103,primary
Flevoland,De Tjalk,Tjalk 22,45,8232 MA,LELYSTAD,0995,LELYSTAD,0320250445,primary
Flevoland,De Brink,Griend 25,18,8225 SC,LELYSTAD,0995,LELYSTAD,0320240444,primary
Flevoland,De Poolster,Oostzeestraat,38,8226 BA,LELYSTAD,0995,LELYSTAD,0320250514,primary
Flevoland,De Sluis,Binnendijk,198,8244 AJ,LELYSTAD,0995,LELYSTAD,0320260919,primary
Flevoland,Kindcentrum Warande,Haagwinde,2,8245 HW,LELYSTAD,0995,LELYSTAD,0320255959,primary
Flevoland,School van Vrede,Pieter van Damstraat,36,1335 PG,ALMERE,0034,ALMERE,0686274578,primary
Flevoland,Vrije School Lelystad,Maasstraat,29,8226 LP,LELYSTAD,0995,LELYSTAD,0320203004,primary
Flevoland,Basisschool Eben Haezer,Vogelsant,8,8303 ZR,EMMELOORD,0171,NOORDOOSTPOLDER,0527612536,primary
Flevoland,Johannes Calvijnschool,Almerelaan,19,8321 JA,URK,0184,URK,0527682354,primary
Flevoland,Dr Maarten Luther,Lange Dam,27,8321 XP,URK,0184,URK,0527682751,primary
Flevoland,Dominee E du Marchie van Voorthuysen Basisschool,Munnikplaat,8,8321 RJ,URK,0184,URK,0527683808,primary
Flevoland,Petrus Dathenusschool,Vlechttuinen,3,8322 BA,URK,0184,URK,0527682909,primary
Flevoland,Basisschool Wilhelmina,Almerelaan,16,8321 JB,URK,0184,URK,0527686898,primary
Flevoland,Basisschool De Regenboog,Boterbloemstraat,23,8321 XG,URK,0184,URK,0527686904,primary
Flevoland,Basisschool C. Zeeman,Middelbuurt,118,8321 ZE,URK,0184,URK,0527686892,primary
Flevoland,Basisschool Pr Beatrix,De Lier,2,8322 AK,URK,0184,URK,0527686902,primary
Flevoland,Basisschool Groen van Prinsterer,Grote Fok,24,8321 VW,URK,0184,URK,0527686896,primary
Flevoland,Basisschool Harmpje Visser,Clausstraat,2,8322 GH,URK,0184,URK,0527686884,primary
Flevoland,Frits Bodebasisschool,Nagel,1,8321 RG,URK,0184,URK,0527686894,primary
Flevoland,Ichthus,Middelgronden,17,8223 ZL,LELYSTAD,0995,LELYSTAD,0320221612,primary
Flevoland,De Wingerd,Voorhof,1,8212 CA,LELYSTAD,0995,LELYSTAD,0320222745,primary
Flevoland,Het Mozaiek,Kempenaar 21,6,8231 GD,LELYSTAD,0995,LELYSTAD,0320240536,primary
Flevoland,3Sprong,Pauwenburg,2,8226 TA,LELYSTAD,0995,LELYSTAD,0320258025,primary
Flevoland,Horizon,Wold 18,26,8225 AN,LELYSTAD,0995,LELYSTAD,0320247920,primary
Flevoland,De Schakel,Botter 40,77,8243 KW,LELYSTAD,0995,LELYSTAD,0320250919,primary
Flevoland,Driestromenland,Voorstraat,336,8226 KA,LELYSTAD,0995,LELYSTAD,0320251393,primary
Flevoland,CBS Stella Nova,Wederiklaan,400,8245 MA,LELYSTAD,0995,LELYSTAD, ,primary
Flevoland,Vrije School Almere,Lierstraat,7,1312 JZ,ALMERE,0034,ALMERE,0365363147,primary
Flevoland,Vrijeschool Oosterwold,Danslaan,60,1326 NA,ALMERE,0034,ALMERE,0365363147,primary
Friesland,Samenwerkingsschool Yn de Mande,F Hendrik Gasaustr,22,9166 RB,SCHIERMONNIKOOG,0088,SCHIERMONNIKOOG,0519531387,primary
Friesland,Basisschool De Jutter,Lutinelaan,3,8899 BD,VLIELAND,0096,VLIELAND,0562452772,primary
Friesland,Master Frankeskoalle,Eilansgrien,17,9264 TB,EARNEWALD,0737,TYTSJERKSTERADIEL,0511539509,primary
Friesland,Christelijke Basisschool 'T Jok,Duinweg Hoorn,1,8896 KK,HOORN FR,0093,TERSCHELLING,0562448787,primary
Friesland,Ds Vossersschool voor Christelijk Basisonderwijs,Dennenweg,4,8881 CJ,WEST-TERSCHELLING,0093,TERSCHELLING,0562798001,primary
Friesland,'t Hunnighouwersgat,Zuid Midslandweg,19-A,8891 GH,MIDSLAND,0093,TERSCHELLING,0562448568,primary
Friesland,Prinses Margriet-School,Dennenweg,4,8881 CJ,WEST-TERSCHELLING,0093,TERSCHELLING,0562798004,primary
Friesland,'t Jok,Duinweg Hoorn,1-A,8896 KK,HOORN FR,0093,TERSCHELLING,0562448569,primary
Friesland,School Matthijsje,Oosterstreek,23,8388 NA,OOSTERSTREEK,0098,WESTSTELLINGWERF,0561432690,primary
Friesland,School Met De Bijbel De Griffel,Siniastrjitte,13,9134 NX,LJUSSENS,1970,NOARDEAST-FRYSLAN,0519321989,primary
Friesland,Leeuwarderschoolvereniging,Jelsumerstraat,10,8917 EN,LEEUWARDEN,0080,LEEUWARDEN,0582126618,primary
Friesland,Christelijke Basisschool Bij de Boarne,Suderom,2,9212 PS,BOORNBERGUM,0090,SMALLINGERLAND,0512382126,primary
Friesland,Samenwerkingsschool De Diamant,Buorren,34-F,9216 WE,OUDEGA SMALLINGERLAND,0090,SMALLINGERLAND,0512371473,primary
Friesland,Samenwerkingsschool De Frissel,Smidswei,13-A,9222 NA,DRACHTSTERCOMPAGNIE,0090,SMALLINGERLAND,0512341274,primary
Friesland,Samenwerkingsschool De Leister Igge,Healwei,3,9218 RH,OPEINDE,0090,SMALLINGERLAND,0512372400,primary
Friesland,Christelijke Basisschool Het Anker,De Frisia,150,9207 CZ,DRACHTEN,0090,SMALLINGERLAND,0512545133,primary
Friesland,Het Mozaiek,Middelwyk,2,9202 GV,DRACHTEN,0090,SMALLINGERLAND,0512544530,primary
Friesland,De Spreng,Klaverweide,46,9203 GC,DRACHTEN,0090,SMALLINGERLAND,0512545042,primary
Friesland,De Linebeam,Dorsvloer,3,9205 BN,DRACHTEN,0090,SMALLINGERLAND,0512545404,primary
Friesland,Christelijke Basisschool De Voorde,Flevo,186,9204 JT,DRACHTEN,0090,SMALLINGERLAND,0512545344,primary
Friesland,It Ambyld,Handwerkerszijde,46,9201 CP,DRACHTEN,0090,SMALLINGERLAND,0512545550,primary
Friesland,Basisschool De Tarissing Christelijk Basisonderwijs,De Wygeast,10,9294 KN,ALDWALD,1970,NOARDEAST-FRYSLAN,0511452500,primary
Friesland,Christelijke Basisschool Bernewird,Raarderwei,8,9156 AC,BOARNWERT,1970,NOARDEAST-FRYSLAN,0519297245,primary
Friesland,Christelijke Basisschool De Rank,Roptawei,7,9123 JA,MITSELWIER,1970,NOARDEAST-FRYSLAN,0519241817,primary
Friesland,Christelijke Basisschool De Fjouwerhoeke,Fennewei,2,9144 CX,HANTUMHUZEN,1970,NOARDEAST-FRYSLAN,0519571212,primary
Friesland,Christelijke Basisschool De Bining,Eelke Meinertswei,35,9295 KC,WESTERGEAST,1970,NOARDEAST-FRYSLAN,0511441486,primary
Friesland,Chr Basisschool Op de Hoogte,Toutenburgstraat,2,9851 AJ,BURUM,1970,NOARDEAST-FRYSLAN,0594249146,primary
Friesland,Christelijke Basisschool,Herweystrjitte,49,9145 SK,TERNAARD,1970,NOARDEAST-FRYSLAN,0519571472,primary
Friesland,Christelijke Basisschool Wrâldwizer,Langgrousterwei,21,9137 RL,EASTERNIJTSJERK,1970,NOARDEAST-FRYSLAN,0519235020,primary
Friesland,Christelijke Basisschool De Gearing,De Skeperij,35,9131 LE,IE,1970,NOARDEAST-FRYSLAN,0519518267,primary
Friesland,Christelijke Basisschool 't Oegh,Methardusstraat,43,9853 PD,MUNNEKEZIJL,1970,NOARDEAST-FRYSLAN,0594688254,primary
Friesland,Pr Bernhardschool,Bernhardlaan,42,9291 HP,KOLLUM,1970,NOARDEAST-FRYSLAN,0511452089,primary
Friesland,Kon Julianasch,Tsjerk Hiddesstraat,4,9291 AX,KOLLUM,1970,NOARDEAST-FRYSLAN,0511451948,primary
Friesland,De Stapstien,Skoallestrjitte,14,9298 PT,KOLLUMERSWEACH,1970,NOARDEAST-FRYSLAN,0511442370,primary
Friesland,Christelijke Basisschool De Pionier,Alde Terp,2,9101 SC,DOKKUM,1970,NOARDEAST-FRYSLAN,0519221482,primary
Friesland,Kindcentrum Vivensa,Kapellaan,5,9101 WB,DOKKUM,1970,NOARDEAST-FRYSLAN,0519293481,primary
Friesland,Christelijke Basisschool Eben Haezer,Kweekschoolstraat,2,9101 AC,DOKKUM,1970,NOARDEAST-FRYSLAN,0519221440,primary
Friesland,Christelijke Basisschool de Hoeksteen,Zwaluwstraat,49,9101 HE,DOKKUM,1970,NOARDEAST-FRYSLAN,0519221505,primary
Friesland,Christelijke Basisschool de Springplanke,De Kampen,39,9132 LV,INGWIERRUM,1970,NOARDEAST-FRYSLAN,0511408500,primary
Friesland,Fredericusschool,Pastoor Schuttestraat,30,8395 TN,STEGGERDA,0098,WESTSTELLINGWERF,0561441474,primary
Friesland,Rooms Kaholieke Basisschool Sint Radbodus,Ljouwertertrekwei,4,9035 ED,DRONRYP,1949,WAADHOEKE,0517231562,primary
Friesland,Basisschool Sint Radboud,Dekamastrjitte,2-B,9011 WE,JIRNSUM,0080,LEEUWARDEN,0566601242,primary
Friesland,Sint Ludgerus-School,Siemen de Jongstrjitte,4,8561 DP,BALK,1940,DE FRYSKE MARREN,0514602343,primary
Friesland,basisschool Sint Michael,Schritsen,52,8861 CV,HARLINGEN,0072,HARLINGEN,0517413757,primary
Friesland,Sint Bonifaciusschool,Sanleansterdyk,20,8736 JB,REAHUS,1900,SUDWEST-FRYSLAN,0515332248,primary
Friesland,Rooms Katholieke Daltonschool Sint Martinus,Ds L Touwenlaan,3,8754 BP,MAKKUM,1900,SUDWEST-FRYSLAN,0515232424,primary
Friesland,Rooms Katholieke Basisschool Sint Lukas Jenaplan-School,De Lanen,96,9204 WC,DRACHTEN,0090,SMALLINGERLAND,0512517199,primary
Friesland,St Franciscus-School,Lycklamaweg,14,8471 JX,WOLVEGA,0098,WESTSTELLINGWERF,0561614022,primary
Friesland,Basisschool It Klimmerbled,De Pit,2,8521 PD,SINT NICOLAASGA,1940,DE FRYSKE MARREN,0513431797,primary
Friesland,St Ludgerusschool,Weverswei,4-A,8711 GP,WORKUM,1900,SUDWEST-FRYSLAN,0515542553,primary
Friesland,Daltonschool Sint Jozef,Markerstraat,9,8531 KM,LEMMER,1940,DE FRYSKE MARREN,0514562559,primary
Friesland,Rooms Katholieke Basisschool De Kabas,Tuinen,28,8801 VW,FRANEKER,1949,WAADHOEKE,0517392219,primary
Friesland,Kardinaal de Jongschool,Bramerduinenpad,10,9163 KG,NES GEM AMELAND,0060,AMELAND,0519542358,primary
Friesland,Jenaplan Basisschool de Opbouw,Burg Praamsmalaan,34,8701 AP,BOLSWARD,1900,SUDWEST-FRYSLAN,0515575856,primary
Friesland,St Mattheus,Uilke Boonstralaan,32,8501 EC,JOURE,1940,DE FRYSKE MARREN,0513412875,primary
Friesland,Rooms Katholieke Basisschool St Jozef,Van Dekemalaan,2,8442 BC,HEERENVEEN,0074,HEERENVEEN,0513622714,primary
Friesland,Rooms Katholieke Jenaplanschool St Bonifatiusschool,Kapellaan,3,9101 WB,DOKKUM,1970,NOARDEAST-FRYSLAN,0519292968,primary
Friesland,Rooms Katholiekek Protestants Christelijke Basisschool De Toekomst,Ageommeleane,14,8574 TN,BAKHUIZEN,1940,DE FRYSKE MARREN,0514581214,primary
Friesland,Basisschool De Wiekslag,Dwarswyk,346,9202 CA,DRACHTEN,0090,SMALLINGERLAND,0512519890,primary
Friesland,Thomas Van Aquino-School,Louw Doniastraat,1,8607 AT,SNEEK,1900,SUDWEST-FRYSLAN,0515433828,primary
Friesland,Monseigneur J. Scholtens-School,Wilhelminastraat,18,8471 PK,WOLVEGA,0098,WESTSTELLINGWERF,0561614014,primary
Friesland,St Bonifatius-School,Leeuwarderweg,30,8605 AH,SNEEK,1900,SUDWEST-FRYSLAN,0515412719,primary
Friesland,De Sprong,Idzerdastins,63,8925 AG,LEEUWARDEN,0080,LEEUWARDEN,0582660779,primary
Friesland,Basisschool St Gregorius,Van Der Looswei,4,8615 LV,BLAUWHUIS,1900,SUDWEST-FRYSLAN,0515579262,primary
Friesland,Basisschool Sint Paulus,Julianalaan,40,8932 AB,LEEUWARDEN,0080,LEEUWARDEN,0582126480,primary
Friesland,Tusken de Marren,Melchior Clantstrjitte,18,8551 NL,WOUDSEND,1900,SUDWEST-FRYSLAN,0514591505,primary
Friesland,Basisschool Sint Thomas,Averkampstraat,10,8916 EL,LEEUWARDEN,0080,LEEUWARDEN,0582121734,primary
Friesland,Basisschool Teake Jan Roorda,Tjissema,6,9089 BG,WYTGAARD,0080,LEEUWARDEN,0582551792,primary
Friesland,Sint Maarten Basisschool,Plein 1455,1,8701 EW,BOLSWARD,1900,SUDWEST-FRYSLAN,0515572418,primary
Friesland,De Plotter,Dollard,19,9204 CK,DRACHTEN,0090,SMALLINGERLAND,0512526066,primary
Friesland,IKC Franciscus,Johan de Walestraat,1,8921 XB,LEEUWARDEN,0080,LEEUWARDEN,0582665909,primary
Friesland,Teresa,Wergeasterdyk,58,8941 ZX,LEEUWARDEN,0080,LEEUWARDEN, ,primary
Friesland,Christelijke Basisschool De Wynroas,Foarwei,23,9113 PA,WALTERSWALD,1891,DANTUMADIEL,0511421013,primary
Friesland,Christelijke Basisschool It Fundamint,Offingaweg,32,9074 AK,HALLUM,1970,NOARDEAST-FRYSLAN,0518431421,primary
Friesland,Christelijke Basisschool De Ikker,Farrewei,16-A,9171 LM,BLIJE,1970,NOARDEAST-FRYSLAN,0519561247,primary
Friesland,Christelijke Basisschool De Tarissing,Tjaerdawei,42-A,9105 KG,RINSUMAGEAST,1891,DANTUMADIEL,0511421252,primary
Friesland,Christelijke Basisschool De Wel,Kavelwei,13-A,9108 MC,BROEKSTERWALD,1891,DANTUMADIEL,0511421377,primary
Friesland,De Boustien,Sportloane,2-A,9271 VN,DE WESTEREEN,1891,DANTUMADIEL,0511447376,primary
Friesland,Christelijke Basisschool Op Streek,De Streek,4,9172 NJ,FERWERT,1970,NOARDEAST-FRYSLAN,0518411229,primary
Friesland,De Welle,Schoolstraat,10,9111 HH,BURDAARD,1970,NOARDEAST-FRYSLAN,0519332525,primary
Friesland,Christelijke Basisschool Aasterage,Ringweg,26,9073 HH,MARRUM,1970,NOARDEAST-FRYSLAN,0518411410,primary
Friesland,CBS De Sprankeling,Badhuswei,31-D,9104 DX,DAMWALD,1891,DANTUMADIEL,0511233213,primary
Friesland,Christelyke Basisschool de Frissel,De Wylgen,1,9269 SN,FEANWALDEN,1891,DANTUMADIEL,0511474700,primary
Friesland,Basisschool De Laweij,Laweijstraat,10,8433 KG,HAULERWIJK,0085,OOSTSTELLINGWERF,0516438150,primary
Friesland,Samenwerkingsschool De Nijewier,it Hiem,5,8458 CA,TJALLEBERD,0074,HEERENVEEN,0513704900,primary
Friesland,Christelijke Basisschool De Mandebrink,Steegde,29,8426 BZ,APPELSCHA,0085,OOSTSTELLINGWERF,0516432355,primary
Friesland,Christelijke Basisschool De Paadwizer,Willem Kroezestraat,6-B,8434 NN,WASKEMEER,0085,OOSTSTELLINGWERF,0516421075,primary
Friesland,CBS de Patrijs,Heerenveenseweg,36,8471 BG,WOLVEGA,0098,WESTSTELLINGWERF,0561613817,primary
Friesland,Meester S Wybrandisch,Schoterlandseweg,19,8413 NM,OUDEHORNE,0074,HEERENVEEN,0513542300,primary
Friesland,Christelijke Basisschool In De Kring,Boekhorsterweg,15,8431 CW,OOSTERWOLDE FR,0085,OOSTSTELLINGWERF,0516512452,primary
Friesland,Christelijke Basisschool De Akker,Rijweg,59,8431 KH,OOSTERWOLDE FR,0085,OOSTSTELLINGWERF,0516512624,primary
Friesland,"Algemeen Bijzondere basisschool ""de Fluessen""",Aldewei,37,8582 KX,OUDEGA DE FRYSKE MARREN,1940,DE FRYSKE MARREN,0514603832,primary
Friesland,Christelijke Basisschool de Bolster,Wikelerdyk,14,8561 BE,BALK,1940,DE FRYSKE MARREN,0514602052,primary
Friesland,Christelijke Basisschool de Ferbining,Lyklamawei,25,8566 JH,NIJEMIRDUM,1940,DE FRYSKE MARREN,0514571888,primary
Friesland,Chr Basisschool de Klinkert,Wijckelerweg,172,8556 XB,SLOTEN,1940,DE FRYSKE MARREN,0514531480,primary
Friesland,Chr Basissch De Skutslus,Voorstraat,7,8715 HW,STAVOREN,1900,SUDWEST-FRYSLAN,0514681919,primary
Friesland,Ontmoetingsschool De Klimbeam,'t Heale Paed,1,8723 AG,KOUDUM,1900,SUDWEST-FRYSLAN,0514522194,primary
Friesland,Christelijk Basisonderwijs De Walikker,Jan Schotanuswei,44-A,8567 LC,OUDEMIRDUM,1940,DE FRYSKE MARREN,0514571472,primary
Friesland,It Finster,Weverswei,3-C,8711 GP,WORKUM,1900,SUDWEST-FRYSLAN,0515542224,primary
Friesland,Christelijke Basisschool Nijdjip,Jongema,4,9001 LA,GROU,0080,LEEUWARDEN,0566622267,primary
Friesland,Doarpsskoalle Wurdum,Theodorus Beekhuisstr,2,9088 AS,WIRDUM FR,0080,LEEUWARDEN,0582551456,primary
Friesland,IKC De Sprankel,Felixwei,17,9051 KE,STIENS,0080,LEEUWARDEN,0582571225,primary
Friesland,IKC Johan Willem Friso,Carel Fabritiusstraat,21,8932 HN,LEEUWARDEN,0080,LEEUWARDEN,0582127623,primary
Friesland,IKC Willem Alexander,Keizerskroon,86-A,8935 LW,LEEUWARDEN,0080,LEEUWARDEN,0582880073,primary
Friesland,IKC Alexia,Idzerdastins,61,8925 AG,LEEUWARDEN,0080,LEEUWARDEN,0582661521,primary
Friesland,IKC Prins Constantijn,Willem Sprengerstraat,77,8922 BS,LEEUWARDEN,0080,LEEUWARDEN,0582136248,primary
Friesland,CBS Dominee Hasperschool,De Stringen,3,8491 HA,AKKRUM,0074,HEERENVEEN,0566651464,primary
Friesland,IKC Prins Maurits,Brandemeer,1,8918 GE,LEEUWARDEN,0080,LEEUWARDEN,0582663559,primary
Friesland,IKC Albertine Agnes,Euterpestraat,28-1,8915 BB,LEEUWARDEN,0080,LEEUWARDEN,0582136282,primary
Friesland,IKC Koningin Wilhelmina,Fonteinstraat,16,8913 CX,LEEUWARDEN,0080,LEEUWARDEN,0582137355,primary
Friesland,IKC De Kinderkoepel,Pieter Feddesstraat,2,8921 BR,LEEUWARDEN,0080,LEEUWARDEN,0582137478,primary
Friesland,IKC Maxima,Glinswei,4,8939 CB,LEEUWARDEN,0080,LEEUWARDEN,0582880842,primary
Friesland,ibs 't Pompeblêd,Sportloane,2,9271 VN,DE WESTEREEN,1891,DANTUMADIEL,0511443000,primary
Friesland,Gearwurkingsskoalle de Wâldiik,Domela Nieuwenhuisstr,53,9233 KN,BOELENSLAAN,0059,ACHTKARSPELEN,0512342678,primary
Friesland,Dr Theun de Vriesskoalle,Johannes Prinsstrjitte,30,9269 NZ,FEANWALDEN,1891,DANTUMADIEL,0511475554,primary
Friesland,Basisschool de Mienskip,Groenkamp,3,9285 SZ,BUITENPOST,0059,ACHTKARSPELEN,0511542021,primary
Friesland,Dr. J. Botkeschool,Badhuswei,31-C,9104 DX,DAMWALD,1891,DANTUMADIEL,0511421750,primary
Friesland,It Holdersnest,Homear,1,9281 LN,HARKEMA,0059,ACHTKARSPELEN,0512362846,primary
Friesland,De Balkwar,Swanneblom-strjitte,11,9288 AB,KOOTSTERTILLE,0059,ACHTKARSPELEN,0512331818,primary
Friesland,Burgerschool,Olivier van Keulenlaan,16,9101 VR,DOKKUM,1970,NOARDEAST-FRYSLAN,0519292570,primary
Friesland,It Skriuwboerd,B Jacobus Schurerwg,14,9231 CE,SURHUISTERVEEN,0059,ACHTKARSPELEN,0512368530,primary
Friesland,Nynke van Hichtumschool,Aalscholver,2,9101 XN,DOKKUM,1970,NOARDEAST-FRYSLAN,0519292491,primary
Friesland,sls de tijstream,De Morgenzon,5-C,9151 KM,HOLWERT,1970,NOARDEAST-FRYSLAN,0519562481,primary
Friesland,It Twaspan,Skoalstrjitte,4,9287 LV,TWIJZELERHEIDE,0059,ACHTKARSPELEN,0511443128,primary
Friesland,Openbare Basisschool Prof Casimir,Tsjerk Hiddesstraat,4-B,9291 AX,KOLLUM,1970,NOARDEAST-FRYSLAN,0511451727,primary
Friesland,De Optimist,Barten,11,8447 BS,HEERENVEEN,0074,HEERENVEEN,0513627552,primary
Friesland,V Maasdijkschool,Van Beijma Thoe Kingmawg,1,8441 CP,HEERENVEEN,0074,HEERENVEEN,0513653721,primary
Friesland,Ekke de Haanschool,Zegge,2,8446 CL,HEERENVEEN,0074,HEERENVEEN,0513624386,primary
Friesland,Obs Het  Vogelnest,Tureluurstraat,20,8446 HM,HEERENVEEN,0074,HEERENVEEN,0513628930,primary
Friesland,Twa Fjilden,Koningin Julianalaan,3,8501 HL,JOURE,1940,DE FRYSKE MARREN,0513413632,primary
Friesland,OBS Route 0513,Veluwelaan,47,8443 AJ,HEERENVEEN,0074,HEERENVEEN,0513631948,primary
Friesland,Westermarskoalle,E A Borgerstraat,23,8501 NC,JOURE,1940,DE FRYSKE MARREN,0513413906,primary
Friesland,Bernesintrum Aldeboarn,Tsjerkebuorren,10,8495 KH,ALDEBOARN,0074,HEERENVEEN,0566631285,primary
Friesland,It Bûtenplak,Aise Bruggenswei,2,8412 SW,HOORNSTERZWAAG,0074,HEERENVEEN,0516462415,primary
Friesland,De Feart,Wolfsklauw,26,8411 RC,JUBBEGA,0074,HEERENVEEN,0516461753,primary
Friesland,OBS Akkrum,De Stringen,1,8491 HA,AKKRUM,0074,HEERENVEEN,0566651687,primary
Friesland,De Ynset,Binnendyk,24,8461 LD,ROTTUM FR,1940,DE FRYSKE MARREN,0513551666,primary
Friesland,Compagnonsschool,Ds Veenweg,10-A,8456 HR,DE KNIPE,0074,HEERENVEEN,0513688766,primary
Friesland,De Schakel,Prinses Marijkeweg,7-A,8463 VJ,ROTSTERHAULE,1940,DE FRYSKE MARREN,0513552022,primary
Friesland,Tjongerschool,Schoterlandseweg,95,8454 KD,MILDAM,0074,HEERENVEEN,0513633100,primary
Friesland,Sevenaerschool,Schoterlandseweg,103,8414 LR,NIEUWEHORNE,0074,HEERENVEEN,0513541308,primary
Friesland,Albertine Agnesschool,Van Leeuwenhoekweg,8,8451 CN,OUDESCHOOT,0074,HEERENVEEN,0513636476,primary
Friesland,Tryegeaster Honk,Jetze Veldstraweg,49,8513 CK,OUWSTERHAULE,1940,DE FRYSKE MARREN,0513551027,primary
Friesland,De Brege,Trijegea,16,8517 HZ,SCHARSTERBRUG,1940,DE FRYSKE MARREN,0513415349,primary
Friesland,Basisschool 't Swannestee,Tsjillanleane,32,8525 GR,LANGWEER,1940,DE FRYSKE MARREN,0513499375,primary
Friesland,o.b.s. Het Slingertouw,Schoterplein,29,8448 RP,HEERENVEEN,0074,HEERENVEEN,0513633140,primary
Friesland,OBS De Aventurijn,Kerkeweg,10,8485 JJ,MUNNEKEBUREN,0098,WESTSTELLINGWERF,0561481900,primary
Friesland,Skoalle De Dúnwizer,Mjumster Wei,12,9243 SJ,BAKKEVEEN,0086,OPSTERLAND,0516541777,primary
Friesland,Basisschool Dorpsschool de Blesse,Meidoornstraat,33,8397 GV,DE BLESSE,0098,WESTSTELLINGWERF,0561441806,primary
Friesland,Kindcentrum De Finne,Fockema Andreaelaan,94,9244 BB,BEETSTERZWAAG,0086,OPSTERLAND,0512382290,primary
Friesland,Dalton Basisschool de Oosterbrink,Boijlerweg,88,8392 NK,BOIJL,0098,WESTSTELLINGWERF,0561421677,primary
Friesland,Openbare Basisschool de Tjongeling,Willinge Prinsstraat,16,8421 PE,OLDEBERKOOP,0085,OOSTSTELLINGWERF,0516451636,primary
Friesland,Basisschool de Skans,De Kolk,1-A,9249 MC,FRIESCHEPALEN,0086,OPSTERLAND,0512302200,primary
Friesland,Basisschool de Velden,Zuiderweg,40-G,8391 KG,NOORDWOLDE FR,0098,WESTSTELLINGWERF,0561433100,primary
Friesland,OBS De Treffer,H. Ringenoldusstrjitte,1,8401 PV,GORREDIJK,0086,OPSTERLAND,0513462280,primary
Friesland,Openbare Basisschool De Stelling,Oosterhuisweg,7,8423 TG,MAKKINGA,0085,OOSTSTELLINGWERF,0516441439,primary
Friesland,Vensterschool Noordwolde,Mandehof,17,8391 BG,NOORDWOLDE FR,0098,WESTSTELLINGWERF,0561430525,primary
Friesland,Openbare Basisschool MST. K.J. Dijkstra,Hoofdweg,31,8424 PJ,ELSLOO FR,0085,OOSTSTELLINGWERF,0561421250,primary
Friesland,School Loevestein,Berend Wapstrastrjitte,1-3,8401 NN,GORREDIJK,0086,OPSTERLAND,0513461557,primary
Friesland,Basisschool de Striepe,Hoofdweg,193,8474 CE,OLDEHOLTPADE,0098,WESTSTELLINGWERF,0561688500,primary
Friesland,Basisschool Heidepolle,Paulus Potterstraat,13,8471 VM,WOLVEGA,0098,WESTSTELLINGWERF,0561614262,primary
Friesland,Openbare Basisschool de Riemsloot,Alle Wijtzesweg,53-A,8426 CT,APPELSCHA,0085,OOSTSTELLINGWERF,0516432090,primary
Friesland,Basisschool De Boge,Engbert Pierswei,2,8409 JW,HEMRIK,0086,OPSTERLAND,0516471400,primary
Friesland,Wolvega Zuid,Oranje Nassaulaan,51,8471 LL,WOLVEGA,0098,WESTSTELLINGWERF,0561615138,primary
Friesland,Basisschool Tuindorp,Grote vuurvlinder,2,8472 CH,WOLVEGA,0098,WESTSTELLINGWERF,0561615500,primary
Friesland,Skôalle it Aventoer,De Klamp,12,8404 GL,LANGEZWAAG,0086,OPSTERLAND,0513688555,primary
Friesland,Dorpsschool,Lijsterstraat,6,8471 DN,WOLVEGA,0098,WESTSTELLINGWERF,0561614664,primary
Friesland,Basisschool de Flecht,Buorsterwyk,36,8408 JA,LIPPENHUIZEN,0086,OPSTERLAND,0513463400,primary
Friesland,OBS De Toekan,Weemeweg,14,8431 LV,OOSTERWOLDE FR,0085,OOSTSTELLINGWERF,0516514367,primary
Friesland,De Lamer,Hoofdweg,55,8486 GC,OLDELAMER,0098,WESTSTELLINGWERF,0561499135,primary
Friesland,Openbare Buttingaschool,Buttingasingel,10,8431 AV,OOSTERWOLDE FR,0085,OOSTSTELLINGWERF,0516514238,primary
Friesland,Openbare Boekhorstschool,Boekhorsterweg,15,8431 CW,OOSTERWOLDE FR,0085,OOSTSTELLINGWERF,0516514232,primary
Friesland,Basisschool 't Holtpad,Kerkweg,9,8475 EB,NIJEHOLTPADE,0098,WESTSTELLINGWERF,0561688282,primary
Friesland,Basisschool 't Ambyld,Smidte,47,8407 ER,TERWISPEL,0086,OPSTERLAND,0513463500,primary
Friesland,De Twirrewyn,Schoolstraat,15,8435 XV,DONKERBROEK,0085,OOSTSTELLINGWERF,0516491500,primary
Friesland,Basisschool De Opstekker,Breewei,6-A,8406 EE,TIJNJE,0086,OPSTERLAND,0513571600,primary
Friesland,De Klaeter,Jokweg,14,8394 VL,DE HOEVE,0098,WESTSTELLINGWERF,0561432600,primary
Friesland,Openbare Basisschool de Trede,Dorpsstraat,55,8432 PL,HAULE,0085,OOSTSTELLINGWERF,0516577385,primary
Friesland,Skoalle De Sinnewizer,Welfingstrjitte,5,9241 GM,WIJNJEWOUDE,0086,OPSTERLAND,0516481666,primary
Friesland,Op 'e Trije,Hegebeintumerdyk,16,9172 GP,FERWERT,1970,NOARDEAST-FRYSLAN,0518411541,primary
Friesland,Basisschool Op 'e Dobbe,Finne,42,9074 AV,HALLUM,1970,NOARDEAST-FRYSLAN,0518431700,primary
Friesland,Arjen Roelofsskoalle,Leijesterpaed,4,9054 KM,HIJUM,0080,LEEUWARDEN,0518431900,primary
Friesland,IKC De Jint,Plataanstrjitte,2,9051 RB,STIENS,0080,LEEUWARDEN,0582571898,primary
Friesland,IKC De Twilling,Ieleane,8,9051 LP,STIENS,0080,LEEUWARDEN,0582575998,primary
Friesland,Openbare Basisschool De Steven,Noorderbolwerk,1,8801 KK,FRANEKER,1949,WAADHOEKE,0517391140,primary
Friesland,OBS De Opslach,IJsbaanweg,4,8801 ER,FRANEKER,1949,WAADHOEKE,0517395110,primary
Friesland,Waadwizer,Johan Roordastrjitte,41,8851 EB,TZUMMARUM,1949,WAADHOEKE,0518481900,primary
Friesland,Openbare Basisschool De Oanset,Peinserweg,1-B,8811 HK,RIED,1949,WAADHOEKE,0517269321,primary
Friesland,De Frije Fûgel,Klaas van der Meijstr,30,9045 PZ,BITGUMMOLE,1949,WAADHOEKE,0582531222,primary
Friesland,Lyts Libben,Ds H v E v Heslingastr,1,9041 EG,BERLTSUM,1949,WAADHOEKE,0518461736,primary
Friesland,O.b.s. 't Fonnemint,Dordtse Straat,40,9076 CP,ST.-ANNAPAROCHIE,1949,WAADHOEKE,0518401129,primary
Friesland,SWS Twaspan,Spoorstrjitte,7,9033 WJ,DEINUM,1949,WAADHOEKE,0582542083,primary
Friesland,De Romte,Skoallanswei,2,9035 BT,DRONRYP,1949,WAADHOEKE,0517231614,primary
Friesland,De Twiner,Georg van Saksenstraat,14,9079 KG,ST.-JACOBIPAROCHIE,1949,WAADHOEKE,0518491839,primary
Friesland,De Polle,Skoallestrjitte,28,9034 GL,MARSUM,1949,WAADHOEKE,0582541681,primary
Friesland,SWS de Fierljepper,Mathijs Beckstraat,65,9077 SG,VROUWENPAROCHIE,1949,WAADHOEKE,0518401682,primary
Friesland,Openbare Basisschool 't Partoer,Lauermanstraat,21-A,9251 AX,BURGUM,0737,TYTSJERKSTERADIEL,0511462980,primary
Friesland,Openbare Basisschool Hurdegarijp,Van Weerden Poelmanstr,2-A,9254 CS,HURDEGARYP,0737,TYTSJERKSTERADIEL,0511472026,primary
Friesland,Thrimwalda,Dr. O. Postmastrjitte,6,9061 BK,GYTSJERK,0737,TYTSJERKSTERADIEL,0582562271,primary
Friesland,IT Kruired,Mounewei,32,9063 JM,MUNEIN,0737,TYTSJERKSTERADIEL,0582562110,primary
Friesland,De Swetten,Kuiperssingel,1,9201 EE,DRACHTEN,0090,SMALLINGERLAND,0512514711,primary
Friesland,Openbare Basisschool de Opstap,Heemstrasingel,45,9062 GE,OENTSJERK,0737,TYTSJERKSTERADIEL,0582562353,primary
Friesland,Sinnehonk,Van Sminiaweg,114-B,9064 KH,ALDTSJERK,0737,TYTSJERKSTERADIEL,0582561762,primary
Friesland,De Vlinderboom,De Stoeken,1,9202 LS,DRACHTEN,0090,SMALLINGERLAND,0512582620,primary
Friesland,Ontmoetingsschool de Romte,Reidfjild,4,9255 JV,TYTSJERK,0737,TYTSJERKSTERADIEL,0511431675,primary
Friesland,OBS De Kameleon,Middelwyk,2,9202 GV,DRACHTEN,0090,SMALLINGERLAND,0512511942,primary
Friesland,Openbare Basisschool de Tille,P.K.Pelstraat,1,9203 NP,DRACHTEN,0090,SMALLINGERLAND,0512519597,primary
Friesland,De Bolder,De Frisia,152,9207 CZ,DRACHTEN,0090,SMALLINGERLAND,0512521100,primary
Friesland,Finneblom,'t Herntsje,1,9212 PJ,BOORNBERGUM,0090,SMALLINGERLAND,0512382700,primary
Friesland,De Wiksel,It Grien,30,9223 NM,HOUTIGEHAGE,0090,SMALLINGERLAND,0512341682,primary
Friesland,sws it Werflân,Master Kuiperswei,1,9221 TD,ROTTEVALLE,0090,SMALLINGERLAND,0512341796,primary
Friesland,Openbare basisschool De Meander,Flevo,194,9204 JT,DRACHTEN,0090,SMALLINGERLAND,0512510150,primary
Friesland,Iepenbiere Basisskoalle De Twamester,B K van den Bergstrjitte,2,9005 PW,WERGEA,0080,LEEUWARDEN,0582552557,primary
Friesland,De Finne,De Greiden,1,9003 MJ,WARTEN,0080,LEEUWARDEN,0582552538,primary
Friesland,Openbare Basisschool de Oldenye,Sint Anthonystraat,5,8911 DV,LEEUWARDEN,0080,LEEUWARDEN,0582125070,primary
Friesland,Eigen Wijs Basisonderwijs,Verdistraat,2,8915 CD,LEEUWARDEN,0080,LEEUWARDEN,0582128160,primary
Friesland,Openbaar Basisschool De TWA Fisken,Jongema,6,9001 LA,GROU,0080,LEEUWARDEN,0566623000,primary
Friesland,Trije Doarpen Skoalle,Master Gorterstrjitte,9,9008 TB,REDUZUM,0080,LEEUWARDEN,0566602220,primary
Friesland,IKC De Weide,Raaigras,28,8935 GH,LEEUWARDEN,0080,LEEUWARDEN,0582881677,primary
Friesland,IKC Aventurijn,Tjerk Hiddesstraat,5-1,8921 NM,LEEUWARDEN,0080,LEEUWARDEN,0582664831,primary
Friesland,IKC Wiarda,Buorren,13,9084 BB,GOUTUM,0080,LEEUWARDEN,0582883180,primary
Friesland,Professor Wassenberghschool,Ieborchpaed,6,9081 AR,LEKKUM,0080,LEEUWARDEN,0582664861,primary
Friesland,IKC Het Palet,Floris Versterstraat,2-B,8932 BR,LEEUWARDEN,0080,LEEUWARDEN,0582124833,primary
Friesland,Kindcentrum Eestroom,Droppingsstraat,2,8923 BW,LEEUWARDEN,0080,LEEUWARDEN,0582663707,primary
Friesland,Openbare Basisschool De Vosseburcht,Coornhertstraat,8,8913 HK,LEEUWARDEN,0080,LEEUWARDEN,0582127627,primary
Friesland,IKC Trianova,Kingmastate,1,8926 NA,LEEUWARDEN,0080,LEEUWARDEN,0582663100,primary
Friesland,De Wynwizer,Pikemar,17,8939 CR,LEEUWARDEN,0080,LEEUWARDEN,0582880250,primary
Friesland,De Pionier,Molkenkelder,4-A,8941 AJ,LEEUWARDEN,0080,LEEUWARDEN,0582802344,primary
Friesland,Daltonschool De Blinker,De Blink,5,8701 LV,BOLSWARD,1900,SUDWEST-FRYSLAN,0515572533,primary
Friesland,Daltonschool 't Hazzeleger,Siemen de Jongstrjitte,4,8561 DP,BALK,1940,DE FRYSKE MARREN,0514602147,primary
Friesland,Protestants Christelijke Basisschool De Skulpe,Kreilerstraat,20,8713 JB,HINDELOOPEN,1900,SUDWEST-FRYSLAN,0514521510,primary
Friesland,Basisschool De Reinboge,Broekenweg,14,8538 RN,BANTEGA,1940,DE FRYSKE MARREN,0514551395,primary
Friesland,De Utskoat,De Tsjasker,4,8748 DW,WITMARSUM,1900,SUDWEST-FRYSLAN,0517531818,primary
Friesland,Daltonschool De Kogge,De Dassenboarch,23-A,8651 CB,IJLST,1900,SUDWEST-FRYSLAN,0515531606,primary
Friesland,Basisschool De Populier,Lieuwkemastraat,67,8754 BL,MAKKUM,1900,SUDWEST-FRYSLAN,0515232070,primary
Friesland,Openbare basisschool 't Wad,Midlumerlaan,13,8861 JE,HARLINGEN,0072,HARLINGEN,0517413221,primary
Friesland,Openbare Basisschool De Pipegaal,Weverswei,3-A,8711 GP,WORKUM,1900,SUDWEST-FRYSLAN,0515542189,primary
Friesland,Basisschool de Meerpaal,Schokker,4-A,8531 BW,LEMMER,1940,DE FRYSKE MARREN,0514561434,primary
Friesland,Basisschool De Meiboom,Himmelumerdyk,2-A,8721 GT,WARNS,1900,SUDWEST-FRYSLAN,0514682050,primary
Friesland,Basisschool Tweespan,Betelgeuze,4,8531 MV,LEMMER,1940,DE FRYSKE MARREN,0514563303,primary
Friesland,Openbare Basisschool Het Noorderlicht,F Domela Nieuwenhuisstr,81,8862 WC,HARLINGEN,0072,HARLINGEN,0517431393,primary
Friesland,Openbare Basisschool Middelstein,Fonteinstraat,1,8872 NJ,MIDLUM,0072,HARLINGEN,0517416066,primary
Friesland,Basissch Twa Yn Ien,De Roede,49,8539 SX,ECHTENERBRUG,1940,DE FRYSKE MARREN,0514541572,primary
Friesland,Regioskoalle de Greidefûgel,Oan'e Kamp,6,8834 XM,BAARD,0080,LEEUWARDEN,0517341998,primary
Friesland,Bûtensprong,De Polle,2,8635 MD,BOAZUM,1900,SUDWEST-FRYSLAN,0515521800,primary
Friesland,Master,Jancko Douwamastraat,31,8602 BK,SNEEK,1900,SUDWEST-FRYSLAN,0515725187,primary
Friesland,Zwetteschool,Hugo de Grootstraat,2,8603 BP,SNEEK,1900,SUDWEST-FRYSLAN,0515412019,primary
Friesland,Samenwerkingsschool Basisonderwijs Itens,Itingewei,2,8735 HT,ITENS,1900,SUDWEST-FRYSLAN,0515332002,primary
Friesland,Openbare Basisschool de Oudvaart,Loengasterlaan,3,8604 ZC,SNEEK,1900,SUDWEST-FRYSLAN,0515412519,primary
Friesland,Basisschool de Gielguorde,Master Jansenstrjitte,10,9022 AN,MANTGUM,0080,LEEUWARDEN,0582501220,primary
Friesland,Basisschool IT Pertoer,Bumaleane,1,9024 ET,WEIDUM,0080,LEEUWARDEN,0582519757,primary
Friesland,Openbare Basisschool De Wyken,Keizersmantel,1,8607 GM,SNEEK,1900,SUDWEST-FRYSLAN,0515411213,primary
Friesland,iepenbiere Basisskoalle It Bynt,Molepaed,21,8831 XJ,WINSUM FR,1949,WAADHOEKE,0517341441,primary
Friesland,Epemaskoalle,Ds H W C A Visserleane,11,8633 KH,YSBRECHTUM,1900,SUDWEST-FRYSLAN,0515413762,primary
Friesland,Openbare Basisschool De Opslach,Walperterwei,14-C,8731 CD,WOMMELS,1900,SUDWEST-FRYSLAN,0515331844,primary
Friesland,Openbare Basisschool 't Raerderhiem,Selanswei,2,9012 CN,RAERD,1900,SUDWEST-FRYSLAN,0566602272,primary
Friesland,Dr EA Borgerschool,Koningin Julianalaan,3,8501 HL,JOURE,1940,DE FRYSKE MARREN,0513414282,primary
Friesland,Bloei - Terherne,Buorren,21,8493 LC,TERHERNE,1940,DE FRYSKE MARREN,0566689500,primary
Friesland,Christelijke Basisschool De Trieme,Kerkhoflaan,12,8464 VL,SINTJOHANNESGA,1940,DE FRYSKE MARREN,0513551857,primary
Friesland,Eben Haezerschool,Menso Poppiusstraat,46,8536 VA,OOSTERZEE,1940,DE FRYSKE MARREN,0514541950,primary
Friesland,Haskerwiis,De Vervening,1-A,8465 RE,OUDEHASKE,1940,DE FRYSKE MARREN,0513677600,primary
Friesland,Wumkesskoalle,Sluisdijk,25,8501 BZ,JOURE,1940,DE FRYSKE MARREN,0513414244,primary
Friesland,Christelijke Basisschool De Spoarsiker,De Veenscheiding,14,8539 SH,ECHTENERBRUG,1940,DE FRYSKE MARREN,0514541800,primary
Friesland,Protestants Christelijke Basisschool It Haskerfjild,E A Borgerstraat,27-29,8501 NC,JOURE,1940,DE FRYSKE MARREN,0513418317,primary
Friesland,Christelijke Basisschool de Arke,Tramdyk,10,8532 BX,LEMMER,1940,DE FRYSKE MARREN,0514560440,primary
Friesland,Christelijke Basisschool de Paedwizer,Saturnusstraat,6,8521 LM,SINT NICOLAASGA,1940,DE FRYSKE MARREN,0513431291,primary
Friesland,Christelijke Basisschool Spring!,Veluwelaan,47,8443 AJ,HEERENVEEN,0074,HEERENVEEN,0513631195,primary
Friesland,Christelijke Basisschool De Hoeksteen,Dr G van Schouwenlaan,2,8441 CA,HEERENVEEN,0074,HEERENVEEN,0513624984,primary
Friesland,Christelijke Basisschool de Roerganger,Vogelwijk,21,8446 KC,HEERENVEEN,0074,HEERENVEEN,0513625851,primary
Friesland,Chr Basissch Het Kompas,Kattebos,144-B,8446 DB,HEERENVEEN,0074,HEERENVEEN,0513627022,primary
Friesland,De Burcht,Schoterplein,28,8448 RP,HEERENVEEN,0074,HEERENVEEN,0513419710,primary
Friesland,Christelijke Basisschool De Foareker,Skoallestrjitte,19,8734 GL,EASTEREIN,1900,SUDWEST-FRYSLAN,0515332275,primary
Friesland,Christelijke Basisschool De Reinbôge,Waltaweg,29,8765 LM,TJERKWERD,1900,SUDWEST-FRYSLAN,0515579813,primary
Friesland,Mienskipsskoalle  De Legeaën,Aesgewei,56,8647 SG,SIBRANDABUORREN,1900,SUDWEST-FRYSLAN,0515521700,primary
Friesland,Christelijke Basisschool De Grunslach,Lytse Buorren,27,8842 LJ,WJELSRYP,1949,WAADHOEKE,0517342112,primary
Friesland,Ontmoetingsschool De Oanrin,Sytzamaweg,62,8822 VD,ARUM,1900,SUDWEST-FRYSLAN,0517641310,primary
Friesland,Samenwerkingsschool De Opstekker,De Jister,21,8621 DR,HEEG,1900,SUDWEST-FRYSLAN,0515442636,primary
Friesland,Klaver Fjouwer,Tsjerkemar,8,8614 XD,OUDEGA SUDWEST-FRYSLAN,1900,SUDWEST-FRYSLAN,0515469897,primary
Friesland,Christelijke Basisschool It Fûnemint,Walperterwei,14,8731 CD,WOMMELS,1900,SUDWEST-FRYSLAN,0515331921,primary
Friesland,Christelijke Basisschool Paadwizer,Waubertstrjitte,18,8763 MS,PARREGA,1900,SUDWEST-FRYSLAN,0515579622,primary
Friesland,Christelijke Basisschool It Harspit,P.Walmastrjitte,8,8625 HE,OPPENHUIZEN,1900,SUDWEST-FRYSLAN,0515559688,primary
Friesland,Protestants Christelijke Basisschool De Earste Trimen,H.Pollemastrjitte,2,8771 RT,NIJLAND,1900,SUDWEST-FRYSLAN,0515569678,primary
Friesland,Christelijke Basisschool De Bonkelder,De Tsjasker,2,8748 DW,WITMARSUM,1900,SUDWEST-FRYSLAN,0517531919,primary
Friesland,Christelijke Basisschool Op 'e Hichte,De Terp,4,8629 RA,SCHARNEGOUTUM,1900,SUDWEST-FRYSLAN,0515415989,primary
Friesland,Van Haersma Buma School,De Hoep,45,8622 XM,HOMMERTS,1900,SUDWEST-FRYSLAN,0515442900,primary
Friesland,Christelijke Basisschool De Ark,Ds L Touwenlaan,44-A,8754 BT,MAKKUM,1900,SUDWEST-FRYSLAN,0515231561,primary
Friesland,De Twine,Wilhelminastraat,3,8651 AC,IJLST,1900,SUDWEST-FRYSLAN,0515532300,primary
Friesland,Christelijke Basisschool De Bron,De Blink,1,8701 LV,BOLSWARD,1900,SUDWEST-FRYSLAN,0515572053,primary
Friesland,IKC Juliana,Bloemstraat,15,8603 XV,SNEEK,1900,SUDWEST-FRYSLAN,0515412219,primary
Friesland,IKC Johannes Post,Jancko Douwamastraat,35,8602 BK,SNEEK,1900,SUDWEST-FRYSLAN,0515415183,primary
Friesland,Basisschool Simon Havinga,Griend,20,8604 AS,SNEEK,1900,SUDWEST-FRYSLAN,0515416387,primary
Friesland,Christelijke Basisschool De Vuurvlinder,Keizersmantel,1,8607 GM,SNEEK,1900,SUDWEST-FRYSLAN,0515411424,primary
Friesland,Basisschool Oranje Nassau - school met de Bijbel,Linthorst Homanloane,5,9288 BA,KOOTSTERTILLE,0059,ACHTKARSPELEN,0512331870,primary
Friesland,Basisschool De Verbinding - school met de Bijbel,Foareker,54,9247 AC,URETERP,0086,OPSTERLAND,0512301937,primary
Friesland,Basisschool De Princenhof - school met de Bijbel,Prinsessenweg,2,8931 EG,LEEUWARDEN,0080,LEEUWARDEN,0582884466,primary
Friesland,Basisschool De Schakel - school met de Bijbel,Op de Keppels,1-B,9101 DG,DOKKUM,1970,NOARDEAST-FRYSLAN,0519292048,primary
Friesland,Basisschool De Parel - school met de Bijbel,Langewyk,275,9202 CN,DRACHTEN,0090,SMALLINGERLAND,0512237999,primary
Friesland,Basisschool De Fontein - school met de Bijbel,Molenstraat,17-A,9285 PA,BUITENPOST,0059,ACHTKARSPELEN,0511542225,primary
Friesland,IKC De Syl,Monnikebildtdijk,16,9078 VE,OUDEBILDTZIJL,1949,WAADHOEKE,0518421328,primary
Friesland,IKC It Anker,Quaestiusstrjitte,13,9035 EB,DRONRYP,1949,WAADHOEKE,0517232000,primary
Friesland,IKC It iepen Finster,Dorpsstraat,4-B,8806 KT,ACHLUM,1949,WAADHOEKE,0517641424,primary
Friesland,IKC De Korendrager,Botniasteeg,16-A,8801 KJ,FRANEKER,1949,WAADHOEKE,0517390388,primary
Friesland,IKC De Fugelsang,Ds H v E v Heslingastr,1,9041 EG,BERLTSUM,1949,WAADHOEKE,0518461218,primary
Friesland,IKC De Twirre,Tilledyk,11,9047 KG,MINNERTSGA,1949,WAADHOEKE,0518471588,primary
Friesland,IKC Staetlânsskoalle,Smidsreed,6-8,8804 NH,TZUM,1949,WAADHOEKE,0517452219,primary
Friesland,IKC De Swirrel,Greate Buorren,32,9055 MV,BRITSUM,0080,LEEUWARDEN,0582572023,primary
Friesland,IKC Sin en Wille,Greatebuorren,13,9036 ME,MENAAM,1949,WAADHOEKE,0518452000,primary
Friesland,IKC De Skeakel,Skoalstrjitte,14,8855 HL,SEXBIERUM,1949,WAADHOEKE,0517591050,primary
Friesland,IKC Toermalijn,P J Troelstrastraat,24,8802 RD,FRANEKER,1949,WAADHOEKE,0517394630,primary
Friesland,IKC Prins Johan Friso,Grettingalaan,43,8862 ZA,HARLINGEN,0072,HARLINGEN,0517430583,primary
Friesland,IKC Het Baken,J v Oldenbarneveltstr,4,8862 BB,HARLINGEN,0072,HARLINGEN,0517413778,primary
Friesland,IKC De Wachter,Burg Hesselinkstraat,2,9076 EC,ST.-ANNAPAROCHIE,1949,WAADHOEKE,0518402144,primary
Friesland,Stichting de Buitenkans,Fluessen,8,8446 MD,HEERENVEEN,0074,HEERENVEEN,0513745151,primary
Friesland,bms De Triangel,Ds. Oosterhuisstraat,33,9265 LV,SUWALD,0737,TYTSJERKSTERADIEL,0511431229,primary
Friesland,Christelijke Basisschool De Winde,Van Weerden Poelmanstr,2-B,9254 CS,HURDEGARYP,0737,TYTSJERKSTERADIEL,0511473493,primary
Friesland,Basisskoalle de Twirre,De Kjellingen,15,9261 ZH,EASTERMAR,0737,TYTSJERKSTERADIEL,0512471419,primary
Friesland,Bernemienskip de Greide,Fjildwei,6,9258 CL,JISTRUM,0737,TYTSJERKSTERADIEL,0512471606,primary
Friesland,Basisskoalle De Klimstien,Marijkepaed,2,9257 VC,NOARDBURGUM,0737,TYTSJERKSTERADIEL,0511472347,primary
Friesland,It Bynt,Knilles Wytseswei,11,9262 NG,SUMAR,0737,TYTSJERKSTERADIEL,0511469262,primary
Friesland,Christelijke Basisschool De Reinbôge,Iikmounewei,61,9251 EW,BURGUM,0737,TYTSJERKSTERADIEL,0511461791,primary
Friesland,Christelijke Basisschool De Wrâldpoarte,Master Lubwei,2,9263 PG,GARYP,0737,TYTSJERKSTERADIEL,0511521498,primary
Friesland,Christelijke Basisschool De Arke,H.W. van Glinstrastraat,8,9251 CL,BURGUM,0737,TYTSJERKSTERADIEL,0511462715,primary
Friesland,Ichthusschool,Simke Kloostermanstr,44,9061 BG,GYTSJERK,0737,TYTSJERKSTERADIEL,0582562474,primary
Friesland,Paadwizer,Van Haersmasingel,4,9062 GB,OENTSJERK,0737,TYTSJERKSTERADIEL,0582561808,primary
Friesland,Christelijke Basisschool Alpha,Heermawei,5,9256 HR,RYPTSJERK,0737,TYTSJERKSTERADIEL,0511432100,primary
Friesland,Eben Haezer,Engwerd,1,9202 AN,DRACHTEN,0090,SMALLINGERLAND,0512511333,primary
Friesland,Christelijke Nationale School,Foarwei,39,9113 PB,WALTERSWALD,1891,DANTUMADIEL,0511421654,primary
Friesland,De Tarissing,Ds. van Velzenstrjitte,17,9289 JB,DROGEHAM,0059,ACHTKARSPELEN,0512331940,primary
Friesland,CBS de Oanrin,Piterpolle,29,9286 EM,TWIJZEL,0059,ACHTKARSPELEN,0511541046,primary
Friesland,Chr Basissch Merlettes,Goudtsjeblom-strjitte,22,9288 AM,KOOTSTERTILLE,0059,ACHTKARSPELEN,0512331951,primary
Friesland,KBS De Balkespringer,Lustenburg,15,9283 TJ,SURHUIZUM,0059,ACHTKARSPELEN,0512351900,primary
Friesland,Dorpsschool De Twa-ikker,W Barteles vd Kooiwei,2,9284 TJ,AUGUSTINUSGA,0059,ACHTKARSPELEN,0512351718,primary
Friesland,Christelijke Basisschool De Claercamp,Voorhof,2,9873 TK,GERKESKLOOSTER,0059,ACHTKARSPELEN,0512351038,primary
Friesland,Christelijke Basisschool De Reinboge,Skoalstrjitte,1,9287 LV,TWIJZELERHEIDE,0059,ACHTKARSPELEN,0511441307,primary
Friesland,Christelijke Basisschool De Wijnroas,Ikeloane,10,9281 RB,HARKEMA,0059,ACHTKARSPELEN,0512361711,primary
Friesland,Christelyke Basisschool De Lichtbron,Johan Frisostraat,2,9285 TS,BUITENPOST,0059,ACHTKARSPELEN,0511542385,primary
Friesland,Christelijke Basisschool de Hoekstien,Badlaan,39,9231 AZ,SURHUISTERVEEN,0059,ACHTKARSPELEN,0512361900,primary
Friesland,Christelijke Basisschool De Bernebrege,De Merel,12-14,9231 JJ,SURHUISTERVEEN,0059,ACHTKARSPELEN,0512362800,primary
Friesland,Christelijke Basisschool Koningin Wilhelmina,De Hagen,15,9161 BX,HOLLUM,0060,AMELAND,0519554500,primary
Friesland,Openbare Basisschool De Schakel,Schoolstraat,5,9161 BE,HOLLUM,0060,AMELAND,0519554361,primary
Friesland,Openbare Basisschool ‘t Ienster,Camminghastraat,11,9162 EK,BALLUM,0060,AMELAND,0519554292,primary
Friesland,Michaelschool Leeuwarden,Hercules Seghersstraat,3,8932 DG,LEEUWARDEN,0080,LEEUWARDEN,0582127740,primary
Friesland,Christelijke Basisschool De Opdracht,Foareker,21-23,9247 AA,URETERP,0086,OPSTERLAND,0512301771,primary
Friesland,Christelijke Basisschool De Eker,Burmaniastrjitte,1-A,9133 MV,EANJUM,1970,NOARDEAST-FRYSLAN,0519321387,primary
Friesland,Christelijke Basisschool Rehoboth,De Kolk,1,9249 MC,FRIESCHEPALEN,0086,OPSTERLAND,0512302600,primary
Friesland,CBS De Bining,Gietersewei,4,9245 HK,NIJ BEETS,0086,OPSTERLAND,0512461600,primary
Friesland,Christelijke Basisschool De Librije,Wabbe Wissesstrjitte,15,8401 RE,GORREDIJK,0086,OPSTERLAND,0513466448,primary
Gelderland,Joppeschool,Joppelaan,73-A,7215 AD,JOPPE,0262,LOCHEM,0575494269,primary
Gelderland,Ds A V Stuyvenbergschool,Westerlaan,63,8071 EB,NUNSPEET,0302,NUNSPEET,0341253477,primary
Gelderland,Ds C De Ridderschool,Jan van Vuurenstraat,15,8072 ZJ,NUNSPEET,0302,NUNSPEET,0341256828,primary
Gelderland,Christelijke basisschool De Spoorzoeker,Cotoneasterstraat,19,8091 TT,WEZEP,0269,OLDEBROEK,0383763535,primary
Gelderland,Rehobothschool,Schoonbeekhof,53,3774 DA,KOOTWIJKERBROEK,0203,BARNEVELD,0342441556,primary
Gelderland,De Ceder,Eeckelhagen,37,8071 ZR,NUNSPEET,0302,NUNSPEET,0341253637,primary
Gelderland,Petraschool,Troelstrastraat,39,8072 AL,NUNSPEET,0302,NUNSPEET,0341253667,primary
Gelderland,Basisschool De Morgenster,Frans Huismansstraat,20,8072 HH,NUNSPEET,0302,NUNSPEET,0341251221,primary
Gelderland,De Bron,Koningin Julianastraat,25,8071 LL,NUNSPEET,0302,NUNSPEET,0341254769,primary
Gelderland,Christelijke Basisschool Eben Haezer,Lindelaan,15,4043 MA,OPHEUSDEN,1740,NEDER-BETUWE,0488441457,primary
Gelderland,Rehoboth,Patrijsstraat,1-A,4043 MP,OPHEUSDEN,1740,NEDER-BETUWE,0488443009,primary
Gelderland,Sebaschool,Het Katsland,4,4051 KA,OCHTEN,1740,NEDER-BETUWE,0344644601,primary
Gelderland,Basisschool De Bornput,Tollenhof,1,4041 BH,KESTEREN,1740,NEDER-BETUWE,0488745425,primary
Gelderland,Sint Jozef Basisschool,Past C M v Everdingenstr,24,7165 AK,RIETMOLEN,1859,BERKELLAND,0545221048,primary
Gelderland,Bs De Sterrenboog,Mariaplein,8,7156 MG,BELTRUM,1859,BERKELLAND,0544481543,primary
Gelderland,Dr. Ariëns Daltonschool,Rutgerinkdijk,3,7161 EW,NEEDE,1859,BERKELLAND,0545295550,primary
Gelderland,Basisschool Kardinaal Alfrink,Koordsteeg,11,7161 WP,NEEDE,1859,BERKELLAND,0545292686,primary
Gelderland,Speulderbrink School met de Bijbel,Garderenseweg,205,3852 NH,ERMELO,0233,ERMELO,0577407219,primary
Gelderland,Vrije school De Zonnewende,Valckstraat,30,7203 GC,ZUTPHEN,0301,ZUTPHEN,0575516380,primary
Gelderland,Vrije School De Berkel,Henri Dunantweg,4,7201 EV,ZUTPHEN,0301,ZUTPHEN,0575524011,primary
Gelderland,Montessorischool Dukenburg,Malvert,7373,6538 DJ,NIJMEGEN,0268,NIJMEGEN,0243449520,primary
Gelderland,Basisschool Aquamarijn,Biezendwarsstraat,31-A,6541 ZE,NIJMEGEN,0268,NIJMEGEN,0243733464,primary
Gelderland,Basisschool De Spil,Weezenhof,4002,6536 DB,NIJMEGEN,0268,NIJMEGEN,0243441854,primary
Gelderland,Nutsschool Lankforst,Lankforst,2348,6538 GN,NIJMEGEN,0268,NIJMEGEN,0623482301,primary
Gelderland,Basisschool De Luithorst,De Gildekamp,6010,6545 LX,NIJMEGEN,0268,NIJMEGEN,0243734188,primary
Gelderland,PC Basissch Pr Maurits,Zwanenveld,2524,6538 NK,NIJMEGEN,0268,NIJMEGEN,0243442331,primary
Gelderland,Basisschool Michiel de Ruyter,Tweede Oude Heselaan,384,6542 VJ,NIJMEGEN,0268,NIJMEGEN,0243770155,primary
Gelderland,De Lindenhoeve,Zellersacker,1104,6546 HC,NIJMEGEN,0268,NIJMEGEN,0243734509,primary
Gelderland,Basissch de Zonnewende,Berberisstraat,4,6543 RN,NIJMEGEN,0268,NIJMEGEN,0243734132,primary
Gelderland,De Dukendonck,Tolhuis,4355,6537 PR,NIJMEGEN,0268,NIJMEGEN,0243443613,primary
Gelderland,Basisschool Montessori Lindenholt,Leuvensbroek,2004,6546 XN,NIJMEGEN,0268,NIJMEGEN,0243774367,primary
Gelderland,Basisschool de Buut,Hugo de Grootstraat,41,6522 DD,NIJMEGEN,0268,NIJMEGEN,0243230220,primary
Gelderland,Basisschool de Lanteerne,Henry Dunantstraat,8,6543 KR,NIJMEGEN,0268,NIJMEGEN,0243734191,primary
Gelderland,De Wingerd,Leuvensbroek,2010,6546 XN,NIJMEGEN,0268,NIJMEGEN,0243734182,primary
Gelderland,Basisschool de Aldenhove,Aldenhof,6001,6537 DG,NIJMEGEN,0268,NIJMEGEN,0243442425,primary
Gelderland,Basisschool De Klumpert,Zijpendaalstraat,1,6535 PS,NIJMEGEN,0268,NIJMEGEN,0243540390,primary
Gelderland,Basisschool Vossenburcht,Dr. Kuyperstraat,2,6535 TK,NIJMEGEN,0268,NIJMEGEN,0243566379,primary
Gelderland,Nijmeegse Scholen Vereniging2,Lamastraat,67,6531 PP,NIJMEGEN,0268,NIJMEGEN,0243551717,primary
Gelderland,De Tovercirkel,Zwerfkei,59,6581 HN,MALDEN,0252,HEUMEN,0243572845,primary
Gelderland,De Vuurvogel,Schoolstraat,23-A,6581 BG,MALDEN,0252,HEUMEN,0243580955,primary
Gelderland,OBS De Muze,Limoslaan,25,6523 RZ,NIJMEGEN,0268,NIJMEGEN,0243225545,primary
Gelderland,Basisschool De Oversteek,Pijlpuntstraat,1,6515 DJ,NIJMEGEN,0268,NIJMEGEN,0243489955,primary
Gelderland,Rooms Katholieke Basisschool Het Talent,Queenstraat,37-B,6663 HA,LENT,0268,NIJMEGEN,0243604332,primary
Gelderland,de Verwondering,Georges Brassensstraat,61,6663 MH,LENT,0268,NIJMEGEN,0657599674,primary
Gelderland,Basisschool De Uitdaging,Dick Brunastraat,1,6515 ZZ,NIJMEGEN,0268,NIJMEGEN,0247503380,primary
Gelderland,Basisschool de Verbinding,Steltsestraat,50,6663 BS,LENT,0268,NIJMEGEN,0243736363,primary
Gelderland,Reformatorisch Basisschool Augustinus,De la Reystraat,38,3851 BH,ERMELO,0233,ERMELO,0341556179,primary
Gelderland,Kon Wilhelminaschool,Van den Berglaan,12,3781 GG,VOORTHUIZEN,0203,BARNEVELD,0342473052,primary
Gelderland,De Wheemschool,Frans Halsstraat,111,3781 EV,VOORTHUIZEN,0203,BARNEVELD,0342471642,primary
Gelderland,Basisschool De Wijngaard,Grevengoedlaan,109,7009 DZ,DOETINCHEM,0222,DOETINCHEM,0314323135,primary
Gelderland,Basisschool De Overlaat,'t Laantje,2,6916 CD,TOLKAMER,0299,ZEVENAAR,0316541415,primary
Gelderland,Islamitische Basisschool Ibn-I Sina,Kinderkamp,5-A,6825 JA,ARNHEM,0202,ARNHEM,0264428599,primary
Gelderland,"Basisschool Hidaya, school op islamitische grondslag",Heiweg,99,6533 PA,NIJMEGEN,0268,NIJMEGEN,0243606527,primary
Gelderland,De Roos,Gijsbrechtgaarde,110,7329 CA,APELDOORN,0200,APELDOORN,0553035840,primary
Gelderland,Basisschool de Wittenberg,Hovenierslaan,17,3925 BW,SCHERPENZEEL GLD,0279,SCHERPENZEEL,0332778426,primary
Gelderland,C N S De Triangel,Kerkhoflaan,29,6741 BN,LUNTEREN,0228,EDE,0318487271,primary
Gelderland,Rooms Katholieke Basisschool St Jozef,Dolderstraat,58,6706 JG,WAGENINGEN,0289,WAGENINGEN,0317412024,primary
Gelderland,Basisschool Sint Alexander,Acacialaan,32-A,6721 CP,BENNEKOM,0228,EDE,0318430340,primary
Gelderland,De Keijenberg,Hogenkampseweg,43,6871 JK,RENKUM,0274,RENKUM,0317313178,primary
Gelderland,Antonius Basissch,Achterdorpstraat,3,3772 CC,BARNEVELD,0203,BARNEVELD,0342412932,primary
Gelderland,Kardinaal Alfrink-School,Tarthorst,292,6708 JH,WAGENINGEN,0289,WAGENINGEN,0317414749,primary
Gelderland,Koning Davidschool,Ceelman van Ommerenweg,5,6711 JD,EDE,0228,EDE,0318616098,primary
Gelderland,Franciscusschool,Mesdagstraat,5,6717 SE,EDE,0228,EDE,0318646661,primary
Gelderland,Basisschool Groene Vallei,Groenendaal,7-9,6715 BA,EDE,0228,EDE,0318636984,primary
Gelderland,Rooms Katholieke Basisschool de Panta Rhei,Palmedreef,4,6716 HB,EDE,0228,EDE,0318625365,primary
Gelderland,Basisschool van de Edese Schoolvereniging,Zuidelijke Spoorstraat,8,6711 NN,EDE,0228,EDE,0318615959,primary
Gelderland,School Met De Bijbel,Rijnsteeg,5,6721 NP,BENNEKOM,0228,EDE,0318430203,primary
Gelderland,Dorpsschool Halle,Dorpsstraat,84,7025 AG,HALLE,1876,BRONCKHORST,0314631547,primary
Gelderland,Calvijnschool,Schoolstraat,9,6744 WS,EDERVEEN,0228,EDE,0318571482,primary
Gelderland,Goede Herderschool voor Basisonderwijs,Zeeweg,98,3853 LN,ERMELO,0233,ERMELO,0341552312,primary
Gelderland,Basisschool Rehoboth,Het Drie,21-23,3888 KD,UDDEL,0200,APELDOORN,0577401424,primary
Gelderland,School met de Bijbel,Houtweg,24,8167 PL,OENE,0232,EPE,0578641228,primary
Gelderland,De Baptist,Hoppenhofstraat,14,6634 AL,BATENBURG,0296,WIJCHEN,0487541386,primary
Gelderland,Kindcentrum Westwijzer,Blauwe Hof,4003,6602 WT,WIJCHEN,0296,WIJCHEN,0246416780,primary
Gelderland,Roncalli,Boomsestraat,4,6613 AH,BALGOIJ,0296,WIJCHEN,0246413382,primary
Gelderland,Wingerd,Dorpsstraat,51,6617 AC,BERGHAREN,0296,WIJCHEN,0487531488,primary
Gelderland,Jenaplanschool de Buizerd,Buizerdstraat,235,6601 AT,WIJCHEN,0296,WIJCHEN,0246413337,primary
Gelderland,Paulusschool,Roerdompstraat,76,6601 DL,WIJCHEN,0296,WIJCHEN,0246452881,primary
Gelderland,De Viersprong,Lijsterbesstraat,2,6602 GM,WIJCHEN,0296,WIJCHEN,0246450901,primary
Gelderland,Antoniusschool,Heumenseweg,46,6603 CZ,WIJCHEN,0296,WIJCHEN,0246453319,primary
Gelderland,Paschalisschool,Suikerbergseweg,2,6604 AE,WIJCHEN,0296,WIJCHEN,0243661209,primary
Gelderland,Daltonschool Sint Jozef,Kerkstraat,9,6606 AJ,NIFTRIK,0296,WIJCHEN,0486413841,primary
Gelderland,Heilig Hartschool,Loffertweg,14,6616 AV,HERNEN,0296,WIJCHEN,0487531512,primary
Gelderland,Het Zuiderpad,Oudelaan,2102,6605 SG,WIJCHEN,0296,WIJCHEN,0246452829,primary
Gelderland,De Trinoom,Diemewei,4505,6605 XH,WIJCHEN,0296,WIJCHEN,0246456608,primary
Gelderland,De Bonte Boomhut,Blauwe Hof,4006,6602 WX,WIJCHEN,0296,WIJCHEN, ,primary
Gelderland,Basisschool Laetare,Schoolstraat,2,7035 AR,KILDER,1955,MONTFERLAND,0314681943,primary
Gelderland,School Met De Bijbel De Zaaier,Molenweg,69,6732 BJ,HARSKAMP,0228,EDE,0318456295,primary
Gelderland,Hervormde Basisschool Mattanja,Oude Harderwijkerweg,50,8085 PH,DOORNSPIJK,0230,ELBURG,0525682231,primary
Gelderland,Ds. Baxschool,Oude Kerkweg,75,8085 AM,DOORNSPIJK,0230,ELBURG,0525661294,primary
Gelderland,Onderwijsgemeenschap de Hoeve,Veenslagenweg,17,3871 NA,HOEVELAKEN,0267,NIJKERK,0332536093,primary
Gelderland,Stichting Montessorischool Montijn,Koningstraat,5-K,6641 KS,BEUNINGEN GLD,0209,BEUNINGEN,0246751536,primary
Gelderland,Eben Haezerschool,Schoutenstraat,109,3771 CH,BARNEVELD,0203,BARNEVELD,0342414923,primary
Gelderland,RS 6,Rijnstraat,74,4191 CM,GELDERMALSEN,1960,WEST BETUWE,0345572651,primary
Gelderland,RS 7,Rijnstraat,74,4191 CM,GELDERMALSEN,1960,WEST BETUWE,0345572651,primary
Gelderland,RSK1l de Wielewaal,Rijnstraat,74,4191 CM,GELDERMALSEN,1960,WEST BETUWE,0345572651,primary
Gelderland,RSK2 de Flierefluiter,Rijnstraat,74,4191 CM,GELDERMALSEN,1960,WEST BETUWE,0345572651,primary
Gelderland,RS9 de Trapeze,Rijnstraat,74,4191 CM,GELDERMALSEN,1960,WEST BETUWE,0345572651,primary
Gelderland,RSK3 de Karekiet,Rijnstraat,74,4191 CM,GELDERMALSEN,1960,WEST BETUWE,0345572651,primary
Gelderland,RS 1,Rijnstraat,74,4191 CM,GELDERMALSEN,1960,WEST BETUWE,0345572651,primary
Gelderland,RS 2,Rijnstraat,74,4191 CM,GELDERMALSEN,1960,WEST BETUWE,0345572651,primary
Gelderland,RS 10,Rijnstraat,74,4191 CM,GELDERMALSEN,1960,WEST BETUWE,0345572651,primary
Gelderland,RS 11,Rijnstraat,74,4191 CM,GELDERMALSEN,1960,WEST BETUWE,0345572651,primary
Gelderland,Rijdende Minischolen,Rijnstraat,74,4191 CM,GELDERMALSEN,1960,WEST BETUWE,0345572651,primary
Gelderland,De Garve,Dorpsstraat,19,7234 SM,WICHMOND,1876,BRONCKHORST,0575441473,primary
Gelderland,Basisschool Kunst Rijk,Kazerneplein,2,6822 ET,ARNHEM,0202,ARNHEM,0264431438,primary
Gelderland,Basisschool Sint Mauritius,Haverweg,16,6991 BS,RHEDEN,0275,RHEDEN,0264951804,primary
Gelderland,Basisschool De Vlinder,Admiraal Helfrichlaan,15,6952 GA,DIEREN,0275,RHEDEN,0313415838,primary
Gelderland,Christelijke Basisschool De Wijzer,Dalweg,40,6821 JP,ARNHEM,0202,ARNHEM,0264425870,primary
Gelderland,Basisschool St Paulus,Valckenierstraat,5,6828 RM,ARNHEM,0202,ARNHEM,0264435004,primary
Gelderland,Basisschool St Ludgerus,Meddoseweg,21,7142 HA,GROENLO,1586,OOST GELRE,0544461044,primary
Gelderland,Rooms Katholieke Basisschool Het Simmelink,Ketterinksteeg,2-B,7152 BG,EIBERGEN,1859,BERKELLAND,0545473996,primary
Gelderland,Basisschool Ni Je Veste,Buitenschans,7,7141 EK,GROENLO,1586,OOST GELRE,0544462332,primary
Gelderland,Basisschool St Willibrordus,Karel Doormanstraat,66,7141 WH,GROENLO,1586,OOST GELRE,0544462538,primary
Gelderland,Basisschool `t Carillon,Wheme,30,7141 BV,GROENLO,1586,OOST GELRE,0544461961,primary
Gelderland,Christelijke Basisschool de Paasberg,Paasberg,14,6862 CC,OOSTERBEEK,0274,RENKUM,0263332693,primary
Gelderland,Roncallischool,Korte Wal,6,6882 GZ,VELP GLD,0275,RHEDEN,0263618882,primary
Gelderland,Rooms Katholieke Basisschool de Laarhorst,Venlosingel,220,6845 JE,ARNHEM,0202,ARNHEM,0263830665,primary
Gelderland,Sint Fredericusschool,Emmastraat,22,6881 SV,VELP GLD,0275,RHEDEN,0263619197,primary
Gelderland,Rooms Katholieke Basisschool de Laarakker,Brabantweg,105,6844 GA,ARNHEM,0202,ARNHEM,0263830664,primary
Gelderland,Rooms Katholieke Basisschool De Kringloop,Breezandpad,7,6843 JM,ARNHEM,0202,ARNHEM,0263830651,primary
Gelderland,Rooms Katholieke Basisschool De Ommelander,Slochterenweg,27,6835 CD,ARNHEM,0202,ARNHEM,0263272392,primary
Gelderland,Rooms Katolieke Basisschool St Margaretha,Graslaan,97-B,6833 CE,ARNHEM,0202,ARNHEM,0263216670,primary
Gelderland,Rooms Katholike Basisschool Pastoor van Ars,Lupinestraat,12,6841 GD,ARNHEM,0202,ARNHEM,0263216650,primary
Gelderland,Rooms Katholieke Basisschool St Jozef,Rijksweg-West,29,6842 BA,ARNHEM,0202,ARNHEM,0263830661,primary
Gelderland,Basisschool Pieter de Jong,Pythagorasstraat,3,6836 GA,ARNHEM,0202,ARNHEM,0263272400,primary
Gelderland,De Arabesk,Meikers,3,6846 HR,ARNHEM,0202,ARNHEM,0263831230,primary
Gelderland,De Gazelle,Pallas Atheneplein,2,6846 XA,ARNHEM,0202,ARNHEM,0263831319,primary
Gelderland,Christelijke Basisschool De Holtbanck,Arnhemseweg,30,6991 DP,RHEDEN,0275,RHEDEN,0264951846,primary
Gelderland,De Akker,Admiraal Helfrichlaan,13-E,6952 GA,DIEREN,0275,RHEDEN,0313415253,primary
Gelderland,Protestants Christelijke Basisschool de Boomgaard,Essenhof,2,6951 NS,DIEREN,0275,RHEDEN,0313422884,primary
Gelderland,Prins Bernhardschool,Reigerstraat,4,6883 ES,VELP GLD,0275,RHEDEN,0263621158,primary
Gelderland,De Arnhorst,Dillenburglaan,11,6881 NV,VELP GLD,0275,RHEDEN,0263620376,primary
Gelderland,Christelijke Basisschool Prins Willem Alexander,Uddelsekampweg,1,3888 LV,UDDEL,0200,APELDOORN,0577401413,primary
Gelderland,BmdB Ichthus,Van Oldenbarneveltstraat,70,3882 CG,PUTTEN,0273,PUTTEN,0341354541,primary
Gelderland,Basisschool met de Bijbel Diermen,Nijkerkerstraat,97,3882 PE,PUTTEN,0273,PUTTEN,0332451982,primary
Gelderland,Basisschool met de Bijbel De Fontein,Papiermakerstraat,18,3881 BL,PUTTEN,0273,PUTTEN,0341353686,primary
Gelderland,Basisschool met de Bijbel De Akker,Bilderdijkstraat,49,3881 WB,PUTTEN,0273,PUTTEN,0341353541,primary
Gelderland,Basisschool met de Bijbel Huinen,Huinerschoolweg,5,3882 TJ,PUTTEN,0273,PUTTEN,0341491221,primary
Gelderland,Basisschool met de Bijbel De Steenenkamer,Waterweg,32,3882 RC,PUTTEN,0273,PUTTEN,0341356487,primary
Gelderland,Basisschool met de Bijbel de Schuilplaats,Verzetslaan,17,3882 HH,PUTTEN,0273,PUTTEN,0341353031,primary
Gelderland,School met de Bijbel,Dorpsplein,8,6733 AV,WEKEROM,0228,EDE,0318461550,primary
Gelderland,Sint Andreasschool,Spoorstraat,22,8051 MZ,HATTEM,0244,HATTEM,0384442182,primary
Gelderland,Rooms Katholieke Prins Willem Alexander-School voor Basisonderwijs,Pretoriusstraat,1,3851 ZK,ERMELO,0233,ERMELO,0341551159,primary
Gelderland,De Uilenhorst katholieke brede school,Noordsingel,72,8091 WD,WEZEP,0269,OLDEBROEK,0383761963,primary
Gelderland,Gereformeerde Basisschool De Bron,Dr. Kuyperlaan,10,3771 CS,BARNEVELD,0203,BARNEVELD,0342493280,primary
Gelderland,Gereformeerde Basisschool 't Schrijvertje,Gentiaanstraat,594,7322 CL,APELDOORN,0200,APELDOORN,0553601690,primary
Gelderland,Christelijk Kindcentrum Gulden Bodem,Zijpendaalseweg,163,6814 CJ,ARNHEM,0202,ARNHEM,0264423329,primary
Gelderland,Bijbelgetrouw KindCentrum de Bongerd (Geref. Onderw. & Chr. kinderopvang),Bongerdspad,2,7201 NV,ZUTPHEN,0301,ZUTPHEN,0575515457,primary
Gelderland,De Olijfboom,Kamillemeen,5,3844 HZ,HARDERWIJK,0243,HARDERWIJK,0341416812,primary
Gelderland,Gereformeerde Basisschool De Open Kring,Dennenlaan,31,3862 HN,NIJKERK,0267,NIJKERK,0332461316,primary
Gelderland,Gereformeerde Basisschool De Triangel,Tollenburg,15,6714 EJ,EDE,0228,EDE,0318645110,primary
Gelderland,Agnietenschool,Hoekwant,45,8081 NB,ELBURG,0230,ELBURG,0525684400,primary
Gelderland,Kbs Daltonschool Jeanne d'Arc,Blerckweg,5,8084 EX,'T HARDE,0230,ELBURG,0525651557,primary
Gelderland,Gabrielschool Jenaplan,Kelnarijstraat,40,3881 CC,PUTTEN,0273,PUTTEN,0341351959,primary
Gelderland,Rooms Katholieke Basisschool St Franciscus,Berenbosweg,25,8071 DX,NUNSPEET,0302,NUNSPEET,0341252261,primary
Gelderland,Basisschool Alfons Ariens,Kamillemeen,1,3844 HZ,HARDERWIJK,0243,HARDERWIJK,0341416758,primary
Gelderland,Basisschool Dominicus Savio,Vondellaan,28,3842 EH,HARDERWIJK,0243,HARDERWIJK,0341412603,primary
Gelderland,KBS Wolderweide,Biezenplein,4,3845 KA,HARDERWIJK,0243,HARDERWIJK,0341701110,primary
Gelderland,Het Loo,Cosmeastraat,2,7021 XW,ZELHEM,1876,BRONCKHORST,0314621696,primary
Gelderland,IKC Succesbos,Wolfersveenweg,3,7021 HH,ZELHEM,1876,BRONCKHORST,0314623028,primary
Gelderland,Chr Basisschool Arcade,Het Horseler,1,7232 GA,WARNSVELD,0301,ZUTPHEN,0575528011,primary
Gelderland,Protestants Christelijke BasisschoolDe Meene,Frans Halsstraat,25,7021 DL,ZELHEM,1876,BRONCKHORST,0314622002,primary
Gelderland,De Bargeweide,Bargeweg,3,7211 DC,EEFDE,0262,LOCHEM,0575540881,primary
Gelderland,CBS WonderWijs,Beatrixlaan,27,7261 XW,RUURLO,1859,BERKELLAND,0573451254,primary
Gelderland,Protestants Christelijke Basisschool De Rank,Russerweg,23,7227 DC,TOLDIJK,1876,BRONCKHORST,0575451359,primary
Gelderland,Christelijke Jenaplanschool Pierson,Rozenstraat,14-A,7255 XT,HENGELO GLD,1876,BRONCKHORST,0575461528,primary
Gelderland,IKC Het Zuiderlicht,Het Zwanevlot,318,7206 CS,ZUTPHEN,0301,ZUTPHEN,0575570365,primary
Gelderland,Christelijke Basisschool de Haven,Ds van Dijkweg,49,7001 CT,DOETINCHEM,0222,DOETINCHEM,0314364709,primary
Gelderland,'t Prisma,Willy Brandtplein,4,7007 LA,DOETINCHEM,0222,DOETINCHEM,0314365388,primary
Gelderland,De Zonneboom,Zonneplein,4,7004 EL,DOETINCHEM,0222,DOETINCHEM,0314325731,primary
Gelderland,Basisschool De Pollenhof,Kasteellaan,2,5321 GL,HEDEL,0263,MAASDRIEL,0735991300,primary
Gelderland,Rooms Katholieke Basisschool Deken Wehmeijer,Voorstraat,126,5334 JW,VELDDRIEL,0263,MAASDRIEL,0418631374,primary
Gelderland,Franciscus-School voor Basisonderwijs,Aakstraat,6,5301 TP,ZALTBOMMEL,0297,ZALTBOMMEL,0418512135,primary
Gelderland,Basisschool De Hoeksteen Christelijk Onderwijs,Dreef,6,5325 XD,WELL GLD,0263,MAASDRIEL,0735949771,primary
Gelderland,RK Basissch De Schakel,'t Bussche Kempke,2,5324 AC,AMMERZODEN,0263,MAASDRIEL,0735997179,primary
Gelderland,Rooms Katholieke Basisschool Monseigneur Zwijsen,Ipperakkeren,13,5331 XL,KERKDRIEL,0263,MAASDRIEL,0418637070,primary
Gelderland,Rooms Katholieke Basisschool Odradaschool,Sint Odradastraat,14,5335 LL,ALEM,0263,MAASDRIEL,0418664006,primary
Gelderland,EKC Bloei,Verdilaan,14-A,7002 LN,DOETINCHEM,0222,DOETINCHEM,0314323384,primary
Gelderland,De Rank,Pythagorasstraat,9,6836 GA,ARNHEM,0202,ARNHEM,0263890247,primary
Gelderland,EBS de Rots,Apolstraat,1,6717 BP,EDE,0228,EDE,0318647309,primary
Gelderland,Ebs De Tamboerijn,Distelberg,1,6718 EB,EDE,0228,EDE,0627974483,primary
Gelderland,Basisschool Sint Antonius,Jeugdlaan,4,4153 BE,BEESD,1960,WEST BETUWE,0345681365,primary
Gelderland,Rooms Katholieke Augustinus-School,Johanna Naberpad,1,4105 EA,CULEMBORG,0216,CULEMBORG,0345530506,primary
Gelderland,Rooms Katholieke Josefschool,St. Janskerkstraat,10-12,4101 CZ,CULEMBORG,0216,CULEMBORG,0345510799,primary
Gelderland,Rooms Katholieke Basisschool De Dagobert,Predikbroedersweg,1,4003 AL,TIEL,0281,TIEL,0344631530,primary
Gelderland,Rooms Katholieke Basisschool De Palster,Hageroos,1,4102 JN,CULEMBORG,0216,CULEMBORG,0345514766,primary
Gelderland,Rotondaschool,Hondsroos,2,4007 TJ,TIEL,0281,TIEL,0344632839,primary
Gelderland,Stefanusschool,Kinkelenburglaan,4,4003 TL,TIEL,0281,TIEL,0344635485,primary
Gelderland,Floriant,Burg Schullstraat,2,4001 VV,TIEL,0281,TIEL,0344627124,primary
Gelderland,De Achtbaan,Meeslaan,23,4005 VP,TIEL,0281,TIEL,0344612410,primary
Gelderland,De Bataaf,Aardbeivlinder,60,4007 HB,TIEL,0281,TIEL,0344655044,primary
Gelderland,Protestants Christelijke School voor Basisonderwijs Rehoboth,Plataanstraat,12,4051 GS,OCHTEN,1740,NEDER-BETUWE,0344641373,primary
Gelderland,Dominee van Lingenschool,Kerkstraat,9,6671 AN,ZETTEN,1734,OVERBETUWE,0488452323,primary
Gelderland,Johannesschool Vrije School Tiel,Priorlaan,3,4003 AP,TIEL,0281,TIEL,0344615313,primary
Gelderland,Vrijeschool De Zwaneridder,Voorburglaan,72,6709 TS,WAGENINGEN,0289,WAGENINGEN,0317412027,primary
Gelderland,Vrijeschool Meander,Celebesstraat,12,6524 KE,NIJMEGEN,0268,NIJMEGEN,0243600356,primary
Gelderland,De Vuurvogel,Nachtegaallaan,49,6713 BW,EDE,0228,EDE,0318615428,primary
Gelderland,Waldorf aan de Waal,Griftdijk,93,6515 AE,NIJMEGEN,0268,NIJMEGEN, ,primary
Gelderland,Het Anker,Vellengastraat,18,3785 LA,ZWARTEBROEK,0203,BARNEVELD,0342461836,primary
Gelderland,Kindcentrum De Vlindertuin,Rochetstraat,4,3781 CZ,VOORTHUIZEN,0203,BARNEVELD,0342472633,primary
Gelderland,De Fontein,Van Schothorststraat,20,3772 AX,BARNEVELD,0203,BARNEVELD,0342415633,primary
Gelderland,Dr W vd Berghschool,Gerard Doustraat,125,3781 EJ,VOORTHUIZEN,0203,BARNEVELD,0342471519,primary
Gelderland,Kindcentrum De Spreng Barneveld,Van Houtenlaan,3,3771 CT,BARNEVELD,0203,BARNEVELD,0342415186,primary
Gelderland,Basisschool De Spreng,Van Dedemlaan,4,3871 TD,HOEVELAKEN,0267,NIJKERK,0332534693,primary
Gelderland,Oranje Nassau Basisschool,Eijkmanplantsoen,3,3861 CW,NIJKERK,0267,NIJKERK,0332451708,primary
Gelderland,De Koningslinde,Larixlaan,86,3862 EV,NIJKERK,0267,NIJKERK,0332453214,primary
Gelderland,Kindcentrum Holk,Galjoen,71-73,3863 EN,NIJKERK,0267,NIJKERK,0332452557,primary
Gelderland,Kindcentrum De IJsvogel,Buizerdlaan,2,3862 KG,NIJKERK,0267,NIJKERK,0332453636,primary
Gelderland,Basisschool met de Bijbel de Branding,Lange Voren,90,3773 AT,BARNEVELD,0203,BARNEVELD,0342424742,primary
Gelderland,Kindcentrum De Vallei,Nederwoudseweg,19-B,3772 TD,BARNEVELD,0203,BARNEVELD,0342421142,primary
Gelderland,Kindcentrum De Branding - Veller,Tusolaan,4,3772 WP,BARNEVELD,0203,BARNEVELD,0342729040,primary
Gelderland,Openbare Basisschool De Wijzer,Heideakkerweg,1,6658 ZZ,BENEDEN-LEEUWEN,0668,WEST MAAS EN WAAL,0487593940,primary
Gelderland,Rooms Katholieke Basisschool t Klosterhufke,Kloosterhof,30,6653 BS,DEEST,0225,DRUTEN,0487512355,primary
Gelderland,Rooms Katholieke Basisschool Marienhof,Schoolstraat,9,6626 AC,ALPHEN GLD,0668,WEST MAAS EN WAAL,0487561569,primary
Gelderland,Basisschool De Ruyter,De Ruyterstraat,1,6551 CH,WEURT,0209,BEUNINGEN,0246771731,primary
Gelderland,Basisschool De Tweestroom,Kerkstraat,27,6628 AB,ALTFORST,0668,WEST MAAS EN WAAL,0487541597,primary
Gelderland,Openbare Basisschool de Appelhof,Postelkamp,2,6652 BE,DRUTEN,0225,DRUTEN,0487513766,primary
Gelderland,Basisschool De Laak,Lakenstraat,35-A,6659 BE,WAMEL,0668,WEST MAAS EN WAAL,0487501504,primary
Gelderland,Rooms Katholieke Basisschool De Wegwijzer,Molenstraat,1,6645 BR,WINSSEN,0209,BEUNINGEN,0487521756,primary
Gelderland,Sint Victorschool,De Gaard,19,6654 BL,AFFERDEN GLD,0225,DRUTEN,0487513503,primary
Gelderland,Rooms Katholieke Basisschool Sint Lambertus,Kampstraat,21-A,6627 AS,MAASBOMMEL,0668,WEST MAAS EN WAAL,0487561454,primary
Gelderland,Rooms Katholieke Basisschool De Octopus,Octopusstraat,2,6631 CA,HORSSEN,0225,DRUTEN,0487541230,primary
Gelderland,Rooms Katholieke Basisschool De Reuzepas,Den Elt,17-C,6644 EA,EWIJK,0209,BEUNINGEN,0487521359,primary
Gelderland,Brede School De Oversteek,Nieuwstraat,10-A,6621 KV,DREUMEL,0668,WEST MAAS EN WAAL,0487571331,primary
Gelderland,Rooms Katholieke Basisschool De Leeuwenkuil,Leliestraat,26,6658 XN,BENEDEN-LEEUWEN,0668,WEST MAAS EN WAAL,0487591701,primary
Gelderland,Basisschool Maria,Pastoor Schoenmakersstr.,7,6657 CB,BOVEN-LEEUWEN,0668,WEST MAAS EN WAAL,0487592076,primary
Gelderland,Basisschool De Vuurvlinder,Zanddonk,2,6641 LT,BEUNINGEN GLD,0209,BEUNINGEN,0246771501,primary
Gelderland,Basisschool De Kubus,Irenestraat,3,6651 XK,DRUTEN,0225,DRUTEN,0487512750,primary
Gelderland,'t Geerke,Kerkstraat,3,6655 AK,PUIFLIJK,0225,DRUTEN,0487512748,primary
Gelderland,Basisschool de Hoeven,Akkersleep,1-3,6641 WR,BEUNINGEN GLD,0209,BEUNINGEN,0246772604,primary
Gelderland,Openbare Basisschool De Peppel,Augustuslaan,22,6642 AB,BEUNINGEN GLD,0209,BEUNINGEN,0246775755,primary
Gelderland,OBS De Dromedaris,Wolfsbossingel,105,6642 CM,BEUNINGEN GLD,0209,BEUNINGEN,0246777428,primary
Gelderland,Dalton Kindcentrum De Wereldweide,Clematisstraat,10,8091 VK,WEZEP,0269,OLDEBROEK,0383761855,primary
Gelderland,Eerste Veluwse Montessorischool,Arthur Brietstraat,40,8072 GZ,NUNSPEET,0302,NUNSPEET,0341253975,primary
Gelderland,Openbare Basisschool De Schovenhorst,Garderenseweg,144-A,3881 NC,PUTTEN,0273,PUTTEN,0341353036,primary
Gelderland,Jan Ligthartschool,Fazantenstraat,7,8191 AJ,WAPENVELD,0246,HEERDE,0384478970,primary
Gelderland,Jenaplanschool Heerde,Beatrixweg,30,8181 LE,HEERDE,0246,HEERDE,0578692854,primary
Gelderland,Horsthoekschool,Oenerweg,7,8181 RE,HEERDE,0246,HEERDE,0578692850,primary
Gelderland,Basisschool De Spreng,Rhijnsburglaan,7-A,8181 XW,HEERDE,0246,HEERDE,0578692177,primary
Gelderland,Basisschool de Cantharel,Amanietlaan,5,3852 ZX,ERMELO,0233,ERMELO,0341553855,primary
Gelderland,De Sprenge Vaassen,Boxhofstede,15,8171 KC,VAASSEN,0232,EPE,0578571555,primary
Gelderland,De Bongerd,Dorpsstraat,16,8167 NL,OENE,0232,EPE,0578641289,primary
Gelderland,OBS Gildeschool,Sint Crusiusweg,12,8161 HG,EPE,0232,EPE,0578612932,primary
Gelderland,Basisschool De Expeditie,Oude Wisselseweg,35,8162 HJ,EPE,0232,EPE,0578612896,primary
Gelderland,Openbare Basisschool Hoge Weerdschool,Wachtelenbergweg,21,8162 XC,EPE,0232,EPE,0578612130,primary
Gelderland,Scola Elburg,Arent toe Boecoplaan,41,8081 VZ,ELBURG,0230,ELBURG,0525682360,primary
Gelderland,Basisschool Het Talent,Krommekamp,115-B,3848 DP,HARDERWIJK,0243,HARDERWIJK,0341427427,primary
Gelderland,De Veste,Houtkamp,37,3841 XC,HARDERWIJK,0243,HARDERWIJK,0341423341,primary
Gelderland,Harderwijkse Montessorischool Het Koraal,Triasplein,7,3845 GC,HARDERWIJK,0243,HARDERWIJK,0341433784,primary
Gelderland,obs De Dorpsschool,Kerkstraat,17-A,7251 BC,VORDEN,1876,BRONCKHORST,0575551360,primary
Gelderland,obs Rozengaardsweide,Rozenstraat,14,7255 XT,HENGELO GLD,1876,BRONCKHORST,0575461510,primary
Gelderland,Openbare Basisschool de Klimtoren,Kerkstraat,87,6996 AG,DREMPT,1876,BRONCKHORST,0313473004,primary
Gelderland,OBS De Woordhof,Keppelseweg,56,6999 AR,HUMMELO,1876,BRONCKHORST,0314381480,primary
Gelderland,Basisschool Jan Ligthart,Talmastraat,1,7021 AT,ZELHEM,1876,BRONCKHORST,0314621655,primary
Gelderland,Basisschool Hagen,Van Gorkomhof,1,7009 CZ,DOETINCHEM,0222,DOETINCHEM,0314390857,primary
Gelderland,Basisschool Hogenkamp,Lohmanlaan,25,7003 DJ,DOETINCHEM,0222,DOETINCHEM,0314391888,primary
Gelderland,Basisschool Canada,Dichterseweg,145,7006 AD,DOETINCHEM,0222,DOETINCHEM,0314325988,primary
Gelderland,Openbare Basisschool Wis en Wierig,Watertapweg,1,7011 BP,GAANDEREN,0222,DOETINCHEM,0315341655,primary
Gelderland,IKC Het Noorderlicht,Bezelhorstweg,117,7002 CC,DOETINCHEM,0222,DOETINCHEM,0314360683,primary
Gelderland,Basisschool de Plattenburg,Lavendelveld,21,7006 SM,DOETINCHEM,0222,DOETINCHEM,0314346667,primary
Gelderland,Basisschool De Horizon,Meipoortwal,1,6981 DD,DOESBURG,0221,DOESBURG,0313472487,primary
Gelderland,Openbare Basisschool De Wetelaar,Zanderskamp,95,6983 CG,DOESBURG,0221,DOESBURG,0313471212,primary
Gelderland,MKC Anne Frank Doesburg,Forsythiastraat,1,6982 BA,DOESBURG,0221,DOESBURG,0313476407,primary
Gelderland,de Mispelbloem,Wolborgenmate,2,7006 DG,DOETINCHEM,0222,DOETINCHEM,0314365052,primary
Gelderland,De Open Poort-School School met de Bijbel,Leerdamseweg,1,4147 BL,ASPEREN,1960,WEST BETUWE,0345615187,primary
Gelderland,Basisschool De Hoeksteen School met de Bijbel,Nieuwe Schoolstraat,1,4211 CR,SPIJK GEM WEST BETUWE,1960,WEST BETUWE,0183563784,primary
Gelderland,School Met De Bijbel De Wegwijzer,Leijenburgplein,2-A,4161 AR,HEUKELUM,1960,WEST BETUWE,0345612297,primary
Gelderland,Christelijke Nationale Basisschool Het Kompas,Esdoornlaan,4,4214 DA,VUREN,1960,WEST BETUWE,0183632237,primary
Gelderland,School Met De Bijbel,Achterweg,35,4171 BA,HERWIJNEN,1960,WEST BETUWE,0418581289,primary
Gelderland,Openbare basisschool K Zwartschool,Schoolstraat,11,7261 GH,RUURLO,1859,BERKELLAND,0573452182,primary
Gelderland,Openbare Basisschool De Driesprong,Batsdijk,23,7261 SN,RUURLO,1859,BERKELLAND,0573452844,primary
Gelderland,Openbare Basisschool Op d'n Esch,Meidoornstraat,36,7151 ZT,EIBERGEN,1859,BERKELLAND,0545472117,primary
Gelderland,Openbare Basisschool Menno ter Braakschool,Koningin Wilhelminastr,44,7151 CP,EIBERGEN,1859,BERKELLAND,0545471279,primary
Gelderland,Openbare Basisschool De Berkel,Den Borgweg,2,7157 BR,REKKEN,1859,BERKELLAND,0545431585,primary
Gelderland,Openbare Basisschool De Voshaar,Wolinkweg,6,7273 SL,HAARLO,1859,BERKELLAND,0545261314,primary
Gelderland,Openbare Basisschool Noord,Heer Rudolfstraat,1,7271 XH,BORCULO,1859,BERKELLAND,0545272219,primary
Gelderland,Openbare Basisschool Kiezel en Kei,'t Hambroek,54,7271 HB,BORCULO,1859,BERKELLAND,0545272450,primary
Gelderland,Openbare Basisschool H.W. Heuvelschool,Kronenburgerstraat,3-A,7271 GD,BORCULO,1859,BERKELLAND,0545272084,primary
Gelderland,Openbare Basisschool De Keikamp,Zonnekamp,13,7274 AX,GEESTEREN GLD,1859,BERKELLAND,0545481585,primary
Gelderland,Openbare Basisschool G.A. van der Lugt,Van Bevervoordestraat,4,7275 AG,GELSELAAR,1859,BERKELLAND,0545481383,primary
Gelderland,Openbare Basisschool De Marke,Bosstraat,10,7161 XZ,NEEDE,1859,BERKELLAND,0545292044,primary
Gelderland,Openbare Basisschool De Hofmaat,Kievitstraat,112,7161 JH,NEEDE,1859,BERKELLAND,0545292090,primary
Gelderland,Ds Derksenschool,Donkerstraat,3,4119 LX,RAVENSWAAIJ,0214,BUREN,0345558497,primary
Gelderland,Basisschool De Hoeksteen,Homoetsestraat,38-A,4021 HH,MAURIK,0214,BUREN,0344691660,primary
Gelderland,Freule van Pallandtschool,Van Pallandtweg,15-A,4182 CB,NEERIJNEN,1960,WEST BETUWE,0418652156,primary
Gelderland,Christelijke Basisschool De Goudenstein,Vredeplein,1,4175 HA,HAAFTEN,1960,WEST BETUWE,0418591661,primary
Gelderland,Christelijke Nationale School De Kievitsheuvel,Korfgraaf,10,4174 GM,HELLOUW,1960,WEST BETUWE,0418581731,primary
Gelderland,CBS Lingelaar,Cingelplein,4,4153 CJ,BEESD,1960,WEST BETUWE,0345681732,primary
Gelderland,De Morgenster,Glorie van Holland,28,4191 DN,GELDERMALSEN,1960,WEST BETUWE,0345571557,primary
Gelderland,Christelijke Basisschool Klingelenburg,Weerklank,10,4176 CE,TUIL,1960,WEST BETUWE,0418591567,primary
Gelderland,De Verwondering,Koningsweg,1-D,4191 HA,GELDERMALSEN,1960,WEST BETUWE,0345573003,primary
Gelderland,Christelijke Basisschool De Leiboom,De Zandkampen,48,5301 WE,ZALTBOMMEL,0297,ZALTBOMMEL,0418513145,primary
Gelderland,Protestants Christelijke Basisschool Prins Willem Alexander,Grotebrugse Grintweg,16,4005 AH,TIEL,0281,TIEL,0344612015,primary
Gelderland,Protestants Christelijke Basisschool Prins Maurits,Hooibeestje,2,4007 HD,TIEL,0281,TIEL,0344634948,primary
Gelderland,Protestants Christelijke Basisschool Prins Claus,Kinkelenburglaan,6,4003 TL,TIEL,0281,TIEL,0344611730,primary
Gelderland,Koningin Beatrixschool,Ridderstraat,10,4101 BK,CULEMBORG,0216,CULEMBORG,0345512542,primary
Gelderland,Basisschool Koning Willem Alexander,Poelslaan,2-A,4102 KN,CULEMBORG,0216,CULEMBORG,0345513663,primary
Gelderland,Protestants Christelijke Basisschool Oranje Nassau,Watermolenpad,1,4105 XA,CULEMBORG,0216,CULEMBORG,0345523777,primary
Gelderland,Dr Lammerts van Buerenschool,H. Piersonstraat,23,6671 CK,ZETTEN,1734,OVERBETUWE,0488451569,primary
Gelderland,Gravin van Rechterenschool,Gentenhof,10,6629 AX,APPELTERN,0668,WEST MAAS EN WAAL,0487541235,primary
Gelderland,Koningin Juliana-School Christelijk Basisonderwijs Heteren,Flessestraat,11,6666 CK,HETEREN,1734,OVERBETUWE,0264722576,primary
Gelderland,Protestants Christelijke Basisschool De Terebint,Stationsstraat,7,6659 BX,WAMEL,0668,WEST MAAS EN WAAL,0487501909,primary
Gelderland,Protestants Christelijke Basisschool De Meeuwenberg,Rijnstraat,2,6665 CL,DRIEL,1734,OVERBETUWE,0264742915,primary
Gelderland,Christelijke Basisschool Het Kompas,Joost van den Vondelstr,1-B,4041 XJ,KESTEREN,1740,NEDER-BETUWE,0488481854,primary
Gelderland,christelijke basisschool De Hien,Emmalaan,4,6669 AR,DODEWAARD,1740,NEDER-BETUWE,0488411226,primary
Gelderland,De Wegwyzer,Forum,6,6661 TW,ELST GLD,1734,OVERBETUWE,0481373446,primary
Gelderland,PC BS Clara Fabricius,De Hoge Hof,8,6674 BV,HERVELD,1734,OVERBETUWE,0488452874,primary
Gelderland,De Ark,Kruisakkers,7,6662 DV,ELST GLD,1734,OVERBETUWE,0481375494,primary
Gelderland,Airborneschool,Bram Streeflandweg,53,6871 HV,RENKUM,0274,RENKUM,0317312567,primary
Gelderland,Prinses Beatrixschool,Reijmerweg,92,6871 HG,RENKUM,0274,RENKUM,0317315130,primary
Gelderland,Margrietschool voor Christelijk Basisonderwijs,Zeemanstraat,1,6706 KA,WAGENINGEN,0289,WAGENINGEN,0317413565,primary
Gelderland,Basisschool De Bijenkorf,Buurtseweg,1,6707 EZ,WAGENINGEN,0289,WAGENINGEN,0317413374,primary
Gelderland,Johan Frisoschool voor Christelijk Basisonderwijs,Hooilandplein,44,6708 RT,WAGENINGEN,0289,WAGENINGEN,0317419774,primary
Gelderland,Openbare Basisschool de Marlijn,Van Spaenweg,11,6862 XH,OOSTERBEEK,0274,RENKUM,0263334423,primary
Gelderland,De Atlas,Hogenkampseweg,43,6871 JK,RENKUM,0274,RENKUM,0317313049,primary
Gelderland,Montessori School,Jagerskamp,121,6706 EK,WAGENINGEN,0289,WAGENINGEN,0317412296,primary
Gelderland,De Tarthorst,Tarthorst,4,6708 JA,WAGENINGEN,0289,WAGENINGEN,0317415055,primary
Gelderland,De Wereld,Schaepmanstraat,161,6702 AV,WAGENINGEN,0289,WAGENINGEN,0317413029,primary
Gelderland,Openbare Basisschool de Nijenoord,Hooilandplein,47,6708 RT,WAGENINGEN,0289,WAGENINGEN,0317425301,primary
Gelderland,Protestants Christelijke Basisschool Van Heemstraschool,Uilennest,10,8051 HB,HATTEM,0244,HATTEM,0384441277,primary
Gelderland,Basisschool De IJsselvallei,Kloosterakkers,10,8194 LS,VEESSEN,0246,HEERDE,0578631344,primary
Gelderland,Christelijke Basisschool De Rank,Noordsingel,1-A,8091 XD,WEZEP,0269,OLDEBROEK,0383761947,primary
Gelderland,Christelijke Basisschool De Bron,Cotoneasterstraat,19-B,8091 TT,WEZEP,0269,OLDEBROEK,0383763039,primary
Gelderland,J Jaspersschool,De Meenthe,28,8051 KV,HATTEM,0244,HATTEM,0384441127,primary
Gelderland,Christelijke Basisschool Het Talent,Rhijnsburglaan,7-A,8181 XW,HEERDE,0246,HEERDE,0578693509,primary
Gelderland,CBS Wereldwijs,Griftstraat,8,8181 VZ,HEERDE,0246,HEERDE,0578692926,primary
Gelderland,Plantijn,Nederwoudseweg,19-A,3772 TD,BARNEVELD,0203,BARNEVELD,0342415635,primary
Gelderland,Openbare Basisschool De Lijster,Lijsterhof,6,3772 AA,BARNEVELD,0203,BARNEVELD,0342423968,primary
Gelderland,Openbare Basisschool de Regenboog,Van den Berglaan,14,3781 GG,VOORTHUIZEN,0203,BARNEVELD,0342472300,primary
Gelderland,Openbare Basisschool Corlaer,Cornelis van Ramshorstln,1,3863 AZ,NIJKERK,0267,NIJKERK,0332461219,primary
Gelderland,obs Dalton de Vliegeniers,Wethouder Zandbergenlaan,20,3771 KV,BARNEVELD,0203,BARNEVELD,0342493816,primary
Gelderland,Openbare Basisschool Bargerpaske,Voorninklaan,1,7103 AW,WINTERSWIJK,0294,WINTERSWIJK,0543516539,primary
Gelderland,Openbare Basisschool De Schakel,Violenstraat,1-A,7102 CN,WINTERSWIJK,0294,WINTERSWIJK,0543514687,primary
Gelderland,Openbare Basisschool De Kolibrie,Hakkelerkampstraat,55,7101 VG,WINTERSWIJK,0294,WINTERSWIJK,0543514019,primary
Gelderland,Openbare Basisschool Kotten,Meester Meinenweg,14,7107 AN,WINTERSWIJK KOTTEN,0294,WINTERSWIJK,0543563532,primary
Gelderland,Openbare Basisschool Stegeman,Pronsweg,5,7101 CE,WINTERSWIJK,0294,WINTERSWIJK,0543514155,primary
Gelderland,Openbare Basisschool T Walien,Walienseweg,8,7105 CD,WINTERSWIJK HUPPEL,0294,WINTERSWIJK,0543514228,primary
Gelderland,Openbare Basisschool Woold,Schoolweg,13,7108 BM,WINTERSWIJK WOOLD,0294,WINTERSWIJK,0543564427,primary
Gelderland,RK BS Sint Jacobus,Dorpsstraat,5,6675 BB,VALBURG,1734,OVERBETUWE,0488431300,primary
Gelderland,IKC Het Sterrenbos,Van Wijkstraat,16-A,6851 GM,HUISSEN,1705,LINGEWAARD,0263251549,primary
Gelderland,Basisschool Sam Sam,De Honsvoet,4,6678 BT,OOSTERHOUT GLD,1734,OVERBETUWE,0481481448,primary
Gelderland,Basisschool Sint Willibrordus,Hoofdstraat,152,6674 BE,HERVELD,1734,OVERBETUWE,0488452976,primary
Gelderland,IKC De Tichelaar,Nijmeegsestraat,1,6691 CJ,GENDT,1705,LINGEWAARD,0481421090,primary
Gelderland,RK BS Sunte Werfert,Kostverloren,14,6661 DZ,ELST GLD,1734,OVERBETUWE,0481371574,primary
Gelderland,Basisschool 't Holthuus,Ot en Sienpad,9,6852 EG,HUISSEN,1705,LINGEWAARD,0263252933,primary
Gelderland,IKC De Abacus,Van Voorststraat,21,6851 LT,HUISSEN,1705,LINGEWAARD,0263251125,primary
Gelderland,Basisschool De Esdoorn,Chopinstraat,3,6661 CZ,ELST GLD,1734,OVERBETUWE,0481371349,primary
Gelderland,RK BS 't Startblok,Morel,28,6662 VH,ELST GLD,1734,OVERBETUWE,0481351052,primary
Gelderland,Basisschool De Kameleon,Van den Burgstraat,1,6665 EA,DRIEL,1734,OVERBETUWE,0264742212,primary
Gelderland,Basisschool De Okkernoot,J.A. Nijhoffstraat,1,6671 ZL,ZETTEN,1734,OVERBETUWE,0488452674,primary
Gelderland,Basisschool Stap voor Stap,Kruisakkers,3,6662 DV,ELST GLD,1734,OVERBETUWE,0481373627,primary
Gelderland,Tuin 17,Flessestraat,17,6666 CK,HETEREN,1734,OVERBETUWE,0264722287,primary
Gelderland,Integraal Kindcentrum De Regenboog,Bloemenstraat,2,6681 NN,BEMMEL,1705,LINGEWAARD,0481461242,primary
Gelderland,RK BS De Elstar,Forum,4,6661 TW,ELST GLD,1734,OVERBETUWE,0481351400,primary
Gelderland,IKC Binnenstebuiten,Plaza,123,6852 RM,HUISSEN,1705,LINGEWAARD,0263275015,primary
Gelderland,De Zonnepoort,Forum,12,6661 TW,ELST GLD,1734,OVERBETUWE,0481375801,primary
Gelderland,Willem Farelschool,Dassenburcht,9,3871 JM,HOEVELAKEN,0267,NIJKERK,0332538124,primary
Gelderland,De Regenboog,Burg Hoftijzerplein,10,4031 KV,INGEN,0214,BUREN,0344601547,primary
Gelderland,De Boogerd,Homoetsestraat,38-B,4021 HH,MAURIK,0214,BUREN,0344691304,primary
Gelderland,OBS de Sterappel,Schoolstraat,2,4033 GK,LIENDEN,0214,BUREN,0344604022,primary
Gelderland,Openbare Basisschool De Bloesem,Prinses Beatrixstraat,46-A,4024 HM,ECK EN WIEL,0214,BUREN,0344691967,primary
Gelderland,Koningin Beatrix Basisschool,Graafschapsstraat,2,4116 GE,BUREN GLD,0214,BUREN,0344571263,primary
Gelderland,De Blinker Basisschool,Korte Daver,1,4012 BL,KERK-AVEZAATH,0214,BUREN,0344681748,primary
Gelderland,Den Aldenhaag Basisschool,Jeudestraat,78,4011 GM,ZOELEN,0214,BUREN,0344681721,primary
Gelderland,De Klepper,Kochpad,12,4111 LD,ZOELMOND,0214,BUREN,0345501961,primary
Gelderland,Basisschool Pr Willem Alexander,De Wielstraat,6,4112 JT,BEUSICHEM,0214,BUREN,0345501600,primary
Gelderland,IKC de Stek,Dorpsstraat,3,4185 NA,EST,1960,WEST BETUWE,0345569481,primary
Gelderland,De Wielewaal,Vredeplein,1,4175 HA,HAAFTEN,1960,WEST BETUWE,0418591498,primary
Gelderland,Openbare Basisschool De Waerdenburght,De Koeldert,26,4181 CK,WAARDENBURG,1960,WEST BETUWE,0418651325,primary
Gelderland,Burgemeester Westerbeek van Eertenschool,Walgtsestraat,26,4064 CL,VARIK,1960,WEST BETUWE,0344651466,primary
Gelderland,Prins Willem Alexanderschool,Blankenburgsestraat,1,4061 AR,OPHEMERT,1960,WEST BETUWE,0344651463,primary
Gelderland,Basisschool de Rietschoof,Zandstraat,14,4184 EE,OPIJNEN,1960,WEST BETUWE,0418651512,primary
Gelderland,Openbare Basisschool Bellefleur,Marijkelaan,1,6669 AK,DODEWAARD,1740,NEDER-BETUWE,0488411260,primary
Gelderland,Openbare Basisschool Het Palet,Patrijsstraat,2,4043 MR,OPHEUSDEN,1740,NEDER-BETUWE,0488441451,primary
Gelderland,Dn Bogerd,Glorie van Holland,30,4191 DN,GELDERMALSEN,1960,WEST BETUWE,0345580014,primary
Gelderland,Openbare Basisschool Jan Harmenshof,Koninginnelaan,4,4191 EE,GELDERMALSEN,1960,WEST BETUWE,0345571663,primary
Gelderland,Openbare basisschool Meester Aafjes,J H L -van Herwaardenstr,2,4194 RR,METEREN,1960,WEST BETUWE,0345581158,primary
Gelderland,R Lokhorst-School,Ringelesteinstraat,2,4158 CP,DEIL,1960,WEST BETUWE,0345651448,primary
Gelderland,De Springplank,Achterweg,9,4156 AA,RUMPT,1960,WEST BETUWE,0345682110,primary
Gelderland,De Bloeiende Betuwe,Rhenoyseweg,34,4152 EL,RHENOY,1960,WEST BETUWE,0345681872,primary
Gelderland,KC Binnenstebuiten,Dr van der Willigenstr,10,4196 JM,TRICHT,1960,WEST BETUWE,0345581074,primary
Gelderland,Kindcentrum Adriaan van den Ende,Klaprooslaan,2,7231 HJ,WARNSVELD,0301,ZUTPHEN,0575522234,primary
Gelderland,Kindcentrum Hagewinde,Kerkstraat,14,7384 AS,WILP,0285,VOORST,0571261653,primary
Gelderland,KC Wilp Achterhoek,Zwarte Kolkstraat,80,7384 DE,WILP,0285,VOORST,0553231680,primary
Gelderland,Kindcentrum de Rietgors,Spankerenseweg,3,6974 BA,LEUVENHEIM,0213,BRUMMEN,0575561691,primary
Gelderland,Kindcentrum de Wiekslag,Tijmstraat,4,7383 XR,VOORST GEM VOORST,0285,VOORST,0575501552,primary
Gelderland,Kindcentrum De Vossestaart,Dorpsstraat,40,6964 AB,HALL,0213,BRUMMEN,0313652046,primary
Gelderland,Openbare Basisschool de Hietweide,Jachtlustplein,30-B,7391 BW,TWELLO,0285,VOORST,0571272237,primary
Gelderland,OBS J.H. Isings,Emperweg,70,7399 AG,EMPE,0213,BRUMMEN,0575502078,primary
Gelderland,Dalton Kindcentrum Wereldwijs,Illinckstraat,21,6961 DM,EERBEEK,0213,BRUMMEN,0313651539,primary
Gelderland,Kindcentrum de Bongerd,Vaassenseweg,3,7396 NA,TERWOLDE,0285,VOORST,0571291614,primary
Gelderland,Dalton Kindcentrum het P@rk,Troelstralaan,45,6971 CN,BRUMMEN,0213,BRUMMEN,0575561608,primary
Gelderland,Montessori kindcentrum de Plotter,Paulus Potterstraat,4-A,7204 CV,ZUTPHEN,0301,ZUTPHEN,0575525169,primary
Gelderland,Kindcentrum De Waaier,Dr. de Visserstraat,4,7204 KM,ZUTPHEN,0301,ZUTPHEN,0575571561,primary
Gelderland,Dalton Kindcentrum Jan Ligthart,Leeuwerikstraat,1,7203 JB,ZUTPHEN,0301,ZUTPHEN,0575512759,primary
Gelderland,Openbare Basisschool De Parel,Het Zwanevlot,316,7206 CS,ZUTPHEN,0301,ZUTPHEN,0575572878,primary
Gelderland,Kindcentrum De Fontein,Karskamp,2,7232 BD,WARNSVELD,0301,ZUTPHEN,0575526541,primary
Gelderland,Kindcentrum Lea Dasberg,Markolle,3,7207 PA,ZUTPHEN,0301,ZUTPHEN,0575570308,primary
Gelderland,Openbare Parkenschool,Kastanjelaan,9,7316 BM,APELDOORN,0200,APELDOORN,0555790390,primary
Gelderland,Openbare Basisschool Spitsbergen,Morinistraat,6,7312 KC,APELDOORN,0200,APELDOORN,0553552314,primary
Gelderland,Openbare Basisschool Sprengenpark,Schotweg,95,7312 AD,APELDOORN,0200,APELDOORN,0553552237,primary
Gelderland,Openbare Basisschool Berg en Bos,Soerenseweg,105,7313 EJ,APELDOORN,0200,APELDOORN,0553552394,primary
Gelderland,Openbare Sterrenschool,Buys Ballotstraat,62,7316 LB,APELDOORN,0200,APELDOORN,0555218828,primary
Gelderland,Openbare Basisschool De Vliegenier,Laan van de Charleston,75,7323 RV,APELDOORN,0200,APELDOORN,0553660012,primary
Gelderland,Openbare Basisschool Het Web,Descartesstraat,10,7323 HX,APELDOORN,0200,APELDOORN,0553666630,primary
Gelderland,Openbare Basisschool De Mheen,Tormentilstraat,71,7322 KH,APELDOORN,0200,APELDOORN,0553662699,primary
Gelderland,Openbare Basisschool Rietendak,Zilverweg,29,7335 DC,APELDOORN,0200,APELDOORN,0555331973,primary
Gelderland,Openbare Basisschool De Eendracht,Beeklustweg,41,7335 JC,APELDOORN,0200,APELDOORN,0555331876,primary
Gelderland,Openbare basisschool Octowijs,1e Wormenseweg,158,7331 MR,APELDOORN,0200,APELDOORN,0555331820,primary
Gelderland,Openbare Basisschool De Kosmos,Voldersdreef,301,7328 CA,APELDOORN,0200,APELDOORN,0555337946,primary
Gelderland,Openbare Daltonschool De Horst,Glazeniershorst,402,7328 TK,APELDOORN,0200,APELDOORN,0555337258,primary
Gelderland,Openbare Basisschool De Bongerd,Muntersdonk,13,7326 BD,APELDOORN,0200,APELDOORN,0555337009,primary
Gelderland,Openbare Basisschool De Marke,Holtrichtersveld,1,7327 DJ,APELDOORN,0200,APELDOORN,0555410455,primary
Gelderland,Openbare Basisschool Beekbergen,Dorpstraat,28,7361 AV,BEEKBERGEN,0200,APELDOORN,0555061205,primary
Gelderland,Openbare Basisschool Oosterhuizen,Het Oude Veen,17,7364 BZ,LIEREN,0200,APELDOORN,0555061363,primary
Gelderland,Openbare Basisschool Heuvellaan,Burglaan,44,7314 BM,APELDOORN,0200,APELDOORN,0555790668,primary
Gelderland,Openbare Basisschool de Bundel,Anna Bijnsring,201,7321 HG,APELDOORN,0200,APELDOORN,0553661644,primary
Gelderland,Openbare basisschool Vindingrijk,Ravelijn,55,7325 NT,APELDOORN,0200,APELDOORN,0553602711,primary
Gelderland,Dorpsschool Rozendaal,Akkerlaan,5,6891 AL,ROZENDAAL,0277,ROZENDAAL,0263637194,primary
Gelderland,Daalhuizen,Enkweg,10-A,6881 LZ,VELP GLD,0275,RHEDEN,0263619346,primary
Gelderland,De Kameleon,Bronkhorstenstraat,2,6882 DP,VELP GLD,0275,RHEDEN,0263646215,primary
Gelderland,De Rheder Enk,Willem Barentszstraat,1,6991 BA,RHEDEN,0275,RHEDEN,0264951231,primary
Gelderland,De Lappendeken,Parkweg,4,6994 CN,DE STEEG,0275,RHEDEN,0264952533,primary
Gelderland,Koningin Emmaschool,Vietorstraat,2,6953 BR,DIEREN,0275,RHEDEN,0313414832,primary
Gelderland,Kindcentrum Robin,Geitenbergweg,3,6951 GZ,DIEREN,0275,RHEDEN,0313414874,primary
Gelderland,basisschool de Expeditie,Meidoornlaan,195,6951 LZ,DIEREN,0275,RHEDEN,0313422595,primary
Gelderland,Prinses Margrietschool,Dorpsweg,39,6956 AN,SPANKEREN,0275,RHEDEN,0313414734,primary
Gelderland,CBS De Waterstroom,Schoolstraat,1,6744 WS,EDERVEEN,0228,EDE,0318571170,primary
Gelderland,CBS Korenmaat,Korenveld,1,3925 SM,SCHERPENZEEL GLD,0279,SCHERPENZEEL,0332772211,primary
Gelderland,Basisschool De Glashorst,Glashorst,24,3925 BS,SCHERPENZEEL GLD,0279,SCHERPENZEEL,0332772277,primary
Gelderland,Gereformeerde Basisschool het Sterrenlicht,Parkweg,34,8084 GK,'T HARDE,0230,ELBURG,0525651415,primary
Gelderland,Kristal Gereformeerde basisschool,Griftstraat,8,8181 VZ,HEERDE,0246,HEERDE,0578693125,primary
Gelderland,Geref School De Zaaier,Dorpsweg,117,8051 XT,HATTEM,0244,HATTEM,0384441886,primary
Gelderland,IKC Aventurijn,Randweg,11,8071 XJ,NUNSPEET,0302,NUNSPEET, ,primary
Gelderland,D W van Dam van Brakelschool,Burgemeester Posweg,46-B,5306 GE,BRAKEL,0297,ZALTBOMMEL,0418672042,primary
Gelderland,Openbare Basisschool De Bogerd,Kersenbogerd,4,5328 GW,ROSSUM GLD,0263,MAASDRIEL,0418661367,primary
Gelderland,Basisschool De Meidoorn,Kerkstraat,42,5331 CE,KERKDRIEL,0263,MAASDRIEL,0418632948,primary
Gelderland,Openbare Basisschool Den Boogerd,Donkerstraat,17,5308 KB,AALST,0297,ZALTBOMMEL,0418672626,primary
Gelderland,Openbare Basisschool De Walsprong,Prins Clausstraat,2-A,5301 RT,ZALTBOMMEL,0297,ZALTBOMMEL,0418512306,primary
Gelderland,De Spelwert,De Zandkampen,48,5301 WE,ZALTBOMMEL,0297,ZALTBOMMEL,0418512815,primary
Gelderland,Tweestromen Basisschool,Bukestraat,3,6624 AN,HEEREWAARDEN,0263,MAASDRIEL,0487571522,primary
Gelderland,Openbare Basisschool De Lispeltuut Jenaplanschool,Kasteellaan,2-A,5321 GL,HEDEL,0263,MAASDRIEL,0735993807,primary
Gelderland,Jenaplanbasisschool 't Hogeland,Schotweg,2,8162 GM,EPE,0232,EPE,0578620426,primary
Gelderland,Openbare Basisschool De Zandheuvel,Leerdamseweg,1,4147 BL,ASPEREN,1960,WEST BETUWE,0345615222,primary
Gelderland,o.b.s. de Schatkist,Achterweg,35,4171 BA,HERWIJNEN,1960,WEST BETUWE,0418581315,primary
Gelderland,Openbare Basisschool De Rietput,Leijenburgplein,2-A,4161 AR,HEUKELUM,1960,WEST BETUWE,0345618210,primary
Gelderland,Jenaplanschool De Sterrenkring,Blekerstraat,2,6828 EW,ARNHEM,0202,ARNHEM,0634352574,primary
Gelderland,Basisschool t Panorama,Mesdaglaan,70,6813 GS,ARNHEM,0202,ARNHEM,0264432926,primary
Gelderland,Jozef Sarto Arnhem,Beeldhouwerstraat,27-29,6824 EG,ARNHEM,0202,ARNHEM,0263614594,primary
Gelderland,Arnhemse Montessorischool te Arnhem,Nicolaas Maesstraat,6,6814 LB,ARNHEM,0202,ARNHEM,0264427025,primary
Gelderland,Jenaplan Basisschool De Troubadour,Rijksweg-West,63,6842 BB,ARNHEM,0202,ARNHEM,0263814623,primary
Gelderland,Montessorischool De Binnenstad,Damstraat,6,6811 CB,ARNHEM,0202,ARNHEM,0264422337,primary
Gelderland,Basisschool De Zyp,Peter van Anrooylaan,3,6815 GT,ARNHEM,0202,ARNHEM,0264422401,primary
Gelderland,Bernulphus-School,Pastoor Bruggemanlaan,10,6861 GR,OOSTERBEEK,0274,RENKUM,0263332458,primary
Gelderland,Basisschool De Dorendal,Bachlaan,23,6865 EN,DOORWERTH,0274,RENKUM,0263333892,primary
Gelderland,Marienbornschool,Marienbergweg,28,6862 ZM,OOSTERBEEK,0274,RENKUM,0263335274,primary
Gelderland,Julianaschool voor Protestants Christelijk Basisonderwijs,Alberdingk Thijmstraat,5,6824 PC,ARNHEM,0202,ARNHEM,0263616039,primary
Gelderland,Openbaar Jenaplan Heijenoord Basisschool,Gentiaanstraat,25,6813 ES,ARNHEM,0202,ARNHEM,0264450676,primary
Gelderland,Pieter Brueghelschool,Bauerstraat,8,6813 KZ,ARNHEM,0202,ARNHEM,0264436566,primary
Gelderland,Jan Ligthartschool,Van Slichtenhorststraat,27-A,6821 CJ,ARNHEM,0202,ARNHEM,0264450766,primary
Gelderland,"De Boomhut, openbare basisschool",Bernhardlaan,10,6824 LE,ARNHEM,0202,ARNHEM,0264433102,primary
Gelderland,BS De Witte Vlinder,Kloosterstraat,85-A,6824 RC,ARNHEM,0202,ARNHEM,0264426479,primary
Gelderland,Kindcentrum De Werf,Laan van Presikhaaf,7,6826 HA,ARNHEM,0202,ARNHEM,0263614069,primary
Gelderland,De Parkschool,Kinderkamp,7,6825 JA,ARNHEM,0202,ARNHEM,0263611134,primary
Gelderland,Hugo De Grootschool,Thorbeckestraat,21,6828 TT,ARNHEM,0202,ARNHEM,0264431926,primary
Gelderland,OBS de Monchyschool,Lupinestraat,12,6841 GD,ARNHEM,0202,ARNHEM,0263212674,primary
Gelderland,Het Mozaiek,Zwanebloemlaan,2,6832 HG,ARNHEM,0202,ARNHEM,0263216844,primary
Gelderland,OBS Da Vinci,Slochterenweg,27,6835 CD,ARNHEM,0202,ARNHEM,0263230729,primary
Gelderland,IKC De Klimboom,Breezandpad,5,6843 JM,ARNHEM,0202,ARNHEM,0263831995,primary
Gelderland,De Expeditie,Brabantweg,101,6844 GA,ARNHEM,0202,ARNHEM,0263813862,primary
Gelderland,De Lingelaar,Venlosingel,214,6845 JE,ARNHEM,0202,ARNHEM,0263831646,primary
Gelderland,Lea Dasbergschool,Emily Brontesingel,1-A,6836 TV,ARNHEM,0202,ARNHEM,0263272489,primary
Gelderland,Basisschool Het Klinket,Mr J M de Kempenaersngl,4-A,6836 MH,ARNHEM,0202,ARNHEM,0263274168,primary
Gelderland,De Schatgraaf,Meikers,3,6846 HR,ARNHEM,0202,ARNHEM,0263891008,primary
Gelderland,Het JongLeren,Pallas Atheneplein,2,6846 XA,ARNHEM,0202,ARNHEM,0263890410,primary
Gelderland,Confetti,Vederwolk,17,6846 DM,ARNHEM,0202,ARNHEM,0263890114,primary
Gelderland,Calluna-School,Sijsseltselaan,16,6711 JE,EDE,0228,EDE,0318614243,primary
Gelderland,De Lettertuin,De Ruyterstraat,1,6712 DR,EDE,0228,EDE,0318614643,primary
Gelderland,Prinsenakkerschool,Commandeursweg,87,6721 ZL,BENNEKOM,0228,EDE,0318415851,primary
Gelderland,Ericaschool,Kerklaan,1,6731 BA,OTTERLO,0228,EDE,0318595077,primary
Gelderland,Openbare Basisschool De Bongerd,Lindenhorst,1,6714 JV,EDE,0228,EDE,0318638129,primary
Gelderland,OBS Uniek,Nicolaas Maesstraat,7,6717 ST,EDE,0228,EDE,0318636179,primary
Gelderland,De Roedel,Edeseweg,216,6732 DC,HARSKAMP,0228,EDE,0318456417,primary
Gelderland,Montessorischool Ede,Prof. Oudpark,4,6716 EJ,EDE,0228,EDE,0318625366,primary
Gelderland,Openbare Basisschool De Kern,Kleine Houtplein,1,6718 GG,EDE,0228,EDE,0318504642,primary
Gelderland,K Norel-School,Vleerveld,17,8162 JA,EPE,0232,EPE,0578615019,primary
Gelderland,WG vd Hulstsch,Wachtelenbergweg,17,8162 XC,EPE,0232,EPE,0578613565,primary
Gelderland,Basisschool Anne de Vries,Hoofdstraat,155,8162 AE,EPE,0232,EPE,0578612776,primary
Gelderland,Chr Basisschool t Mozaiek,Westerenkweg,19,8172 VT,VAASSEN,0232,EPE,0578573250,primary
Gelderland,Christelijke Basisschool De Violier,Vlierstraat,33,8171 BA,VAASSEN,0232,EPE,0578573247,primary
Gelderland,Basisschool De Hoeksteen,Biss Philip Roveniusstr,8,7141 KS,GROENLO,1586,OOST GELRE,0544461336,primary
Gelderland,Daltonschool Wilhelmina,Burg van Nispenstraat,36,7103 WJ,WINTERSWIJK,0294,WINTERSWIJK,0543514236,primary
Gelderland,Bontebrugschool Prot. Chr. Basisschool voor Jenaplanonderwijs,Bontebrug,52-54,7064 LM,SILVOLDE,1509,OUDE IJSSELSTREEK,0315681302,primary
Gelderland,Christelijke Basisschool Barlo,Markerinkdijk,18,7122 RK,AALTEN,0197,AALTEN,0543451236,primary
Gelderland,Christelijke Basisschool De Klimop,Schooldijk,21,7122 LX,AALTEN,0197,AALTEN,0543461226,primary
Gelderland,Christelijke Basisschool 't Mollenveld,Haartseweg,12-A,7121 KZ,AALTEN,0197,AALTEN,0543565438,primary
Gelderland,Christelijke basisschool de Bataaf,Hortensialaan,18-D,7101 XB,WINTERSWIJK,0294,WINTERSWIJK,0543514744,primary
Gelderland,Basisschool Emma,Vredenseweg,170,7113 AE,WINTERSWIJK HENXEL,0294,WINTERSWIJK,0543562436,primary
Gelderland,Christelijke Basisschool 't Warmelinck,Kruisdijk,17,7122 JX,AALTEN,0197,AALTEN,0543466213,primary
Gelderland,IKC Uniek,Vondelstraat,11-A,7121 VB,AALTEN,0197,AALTEN,0543471197,primary
Gelderland,Protestants Christelijke Basisschool Groen van Prinsterer,Ludgerstraat,86,7121 EM,AALTEN,0197,AALTEN,0543472256,primary
Gelderland,CBS De Meeander,Hofskampstraat,25,7051 DM,VARSSEVELD,1509,OUDE IJSSELSTREEK,0315241498,primary
Gelderland,IKC de Bosmark,Europastraat,10,7091 XC,DINXPERLO,0197,AALTEN,0315820213,primary
Gelderland,Basisschool De Hove,Keizerweg,2,7095 AX,DE HEURNE,0197,AALTEN,0315651115,primary
Gelderland,De Triangel,Dalweg,18,7122 BC,AALTEN,0197,AALTEN,0543473838,primary
Gelderland,Julianaschool,Corleseweg,4,7102 EV,WINTERSWIJK,0294,WINTERSWIJK,0543512937,primary
Gelderland,Al Amana Ede-Noord,Goudenstein,9,6714 DA,EDE,0228,EDE,0318634293,primary
Gelderland,Al Amana Ede-Zuid,Verlengde Parkweg,47-B,6717 GL,EDE,0228,EDE,0318742021,primary
Gelderland,Al Amana Nijkerk,Bizetlaan,2,3862 GR,NIJKERK,0267,NIJKERK,0333039842,primary
Gelderland,Al Amana Arnhem,Pythagorasstraat,9,6836 GA,ARNHEM,0202,ARNHEM,0858227256,primary
Gelderland,Al Amana Culemborg,Oranje Nassaulaan,41,4101 JS,CULEMBORG,0216,CULEMBORG,0858227256,primary
Gelderland,Hervormde Basisschool De Wegwijzer,Nedereindsestraat,27-D,4041 XE,KESTEREN,1740,NEDER-BETUWE,0488481611,primary
Gelderland,Eben Haezer-School,Rembrandt van Rijnstraat,33-31,4033 GG,LIENDEN,0214,BUREN,0344602060,primary
Gelderland,Basisschool De Schakel,J H L -van Herwaardenstr,4,4194 RR,METEREN,1960,WEST BETUWE,0345581724,primary
Gelderland,De Hervormde School,Hamsestraat,4,4043 LH,OPHEUSDEN,1740,NEDER-BETUWE,0488441316,primary
Gelderland,School Met De Bijbel,Kerkstraat,7,6668 AN,RANDWIJK,1734,OVERBETUWE,0488491288,primary
Gelderland,Openbare Basisschool De Distelvlinder,Zijderupsvlinderlaan,4,4105 TC,CULEMBORG,0216,CULEMBORG,0345536206,primary
Gelderland,'t Praathuis,Meerlaan,26,4103 XZ,CULEMBORG,0216,CULEMBORG,0345514111,primary
Gelderland,Openbare Basisschool de Regenboog,Mr. Rinkstraat,19,4005 VH,TIEL,0281,TIEL,0344632757,primary
Gelderland,Openbare Basisschool de Moespot,Wadensteinlaan,46-A,4003 TG,TIEL,0281,TIEL,0344632698,primary
Gelderland,Basisschool De Waayer,Kornoelje,1,4007 TP,TIEL,0281,TIEL,0344632604,primary
Gelderland,Montessorischool Parijsch,Prijsseweg,47,4105 LE,CULEMBORG,0216,CULEMBORG,0345530301,primary
Gelderland,Ds. J. Fraanjeschool De Vesting,Churchillstraat,68,3772 KV,BARNEVELD,0203,BARNEVELD,0342400707,primary
Gelderland,Ds. J. Fraanjeschool De Burcht,Saparua,48,3772 ET,BARNEVELD,0203,BARNEVELD,0342422045,primary
Gelderland,IKC Joannes,Kerkakkers,4,6923 BZ,GROESSEN,0226,DUIVEN,0316524172,primary
Gelderland,IKC Remigius,Liemersplein,1,6921 HN,DUIVEN,0226,DUIVEN,0316261887,primary
Gelderland,Basisschool Bernadette,Loostraat,37,6924 AC,LOO,0226,DUIVEN,0316261878,primary
Gelderland,Sport IKC Het Startblok,Klapstraat,205,6931 CH,WESTERVOORT,0293,WESTERVOORT,0263114932,primary
Gelderland,IKC Kameleon,Mondriaanstraat,15,6921 MJ,DUIVEN,0226,DUIVEN,0316261832,primary
Gelderland,IKC De Brug,Schoolstraat,7,6931 DV,WESTERVOORT,0293,WESTERVOORT,0263118974,primary
Gelderland,IKC De Hoge Hoeve,De Hoge Hoeve,70,6932 DJ,WESTERVOORT,0293,WESTERVOORT,0263111029,primary
Gelderland,Montessori IKC De Groene Ring,Bergdravik,2,6922 HM,DUIVEN,0226,DUIVEN,0316266611,primary
Gelderland,Basisschool Albert Schweitzer,Lupinenstraat,13,6942 VA,DIDAM,1955,MONTFERLAND,0316223286,primary
Gelderland,De Biezenkamp,Roerdompstraat,2,6573 BH,BEEK GEM BERG EN DAL,1945,BERG EN DAL,0246841712,primary
Gelderland,De Tandem,Kerklaantje,15,6612 BB,NEDERASSELT,0252,HEUMEN,0246221689,primary
Gelderland,Rooms Katholieke Basisschool De Zilverberg,Koningin Julianastraat,6,6611 BR,OVERASSELT,0252,HEUMEN,0246221454,primary
Gelderland,t Bijenveld,Reusensestraat,6,6578 AR,LEUTH,1945,BERG EN DAL,0242060600,primary
Gelderland,Basisschool Op Weg,Prinses Beatrixstraat,55,6576 AW,OOIJ,1945,BERG EN DAL,0246631645,primary
Gelderland,Basisschool Sint Joris,Looistraat,4-A,6582 BC,HEUMEN,0252,HEUMEN,0243581176,primary
Gelderland,Christelijke Basisschool Adelbrecht Windekind,Cranenburgsestraat,112-A,6561 AR,GROESBEEK,1945,BERG EN DAL,0243971928,primary
Gelderland,Basisschool De Sieppe,Paulus Potterweg,79,6562 XK,GROESBEEK,1945,BERG EN DAL,0243972442,primary
Gelderland,Basisschool Op de Heuvel,Ericastraat,39,6561 VX,GROESBEEK,1945,BERG EN DAL,0243972412,primary
Gelderland,Rooms Katholieke Basisschool Op de Horst,Plakseweg,3,6562 LR,GROESBEEK,1945,BERG EN DAL,0243976072,primary
Gelderland,Rooms Katholieke Basisschool Sint Laurentius,Schoolstraat,7,6579 AN,KEKERDOM,1945,BERG EN DAL,0481431643,primary
Gelderland,Rooms Katholieke Basisschool Titus Brandsma,Patrijsweg,2,6571 BV,BERG EN DAL,1945,BERG EN DAL,0246841711,primary
Gelderland,Basisschool St Martinus,Chopinstraat,2,6566 DV,MILLINGEN AAN DE RIJN,1945,BERG EN DAL,0481431596,primary
Gelderland,Basisschool Breedeweg,Schoolweg,23,6562 GD,GROESBEEK,1945,BERG EN DAL,0243978777,primary
Gelderland,R.K. Basisschool De Komeet,Broeksingel,88,6581 HB,MALDEN,0252,HEUMEN,0243573182,primary
Gelderland,Basisschool 't Vossenhol,Van Ruysdaelweg,8,6562 XE,GROESBEEK,1945,BERG EN DAL,0243971548,primary
Gelderland,De Regenboogschool,Veldsingel,4,6581 TC,MALDEN,0252,HEUMEN,0243581163,primary
Gelderland,Stadhouder Willem 3 Basisschool,Veldhuizerbrink,24,6712 BZ,EDE,0228,EDE,0318613645,primary
Gelderland,Julianaschool,Dorpsstraat,32,7218 AH,ALMEN,0262,LOCHEM,0575431622,primary
Gelderland,obs Villa 60,Schoolstraat,60,7211 BD,EEFDE,0262,LOCHEM,0575511917,primary
Gelderland,Dr. J. v.d. Hoevenschool,du Tourweg,1,7214 AJ,EPSE,0262,LOCHEM,0575492852,primary
Gelderland,J.A. de Vullerschool,Veldhofstraat,1,7213 AJ,GORSSEL,0262,LOCHEM,0575492784,primary
Gelderland,Beatrixsch,Hulstweg,8,7217 SZ,HARFSEN,0262,LOCHEM,0573431765,primary
Gelderland,Meester G. Propschool,Burgemeester Leenstraat,11,7242 AA,LOCHEM,0262,LOCHEM,0573252430,primary
Gelderland,Openbare Basisschool De Vennegotte,Pearsonplein,23,7242 JA,LOCHEM,0262,LOCHEM,0573252000,primary
Gelderland,Openbare Basisschool de Branink,Verwoldseweg,14,7245 AH,LAREN GLD,0262,LOCHEM,0573401876,primary
Gelderland,Openbare Basisschool de Barchschole,Beukenlaan,24,7244 BB,BARCHEM,0262,LOCHEM,0573441222,primary
Gelderland,CNS-basisschool Cavaljé,Veenderweg,2,6712 AB,EDE,0228,EDE,0318613462,primary
Gelderland,CNS-basisschool de Plataan,Heidelaan,25,6721 CK,BENNEKOM,0228,EDE,0318414103,primary
Gelderland,CNS-basisschool de Caleidoscoop,Hofbeeklaan,41,6715 EA,EDE,0228,EDE,0318621113,primary
Gelderland,CNS-basisschool Wilhelmina,Hogeweg,23,6721 VD,BENNEKOM,0228,EDE,0318414243,primary
Gelderland,CNS-basisschool Prins Floris,Catharinadaal,70,6715 KD,EDE,0228,EDE,0318621450,primary
Gelderland,CNS-basisschool Koningin Beatrix,Mondriaanstraat,22,6717 SB,EDE,0228,EDE,0318643802,primary
Gelderland,CNS-basisschool het Startpunt,Wulplaan,9,6713 BT,EDE,0228,EDE,0318618592,primary
Gelderland,CNS-basisschool Louise de Coligny,Ceelman van Ommerenweg,11,6711 JD,EDE,0228,EDE,0318693610,primary
Gelderland,CNS-basisschool de Ontdekking,Sterkerij,14,6717 XR,EDE,0228,EDE,0318645664,primary
Gelderland,CNS-basisschool de Brugge,Wilsondreef,45,6716 DN,EDE,0228,EDE,0318643684,primary
Gelderland,CNS-basisschool de Vlinderboom,Spinozastate,1,6716 PC,EDE,0228,EDE,0318624827,primary
Gelderland,CNS-basisschool de Vuursteen,Balgzand,2,6718 MJ,EDE,0228,EDE,0318653759,primary
Gelderland,Christelijke Nationale Basisschool De Regenboog,Zuiderzeestraatweg West,79,8085 AC,DOORNSPIJK,0230,ELBURG,0525661666,primary
Gelderland,Wildemaetschool,Schipluidenstraat,23,8081 AN,ELBURG,0230,ELBURG,0525681917,primary
Gelderland,Het Octaaf School voor christelijk basisonderwijs,Weitakkerstraat,2,8081 XX,ELBURG,0230,ELBURG,0525681059,primary
Gelderland,Protestants Christelijke Basisschool De Parel,Leisteenstraat,1,8084 XE,'T HARDE,0230,ELBURG,0525651727,primary
Gelderland,De Borchstee,Achterweg,2,8081 RV,ELBURG,0230,ELBURG,0525685511,primary
Gelderland,Basisschool De Hoge Voorde,Het Hoge,36,7251 XX,VORDEN,1876,BRONCKHORST,0575552036,primary
Gelderland,Rooms Katholieke Basisschool Sint Joseph,Prins Frisolaan,12-A,7242 GZ,LOCHEM,0262,LOCHEM,0573252439,primary
Gelderland,Rooms Katholieke Basisschool Martinus,Kerklaan,12,7391 AN,TWELLO,0285,VOORST,0571271408,primary
Gelderland,Rooms Katholieke Basisschool De Kopermolen,Kopermolenweg,8,7382 BP,KLARENBEEK,0285,VOORST,0553011462,primary
Gelderland,Rooms Katholieke Basisschool Sint Martinus,Deventerweg,18,7383 AB,VOORST GEM VOORST,0285,VOORST,0571261510,primary
Gelderland,Prins Willem Alexander School,Verwoldseweg,18,7245 AH,LAREN GLD,0262,LOCHEM,0573401856,primary
Gelderland,Rooms Katholieke Jozefschool voor Basisonderwijs,Dijkstraat,6,7121 ET,AALTEN,0197,AALTEN,0543472928,primary
Gelderland,Daltonschool Willibrordus,Nieuwe Weg,11,7261 NL,RUURLO,1859,BERKELLAND,0573452035,primary
Gelderland,De Ontdekking,Meengatstraat,23-25,6971 VD,BRUMMEN,0213,BRUMMEN,0575563527,primary
Gelderland,De Rank,Curieplein,21,7242 KH,LOCHEM,0262,LOCHEM,0573252575,primary
Gelderland,Rooms Katholieke Basisschool De Kleine Wereld,Jachtlustplein,30-C,7391 BW,TWELLO,0285,VOORST,0571272284,primary
Gelderland,Basisschool De Vlier,Vlierstraat,7,7101 TR,WINTERSWIJK,0294,WINTERSWIJK,0543515585,primary
Gelderland,Prins Hendrik,Burgemeester Leenstraat,13,7242 AA,LOCHEM,0262,LOCHEM,0573253102,primary
Gelderland,Basisschool St Jozef,Schoolstraat,1,7101 GB,WINTERSWIJK,0294,WINTERSWIJK,0543532747,primary
Gelderland,RK Basissch JF Kennedy,Leeuweriklaan,21,7203 JD,ZUTPHEN,0301,ZUTPHEN,0575516817,primary
Gelderland,Rooms Katholieke Basisschool Walter Gillijns,Rietbergstraat,2,7201 GJ,ZUTPHEN,0301,ZUTPHEN,0575516310,primary
Gelderland,Rooms Katholieke Basisschool de Achtsprong,De Brink,126-128,7206 KD,ZUTPHEN,0301,ZUTPHEN,0575524213,primary
Gelderland,Daltonschool i.o. de Morgenzon,Landweer,2,7232 CT,WARNSVELD,0301,ZUTPHEN,0575527154,primary
Gelderland,Rooms Katholieke Basisschool Sint Antonius,Kerkstraat,36,7396 PH,TERWOLDE,0285,VOORST,0553231369,primary
Gelderland,Jenaplanschool De Hoven,Mulderskamp,164,7205 BZ,ZUTPHEN,0301,ZUTPHEN,0575512230,primary
Gelderland,obs De Vlonder,De Meenthe,26,8051 KV,HATTEM,0244,HATTEM,0384448383,primary
Gelderland,obs Het Palet Hattem,Dorpsweg,33,8051 XS,HATTEM,0244,HATTEM,0384441924,primary
Gelderland,"School met de Bijbel, De Zaaier",Kerkstraat,6,5321 TN,HEDEL,0263,MAASDRIEL,0735991783,primary
Gelderland,PCB De Rank,Molenstraat,50,5315 AB,KERKWIJK,0297,ZALTBOMMEL,0418642259,primary
Gelderland,Protestants Christelijke Basisschool De Ark,Schoolstraat,8,5305 EA,ZUILICHEM,0297,ZALTBOMMEL,0418672466,primary
Gelderland,PCB De Bron,Kerkplein,6,5314 AT,BRUCHEM,0297,ZALTBOMMEL,0418642387,primary
Gelderland,Willem van Oranjeschool,Vrijheidslaan,94,5306 BN,BRAKEL,0297,ZALTBOMMEL,0418672220,primary
Gelderland,School Met De Bijbel De Burcht,Oranjestraat,1-A,5308 JW,AALST,0297,ZALTBOMMEL,0418671666,primary
Gelderland,Timotheusschool,Tulpstraat,1-BG,8096 BV,OLDEBROEK,0269,OLDEBROEK,0525631823,primary
Gelderland,Basisschool Prins Willem Alexander,Zuiderzeestraatweg Oost,62,8081 LD,ELBURG,0230,ELBURG,0525681789,primary
Gelderland,Looschool,Bovenheigraaf,59-BG,8095 PA,'T LOO OLDEBROEK,0269,OLDEBROEK,0525631693,primary
Gelderland,Nassauschool,Leeuwerikstraat,21,8094 AH,HATTEMERBROEK,0269,OLDEBROEK,0383763920,primary
Gelderland,De Regenboog,Van Sytzamalaan,5-BG,8096 AR,OLDEBROEK,0269,OLDEBROEK,0525631407,primary
Gelderland,Christelijk Kindcentrum De Schaapskooi,Veluwelaan,8,8091 ER,WEZEP,0269,OLDEBROEK,0383760808,primary
Gelderland,Rehobothschool,Anjerstraat,2,4191 KZ,GELDERMALSEN,1960,WEST BETUWE,0345571192,primary
Gelderland,Integraal Kind Centrum Hei en Bos,Middenweg,31,7351 BA,HOENDERLOO,0200,APELDOORN,0552075741,primary
Gelderland,Eben Haezerschool,Bloemstraat,107,8096 VN,OLDEBROEK,0269,OLDEBROEK,0525631787,primary
Gelderland,Juliana van Stolbergschool,Dorpsweg,2,5307 HK,POEDEROIJEN,0297,ZALTBOMMEL,0418671315,primary
Gelderland,Vereniging tot het Verstrekken van Basisonderwijs op Gereformeerde Grondslag,Delkant,4,5311 CJ,GAMEREN,0297,ZALTBOMMEL,0418561899,primary
Gelderland,School met de Bijbel de Wegwijzer,Schiksweg,12,8097 SG,OOSTERWOLDE GLD,0269,OLDEBROEK,0525621300,primary
Gelderland,Rooms Katholieke Basisschool Gerardus Majella,Boxhofstede,17,8171 KC,VAASSEN,0232,EPE,0578571786,primary
Gelderland,RK Basissch C v Leeuwen,H.A. Lorentzstraat,1,6961 XK,EERBEEK,0213,BRUMMEN,0313651776,primary
Gelderland,De Waterval,Hoofdweg,53,7371 AE,LOENEN,0200,APELDOORN,0555051489,primary
Gelderland,Rooms Katholieke Basisschool De Krugerstee,Potgieterstraat,20,8172 XC,VAASSEN,0232,EPE,0578572546,primary
Gelderland,Rooms Katholieke Basisschool Pancratius,Oude Eerbeekseweg,5,6971 BL,BRUMMEN,0213,BRUMMEN,0575561906,primary
Gelderland,Rooms Katholieke Basisschool Sint Bernardus,Willem Tellstraat,70,8162 ET,EPE,0232,EPE,0578613068,primary
Gelderland,Rooms Katholieke Basisschool De Korf,Postmeestersdreef,2,7328 KM,APELDOORN,0200,APELDOORN,0555336094,primary
Gelderland,Katholieke Basisschool De Zonnewende,Zonnewende,14,7325 ET,APELDOORN,0200,APELDOORN,0553601967,primary
Gelderland,Rooms Katholieke Basisschool De Schakel,Rederijkershoeve,21,7326 TH,APELDOORN,0200,APELDOORN,0555338405,primary
Gelderland,Rooms Katholieke Basisschool De Zevensprong,Pythagorasstraat,384,7323 HW,APELDOORN,0200,APELDOORN,0553604944,primary
Gelderland,Rooms Katholieke Basisschool Anne Frank,Regentesselaan,34,7316 AG,APELDOORN,0200,APELDOORN,0555211746,primary
Gelderland,Rooms Katholieke Basisschool St Victor,Kooiweg,29,7312 CA,APELDOORN,0200,APELDOORN,0553554859,primary
Gelderland,Rooms Katholieke Basisschool Sebastiaan,1e Wormenseweg,460,7333 GZ,APELDOORN,0200,APELDOORN,0555335355,primary
Gelderland,Rooms Katholieke Basisschool Hertog V Gelre,Morellenlaan,47,7322 JS,APELDOORN,0200,APELDOORN,0553665298,primary
Gelderland,Rooms Katholieke Basisschool Eloy,Klingelbeek,28,7339 LD,UGCHELEN,0200,APELDOORN,0555335033,primary
Gelderland,Eben Haezerschool,Apeldoornseweg,22,8075 BN,ELSPEET,0302,NUNSPEET,0577492380,primary
Gelderland,Rooms Katholieke Basisschool De Plakkenberg,Pastoor Bluemersplein,5,7064 BK,SILVOLDE,1509,OUDE IJSSELSTREEK,0315324236,primary
Gelderland,Antonius,Vicariestraat,2,7137 MN,LIEVELDE,1586,OOST GELRE,0544372635,primary
Gelderland,Sint Joseph-School,Dorpsstraat,66,7136 LN,ZIEUWENT,1586,OOST GELRE,0544351577,primary
Gelderland,Rooms Katholieke Basisschool Antonius,Winterswijkseweg,20,7134 NE,VRAGENDER,1586,OOST GELRE,0544372429,primary
Gelderland,Sint Canisiusschool,Kerkstraat,44,7135 JM,HARREVELD,1586,OOST GELRE,0544371099,primary
Gelderland,Openbare Basisschool De Slinger,Wehmerstraat,21,7121 DP,AALTEN,0197,AALTEN,0543472317,primary
Gelderland,Basisschool De Leeuw,'t Hof,2,7131 DR,LICHTENVOORDE,1586,OOST GELRE,0544373475,primary
Gelderland,Rooms Katholieke Basisschool St Theresia,Waalderweg,20,7263 RW,MARIENVELDE,1586,OOST GELRE,0544351689,primary
Gelderland,Rooms Katholieke Basisschool Frans ten Bosch,De Rode Van Heeckerenstr,26,7131 ER,LICHTENVOORDE,1586,OOST GELRE,0544372326,primary
Gelderland,Het Gele Park basisonderwijs,Varsseveldseweg,47,7131 BH,LICHTENVOORDE,1586,OOST GELRE,0544221027,primary
Gelderland,Basisschool Sint Joris,Waterhoen,1,7132 DK,LICHTENVOORDE,1586,OOST GELRE,0544373567,primary
Gelderland,IKC Groeituin,Oranjestraat,72,7051 AK,VARSSEVELD,1509,OUDE IJSSELSTREEK,0315242507,primary
Gelderland,Openbare Basisschool Leemvoortschool,Steuterweg,2,7054 CJ,WESTENDORP,1509,OUDE IJSSELSTREEK,0315298168,primary
Gelderland,Openbare Basisschool 't Montferland,Plantsoensingel Noord,5-A,7041 DH,'S-HEERENBERG,1955,MONTFERLAND,0314661924,primary
Gelderland,Openbare Basisschool De Woelwaters,Middelgraaf,46,7071 WT,ULFT,1509,OUDE IJSSELSTREEK,0315641001,primary
Gelderland,Auryn,Marga Klompelaan,2,7207 KA,ZUTPHEN,0301,ZUTPHEN, ,primary
Gelderland,Basisschool Eben Haezer,Zandenallee,18,7395 PC,TEUGE,0285,VOORST,0553231483,primary
Gelderland,Basisschool Eben-Haezer,Valkeniersdonk,202,7326 KP,APELDOORN,0200,APELDOORN,0555344704,primary
Gelderland,Basisschool Ten Holtens Erve,Middendijk,53,7397 NC,NIJBROEK,0285,VOORST,0571292162,primary
Gelderland,De Zaaier,Bleriotstraat,3,7395 ML,TEUGE,0285,VOORST,0553231792,primary
Gelderland,De Oase,Jachtlustplein,30-A,7391 BW,TWELLO,0285,VOORST,0571272400,primary
Gelderland,Christelijke Basisschool Sjaloom,Kerkstraat,25,7383 CB,VOORST GEM VOORST,0285,VOORST,0575501229,primary
Gelderland,De Wingerd,H.W. Iordensweg,9,7391 KA,TWELLO,0285,VOORST,0571272661,primary
Gelderland,Eben Haezerschool,Notaris van Aalstweg,4,4181 BC,WAARDENBURG,1960,WEST BETUWE,0418652138,primary
Gelderland,St Nicolaasschool,Antoinette v Pinxterenln,4,6532 CW,NIJMEGEN,0268,NIJMEGEN,0243555276,primary
Gelderland,Rooms Katholieke Basisschool Brakkenstein,Heyendaalseweg,235,6525 SG,NIJMEGEN,0268,NIJMEGEN,0243553559,primary
Gelderland,Basisschool de Hazesprong,Bisonstraat,3,6531 PT,NIJMEGEN,0268,NIJMEGEN,0243550130,primary
Gelderland,Basisschool Het Kleurrijk,Thijmstraat,40-C,6531 CS,NIJMEGEN,0268,NIJMEGEN,0243551566,primary
Gelderland,Basisschool de Sterredans,Ubbergseveldweg,97,6522 HE,NIJMEGEN,0268,NIJMEGEN,0243230722,primary
Gelderland,Basisschool Montessorischool,Heyendaalseweg,6,6524 SL,NIJMEGEN,0268,NIJMEGEN,0243231091,primary
Gelderland,Basisschool Klein Heyendaal,Professor Huijbersstraat,1,6524 NP,NIJMEGEN,0268,NIJMEGEN,0243231475,primary
Gelderland,Basisschool Petrus Canisius,St. Stevenskerkhof,37-38,6511 VZ,NIJMEGEN,0268,NIJMEGEN,0243226885,primary
Gelderland,Basisschool De Kleine Wereld,Newtonstraat,50,6533 KG,NIJMEGEN,0268,NIJMEGEN,0243553159,primary
Gelderland,Basisschool De Wieken,Floraweg,69,6542 KB,NIJMEGEN,0268,NIJMEGEN,0243774502,primary
Gelderland,Basisschool Toon,Symfoniestraat,210,6544 TN,NIJMEGEN,0268,NIJMEGEN,0243771250,primary
Gelderland,Basisschool de Akker,Akkerlaan,40,6533 BL,NIJMEGEN,0268,NIJMEGEN,0243551104,primary
Gelderland,Kindcentrum De Boomgaard,Titiaanstraat,100,6663 PN,LENT,0268,NIJMEGEN,0242037220,primary
Gelderland,De Noorderstroom,Titiaanstraat,100,6663 PN,LENT,0268,NIJMEGEN,0242037500,primary
Gelderland,Basisschool met de Bijbel,Hoge Valkseweg,37,6741 GK,LUNTEREN,0228,EDE,0318461889,primary
Gelderland,Daltonschool St Joris,Hoflaan,4,7271 BR,BORCULO,1859,BERKELLAND,0545272573,primary
Gelderland,School met de Bijbel Ruitenbeek,Ruitenbeekweg,111,6741 HB,LUNTEREN,0228,EDE,0342417222,primary
Gelderland,School met de Bijbel Ruitenbeek,Lijsterstraat,6-8,3772 AV,BARNEVELD,0203,BARNEVELD, ,primary
Gelderland,Christelijke Basisschool De Wegwijzer,Kerkplein,2-A,5317 JT,NEDERHEMERT,0297,ZALTBOMMEL,0418552280,primary
Gelderland,Kindcentrum De Oersprong,Wilgenstraat,6,7071 KS,ULFT,1509,OUDE IJSSELSTREEK,0315769072,primary
Gelderland,Basissch De Borckeshof,Terborgseweg,25,7084 AC,BREEDENBROEK,1509,OUDE IJSSELSTREEK,0315655269,primary
Gelderland,Basisschool De Klimpaal,St Lidwinastraat,1,7075 AK,ETTEN,1509,OUDE IJSSELSTREEK,0315341367,primary
Gelderland,Basisschool Pius X,Hoofdstraat,35,7076 AG,VARSSELDER,1509,OUDE IJSSELSTREEK,0315641730,primary
Gelderland,Rooms Katholieke Basisschool Sint Liborius,Maurits Prinsstraat,25,7091 CV,DINXPERLO,0197,AALTEN,0315655667,primary
Gelderland,Mariaschool,Neptunus,8,7071 VG,ULFT,1509,OUDE IJSSELSTREEK,0315641071,primary
Gelderland,Sint Martinusschool,Sportlaan,2,7078 AV,MEGCHELEN,1509,OUDE IJSSELSTREEK,0315377652,primary
Gelderland,Basisschool H Walburgis,Emmerikseweg,4,7077 AP,NETTERDEN,1509,OUDE IJSSELSTREEK,0315386239,primary
Gelderland,IKC de Wijssel,Grotestraat,87,7081 CD,GENDRINGEN,1509,OUDE IJSSELSTREEK,0315640558,primary
Gelderland,Sint Bernardus-School,Sint Bernardusstraat,2,7256 AP,KEIJENBORG,1876,BRONCKHORST,0575461820,primary
Gelderland,Roncalli Basisschool,Padevoortseallee,21,7038 AL,ZEDDAM,1955,MONTFERLAND,0314651530,primary
Gelderland,Gaanderwijs,Pelgrimstraat,59-C,7011 BJ,GAANDEREN,0222,DOETINCHEM,0315325767,primary
Gelderland,Basisschool De Leer,Sint Michielsstraat,6,7255 AP,HENGELO GLD,1876,BRONCKHORST,0575461715,primary
Gelderland,Basisschool de Pannevogel,Prins Bernhardlaan,5-A,7221 BA,STEENDEREN,1876,BRONCKHORST,0575451357,primary
Gelderland,Het Timpaan school voor basisonderwijs,Koningin Wilhelminastr,10,7031 AC,WEHL,0222,DOETINCHEM,0314681330,primary
Gelderland,Basisschool De Boomgaard,Langestraat,14-A,7047 AP,BRAAMT,1955,MONTFERLAND,0314651637,primary
Gelderland,Dynamiek,Borgsche Rieten,15-G,7061 ZM,TERBORG,1509,OUDE IJSSELSTREEK,0315324907,primary
Gelderland,Het Rondeel,Schoolstraat,29,7037 AS,BEEK GEM MONTFERLAND,1955,MONTFERLAND,0316531453,primary
Gelderland,Basisschool Octa,Lavendelveld,23,7006 SM,DOETINCHEM,0222,DOETINCHEM,0314326807,primary
Gelderland,Montessori Basisschool De Pas,Prins Hendrikstraat,32,7001 GL,DOETINCHEM,0222,DOETINCHEM,0314330085,primary
Gelderland,Rooms Katholieke Basisschool Sint Jozef,Molenweg,2,7045 AG,AZEWIJN,1955,MONTFERLAND,0314651527,primary
Gelderland,Mariabasisschool,Schoolstraat,2,7041 ZM,'S-HEERENBERG,1955,MONTFERLAND,0314661863,primary
Gelderland,Pastoor Galamaschool,De Bongerd,22,7041 GL,'S-HEERENBERG,1955,MONTFERLAND,0314661485,primary
Gelderland,Rooms Katholieke Basisschool Dichterbij,Willy Brandtplein,6,7007 LA,DOETINCHEM,0222,DOETINCHEM,0314382850,primary
Gelderland,IKC Het Sterrenpalet,Prins Bernhardstraat,6,7151 DG,EIBERGEN,1859,BERKELLAND,0545471550,primary
Gelderland,Basisschool Kisveld,Hondelinkweg,2,7161 HG,NEEDE,1859,BERKELLAND,0545291341,primary
Gelderland,Basisschool De Kraanvogel,Eikenlaan,22,7251 LT,VORDEN,1876,BRONCKHORST,0575556652,primary
Gelderland,H J Piekschool,Roghorst,94,6708 KP,WAGENINGEN,0289,WAGENINGEN,0317415046,primary
Gelderland,t Blokhuus,Frans Tromplaan,49,3871 EM,HOEVELAKEN,0267,NIJKERK,0332534850,primary
Gelderland,Rooms Katholieke Basisschool Het Baken,Groenestraat,7,3861 CL,NIJKERK,0267,NIJKERK,0332451412,primary
Gelderland,Rooms Katholieke Basisschool De Doornick,Blauwe Hoek,40,6686 AE,DOORNENBURG,1705,LINGEWAARD,0481421208,primary
Gelderland,Basisschool Marang,Wilhelminastraat,2,6687 BA,ANGEREN,1705,LINGEWAARD,0263252725,primary
Gelderland,IKC De Vonkenmorgen,Schoolstraat,1,6691 XP,GENDT,1705,LINGEWAARD,0481421371,primary
Gelderland,Basissch de Borgwal,Het Hoog,20,6681 DE,BEMMEL,1705,LINGEWAARD,0481450184,primary
Gelderland,IKC PiusX,Cuperstraat,7,6681 AR,BEMMEL,1705,LINGEWAARD,0481461592,primary
Gelderland,Jenaplan IKC Donatushof,Flierenhofstraat,34,6681 BZ,BEMMEL,1705,LINGEWAARD,0481461827,primary
Gelderland,Katholieke basisschool De Wieling,Kolkweg,5,6685 BC,HAALDEREN,1705,LINGEWAARD,0481462172,primary
Gelderland,de Fonkelsteen,Prins Clausstraat,2-B,5301 RT,ZALTBOMMEL,0297,ZALTBOMMEL,0418514455,primary
Gelderland,Basisschool Boaz-Jachin,Ds. Kalshovenweg,15,8075 AE,ELSPEET,0302,NUNSPEET,0577491310,primary
Gelderland,Reformatorische Basisschool Eben Haezer,Molenstraat,98,6721 WP,BENNEKOM,0228,EDE,0318430660,primary
Gelderland,Christelijke Basisschool,Kerkstraat,33,5313 AP,NIEUWAAL,0297,ZALTBOMMEL,0418561614,primary
Gelderland,RK BS De Geldershof,Laauwikstraat,11,6663 CD,LENT,0268,NIJMEGEN,0243233510,primary
Gelderland,Protestants Christelijke Basisschool Prins Bernhard,Wiekslag,25,3853 BG,ERMELO,0233,ERMELO,0341551624,primary
Gelderland,PC Basissch Kon Juliana,Spechtstraat,49,3853 VA,ERMELO,0233,ERMELO,0341552284,primary
Gelderland,Protestants Christelijke Basisschool De Klokbeker,De la Reystraat,134,3851 BL,ERMELO,0233,ERMELO,0341556378,primary
Gelderland,Protestants Christelijke Basisschool Margriet,Hamburgerweg,141,3851 EJ,ERMELO,0233,ERMELO,0341557900,primary
Gelderland,Protestants Christelijke Basisschool Beatrix,Smidsweg,49,3852 XA,ERMELO,0233,ERMELO,0341554186,primary
Gelderland,Basisschool Bastion,Pater Jan de Vriesstraat,17,7126 BL,BREDEVOORT,0197,AALTEN,0543451529,primary
Gelderland,De Trompetter,Prinses Margrietlaan,8,6986 AT,ANGERLO,0299,ZEVENAAR,0313473067,primary
Gelderland,IKC De Tragellijn,Graaf Ottoweg,91,6915 VT,LOBITH,0299,ZEVENAAR,0316541390,primary
Gelderland,IKC Franciscus,Babborgaplein,3-B,6909 DW,BABBERICH,0299,ZEVENAAR,0316247226,primary
Gelderland,Basisschool Sprankel,Carvium,1,6914 AP,HERWEN,0299,ZEVENAAR,0316247480,primary
Gelderland,IKC het Ravelijn,De Steenderens,1,6932 CA,WESTERVOORT,0293,WESTERVOORT,0263120875,primary
Gelderland,IKC St. Martinus,Martinusweg,6,6905 AR,ZEVENAAR,0299,ZEVENAAR,0316523185,primary
Gelderland,Rooms Katholieke Paulusschool,Kerkstraat,68,6987 AD,GIESBEEK,0299,ZEVENAAR,0313631273,primary
Gelderland,IKC De Droomgaard,Goudhaanstraat,38,6921 KC,DUIVEN,0226,DUIVEN,0316261604,primary
Gelderland,De Expeditie,Reinskamp,2,6942 RZ,DIDAM,1955,MONTFERLAND,0316223766,primary
Gelderland,Rooms Katholieke Basisschool 't Scathe,Schoolstraat,1,6911 AX,PANNERDEN,0299,ZEVENAAR,0316373087,primary
Gelderland,NovaMundi,Paepestraat,23,6931 CP,WESTERVOORT,0293,WESTERVOORT,0263120924,primary
Gelderland,Lindenhage,Platanenlaan,3,6903 DK,ZEVENAAR,0299,ZEVENAAR,0316523639,primary
Gelderland,Kindcentrum de Ontdekking,Polstraat,62,6942 VM,DIDAM,1955,MONTFERLAND,0316223252,primary
Gelderland,De Wissel,Westeinde,101,6904 AC,ZEVENAAR,0299,ZEVENAAR,0316523738,primary
Gelderland,De Toorts,Marsweg,5,6941 BG,DIDAM,1955,MONTFERLAND,0316224069,primary
Gelderland,Sint Jozef,Wehlseweg,48,6941 DM,DIDAM,1955,MONTFERLAND,0316223875,primary
Gelderland,IKC De Tamboerijn,Paganinistraat,17,6904 EG,ZEVENAAR,0299,ZEVENAAR,0316524158,primary
Gelderland,Het Kofschip,Platanenlaan,1,6903 DK,ZEVENAAR,0299,ZEVENAAR,0316525619,primary
Gelderland,De Carrousel,Kardinaal de Jongstraat,2,6904 BE,ZEVENAAR,0299,ZEVENAAR,0316526069,primary
Gelderland,IKC Het Klokhuis,Walcherenstraat,7,6922 DB,DUIVEN,0226,DUIVEN,0316266316,primary
Gelderland,IKC Het Veer,Rottumstraat,85,6922 EX,DUIVEN,0226,DUIVEN,0316280550,primary
Gelderland,Openbare Basisschool Toermalijn,Bergkristal,19,6922 NP,DUIVEN,0226,DUIVEN,0316266738,primary
Gelderland,De Bem,Bemlaan,5,6905 VH,ZEVENAAR,0299,ZEVENAAR,0316528877,primary
Gelderland,Sterrenschool Zevenaar,Guido Gezellestraat,42,6901 KZ,ZEVENAAR,0299,ZEVENAAR,0316848913,primary
Gelderland,Vrije School De Kleine Prins,Torontostraat,1,7007 BK,DOETINCHEM,0222,DOETINCHEM,0314364032,primary
Gelderland,Vrije Basisschool De Esch,Rusthuisstraat,28,7101 JH,WINTERSWIJK,0294,WINTERSWIJK,0543514595,primary
Gelderland,Vrije School Valentijn,Vliepad,1,3844 EL,HARDERWIJK,0243,HARDERWIJK,0341419364,primary
Gelderland,Parcivalschool,Zwanebloemlaan,4,6832 HG,ARNHEM,0202,ARNHEM,0263213174,primary
Gelderland,Vrije School De Vijfster,Texandrilaan,30,7312 HR,APELDOORN,0200,APELDOORN,0553559010,primary
Gelderland,Blink,Jan van Riebeeckstraat,9,4105 BA,CULEMBORG,0216,CULEMBORG,0345523698,primary
Gelderland,PCBO Prinses Juliana,Tullekensmolenweg,77,7364 BA,LIEREN,0200,APELDOORN,0555061460,primary
Gelderland,PCBO Spreng Ugchelen,Bogaardslaan,75,7339 AN,UGCHELEN,0200,APELDOORN,0555332585,primary
Gelderland,De Ontdekking PC Jenaplanschool,Schopenhauerstraat,277,7323 MB,APELDOORN,0200,APELDOORN,0553663540,primary
Gelderland,PCBO De Ploeg,Holtrichtersveld,3,7327 DJ,APELDOORN,0200,APELDOORN,0555411335,primary
Gelderland,PCBO De Terebint,Rederijkershoeve,19,7326 TH,APELDOORN,0200,APELDOORN,0555414188,primary
Gelderland,PCBO De Kring,Voldersdreef,303,7328 CA,APELDOORN,0200,APELDOORN,0555334146,primary
Gelderland,PCBO De Fakkel,Roerdompweg,3,7331 CL,APELDOORN,0200,APELDOORN,0555334248,primary
Gelderland,PCBO Willem Van Oranje,Kobaltstraat,15,7334 AL,APELDOORN,0200,APELDOORN,0555331221,primary
Gelderland,PCBO De Diamant het Kristal,Laan van de Charleston,71,7323 RV,APELDOORN,0200,APELDOORN,0557630402,primary
Gelderland,PCBO De Gong,Koperslagersdonk,4,7326 HM,APELDOORN,0200,APELDOORN,0555422293,primary
Gelderland,PCBO Emmaschool,Thorbeckestraat,8,7331 RG,APELDOORN,0200,APELDOORN,0555333769,primary
Gelderland,PCBO Het Kompas,1e Wormenseweg,460,7333 GZ,APELDOORN,0200,APELDOORN,0555334405,primary
Gelderland,PC Montessorischool Passe-Partout Kerschoten,Boerhaavestraat,111,7316 LE,APELDOORN,0200,APELDOORN,0555218071,primary
Gelderland,Montessorischool PP Centrum,Lange Grafte,37,7321 ZC,APELDOORN,0200,APELDOORN,0553555352,primary
Gelderland,PCBO Prinses Margriet,Sluisoordlaan,198,7322 EL,APELDOORN,0200,APELDOORN,0553665294,primary
Gelderland,PCBO De Ichthus,Kalmoesstraat,261,7322 NS,APELDOORN,0200,APELDOORN,0553666057,primary
Gelderland,PCBO De Sjofar Prinses Beatrix,Papegaaiweg,95,7345 DL,WENUM WIESEL,0200,APELDOORN,0553121977,primary
Gelderland,PCBO De Diamant Beemte,Beemterweg,31,7341 PC,BEEMTE BROEKLAND,0200,APELDOORN,0553121377,primary
Gelderland,PCBO De Wegwijzer,Eburonenstraat,48,7312 JR,APELDOORN,0200,APELDOORN,0553554624,primary
Gelderland,PCBO Koningin Wilhelmina,Prof. Rontgenstraat,10,7311 AM,APELDOORN,0200,APELDOORN,0555212389,primary
Gelderland,PCBO De Korenaar,Staringlaan,53,7314 LN,APELDOORN,0200,APELDOORN,0553554162,primary
Gelderland,PCBO De Sjofar,Glazeniershorst,404,7328 TK,APELDOORN,0200,APELDOORN,0555337856,primary
Gelderland,PCBO Regenboog-Woudhuis,Lage Landenlaan,1,7325 NR,APELDOORN,0200,APELDOORN,0553667288,primary
Gelderland,PCBO Regenboog-Osseveld,De Keerkring,70,7325 EA,APELDOORN,0200,APELDOORN,0555060541,primary
Gelderland,PCBO De Diamant het Rooster,Laan van de Leeuw,299,7324 BD,APELDOORN,0200,APELDOORN,0553665671,primary
Gelderland,Protestants Christelijke Basisschool De Klokkenberg,Kopseweg,7,6522 KB,NIJMEGEN,0268,NIJMEGEN,0243229220,primary
Gelderland,Basisschool 't Kempken,Beuksveld,6,7104 BD,WINTERSWIJK MEDDO,0294,WINTERSWIJK,0543569406,primary
Gelderland,Christelijk Kindcentrum De Koepel,Nieuwe Maanderbuurtweg,2,6717 AS,EDE,0228,EDE,0318630564,primary
Gelderland,Nederlands Hervormde Basisschool De Zaaier,Broekhuizenstraat,10,3784 WT,TERSCHUUR,0203,BARNEVELD,0342461667,primary
Gelderland,Veldhuizerschool,Kraatsweg,11,6712 DA,EDE,0228,EDE,0318615269,primary
Gelderland,Paasbergschool,Kleefsehoek,1-A,6711 SP,EDE,0228,EDE,0318616670,primary
Gelderland,Schimmelpenninck van de Oijeschool,Oosterdorpsstraat,16,3871 AD,HOEVELAKEN,0267,NIJKERK,0332535745,primary
Gelderland,Integraal Kindcentrum Juliana,Wethouder Rebellaan,142,3771 KA,BARNEVELD,0203,BARNEVELD,0342412165,primary
Gelderland,Basisschool Prins Willem Alexander,Van Schothorststraat,22,3772 AX,BARNEVELD,0203,BARNEVELD,0342415634,primary
Gelderland,Willem van Oranje School Hervormde School Basisonderwijs,Lange Voren,88,3773 AS,BARNEVELD,0203,BARNEVELD,0342490651,primary
Gelderland,IKC Amalia,Nederwoudseweg,23,3772 TD,BARNEVELD,0203,BARNEVELD,0342478243,primary
Gelderland,Basisschool Ariane,Tusolaan,6,3772 WP,BARNEVELD,0203,BARNEVELD,0342231279,primary
Gelderland,Protestants Christelijke Basisschool De Triangel,Beethovenstraat,20,6961 BE,EERBEEK,0213,BRUMMEN,0313651042,primary
Gelderland,Basisschool de Enk,H.A. Lorentzstraat,3,6961 XK,EERBEEK,0213,BRUMMEN,0313651796,primary
Gelderland,Christelijke Basisschool,Stationsweg,87,8166 KA,EMST,0232,EPE,0578661288,primary
Gelderland,Koningin Beatrixschool,Kosterijweg,7,3774 BG,KOOTWIJKERBROEK,0203,BARNEVELD,0342442000,primary
Gelderland,Christelijke Basisschool Prins Bernhard,Dr. H.C. Bosstraat,25,3886 KA,GARDEREN,0203,BARNEVELD,0577461355,primary
Gelderland,De Bron,Stroeerweg,76,3776 MK,STROE,0203,BARNEVELD,0342442250,primary
Gelderland,Christelijke Basisschool Het Mosterdzaadje,Oranjeweg,116,8166 JD,EMST,0232,EPE,0578661863,primary
Gelderland,CBS De Parel,Zuiderzeestraatweg,145,3849 AD,HIERDEN,0243,HARDERWIJK,0341451295,primary
Gelderland,Basisschool het Baken,Vollenhovemeen,29,3844 NC,HARDERWIJK,0243,HARDERWIJK,0341416645,primary
Gelderland,PC BS De Schakel,Vondellaan,26,3842 EH,HARDERWIJK,0243,HARDERWIJK,0341416557,primary
Gelderland,Basisschool de Wegwijzer,Kennedylaan,1,3844 BA,HARDERWIJK,0243,HARDERWIJK,0341416780,primary
Gelderland,Basisschool De Brug,Piet Heinlaan,22,3843 EZ,HARDERWIJK,0243,HARDERWIJK,0341416576,primary
Gelderland,Christelijke Basisschool DOK 19,Flevoweg,73,3841 KK,HARDERWIJK,0243,HARDERWIJK,0341416622,primary
Gelderland,Basisschool de Rank,Bongerdsteeg,1,3841 CV,HARDERWIJK,0243,HARDERWIJK,0341416748,primary
Gelderland,Basisschool Willem Alexander,Veldkamp,33,3843 BG,HARDERWIJK,0243,HARDERWIJK,0341416770,primary
Gelderland,Christelijke basisschool  De Bron,Frankenskamp,4,3848 DE,HARDERWIJK,0243,HARDERWIJK,0341426704,primary
Gelderland,Basisschool de Triangel,Tonselsedreef,60,3845 CT,HARDERWIJK,0243,HARDERWIJK,0341433965,primary
Gelderland,C.B.S. Het Startblok,Biezenplein,2,3845 KA,HARDERWIJK,0243,HARDERWIJK,0341430921,primary
Gelderland,Basisschool Prinses Beatrix,Hoefslag,18,8077 SZ,HULSHORST,0302,NUNSPEET,0341451867,primary
Gelderland,Christelijke Basisschool Nederwoud,Kruisbeekweg,45,6741 NE,LUNTEREN,0228,EDE,0318482204,primary
Gelderland,De Bron,Postweg,7,6741 BA,LUNTEREN,0228,EDE,0318482526,primary
Gelderland,De Wegwijzer,Kerkhoflaan,27,6741 BN,LUNTEREN,0228,EDE,0318482122,primary
Gelderland,Christelijke Basisschool De Appelgaard,Barneveldseweg,182,3862 PD,NIJKERK,0267,NIJKERK,0342461632,primary
Gelderland,Basisschool De Horizon,Van Noortstraat,36,3864 EV,NIJKERKERVEEN,0267,NIJKERK,0332571623,primary
Gelderland,Rehobothschool,Brink,43-A,3861 VA,NIJKERK,0267,NIJKERK,0332451709,primary
Gelderland,Maranathaschool,Grieglaan,4,3862 GV,NIJKERK,0267,NIJKERK,0332451413,primary
Gelderland,Ichthusschool,Cornelis van Ramshorstln,3,3863 AZ,NIJKERK,0267,NIJKERK,0332462242,primary
Gelderland,De Hoeksteen,Zandoogje,1,3863 HS,NIJKERK,0267,NIJKERK,0332452824,primary
Gelderland,Protestants Christelijk Basisonderwijs De Wegwijzer,Groeneveltstraat,127,3882 XE,PUTTEN,0273,PUTTEN,0341353104,primary
Gelderland,Protestants Christelijk Basisschool De Pelikaan,Boekweitstraat,24,3882 GN,PUTTEN,0273,PUTTEN,0341357799,primary
Gelderland,Protestants Christelijk Basisonderwijs Hoef,Leembruggerweg,1,3882 RV,PUTTEN,0273,PUTTEN,0341351612,primary
Gelderland,Basisschool De Lichtbron,Vinkenweg,8,8191 XN,WAPENVELD,0246,HEERDE,0384478260,primary
Gelderland,cbs De Parel,Klapperdijk,35,8191 AC,WAPENVELD,0246,HEERDE,0384478205,primary
Gelderland,G J Van Den Brinkschool,Oude Eekmolenweg,30,6706 AP,WAGENINGEN,0289,WAGENINGEN,0317413395,primary
Groningen,De Clockeslach,Smederij,12,9541 AX,VLAGTWEDDE,1950,WESTERWOLDE,0599345688,primary
Groningen,Openbare Basisschool de Klimop,Ter Apelkanaal Oost,113-A,9563 RE,TER APELKANAAL,1950,WESTERWOLDE,0599416425,primary
Groningen,OBS De Vlinder,Jan Westerlaan,3,9561 GN,TER APEL,1950,WESTERWOLDE,0599583477,primary
Groningen,Basisschool op de Esch,Korteweg,2-B,9551 BM,SELLINGEN,1950,WESTERWOLDE,0599322548,primary
Groningen,Basisschool Plaggenborg,Wollinghuizerweg,27,9551 TG,SELLINGEN,1950,WESTERWOLDE,0599326300,primary
Groningen,Willem Lodewijck,Willem Lodewijkstraat,19,9545 PA,BOURTANGE,1950,WESTERWOLDE,0599354448,primary
Groningen,Streekschool De Wierde Gereformeerd Basisonderwijs,Aemckenheerd,2,9951 VZ,WINSUM GN,1966,HET HOGELAND,0595443326,primary
Groningen,Jenaplansch T Vlot,Mars,1-C,9602 KZ,HOOGEZAND,1952,MIDDEN-GRONINGEN,0598323082,primary
Groningen,Groningse Schoolvereniging,Sweelincklaan,4,9722 JV,GRONINGEN,0014,GRONINGEN,0505270818,primary
Groningen,Openbare Basisschool Kromme Akkers,Hunzeweg,68,9893 PD,GARNWERD,1969,WESTERKWARTIER,0594628000,primary
Groningen,Openbare School Klinkenborg,Pastorieweg,6,9995 PN,KANTENS,1966,HET HOGELAND,0595551788,primary
Groningen,Openbare Basisschool De Noordster,Burg Geerlingstraat,2,9988 SC,USQUERT,1966,HET HOGELAND,0595423690,primary
Groningen,Christelijke Basisschool Koning Willem-Alexander,Oude Tilsterweg,2,9981 JT,UITHUIZEN,1966,HET HOGELAND,0595432136,primary
Groningen,Christelijke Basisschool De Fontein,Riekele Prinsstraat,1-A,9791 DB,TEN BOER,0014,GRONINGEN,0503021571,primary
Groningen,Christelijke Basisschool De Rank,De Volle Handt,1,9989 DC,WARFFUM,1966,HET HOGELAND,0595423759,primary
Groningen,Protestants Christelijke BasisschoolDe Piramiden,Meeden,1-G,9951 HZ,WINSUM GN,1966,HET HOGELAND,0595442070,primary
Groningen,C B S  De Noordkaap,Willem de Merodelaan,1,9982 LK,UITHUIZERMEEDEN,1966,HET HOGELAND,0595413662,primary
Groningen,Samenwerkingsschool Op Wier,Schoolstraat,28,9891 BE,EZINGE,1969,WESTERKWARTIER,0594628001,primary
Groningen,Openbare Dalton Basis School Nijenstein,Onnemaweg,1,9997 NG,ZANDEWEER,1966,HET HOGELAND,0595433344,primary
Groningen,SWS Noorderlicht,Meijmaweg,9-A,9955 VC,RASQUERT,1966,HET HOGELAND,0595422704,primary
Groningen,sws De Leenstertil,R. Ritzemastraat,2-A,9965 TD,LEENS,1966,HET HOGELAND,0595572257,primary
Groningen,CBS De Wieken,Oldenhuisstraat,6,9792 PM,TEN POST,0014,GRONINGEN,0503022820,primary
Groningen,Christelijke Basisschool De Til,Kerkstraat,6,9797 PD,THESINGE,0014,GRONINGEN,0503021172,primary
Groningen,Christelijke Basisschool De Meander,Lindenlaan,14,9771 AM,SAUWERD,1966,HET HOGELAND,0503061571,primary
Groningen,Basisschool Borg,Borgweg,46,9951 BG,WINSUM GN,1966,HET HOGELAND,0595442318,primary
Groningen,s.w.s. De Zoutkamperril,H. Doornbosweg,2-A,9974 PE,ZOUTKAMP,1966,HET HOGELAND,0595402614,primary
Groningen,Basisschool 't Groenland,Van Berumstraat,2,9785 BG,ZUIDWOLDE GN,1966,HET HOGELAND,0503012348,primary
Groningen,openbare basisschool De Negen Wieken,Het Hooge Heem,1,9951 BT,WINSUM GN,1966,HET HOGELAND,0595441269,primary
Groningen,School Met De Bijbel De Regenboog,Schoolstraat,12,9781 JN,BEDUM,1966,HET HOGELAND,0503012724,primary
Groningen,Openbare basisschool Tiggeldobbe,Meeden,1,9951 HZ,WINSUM GN,1966,HET HOGELAND,0595441831,primary
Groningen,Samenwerkingsschool De Dobbe,Zuster Kortestraat,73,9983 SW,ROODESCHOOL,1966,HET HOGELAND,0595413394,primary
Groningen,Openbare Basisschool Brunwerd,Oude Tilsterweg,2-B,9981 JT,UITHUIZEN,1966,HET HOGELAND,0595432148,primary
Groningen,NBS De Sterren,Willem de Merodelaan,5,9982 LK,UITHUIZERMEEDEN,1966,HET HOGELAND,0595412802,primary
Groningen,Hendrik de Cockschool,Borgweg,46-A,9971 CN,ULRUM,1966,HET HOGELAND,0595402567,primary
Groningen,OBS De Wierde,Kleinestraat,8,9774 PN,ADORP,1966,HET HOGELAND,0503061261,primary
Groningen,openbare basisschool FH Jansenius De Vries,De Volle Handt,1-A,9989 DC,WARFFUM,1966,HET HOGELAND,0595422330,primary
Groningen,Basisschool Mandegoud,Halsemastraat,6-B,9977 SE,KLOOSTERBUREN,1966,HET HOGELAND,0595481747,primary
Groningen,IKC De Linde,Hunse,2,9967 PS,EENRUM,1966,HET HOGELAND,0595492080,primary
Groningen,Montessori Basisschool De Getijden,Frederiksoordweg,26-D,9968 AL,PIETERBUREN,1966,HET HOGELAND,0595528520,primary
Groningen,CBS De Verbinding,Verbindingsweg,2,9581 TH,MUSSELKANAAL,0037,STADSKANAAL,0599412502,primary
Groningen,CBS  Anne de Vries,Margrietlaan,3,9503 KA,STADSKANAAL,0037,STADSKANAAL,0599617411,primary
Groningen,CBS Het Gebint,Korteweg,2-A,9551 BM,SELLINGEN,1950,WESTERWOLDE,0599322556,primary
Groningen,CBS Oranje Nassauschool,Meidoornstraat,9,9501 VX,STADSKANAAL,0037,STADSKANAAL,0599651572,primary
Groningen,CBS De Lindenborgh,Kerkstraat,1,9581 TV,MUSSELKANAAL,0037,STADSKANAAL,0599412516,primary
Groningen,CBS De Zaaier,Smederij,18,9541 AX,VLAGTWEDDE,1950,WESTERWOLDE,0599345677,primary
Groningen,CBS De Rank,Boslaan,18,9591 BJ,ONSTWEDDE,0037,STADSKANAAL,0599331677,primary
Groningen,CBS Het Mozaïek,Acaciahage,17-19,9501 WD,STADSKANAAL,0037,STADSKANAAL,0599614924,primary
Groningen,CBS De Verrekijker,St. Luciastraat,9-A,9561 GB,TER APEL,1950,WESTERWOLDE,0599582040,primary
Groningen,CBS Op de Zandtange,Zandtangerweg,29,9584 AL,MUSSEL,0037,STADSKANAAL,0599454814,primary
Groningen,CBS De Maarsborg,De Wedde,11-13,9502 BD,STADSKANAAL,0037,STADSKANAAL,0599615830,primary
Groningen,CBS De Hochte,Beumeesweg,102,9661 AK,ALTEVEER GN,0037,STADSKANAAL,0599331348,primary
Groningen,Openbare Basisschool De Borgh,Rijksstraatweg,1,9801 AM,ZUIDHORN,1969,WESTERKWARTIER,0594500486,primary
Groningen,CBS Remmelt Booy,Terpstrastraat,12,9863 PV,DOEZUM,1969,WESTERKWARTIER,0594613743,primary
Groningen,CBS Jan Kuipers,Noorderdwarslaan,19,9861 CB,GROOTEGAST,1969,WESTERKWARTIER,0594612880,primary
Groningen,SWS De Groene Borg,Provincialeweg,55,9864 PB,KORNHORN,1969,WESTERKWARTIER,0594659104,primary
Groningen,IKC De Steltloper,Oosterweg,56,9367 RM,DE WILP,1969,WESTERKWARTIER,0594641858,primary
Groningen,Openbare Basisschool De Molenberg,Bovenweg,56-A,9861 GJ,GROOTEGAST,1969,WESTERKWARTIER,0594612661,primary
Groningen,SWS De Klimboom,Hoofdweg,46,9362 RA,BOERAKKER,1969,WESTERKWARTIER,0594549015,primary
Groningen,CBS De Bron,Hoornweg,44,9363 EH,MARUM,1969,WESTERKWARTIER,0594641624,primary
Groningen,CBS Rehoboth,Ykesloot,6,9821 TS,OLDEKERK,1969,WESTERKWARTIER,0594500998,primary
Groningen,CBS 't Fundament,Zeehaanstraat,3,9866 AT,LUTJEGAST,1969,WESTERKWARTIER,0594612192,primary
Groningen,SWS De Adeborg,Kleiweg,1-3,9831 PL,ADUARD,1969,WESTERKWARTIER,0504031800,primary
Groningen,CBS De Borgstee,De Singel,11,9843 ES,GRIJPSKERK,1969,WESTERKWARTIER,0594213008,primary
Groningen,SWS de Humstee,Wengeweer,2,9883 PR,OLDEHOVE,1969,WESTERKWARTIER,0594591713,primary
Groningen,CBS De Rietstek,Wigbold van Ewsumstraat,1,9882 PM,KOMMERZIJL,1969,WESTERKWARTIER,0594213624,primary
Groningen,Samenlevingsschool de Binding,Verbindingsweg,4,9865 TE,OPENDE,1969,WESTERKWARTIER,0594659522,primary
Groningen,SLS Het Nautilus,Geert Waldastraat,2,9801 AW,ZUIDHORN,1969,WESTERKWARTIER,0594208000,primary
Groningen,Samenlevingsschool De Stapsteen,Oldenoert,23-I,9351 KN,LEEK,1969,WESTERKWARTIER,0594514711,primary
Groningen,CBS Van Panhuys,De Knip,1-C,9351 XZ,LEEK,1969,WESTERKWARTIER,0594513955,primary
Groningen,CBS het Anker,Rijksstraatweg,1,9801 AM,ZUIDHORN,1969,WESTERKWARTIER,0594500313,primary
Groningen,CBS De Regenboog,'t Oelbred,4,9356 ED,TOLBERT,1969,WESTERKWARTIER,0594515226,primary
Groningen,SWS de Vlieger,Hamsterpad,1,9804 PZ,NOORDHORN,1969,WESTERKWARTIER,0594500244,primary
Groningen,OBS De Hasselbraam,De Knip,1-B,9351 XZ,LEEK,1969,WESTERKWARTIER,0594514808,primary
Groningen,CBS de Windroos,Evertsenstraat,7,9801 GK,ZUIDHORN,1969,WESTERKWARTIER,0594500249,primary
Groningen,obs De Nijenoert,Nijenoertweg,38-B,9351 HT,LEEK,1969,WESTERKWARTIER,0594514815,primary
Groningen,Basisschool De Beelen,Beelen,3,9356 CZ,TOLBERT,1969,WESTERKWARTIER,0594513923,primary
Groningen,Samenwerkingsschool De Gavelander,De Boomgaard,1,9828 RC,OOSTWOLD WESTERKWARTIER,1969,WESTERKWARTIER,0505515463,primary
Groningen,Kindcentrum De Zevenster,Grote Veenbrandstraat,17,9354 XH,ZEVENHUIZEN GN,1969,WESTERKWARTIER,0594631755,primary
Groningen,Openbare Basisschool De Opstap,De Ommegang,11-A,9822 AZ,NIEKERK WESTERKWARTIER,1969,WESTERKWARTIER,0594500089,primary
Groningen,Openbare Basisschool De Springplank,Hoornweg,44-A,9363 EH,MARUM,1969,WESTERKWARTIER,0594642755,primary
Groningen,Basisschool De Triangel,Kievitsweg,2-K,9843 HA,GRIJPSKERK,1969,WESTERKWARTIER,0594213342,primary
Groningen,Jenaplanschool WIJland,Zuiderstraat,1-A,9991 CM,MIDDELSTUM,1979,EEMSDELTA,0595552442,primary
Groningen,Christelijke Basisschool De Citer,Olingermeeden,8,9903 ET,APPINGEDAM,1979,EEMSDELTA,0596680003,primary
Groningen,Christelijke Basisschool Roemte,Schoolstraat,3,9919 HX,LOPPERSUM,1979,EEMSDELTA,0596571390,primary
Groningen,Kindcentrum 't Maar,Willem de Merodelaan,2-A,9909 BW,SPIJK GN,1979,EEMSDELTA,0596592006,primary
Groningen,Basisschool De Huifkar,Riekele Prinsstraat,1-B,9791 DB,TEN BOER,0014,GRONINGEN,0503022410,primary
Groningen,Togtemaarschool,De Vlijt,16,9781 NR,BEDUM,1966,HET HOGELAND,0503013784,primary
Groningen,Basisschool Ravelijn,Jachtlaan,9-D,9934 JA,DELFZIJL,1979,EEMSDELTA,0596617487,primary
Groningen,Farmsumerborg,Borgshof,16,9936 CS,FARMSUM,1979,EEMSDELTA,0596614118,primary
Groningen,Basisschool Garmerwolde,Dorpsweg,60,9798 PG,GARMERWOLDE,0014,GRONINGEN,0505420002,primary
Groningen,Qworzo,Burg. Garreltsweg,31,9946 PM,WOLDENDORP,1979,EEMSDELTA,0596601654,primary
Groningen,Basisschool de Kronkelaar,Tamarinde,1,9945 MA,WAGENBORGEN,1979,EEMSDELTA,0596541766,primary
Groningen,Christelijke Basisschool de Triangel,Wethouder Olthoflaan,4-B,9902 LB,APPINGEDAM,1979,EEMSDELTA,0596680023,primary
Groningen,Basisschool Jan Ligthart,Olingermeeden,2,9903 ET,APPINGEDAM,1979,EEMSDELTA,0596622635,primary
Groningen,Basisschool De Vuurvlinder,Wethouder Olthoflaan,4-A,9902 LB,APPINGEDAM,1979,EEMSDELTA,0596624053,primary
Groningen,Basisschool Kindcentrum Noord,Waddenweg,1,9933 KH,DELFZIJL,1979,EEMSDELTA,0596782460,primary
Groningen,Openbare Basisschool De Optimist,Jachtlaan,9-C,9934 JA,DELFZIJL,1979,EEMSDELTA,0596615211,primary
Groningen,Kind Centrum De Rietpluim,Hallehuis,10,9932 CR,DELFZIJL,1979,EEMSDELTA,0596729010,primary
Groningen,Basisschool De Klaver,Hilmaarweg,19,9921 RT,STEDUM,1979,EEMSDELTA,0596551302,primary
Groningen,Basisschool Abt Emo,Huizingerweg,7-A,9922 PM,WESTEREMDEN,1979,EEMSDELTA,0596551530,primary
Groningen,Kindcentrum Hiliglo,Balkgat,22,9905 RN,HOLWIERDE,1979,EEMSDELTA,0596625420,primary
Groningen,Basisschool De Zandplaat,Hoofdstraat,85,9915 PC,'T ZANDT,1979,EEMSDELTA,0596581300,primary
Groningen,Openbare basisschool Pr. Beatrix,Schoolstraat,3,9919 HX,LOPPERSUM,1979,EEMSDELTA,0596572616,primary
Groningen,Openbare Basisschool Letterwies,Meidoornstraat,20,9944 AR,NIEUWOLDA,1895,OLDAMBT,0596541265,primary
Groningen,Openbare Basisschool Houwingaham,Linteloostraat,1,9693 BG,BAD NIEUWESCHANS,1895,OLDAMBT,0597521616,primary
Groningen,Oosterschool voor Openbaar Basisonderwijs,Hoofdweg,233,9695 AH,BELLINGWOLDE,1950,WESTERWOLDE,0597531619,primary
Groningen,Openbare Basisschool De Noordkaap,Huningaweg,8,9682 PB,OOSTWOLD GEM OLDAMBT,1895,OLDAMBT,0597552121,primary
Groningen,Openbare Basisschool Drieborg,Geert Topelenstraat,9,9688 RN,DRIEBORG,1895,OLDAMBT,0597521477,primary
Groningen,Westerschool,Hoofdweg,77,9695 AC,BELLINGWOLDE,1950,WESTERWOLDE,0597532374,primary
Groningen,Openbare basisschool de Uilenburcht,F.J.J.Dreweslaan,1,9686 NG,BEERTA,1895,OLDAMBT,0597331651,primary
Groningen,Openbare Basisschool Heiligerlee,Schoollaan,5,9677 PV,HEILIGERLEE,1895,OLDAMBT,0597430730,primary
Groningen,Openbare Basisschool De Linde,Verlengde Berkenlaan,2,9663 GC,NIEUWE PEKELA,0765,PEKELA,0597646004,primary
Groningen,Samenwerkingsschool De Driesprong,Dorpsstraat,145-A,9699 PG,VRIESCHELOO,1950,WESTERWOLDE,0597541440,primary
Groningen,Openbare Basisschool Futura,Merelstraat,3,9679 JE,SCHEEMDA,1895,OLDAMBT,0597592524,primary
Groningen,Openbare Basisschool Hendrik Wester,Burgemeester Snaterlaan,68-C,9665 HS,OUDE PEKELA,0765,PEKELA,0597613710,primary
Groningen,De Vlonder,Wedderhofte,10,9698 AW,WEDDE,1950,WESTERWOLDE,0597561457,primary
Groningen,Feiko Clockschool,Sportlaan,10,9665 HT,OUDE PEKELA,0765,PEKELA,0597613678,primary
Groningen,De Wiekslag,Veurste Rou,4,9697 RZ,BLIJHAM,1950,WESTERWOLDE,0597562070,primary
Groningen,Openbare Basisschool de Kleine Dollard,Jachtlaan,21,9675 JA,WINSCHOTEN,1895,OLDAMBT,0597416188,primary
Groningen,Openbare Basisschool Beukenlaan,Beukenlaan,42,9674 CC,WINSCHOTEN,1895,OLDAMBT,0597414294,primary
Groningen,Openbare Basisschool de Tweemaster,Piet Heinlaan,19,9675 AZ,WINSCHOTEN,1895,OLDAMBT,0597414277,primary
Groningen,Openbare Basisschool de Waterlelie,Albert Verweijstraat,1,9673 BL,WINSCHOTEN,1895,OLDAMBT,0597354404,primary
Groningen,Openbare Basisschool de Bouwsteen,Hardenberg,8,9684 AM,FINSTERWOLDE,1895,OLDAMBT,0597331570,primary
Groningen,Amerikaschool,Schoolstraat,2-A,9635 AZ,NOORDBROEK,1952,MIDDEN-GRONINGEN,0598451410,primary
Groningen,Openbare Basisschool Menterhorn,Mahatma Gandhiweg,1,9649 BL,MUNTENDAM,1952,MIDDEN-GRONINGEN,0598612126,primary
Groningen,Openbare Basisschool De Tandem,De Vennen,6,9636 HE,ZUIDBROEK,1952,MIDDEN-GRONINGEN,0598451865,primary
Groningen,Openbare Basisschool De Springplank,Kugelslaan,15,9628 TK,SIDDEBUREN,1952,MIDDEN-GRONINGEN,0598431212,primary
Groningen,Openbare Basisschool De Meent,H. Goeman Borgesiusstr,52,9626 AX,SCHILDWOLDE,1952,MIDDEN-GRONINGEN,0598421434,primary
Groningen,Openbare Basisschool De Viermaster,Lauwers,4,9642 KX,VEENDAM,0047,VEENDAM,0598381925,primary
Groningen,Openbare Basisschool de Braskorf,Cornelis Jetseslaan,13,9646 DC,VEENDAM,0047,VEENDAM,0598613790,primary
Groningen,Openbare Basisschool De Noorderbreedte,Meezenbroekstraat,90,9645 PK,VEENDAM,0047,VEENDAM,0598613970,primary
Groningen,Hagenhof-School,Acaciahage,21-23,9501 WD,STADSKANAAL,0037,STADSKANAAL,0599613310,primary
Groningen,Openbare Basisschool Westerschool,Groen van Prinstererlaan,24,9648 AJ,WILDERVANK,0047,VEENDAM,0598416132,primary
Groningen,Openbare Basisschool De Sleutel,J. Kammingastraat,100,9648 KK,WILDERVANK,0047,VEENDAM,0598615577,primary
Groningen,Meester Neuteboomschool,Meester Neuteboomstraat,5,9502 CR,STADSKANAAL,0037,STADSKANAAL,0599612211,primary
Groningen,Openbare Basisschool De Oleander,Meidoornstraat,19,9501 VX,STADSKANAAL,0037,STADSKANAAL,0599617111,primary
Groningen,Openbare Basisschool de Ommewending,Houtduifstraat,24,9644 VL,VEENDAM,0047,VEENDAM,0598615015,primary
Groningen,Openbare Basisschool De Badde,Ceresstraat,44,9502 EB,STADSKANAAL,0037,STADSKANAAL,0599619511,primary
Groningen,Openbare Basisschool De Musselhorst,Spireastraat,4,9581 CZ,MUSSELKANAAL,0037,STADSKANAAL,0599416236,primary
Groningen,Ref Basisschool de Zaaier,Dierenriemstraat,2-A,9742 AH,GRONINGEN,0014,GRONINGEN,0505798727,primary
Groningen,Christelijke Basisschool De Hoeksteen,Beetslaan,2,9602 AX,HOOGEZAND,1952,MIDDEN-GRONINGEN,0598326932,primary
Groningen,Basisschool De Zonnewijzer Christelijk Basisonderwijs,Hoofdweg,79,9628 CL,SIDDEBUREN,1952,MIDDEN-GRONINGEN,0598431431,primary
Groningen,Christelijke Basisschool De Wegwijzer,Hoofdweg,126,9695 AP,BELLINGWOLDE,1950,WESTERWOLDE,0597531308,primary
Groningen,Christelijke Basisschool Mons Sinai,Provincialeweg,33,9677 PA,HEILIGERLEE,1895,OLDAMBT,0638162077,primary
Groningen,Dorpsschool Meeden,Hereweg,201,9651 AG,MEEDEN,1952,MIDDEN-GRONINGEN,0598614200,primary
Groningen,Protestants Christelijke Basisschool Groen van Prinsterer,Dorpshuisstraat,2,9663 GG,NIEUWE PEKELA,0765,PEKELA,0597645676,primary
Groningen,Christelijke Basisschool De Zevensprong,Burgemeester Snaterlaan,68-C,9665 HS,OUDE PEKELA,0765,PEKELA,0597612560,primary
Groningen,Christelijke Basisschool Annewieke,Merelstraat,1,9679 JE,SCHEEMDA,1895,OLDAMBT,0597591791,primary
Groningen,Maranathaschool,Hoogklei,7,9671 GC,WINSCHOTEN,1895,OLDAMBT,0579415137,primary
Groningen,Basisschool De Wegwijzer,De Vennen,6-A,9636 HE,ZUIDBROEK,1952,MIDDEN-GRONINGEN,0598451446,primary
Groningen,Christelijke Basisschool De Parel,Middenweg,1,9649 HP,MUNTENDAM,1952,MIDDEN-GRONINGEN,0598619648,primary
Groningen,Protestants Christelijke Basisschool De Wegwijzer,Slochterveldweg,1-B,9621 TD,SLOCHTEREN,1952,MIDDEN-GRONINGEN,0598421619,primary
Groningen,Christelijke Basisschool De Regenboog,Mars,1-B,9602 KZ,HOOGEZAND,1952,MIDDEN-GRONINGEN,0598321031,primary
Groningen,Protestants Christelijke Basisschool De Loopplank,Hoofdweg,170,9697 NS,BLIJHAM,1950,WESTERWOLDE,0597562876,primary
Groningen,Christelijke Basisschool Het Galjoen,Van Heemskerckstraat,32,9601 HD,HOOGEZAND,1952,MIDDEN-GRONINGEN,0598393915,primary
Groningen,Christelijke Basisschool De Lichtboei,Huningaweg,8,9682 PB,OOSTWOLD GEM OLDAMBT,1895,OLDAMBT,0597551448,primary
Groningen,De Vossenburcht,Jachtlaan,17,9675 JA,WINSCHOTEN,1895,OLDAMBT,0597414426,primary
Groningen,Basisschool Met De Bijbel Het Baken,2e Garstelaan,17-A,9678 RW,WESTERLEE,1895,OLDAMBT,0597530635,primary
Groningen,Basisschool t Haimstee,Linge,24,9642 HW,VEENDAM,0047,VEENDAM,0598620621,primary
Groningen,Basisschool de Kern,Dr. B. Brongersstraat,18,9645 AL,VEENDAM,0047,VEENDAM,0598632322,primary
Groningen,Openbare Basisschool de Wissel,Mellenssteeg,16,9753 HN,HAREN GN,0014,GRONINGEN,0505347348,primary
Groningen,Quintusschool,Nieuwe Schoolweg,6,9756 BB,GLIMMEN,0014,GRONINGEN,0504062290,primary
Groningen,Brinkschool,Oude Brinkweg,95,9751 RL,HAREN GN,0014,GRONINGEN,0505347524,primary
Groningen,De Pendinghe,Eikenlaan,288,9741 EW,GRONINGEN,0014,GRONINGEN,0503210448,primary
Groningen,Openbare Basisschool De Sterrensteen,Siersteenlaan,480,9743 EZ,GRONINGEN,0014,GRONINGEN,0503210471,primary
Groningen,Openbare Basisschool Karrepad,Molukkenstraat,1,9715 NR,GRONINGEN,0014,GRONINGEN,0503210443,primary
Groningen,IKC Borgman Oosterpark,Klaprooslaan,204,9713 SX,GRONINGEN,0014,GRONINGEN,0503210412,primary
Groningen,Oosterhoogebrugschool,Madeliefstraat,2,9731 CB,GRONINGEN,0014,GRONINGEN,0503210444,primary
Groningen,Basisschool Beijumkorf,Jaltadaheerd,53,9737 HC,GRONINGEN,0014,GRONINGEN,0503210400,primary
Groningen,Basisschool De Vuurtoren,Vaargeul,117-118,9732 JS,GRONINGEN,0014,GRONINGEN,0503210480,primary
Groningen,Basisschool Swoaistee,Kiel,7,9733 EB,GRONINGEN,0014,GRONINGEN,0503210477,primary
Groningen,IKC Borgman Ebbinge,Langestraat,10,9712 LT,GRONINGEN,0014,GRONINGEN,0503210410,primary
Groningen,Boerhaave School,Veenweg,1-1,9728 NH,GRONINGEN,0014,GRONINGEN,0503210405,primary
Groningen,Bredero-School,Ina Boudierplantsoen,3,9721 XA,GRONINGEN,0014,GRONINGEN,0503210420,primary
Groningen,Joseph Haydn-School,Haydnlaan,102,9722 CL,GRONINGEN,0014,GRONINGEN,0503210433,primary
Groningen,De Ploeg,Zuiderweg,70-3,9744 AP,GRONINGEN,0014,GRONINGEN,0503210455,primary
Groningen,De Driebond,Woldjerspoorweg,5-B,9723 ER,GRONINGEN,0014,GRONINGEN,0503210423,primary
Groningen,De Starter,Parkweg,128,9727 HD,GRONINGEN,0014,GRONINGEN,0503210470,primary
Groningen,OBS Meander,Slenk,2,9746 RS,GRONINGEN,0014,GRONINGEN,0503210440,primary
Groningen,De Feniks,Maresiusstraat,22,9746 BJ,GRONINGEN,0014,GRONINGEN,0503210430,primary
Groningen,De Petteflet,Jacob van Ruysdaelstraat,73,9718 SC,GRONINGEN,0014,GRONINGEN,0503210450,primary
Groningen,Groenewei,Lammetjesplein,1-3,9613 CZ,MEERSTAD,0014,GRONINGEN, ,primary
Groningen,Basisschool De Leilinde - school met de Bijbel,Burg H J Wichersstraat,14,9671 JA,WINSCHOTEN,1895,OLDAMBT,0597422953,primary
Groningen,Basisschool Klim-op - school met de Bijbel,Boerdamsterweg,12,9991 BN,MIDDELSTUM,1979,EEMSDELTA,0595551782,primary
Groningen,Basisschool De Lichtbron - school met de Bijbel,Keyserstraat,7,9601 HL,HOOGEZAND,1952,MIDDEN-GRONINGEN,0598323372,primary
Groningen,Basisschool Christal - school met de Bijbel,Wilgenstraat,47,9861 EE,GROOTEGAST,1969,WESTERKWARTIER,0594613657,primary
Groningen,Basisschool De Horizon - school met de Bijbel,Marijkelaan,3,9781 EG,BEDUM,1966,HET HOGELAND,0503015459,primary
Groningen,Christelijke Basisschool De Ster,Dorpshuisweg,36,9617 BN,HARKSTEDE,1952,MIDDEN-GRONINGEN,0504041338,primary
Groningen,Basisschool De Wiekslag - school met de Bijbel,Schoollaan,1,9626 ZA,SCHILDWOLDE,1952,MIDDEN-GRONINGEN,0598422427,primary
Groningen,Basisschool Rehoboth - school met de Bijbel,Prinses Margrietstraat,3,9744 CL,GRONINGEN,0014,GRONINGEN,0505530147,primary
Groningen,Basisschool Het Prisma - school met de Bijbel,Langelandsterweg,1,9982 BC,UITHUIZERMEEDEN,1966,HET HOGELAND,0595412990,primary
Groningen,Basisschool Het Baken - school met de Bijbel,Stuurboordlaan,1,9934 JN,DELFZIJL,1979,EEMSDELTA,0596612722,primary
Groningen,Basisschool Het Noorderlicht - school met de Bijbel,Maarsdreef,22,9501 AM,STADSKANAAL,0037,STADSKANAAL,0599612564,primary
Groningen,Basisschool Het Mozaiek - school met de Bijbel,Tussenziel,25,9753 EL,HAREN GN,0014,GRONINGEN,0505370087,primary
Groningen,Basisschool De Poort - school met de Bijbel,Emmerwolderweg,1,9791 JB,TEN BOER,0014,GRONINGEN,0503023072,primary
Groningen,Basisschool De Handpalm - school met de Bijbel,Prins Bernhardstraat,3,9965 RA,LEENS,1966,HET HOGELAND,0595572070,primary
Groningen,Basisschool Het Palet - school met de Bijbel,Froukemaheerd,1,9736 RA,GRONINGEN,0014,GRONINGEN,0505412919,primary
Groningen,Basisschool De Brug - school met de Bijbel,Boslaan,38,9801 HG,ZUIDHORN,1969,WESTERKWARTIER,0594502268,primary
Groningen,Basisschool De Springplank - school met de Bijbel,Oldenoert,55,9351 KV,LEEK,1969,WESTERKWARTIER,0594512720,primary
Groningen,Basisschool Onder de Wieken - school met de Bijbel,De Omloop,10,9883 PW,OLDEHOVE,1969,WESTERKWARTIER,0594591750,primary
Groningen,OBS de Woldstee,Slochterveldweg,1-A,9621 TD,SLOCHTEREN,1952,MIDDEN-GRONINGEN,0598421237,primary
Groningen,OBS Oetkomst,Hoofdweg,42,9615 AE,KOLHAM,1952,MIDDEN-GRONINGEN,0598397037,primary
Groningen,OBS Driespan,Dorpshuisweg,36,9617 BN,HARKSTEDE,1952,MIDDEN-GRONINGEN,0504041675,primary
Groningen,OBS de Achtbaan,Beetslaan,8,9602 AX,HOOGEZAND,1952,MIDDEN-GRONINGEN,0598703703,primary
Groningen,OBS Het Noorderlicht,Zuiderkroon,6,9602 MZ,HOOGEZAND,1952,MIDDEN-GRONINGEN,0598321376,primary
Groningen,OBS W.A. Scholtenschool,Pluvierstraat,13,9607 RJ,FOXHOL,1952,MIDDEN-GRONINGEN,0598393699,primary
Groningen,OBS Walstraschool,Woldweg,124,9606 PH,KROPSWOLDE,1952,MIDDEN-GRONINGEN,0598351677,primary
Groningen,OBS de Ontdekking,Jan Huitzingstraat,4,9601 AR,HOOGEZAND,1952,MIDDEN-GRONINGEN,0598396100,primary
Groningen,OBS Theo Thijssenschool,Boomgaard,37,9603 HL,HOOGEZAND,1952,MIDDEN-GRONINGEN,0598383080,primary
Groningen,OBS 't Heidemeer,Arie Bosscherstraat,32,9611 EN,SAPPEMEER,1952,MIDDEN-GRONINGEN,0598394045,primary
Groningen,IKC Hoi Pippeloi,Ds. Petersenstraat,3,9641 EM,VEENDAM,0047,VEENDAM,0598380522,primary
Groningen,Samenwerking Basisschool Pork,Zanglijster,38,9561 CB,TER APEL,1950,WESTERWOLDE,0599582647,primary
Groningen,St Gerardus Majella,Beetslaan,4,9602 AX,HOOGEZAND,1952,MIDDEN-GRONINGEN,0598321574,primary
Groningen,Willibrord-School,Esperantolaan,2,9501 CZ,STADSKANAAL,0037,STADSKANAAL,0599651712,primary
Groningen,Rooms Katholieke Basisschool Bonifatius,Kapelweg,15,9561 GA,TER APEL,1950,WESTERWOLDE,0599581890,primary
Groningen,Jenaplanschool 't Sterrenpad,Nieuweweg,57-B,9364 PB,NUIS,1969,WESTERKWARTIER,0594585810,primary
Groningen,Hoogholtje,Mernaweg,55-A,9964 AR,WEHE-DEN HOORN,1966,HET HOGELAND,0595571327,primary
Groningen,Rooms Katholieke Basisschool De Schelp,Oude Tilsterweg,2-C,9981 JT,UITHUIZEN,1966,HET HOGELAND,0595433036,primary
Groningen,RK Basisschool St Vitus,Dwingelooweg,19,9671 KA,WINSCHOTEN,1895,OLDAMBT,0597432996,primary
Groningen,Katholieke Daltonschool Sint Walfridus,Bazuinslaan,2,9781 HM,BEDUM,1966,HET HOGELAND,0503015467,primary
Groningen,Sint Willibrordusschool,Burgemeester Snaterlaan,68-C,9665 HS,OUDE PEKELA,0765,PEKELA,0597614008,primary
Groningen,St Antoniusschool,Boomgaard,31,9603 HL,HOOGEZAND,1952,MIDDEN-GRONINGEN,0598393114,primary
Groningen,Rooms Katholieke Basisschool Onze Lieve Vrouwe Sterre der Zee,Jachtlaan,9-A,9934 JA,DELFZIJL,1979,EEMSDELTA,0596613299,primary
Groningen,Basisschool St Antonius,Floralaan,41,9581 TZ,MUSSELKANAAL,0037,STADSKANAAL,0599413994,primary
Groningen,Basisschool Monseigneur Bekkers,Prins Bernhardlaan,87,9641 LT,VEENDAM,0047,VEENDAM,0598615375,primary
Groningen,Jenaplansch in de Manne,Steenstraat,30,9646 BA,VEENDAM,0047,VEENDAM,0598626371,primary
Groningen,De PIT Groningen,Wibenaheerd,24,9736 PB,GRONINGEN,0014,GRONINGEN, ,primary
Groningen,St Michaelschool,Butjesstraat,8,9712 EW,GRONINGEN,0014,GRONINGEN,0503125282,primary
Groningen,Katholieke Daltonschool Bisschop Bekkers,Siriusstraat,1,9742 KT,GRONINGEN,0014,GRONINGEN,0505779506,primary
Groningen,St. Franciscus,Star Numanstraat,52,9714 JS,GRONINGEN,0014,GRONINGEN,0502100282,primary
Groningen,Christelijke Basisschool De Borg,Wederikweg,19,9753 AA,HAREN GN,0014,GRONINGEN,0505348190,primary
Groningen,Anne Frankschool,De Sanstraat,13,9744 HW,GRONINGEN,0014,GRONINGEN,0505530336,primary
Groningen,Nassauschool,Nassaulaan,5,9717 CE,GRONINGEN,0014,GRONINGEN,0503180436,primary
Groningen,De Kleine Wereld,S.S. Rosensteinlaan,21,9713 AT,GRONINGEN,0014,GRONINGEN,0503181710,primary
Groningen,De Wegwijzer,Prunusstraat,76,9741 LE,GRONINGEN,0014,GRONINGEN,0505777681,primary
Groningen,De Hoeksteen,Siersteenlaan,480-1,9743 EZ,GRONINGEN,0014,GRONINGEN,0505791550,primary
Groningen,Het Kompas,Valreep,67-69,9732 EJ,GRONINGEN,0014,GRONINGEN,0505412289,primary
Groningen,De Tamarisk,Van Ketwich Verschuurln,90,9721 SW,GRONINGEN,0014,GRONINGEN,0505254159,primary
Groningen,De Heerdstee,Bentismaheerd,1,9736 EA,GRONINGEN,0014,GRONINGEN,0505417232,primary
Groningen,Dom Helder Camara Basisschool,Onnemaheerd,2,9736 AM,GRONINGEN,0014,GRONINGEN,0505412250,primary
Groningen,Samenwerkingsschool Meeroevers,Meeroeverslaan,312,9613 AE,MEERSTAD,0014,GRONINGEN,0502306061,primary
Groningen,Cbs Aquamarijn,Maresiusstraat,24,9746 BJ,GRONINGEN,0014,GRONINGEN,0502103434,primary
Groningen,IKC de Rietzee,Slenk,2,9746 RS,GRONINGEN,0014,GRONINGEN, ,primary
Groningen,Sint Nicolaasschool,Westerse Drift,98,9752 LK,HAREN GN,0014,GRONINGEN,0505346750,primary
Groningen,De Vrije School Groningen Onderbouw,Merwedestraat,41,9725 KA,GRONINGEN,0014,GRONINGEN,0505251663,primary
Limburg,Basisschool De Zjwiek,Pastoor Hanraetsstraat,9,6088 EH,ROGGEL,1640,LEUDAL,0475491864,primary
Limburg,Basisschool Harlekijn,Dorpstraat,51,6095 AG,BAEXEM,1640,LEUDAL,0475451624,primary
Limburg,Basisschool De Kwir,Kloosterpad,14,6086 AK,NEER,1640,LEUDAL,0475591414,primary
Limburg,Basisschool De Verrekijker,Scheijvenstraat,12,6011 RL,ELL,1640,LEUDAL,0495551366,primary
Limburg,Cluster HIN,Begoniastraat,11,6014 BH,ITTERVOORT,1640,LEUDAL,0475565203,primary
Limburg,De Glundering,Ringoven,5,6081 GR,HAELEN,1640,LEUDAL,0475300989,primary
Limburg,Basisschool De Mussenberg,Voogdenstraat,2,6085 CH,HORN,1640,LEUDAL,0475581323,primary
Limburg,Basisschool de Klink,Nassauplein,6,6096 AZ,GRATHEM,1640,LEUDAL,0475459008,primary
Limburg,Basissch De Neerakker,In de Neerakker,2,6093 JE,HEYTHUYSEN,1640,LEUDAL,0475497334,primary
Limburg,St Martinus Basisschool,Prinses Beatrixstraat,2,5911 BM,VENLO,0983,VENLO,0773200681,primary
Limburg,Al Andalous,Hulsterweg,1,5912 PL,VENLO,0983,VENLO,0778502939,primary
Limburg,Gereformeerde Basisschool Benjamin,Koolweg,9,6446 TM,BRUNSSUM,0899,BRUNSSUM,0455216561,primary
Limburg,Basisschool St Vitus,Kasteellaan,23,5855 AD,WELL LB,0893,BERGEN LB,0478501155,primary
Limburg,Stella Nova,Martinushof,21,6591 DM,GENNEP,0907,GENNEP,0485511783,primary
Limburg,Rooms Katholieke Basisschool De Drie Vijvers,Schoolstraat,2,6596 AP,MILSBEEK,0907,GENNEP,0485516566,primary
Limburg,Rooms Katholieke Basisschool 't Diekske,Langstraat,6-A,5851 BE,AFFERDEN LB,0893,BERGEN LB,0485531411,primary
Limburg,Rooms Katholieke Basisschool De Heggerank,Sleedoornstraat,3,6598 AX,HEIJEN,0907,GENNEP,0485512053,primary
Limburg,Basisschool De Fontein,Pieter de Hooghstraat,2,5854 ES,BERGEN LB,0893,BERGEN LB,0485341248,primary
Limburg,Basisschool De Grote Lier,Esdoornlaan,8,6584 BD,MOLENHOEK,0944,MOOK EN MIDDELAAR,0243880008,primary
Limburg,Basisschool de Vonder,Kerkvonder,3,6599 AK,VEN-ZELDERHEIDE,0907,GENNEP,0485518046,primary
Limburg,Rooms Katholieke Basisschool Sint Catharina,Catharinastraat,47,5856 AS,WELLERLOOI,0893,BERGEN LB,0478501876,primary
Limburg,Basisschool De Ratel,2e Dwarsweg,77,6591 XP,GENNEP,0907,GENNEP,0485540235,primary
Limburg,Basisschool De Maaskei,Koningin Julianastraat,5-A,6585 XP,MOOK,0944,MOOK EN MIDDELAAR,0246962763,primary
Limburg,Basisschool De Brink,Brink,20,6595 AN,OTTERSUM,0907,GENNEP,0485540932,primary
Limburg,Basisschool 't Kendelke,Kendelweg,1,5853 EL,SIEBENGEWALD,0893,BERGEN LB,0485441564,primary
Limburg,Sterrenschool EigenWijs,Bouwsteeg,1,6587 AW,MIDDELAAR,0944,MOOK EN MIDDELAAR,0246961202,primary
Limburg,El Wahda Islamitische Basisschool,Voskuilenweg,137,6416 AJ,HEERLEN,0917,HEERLEN,0455716152,primary
Limburg,Emile Wesly Basisschool,Keurmeestersdreef,129,6216 ED,MAASTRICHT,0935,MAASTRICHT,0433431821,primary
Limburg,RK Basisschool De Leeuwerik,Boschweg,70,6142 AD,EINIGHAUSEN,1883,SITTARD-GELEEN,0464810810,primary
Limburg,Basisschool De Kluis,Meeuwenlaan,4,6165 SW,GELEEN,1883,SITTARD-GELEEN,0464746031,primary
Limburg,Basisschool  Sterrenrijk,Molenstraat,42-A,6161 CV,GELEEN,1883,SITTARD-GELEEN,0464746016,primary
Limburg,Rooms Katholieke Basisschool De Lemborgh,Salviusstraat,2,6141 LK,LIMBRICHT,1883,SITTARD-GELEEN,0464111176,primary
Limburg,Basisschool 't Heuvelke,Dahliastraat,4,6163 CH,GELEEN,1883,SITTARD-GELEEN,0464743181,primary
Limburg,Basisschool de Driesprong,Haesselderstraat,9,6166 EG,GELEEN,1883,SITTARD-GELEEN,0464759767,primary
Limburg,Basisschool Reuzepas,Verdistraat,25,6164 CK,GELEEN,1883,SITTARD-GELEEN,0464747207,primary
Limburg,Sterrenpad 't Ven,Noordervaartlaan,45,5916 SR,VENLO,0983,VENLO,0773511319,primary
Limburg,Talentencampus Venlo Basisonderwijs,Rijnbeekstraat,8,5913 GB,VENLO,0983,VENLO,0778500026,primary
Limburg,Basisschool De Zuidstroom,Pastoor Op Heijstraat,26,5912 BT,VENLO,0983,VENLO,0773517906,primary
Limburg,RK BSO De Meule,Molenstraat,21,5914 XS,VENLO,0983,VENLO,0773200788,primary
Limburg,Rooms Katholieke Basisschool Groeneveld,Wethouder Receveurlaan,5,5913 SR,VENLO,0983,VENLO,0263238811,primary
Limburg,Basisschool De Weiert,Burg V S-Jansbekenpln,1,5944 BN,ARCEN,0983,VENLO,0774731894,primary
Limburg,Basisschool De Wegwijzer,Kampstraat,21,5943 AR,LOMM,0983,VENLO,0774731500,primary
Limburg,BS Kleur - Rijk,Wolweversstraat,1,5914 PG,VENLO,0983,VENLO,0773514170,primary
Limburg,School aan de Vijver,Vijverhofstraat,2,5913 TV,VENLO,0983,VENLO,0773512259,primary
Limburg,De Startbaan,Schandeloseweg,1-C,5941 CP,VELDEN,0983,VENLO,0774721650,primary
Limburg,St Willibrordus School,Gulikstraat,196,5913 CZ,VENLO,0983,VENLO,0773513868,primary
Limburg,Venlose Montessorischool,Craneveldstraat,187,5914 SH,VENLO,0983,VENLO,0773545927,primary
Limburg,Montessorischool Weert,Wiekendreef,101,6003 BV,WEERT,0988,WEERT,0495543381,primary
Limburg,Montessorischool Venray,Boterbloem,45,5803 CN,VENRAY,0984,VENRAY,0478515750,primary
Limburg,Vrijeschool Christophorus,Schouwberg,27,6041 AG,ROERMOND,0957,ROERMOND,0475333160,primary
Limburg,Rudolf Steiner Educare,Zustersstraat,25,5914 XX,VENLO,0983,VENLO,0773543587,primary
Limburg,Bernard Lievegoed School,Leuvenlaan,35,6229 GX,MAASTRICHT,0935,MAASTRICHT,0433617398,primary
Limburg,Vrijeschool Helianthus,Kerkraderweg,7-B,6416 CC,HEERLEN,0917,HEERLEN,0455729236,primary
Limburg,Basisschool Jf Kennedy,Keurmeestersdreef,129,6216 ED,MAASTRICHT,0935,MAASTRICHT,0433440500,primary
Limburg,Basisonderwijs Scharn,Kloosterstraat,5-7,6226 BP,MAASTRICHT,0935,MAASTRICHT,0433620565,primary
Limburg,Basisschool St Oda,Pastoor Habetsstraat,40,6217 KM,MAASTRICHT,0935,MAASTRICHT,0433430970,primary
Limburg,Basisschool Petrus en Paulus,Felix Bockenplein,1,6213 HM,MAASTRICHT,0935,MAASTRICHT,0433431399,primary
Limburg,Basisschool Amby,Koninginnestraat,2,6225 BR,MAASTRICHT,0935,MAASTRICHT,0433620582,primary
Limburg,Kindcentrum Mosasaurus,Old Hickoryplein,100,6224 AZ,MAASTRICHT,0935,MAASTRICHT,0433623796,primary
Limburg,Basisschool Het Mozaïek,Prestantstraat,40,6217 XX,MAASTRICHT,0935,MAASTRICHT,0433432804,primary
Limburg,Rooms Katholieke Basisschool de Maaskopkes,Schoolstraat,15,6223 BD,MAASTRICHT,0935,MAASTRICHT,0433632281,primary
Limburg,Basisschool Wijck,Wycker Grachtstraat,4-A,6221 CW,MAASTRICHT,0935,MAASTRICHT,0433218997,primary
Limburg,Rooms Katholieke Basisschool St Pieter,Bergweg,50,6212 CX,MAASTRICHT,0935,MAASTRICHT,0433212078,primary
Limburg,Basisschool De Vlinderboom,Kelvinstraat,3,6227 VA,MAASTRICHT,0935,MAASTRICHT,0433671335,primary
Limburg,Basisschool Sint Aloysius,Brusselsestraat,46,6211 PG,MAASTRICHT,0935,MAASTRICHT,0433210497,primary
Limburg,Montessori Basisschool,Capucijnenstraat,118,6211 RT,MAASTRICHT,0935,MAASTRICHT,0433215250,primary
Limburg,Integraal Kindcentrum De Geluksvogel,Balijeweg,101,6222 BE,MAASTRICHT,0935,MAASTRICHT,0433632065,primary
Limburg,Basisschool Anne Frank,De Beente,15,6229 AV,MAASTRICHT,0935,MAASTRICHT,0433612916,primary
Limburg,Basisschool Manjefiek,Malbergsingel,68,6218 AV,MAASTRICHT,0935,MAASTRICHT,0433541400,primary
Limburg,Openbare Jenaplan Basisschool De Omnibus,Huissen,4,5991 PX,BAARLO LB,1894,PEEL EN MAAS,0774778239,primary
Limburg,OBS De Verhalentuin,Prins Bernhardstraat,5,6037 RW,KELPEN-OLER,1640,LEUDAL,0495651616,primary
Limburg,Openbare Basisschool De Samensprong,Leliestraat,8-A,5971 AN,GRUBBENVORST,1507,HORST AAN DE MAAS,0773662490,primary
Limburg,Openbare Basisschool Harlekijn,Ganzerikstraat,1,5925 BJ,VENLO,0983,VENLO,0773829037,primary
Limburg,Openbaar Kindcentrum De Toermalijn,Galgenvenstraat,70,5932 SV,TEGELEN,0983,VENLO,0773735345,primary
Limburg,Openbare Jenaplan Basisschool De Triolier,Sint Annastraat,31,5953 LR,REUVER,0889,BEESEL,0774769000,primary
Limburg,Openbare Jenaplanbasisschool De Krullevaar,Wilhelminastraat,3-A,5975 CK,SEVENUM,1507,HORST AAN DE MAAS,0774672065,primary
Limburg,Openbaar Kindcentrum Het Maasveld,Beekpunge,57,5931 DP,TEGELEN,0983,VENLO,0773260724,primary
Limburg,Integraal Kindcentrum De Koperwiek,Broekhofstraat,2,5912 TP,VENLO,0983,VENLO,0773200484,primary
Limburg,Openbaar Kindcentrum De Wereld,Kennedyplein,58-A,5993 BT,MAASBREE,1894,PEEL EN MAAS,0773200799,primary
Limburg,OBS Buggenum,Berikstraat,13,6082 AM,BUGGENUM,1640,LEUDAL,0475794031,primary
Limburg,Basisschool Elckerlyc,Martinushof,21,6591 DM,GENNEP,0907,GENNEP,0485516827,primary
Limburg,Openbare Daltonbasisschool De Klimop,Pieter de Hooghstraat,10,5854 ES,BERGEN LB,0893,BERGEN LB,0485342267,primary
Limburg,Basisschool De Draaiende Wieken,Streekelsweg,6,6061 EL,POSTERHOLT,1669,ROERDALEN,0475402865,primary
Limburg,Basisschool Ummer Clumme,Wil Houbenhof,1,6343 RR,KLIMMEN,0986,VOERENDAAL,0454051541,primary
Limburg,Rooms Katholieke Basisschool Bergop,Bostenstraat,21,6367 HK,VOERENDAAL,0986,VOERENDAAL,0455620255,primary
Limburg,Basisschool Franciscus,Schoollaan,2,6241 BM,BUNDE,0938,MEERSSEN,0433641508,primary
Limburg,Basisschool Keuningshofke,Karel V straat,45,6104 BR,KONINGSBOSCH,1711,ECHT-SUSTEREN,0475301274,primary
Limburg,Basisschool Sint Franciscus,Wijenweg,143-D,6446 AK,BRUNSSUM,0899,BRUNSSUM,0455220455,primary
Limburg,Cortemich Brede School Voerendaal,Cortemich,2,6367 CG,VOERENDAAL,0986,VOERENDAAL,0455751444,primary
Limburg,Basisschool De Bolster,Keelkampstraat,66,6361 XG,NUTH,1954,BEEKDAELEN,0455650101,primary
Limburg,Basisschool op de Top,Vijlenberg,139,6294 AT,VIJLEN,0981,VAALS,0433061785,primary
Limburg,Rooms Katholieke Basisschool De Wegwijzer,Mijnzetellaan,4,6412 EN,HEERLEN,0917,HEERLEN,0455720943,primary
Limburg,Rooms Katholieke Basisschool De Verrekijker,De Gyselaar,80,6436 AZ,AMSTENRADE,1954,BEEKDAELEN,0464422553,primary
Limburg,Basisschool St. Stefanus,Panhuysstraat,3,6363 BZ,WIJNANDSRADE,1954,BEEKDAELEN,0455650074,primary
Limburg,Basisschool St Dionysius,Oude Markt,15,6365 CJ,SCHINNEN,1954,BEEKDAELEN,0464431885,primary
Limburg,Basisschool het Avontuur,Ankersweg,52-C,6122 ET,BUCHTEN,1883,SITTARD-GELEEN,0464852338,primary
Limburg,Rooms Katholieke Basisschool Swentibold,Putstraat,107,6121 LH,BORN,1883,SITTARD-GELEEN,0464851562,primary
Limburg,Rooms Katholieke Basisschool A Hermkes,Schoolstraat,16,6285 BB,EPEN,1729,GULPEN-WITTEM,0434559044,primary
Limburg,Basisschool Triangel,Linnerhof,36,6067 EJ,LINNE,1641,MAASGOUW,0475462321,primary
Limburg,Basisschool Witheim,Hilleshagerweg,32,6281 AE,MECHELEN,1729,GULPEN-WITTEM,0434559059,primary
Limburg,Basisschool Heilig Hart,Schoolstraat,2,6301 AS,VALKENBURG LB,0994,VALKENBURG AAN DE GEUL,0436013139,primary
Limburg,Basisschool Windekind,Van Weerden Poelmanstr,192,6417 ES,HEERLEN,0917,HEERLEN,0455419761,primary
Limburg,R.K. BS De Kleine Wereld,Adelbertstraat,1-A,6291 HS,VAALS,0981,VAALS,0433061007,primary
Limburg,Basisschool Hulsberg,Schoolstraat,17,6336 AN,HULSBERG,1954,BEEKDAELEN,0454051377,primary
Limburg,Rooms Katholieke Basisschool Klavertje Vier,Kanariestraat,1,6287 BB,EYS,1729,GULPEN-WITTEM,0434511535,primary
Limburg,Basisschool Valkenburg,Plenkertstraat,42,6301 GM,VALKENBURG LB,0994,VALKENBURG AAN DE GEUL,0436013115,primary
Limburg,Basisschool Sint Theresia,Ransdalerstraat,62,6312 AJ,RANSDAAL,0986,VOERENDAAL,0434591682,primary
Limburg,Basisschool 't Kirkeveldsje,St. Remigiusstraat,1-A,6333 CW,SCHIMMERT,1954,BEEKDAELEN,0454041321,primary
Limburg,Basisschool De WereldSter,Past Dominicus Hexstraat,16,6231 HG,MEERSSEN,0938,MEERSSEN,0433642813,primary
Limburg,Basisschool de Triangel,Kasteelstraat,22,6235 BP,ULESTRATEN,0938,MEERSSEN,0433652729,primary
Limburg,Basisschool Ondersteboven,Hagendoornweg,2,6237 NP,MOORVELD,0938,MEERSSEN,0433641630,primary
Limburg,Basisschool de Lindegaerd,Pastoor Geelenplein,2,6231 BP,MEERSSEN,0938,MEERSSEN,0433642915,primary
Limburg,Basisschool De Triangel,Willem Vliegenstraat,7,6271 DA,GULPEN,1729,GULPEN-WITTEM,0434506150,primary
Limburg,Rooms Katholieke Basisschool Sint Martinus,Akerstraat,97,6417 BK,HEERLEN,0917,HEERLEN,0455711559,primary
Limburg,Rooms Katholieke Basisschool Sint Tarcisius,Bekkerveld,30,6417 CM,HEERLEN,0917,HEERLEN,0455714263,primary
Limburg,Rooms Katholieke Basisschool De Windwijzer,Vullingsweg,64,6418 HV,HEERLEN,0917,HEERLEN,0455413805,primary
Limburg,Broederschool,Kerkraderweg,7,6416 CC,HEERLEN,0917,HEERLEN,0455716141,primary
Limburg,Rooms Katholieke Basisschool Eikenderveld,Sint Angelastraat,11,6411 TN,HEERLEN,0917,HEERLEN,0455713850,primary
Limburg,Rooms Katholieke Basisschool De Horizon,Grasbroekerweg,124,6412 BH,HEERLEN,0917,HEERLEN,0455720872,primary
Limburg,Kindcentrum Paulus,Laurierstraat,72,6413 RR,HEERLEN,0917,HEERLEN,0455212068,primary
Limburg,Rooms Katholieke Basisschool De Schakel,Zes Landenstraat,1,6414 GG,HEERLEN,0917,HEERLEN,0455212250,primary
Limburg,Jenaplanschool De Vlieger,Kleine Steeg,8,6131 KJ,SITTARD,1883,SITTARD-GELEEN,0464526667,primary
Limburg,De Harlekijn,Strijthagerweg,10,6372 AC,LANDGRAAF,0882,LANDGRAAF,0455325761,primary
Limburg,Basisschool Titus Brandsma,De Gasperistraat,5,6441 JJ,BRUNSSUM,0899,BRUNSSUM,0455251666,primary
Limburg,Basisschool de Caleidoscoop,Essenstraat,1,6444 CL,BRUNSSUM,0899,BRUNSSUM,0455251196,primary
Limburg,Basisschool Bocholtz,Wijngracht,11,6351 HJ,BOCHOLTZ,0965,SIMPELVELD,0455443614,primary
Limburg,Basisschool de Woanderboom,Kerkstraat,5,6447 BE,MERKELBEEK,1954,BEEKDAELEN,0464428036,primary
Limburg,Rooms Katholieke Basisschool Sint Ger Majella,Hei-Grindelweg,88,6414 BT,HEERLEN,0917,HEERLEN,0455285960,primary
Limburg,Oecumenische Basisschool De Wegwijzer,Veeweg,73,6374 AN,LANDGRAAF,0882,LANDGRAAF,0455315927,primary
Limburg,Basisschool De Schakel,Leliestraat,31,6466 XN,KERKRADE,0928,KERKRADE,0455411756,primary
Limburg,Basisschool Meander,De Insel,23,6442 AJ,BRUNSSUM,0899,BRUNSSUM,0455251183,primary
Limburg,Basisschool Bleijerheide,Bleijerheiderstraat,125,6462 AH,KERKRADE,0928,KERKRADE,0455452766,primary
Limburg,Basisschool de Spoorzoeker,Plein,36,6466 GG,KERKRADE,0928,KERKRADE,0455411367,primary
Limburg,Basisschool De Veldhof,Anselderlaan,10,6471 GL,EYGELSHOVEN,0928,KERKRADE,0455351434,primary
Limburg,Basisschool De Opstap,Prins Bernhardstraat,40-C,6441 AL,BRUNSSUM,0899,BRUNSSUM,0455252550,primary
Limburg,Basisschool De Regenboog,Weijenbergstraat,8,6431 AL,HOENSBROEK,0917,HEERLEN,0455214397,primary
Limburg,BS Steltloper,Dir van der Muhlenlaan,30,6463 VZ,KERKRADE,0928,KERKRADE,0455452429,primary
Limburg,Basisschool De Doorkijk,Singelweg,5,6467 CE,KERKRADE,0928,KERKRADE,0455413228,primary
Limburg,Basisschool An d r Put,Pastoor Scheepersstraat,9,6374 HR,LANDGRAAF,0882,LANDGRAAF,0455315814,primary
Limburg,Basisschool de Meridiaan,Scheelenstraat,100,6369 VZ,SIMPELVELD,0965,SIMPELVELD,0455442304,primary
Limburg,De Mheyster,Mgr. Nolensstraat,29,6431 JL,HOENSBROEK,0917,HEERLEN,0455214594,primary
Limburg,Rooms Katholieke Basisschool De Blokkenberg,Akkerheide,19,6463 DC,KERKRADE,0928,KERKRADE,0455453704,primary
Limburg,basisschool Mijn Spoor,Belemnieterf,10,6413 LZ,HEERLEN,0917,HEERLEN,0455233722,primary
Limburg,RK BS De Ganzerik,Caeciliastraat,19,6413 GM,HEERLEN,0917,HEERLEN,0455212447,primary
Limburg,Basisschool de Vlieger,Maria-Gewandenstraat,24,6432 CP,HOENSBROEK,0917,HEERLEN,0455234400,primary
Limburg,Basisschool Sint Ursula,O.L.Vrouwestraat,70,6461 BS,KERKRADE,0928,KERKRADE,0455455563,primary
Limburg,Basisschool De Diabolo,Meester Absilstraat,6,6461 EX,KERKRADE,0928,KERKRADE,0455452168,primary
Limburg,Bs Wonderwijs,Auvermoerstraat,2,6433 CC,HOENSBROEK,0917,HEERLEN,0455214497,primary
Limburg,BS de Vlindertuin,Ir. de Katstraat,33,6446 SR,BRUNSSUM,0899,BRUNSSUM,0455216650,primary
Limburg,Frans Postmaschool,Merwedestraat,16,6413 VV,HEERLEN,0917,HEERLEN,0455720933,primary
Limburg,Rooms Katholieke Basisschool Langeberg,Rembrandtstraat,2-A,6445 CW,BRUNSSUM,0899,BRUNSSUM,0455252958,primary
Limburg,Basisschool Schinveld,Kloosterlaan,7-E,6451 EN,SCHINVELD,1954,BEEKDAELEN,0455253553,primary
Limburg,Openbare Basisschool De Robbedoes,Aan de Ververij,31,6291 KC,VAALS,0981,VAALS,0433061192,primary
Limburg,Openbare Basisschool de Tovercirkel,Vullingsweg,68,6418 HV,HEERLEN,0917,HEERLEN,0455416142,primary
Limburg,OBS de Droomboom,Limburgiastraat,34,6415 VT,HEERLEN,0917,HEERLEN,0455722070,primary
Limburg,de Schatgraver,Pastoor Schattenstraat,25,6372 JA,LANDGRAAF,0882,LANDGRAAF,0455313579,primary
Limburg,Op Gen Hei,An de Voeegelsjtang,12,6373 BJ,LANDGRAAF,0882,LANDGRAAF,0455311451,primary
Limburg,Basisschool 'T Valder,Belvauer,62,6373 TT,LANDGRAAF,0882,LANDGRAAF,0455312762,primary
Limburg,Openbare Basisschool de Schatkist,Feldbiss,210-A,6462 HC,KERKRADE,0928,KERKRADE,0455670191,primary
Limburg,Openbare Basisschool De Speurneus,Haaselt,3,6374 NJ,LANDGRAAF,0882,LANDGRAAF,0455691510,primary
Limburg,OBS Wereldwijs,Baronstraat,11,6371 AR,LANDGRAAF,0882,LANDGRAAF,0455332700,primary
Limburg,Openbare Basisschool De Trampoline,Prins Bernhardstraat,40-B,6441 AL,BRUNSSUM,0899,BRUNSSUM,0455275277,primary
Limburg,Openbare Basisschool de Klimop,Dokter van de Wouwstraat,39,6031 HC,NEDERWEERT,0946,NEDERWEERT,0495631900,primary
Limburg,Basisschool Neel,Dominicushof,5,6042 NG,ROERMOND,0957,ROERMOND,0475322372,primary
Limburg,Basisschool De Steenen Brug,Bisschop Lindanussingel,41,6041 LV,ROERMOND,0957,ROERMOND,0475316536,primary
Limburg,Rooms Katholieke Basisschool De Berensprong,Bronneberg,31,6075 CW,HERKENBOSCH,1669,ROERDALEN,0475537137,primary
Limburg,Basisschool De Octopus,Abdissenstraat,1,6071 VP,SWALMEN,0957,ROERMOND,0475386158,primary
Limburg,Basisschool 't Kempke,Pastoor Ceijssensstraat,5,6077 AS,SINT ODILIENBERG,1669,ROERDALEN,0475532402,primary
Limburg,Sint Alfonsusschool voor Basisonderwijs,Herkenbosscherweg,22,6045 AR,ROERMOND,0957,ROERMOND,0475317923,primary
Limburg,De Springplank,Sportlaan,1,6063 AX,VLODROP,1669,ROERDALEN,0475407052,primary
Limburg,St. Hubertusschool,Louis Beelstraat,12,6049 HS,HERTEN,0957,ROERMOND,0475332285,primary
Limburg,Bredeschool De Achtbaan,John F. Kennedysingel,27,6074 AG,MELICK,1669,ROERDALEN,0475537079,primary
Limburg,De Zonnewijzer,Hendriklaan,86,6043 BT,ROERMOND,0957,ROERMOND,0475334231,primary
Limburg,Openbare Basisschool De Brink,Smedenerf,2,6043 SG,ROERMOND,0957,ROERMOND,0475324669,primary
Limburg,Basisschool Sint Theresia,Kerkweg,7,6071 AL,SWALMEN,0957,ROERMOND,0475501477,primary
Limburg,Basisschool t Mozaiek,Surinamestraat,2,6045 VA,ROERMOND,0957,ROERMOND,0475329604,primary
Limburg,Protestants Christelijke Basisschool Willem De Zwijgerschool,Minister Beversstraat,7,6042 BL,ROERMOND,0957,ROERMOND,0475315665,primary
Limburg,Openbare Basisschool De Stapsteen,Putkamp,2,6049 AK,HERTEN,0957,ROERMOND,0475316776,primary
Limburg,Basisschool De Hovenier,Sportlaan,7,6065 AJ,MONTFORT,1669,ROERDALEN,0475549017,primary
Limburg,Basisschool Leeve,Jan Amentstraat,24,6041 BE,ROERMOND,0957,ROERMOND,0475318601,primary
Limburg,Basisschool Lambertus,Meestersweg,5,6071 BN,SWALMEN,0957,ROERMOND,0475508144,primary
Limburg,Basisschool De Kasteeltuin,Kasteel Wassenbergstraat,2-4,6043 XM,ROERMOND,0957,ROERMOND,0475322418,primary
Limburg,Basisschool Vincent van Gogh,Donderbergweg,43,6044 SX,ROERMOND,0957,ROERMOND,0475322232,primary
Limburg,Montessori Basisschool Roermond,Achilleslaan,4,6042 JV,ROERMOND,0957,ROERMOND,0475322567,primary
Limburg,Openbare Basisschool aan de Roer,Hammerveldlaan,2,6041 VV,ROERMOND,0957,ROERMOND,0475331309,primary
Limburg,"Basisschool ""De Maasparel""",Nieuwendijk,22,6107 AW,STEVENSWEERT,1641,MAASGOUW,0475551618,primary
Limburg,Basisschool De Sleye,Sportparklaan,58,6097 CW,HEEL,1641,MAASGOUW,0475571586,primary
Limburg,Basisschool de Violier,Julianastraat,33,6101 HH,ECHT,1711,ECHT-SUSTEREN,0475481719,primary
Limburg,Rooms Katholieke Basisschool Sint Medardus,Het Schoor,1-A,6019 EC,WESSEM,1641,MAASGOUW,0475568068,primary
Limburg,Rooms Katholieke Basisschool Maria Goretti,Kantstraat,1,6111 AH,SINT JOOST,1711,ECHT-SUSTEREN,0475470168,primary
Limburg,Basisschool Koningsspil,Molenweg,8,6017 BM,THORN,1641,MAASGOUW,0475568011,primary
Limburg,Basisschool Patricius,Hubertusstraat,1,6102 AS,ECHT,1711,ECHT-SUSTEREN,0475482225,primary
Limburg,Basisschool 't Breerke,Ankerstraat,1,6051 GG,MAASBRACHT,1641,MAASGOUW,0475463197,primary
Limburg,Basisschool De Toermalijn,Neutrale Hoek,4,6051 KX,MAASBRACHT,1641,MAASGOUW,0475462026,primary
Limburg,Basisschool St Martinus,Leukenstraat,4,6099 AR,BEEGDEN,1641,MAASGOUW,0475571312,primary
Limburg,Islamitische Basisschool El Habib,Silexstraat,41,6216 XB,MAASTRICHT,0935,MAASTRICHT,0433437665,primary
Limburg,Brede school Markeent,Sint Jozefslaan,102,6006 JN,WEERT,0988,WEERT,0495534518,primary
Limburg,Brede school Moesel,Stadhouderslaan,21,6006 GJ,WEERT,0988,WEERT,0495536622,primary
Limburg,KindCentrum Altweerterheide,Herenvennenweg,2,6006 SW,WEERT,0988,WEERT,0495535174,primary
Limburg,Openbare Jenaplan Basisschool de Duizendpoot,Parklaan,24,6039 BD,STRAMPROY,0988,WEERT,0495563305,primary
Limburg,Openbare Basisschool De Graswinkel,Graswinkellaan,9,6005 KE,WEERT,0988,WEERT,0495540951,primary
Limburg,Openbare Basisschool Molenakker,Oude Laarderweg,15,6003 ME,WEERT,0988,WEERT,0495539067,primary
Limburg,De Bundeling,Kersenlaan,6,6241 BL,BUNDE,0938,MEERSSEN,0433646991,primary
Limburg,Katholieke basisschool de Den,Burgemeester Beckersweg,45,6261 NX,MHEER,1903,EIJSDEN-MARGRATEN,0434571516,primary
Limburg,RK Basisschool De Keerkring,Groenstraat,17,6267 EM,CADIER EN KEER,1903,EIJSDEN-MARGRATEN,0434071283,primary
Limburg,Basisschool Sint Martinus,Gronsvelder Kerkplein,8,6247 CM,GRONSVELD,1903,EIJSDEN-MARGRATEN,0434087180,primary
Limburg,Op de 10 Bunder,Tienbundersweg,1,6321 CP,WIJLRE,1729,GULPEN-WITTEM,0434506055,primary
Limburg,Openbare Basisschool Berg,Langen Akker,122,6325 CN,BERG EN TERBLIJT,0994,VALKENBURG AAN DE GEUL,0436040040,primary
Limburg,Rk Bs De Cramignon,Kramsvogel,42,6245 RE,EIJSDEN,1903,EIJSDEN-MARGRATEN,0434091583,primary
Limburg,Basisschool St Jozef,Sint Jozefstraat,38,6245 LN,EIJSDEN,1903,EIJSDEN-MARGRATEN,0434092121,primary
Limburg,Integraal Kindcentrum Dynamiek,Goudenweg,200,6216 TT,MAASTRICHT,0935,MAASTRICHT,0433430264,primary
Limburg,Rooms Katholieke Basisschool Maurice Rose,Beatrixlaan,2,6269 EX,MARGRATEN,1903,EIJSDEN-MARGRATEN,0434581507,primary
Limburg,IKC ZIEZO!,Borghaag,25,6228 EX,MAASTRICHT,0935,MAASTRICHT,0433611647,primary
Limburg,Kernkindcentrum De Loper,President Rooseveltlaan,213,6224 CP,MAASTRICHT,0935,MAASTRICHT,0433621716,primary
Limburg,Basisschool Sint Gertrudis,Schoolstraat,28,6265 AS,SINT GEERTRUID,1903,EIJSDEN-MARGRATEN,0434081761,primary
Limburg,Openbare Basisschool De Spiegel,Sorbonnelaan,190,6229 HD,MAASTRICHT,0935,MAASTRICHT,0433614472,primary
Limburg,Openbare Basisschool Binnenstad,Begijnenstraat,11,6211 JR,MAASTRICHT,0935,MAASTRICHT,0433216172,primary
Limburg,De Poort Montessori Basisschool,Kard van Rossumplein,99,6221 SZ,MAASTRICHT,0935,MAASTRICHT,0433214917,primary
Limburg,Openbare Basisschool Broekhem,Keelstraat,3,6301 XT,VALKENBURG LB,0994,VALKENBURG AAN DE GEUL,0436016793,primary
Limburg,Neutraal Bijzondere Basisschool Tangram,Kramsvogel,42,6245 RE,EIJSDEN,1903,EIJSDEN-MARGRATEN,0434094729,primary
Limburg,Basisschool De Driehoek,Helenaveenseweg,52,5766 PB,GRIENDTSVEEN,1507,HORST AAN DE MAAS,0493529468,primary
Limburg,Openbare Basisschool Mesch,Grijzegraaf,12,6245 KG,EIJSDEN,1903,EIJSDEN-MARGRATEN,0434091512,primary
Limburg,Basisschool Eigenwijs,Hoofdstraat,28,5808 AV,OIRLO,0984,VENRAY,0478571685,primary
Limburg,Basisschool De Hommel,Oostsingel,39,5802 AM,VENRAY,0984,VENRAY,0478550222,primary
Limburg,Basisschool De Meent,Kapelweg,3,5809 AJ,LEUNEN,0984,VENRAY,0478550125,primary
Limburg,Basisschool De Bongerd,Eikenlaan,1,5802 CS,VENRAY,0984,VENRAY,0478569711,primary
Limburg,Basisschool De Meulebeek,Watermolenstraat,3,5807 BJ,OOSTRUM,0984,VENRAY,0478550310,primary
Limburg,Basisschool De Lier,Grootdorp,99,5815 AN,MERSELO,0984,VENRAY,0478548009,primary
Limburg,Basisschool St Oda,Pater Tulpstraat,1,5813 CD,YSSELSTEYN,0984,VENRAY,0478545000,primary
Limburg,Basisschool de Krokodaris,Kiosk,13,5802 NP,VENRAY,0984,VENRAY,0478550224,primary
Limburg,Basisschool De Klimboom,Boterbloem,47,5803 CN,VENRAY,0984,VENRAY,0478550219,primary
Limburg,Petrus' Banden,Min.Charles Ruysstraat,1,5802 BC,VENRAY,0984,VENRAY,0478550351,primary
Limburg,JKC Talententuin,Tinnegieterstraat,6,5801 RK,VENRAY,0984,VENRAY,0478584796,primary
Limburg,Basisschool Coninxhof,Goudsmidstraat,9,5801 RE,VENRAY,0984,VENRAY,0478569233,primary
Limburg,Basisschool De Kruudwis,Klaproos,21,5803 HE,VENRAY,0984,VENRAY,0478582974,primary
Limburg,Basisschool Sint Anna,Plein,2,5863 AT,BLITTERSWIJCK,0984,VENRAY,0478531817,primary
Limburg,KC STip,Molenstraat,39,5866 AA,SWOLGEN,1507,HORST AAN DE MAAS,0478691500,primary
Limburg,Basisschool Megelsheim,Mgr Jenneskensstraat,13,5864 CS,MEERLO,1507,HORST AAN DE MAAS,0478692847,primary
Limburg,Rooms Katholieke Basisschool Onder de Wieken,Rector de Fauwestraat,26,5964 AE,METERIK,1507,HORST AAN DE MAAS,0773983497,primary
Limburg,Basisschool De Brink,Rector Mulderstraat,6,5962 AH,MELDERSLO,1507,HORST AAN DE MAAS,0773983273,primary
Limburg,Basisschool De Twister,Gebr. van Doornelaan,25,5961 BA,HORST,1507,HORST AAN DE MAAS,0773981005,primary
Limburg,Basisschool De Wouter,Gerard Smuldersstraat,1,5966 NR,AMERICA,1507,HORST AAN DE MAAS,0774641918,primary
Limburg,Basisschool De Doolgaard,Doolgaardstraat,24,5961 TS,HORST,1507,HORST AAN DE MAAS,0773981714,primary
Limburg,Basisschool Onder De Linde,Past. Debijestraat,8,5963 AG,HEGELSOM,1507,HORST AAN DE MAAS,0773984777,primary
Limburg,Basisschool De Peddepoel,Gouverneur Houbenstraat,55,5861 CC,WANSSUM,0984,VENRAY,0478531714,primary
Limburg,Rooms Katholieke Basisschool De Schakel,Mgr. Schravenstraat,14,5871 AW,BROEKHUIZENVORST,1507,HORST AAN DE MAAS,0774631907,primary
Limburg,Openbaar Basisschool Weisterbeek,Zuster Olgahof,4,5961 KA,HORST,1507,HORST AAN DE MAAS,0773982846,primary
Limburg,Rooms Katholieke Basisschool De Bottel,Horsterdijk,2,5973 PN,LOTTUM,1507,HORST AAN DE MAAS,0774631992,primary
Limburg,Basisschool De Kameleon,Past Tijssenstraat,18-A,5971 VW,GRUBBENVORST,1507,HORST AAN DE MAAS,0773661578,primary
Limburg,Basisschool de Ezelsbrug,Den Eigen,18-A,5975 CB,SEVENUM,1507,HORST AAN DE MAAS,0774672100,primary
Limburg,Rooms Katholieke Basisschool de Kroevert,Meerweg,13,5976 NS,KRONENBERG,1507,HORST AAN DE MAAS,0774671557,primary
Limburg,BS Onder de Linden,Kanaalstraat,77,5986 AE,BERINGE,1894,PEEL EN MAAS,0773072933,primary
Limburg,Basisschool De Kemp,Kempstraat,36,5987 AH,EGCHEL,1894,PEEL EN MAAS,0773073636,primary
Limburg,Kindcentrum LEEF,Merwijckstraat,16,5995 XK,KESSEL,1894,PEEL EN MAAS,0774621431,primary
Limburg,KC Avonturier,Rect. Isidorusstraat,5,5984 NB,KONINGSLUST,1894,PEEL EN MAAS,0774651824,primary
Limburg,Basisschool De Horizon,Past. Kengenstraat,1,5985 PV,GRASHOEK,1894,PEEL EN MAAS,0773072856,primary
Limburg,Openbare Basisschool FavoRIET,Schoutenring,32,5981 DS,PANNINGEN,1894,PEEL EN MAAS,0773074223,primary
Limburg,Basisschool Eikerwijs,Schoolstraat,7,5995 NP,KESSEL,1894,PEEL EN MAAS,0774621262,primary
Limburg,KC NatuurTalent,Kloosterstraat,14,5988 CK,HELDEN,1894,PEEL EN MAAS,0773060900,primary
Limburg,Basisschool De Liaan,Past Knippenberghstraat,29,5988 CS,HELDEN,1894,PEEL EN MAAS,0773061062,primary
Limburg,Basisschool De Groenling,Steenbakkersstraat,76,5981 WV,PANNINGEN,1894,PEEL EN MAAS,0773072167,primary
Limburg,Basisschool De Bongerd,De Bengele,2,6031 TZ,NEDERWEERT,0946,NEDERWEERT,0495632747,primary
Limburg,Basisschool Swartbroek,Bertiliastraat,1,6005 PA,WEERT,0988,WEERT,0495551494,primary
Limburg,IKC Laar,Aldenheerd,10,6003 NW,WEERT,0988,WEERT,0495533058,primary
Limburg,BS Tungelder,Sint Barbaraplein,2-A,6005 SR,WEERT,0988,WEERT,0495561657,primary
Limburg,Basisschool Aan de Bron,Maaslandlaan,1,6004 GC,WEERT,0988,WEERT,0495452088,primary
Limburg,IKC de Kerneel,Speelhuijs,4,6031 HR,NEDERWEERT,0946,NEDERWEERT,0495631560,primary
Limburg,BS de Tweesprong,Sint Gerardusstraat,22,6034 SJ,NEDERWEERT-EIND,0946,NEDERWEERT,0495632712,primary
Limburg,Bs De Zonnehof,Pastoor de Fauwestraat,11,6091 NS,LEVEROY,0946,NEDERWEERT,0495654030,primary
Limburg,IKC Budschop,Ospelseweg,18,6031 AK,NEDERWEERT,0946,NEDERWEERT,0495632777,primary
Limburg,Basisschool De Kameleon,Marienhagelaan,2,6001 TP,WEERT,0988,WEERT,0495533086,primary
Limburg,Basisschool De Schrank,Siebenstraat,14,6035 BD,OSPEL,0946,NEDERWEERT,0495632156,primary
Limburg,IKC Leuken,Middelstestraat,77,6004 BH,WEERT,0988,WEERT,0495534143,primary
Limburg,IKC 3hoven,Anjelierstraat,9,6002 TP,WEERT,0988,WEERT,0495452877,primary
Limburg,Basisschool De Firtel,Parklaan,24,6039 BD,STRAMPROY,0988,WEERT,0495561750,primary
Limburg,Basisschool De Heihorst,Pater van Donstraat,2-A,6089 NP,HEIBLOEM,1640,LEUDAL,0475495037,primary
Limburg,Basisschool den Doelhof,Kerkstraat,7,5768 BH,MEIJEL,1894,PEEL EN MAAS,0774669210,primary
Limburg,Basisschool St Jozef,Grotestraat,142,5931 CZ,TEGELEN,0983,VENLO,0773260855,primary
Limburg,Rooms Katholieke Basisschool Het Spick,Kerkstraat,12-14,5954 BC,BEESEL,0889,BEESEL,0774743057,primary
Limburg,De Schalm,Sint Sebastianusstraat,10,5935 AX,STEYL,0983,VENLO,0773732875,primary
Limburg,Titus Brandsmabasisschool,1e Maasveldstraat,2,5921 JM,VENLO,0983,VENLO,0773240097,primary
Limburg,Basisschool De Violier,Kennedyplein,60,5993 BT,MAASBREE,1894,PEEL EN MAAS,0774657041,primary
Limburg,Basisschool De Springbeek,Hoverhofweg,35,5926 RC,VENLO,0983,VENLO,0773822200,primary
Limburg,Kom.Mijn,Prins Frederikstraat,67-A,5951 BR,BELFELD,0983,VENLO,0774758049,primary
Limburg,Basisschool De Diamant,Hertog van Gelrestraat,47,5991 BN,BAARLO LB,1894,PEEL EN MAAS,0774771785,primary
Limburg,Rooms Katholieke Basisschool de Regenboog,Albert Verweystraat,4,5921 AZ,VENLO,0983,VENLO,0773230080,primary
Limburg,BS Natuurlijk!,Vossenerlaan,57,5924 AC,VENLO,0983,VENLO,0773230414,primary
Limburg,Basisschool De Klingerberg,Klingerbergsingel,2,5925 AC,VENLO,0983,VENLO,0773871126,primary
Limburg,"Bosdael, Centrum voor het Kind",Meester Bosmanshof,1,5953 DM,REUVER,0889,BEESEL,0774748216,primary
Limburg,Basisschool Mikado,Alberickstraat,5,5922 BL,VENLO,0983,VENLO,0773230033,primary
Limburg,Basisschool Meander,Sint Jozefweg,28,5953 JN,REUVER,0889,BEESEL,0774740140,primary
Limburg,PassePartout,Van Wevelickhovenstraat,5,5931 KS,TEGELEN,0983,VENLO,0773732768,primary
Limburg,Basisschool De Kring,Hubertusstraat,70,6191 PD,BEEK LB,0888,BEEK,0464280275,primary
Limburg,KC de Loft,Berkenlaan,52,6133 WZ,SITTARD,1883,SITTARD-GELEEN, ,primary
Limburg,KC Eigen Wijs,Musschenberg,26-B,6176 BD,SPAUBEEK,0888,BEEK,0464431632,primary
Limburg,Basisschool De Kingbeek,Sint Catharinaplantsoen,4,6127 BC,GREVENBICHT,1883,SITTARD-GELEEN,0464857261,primary
Limburg,Kindcentrum Aelse,Bandkeramiekersstraat,8,6181 CL,ELSLOO LB,0971,STEIN,0464360852,primary
Limburg,Basisschool De Bron,Beijensweide,19,6191 EK,BEEK LB,0888,BEEK,0464280955,primary
Limburg,Basisschool de Avonturijn,Kerkstraat,19,6129 BN,URMOND,0971,STEIN,0464260655,primary
Limburg,Basisschool de Duizendpoot,Frans Halsstraat,1,6165 TV,GELEEN,1883,SITTARD-GELEEN,0464231707,primary
Limburg,Openbare Basisschool De Driepas,Mispelstraat,1,6101 MJ,ECHT,1711,ECHT-SUSTEREN,0475411970,primary
Limburg,Integraal Kindcentrum de triviant,De Halstraat,42,6171 HK,STEIN,0971,STEIN,0464331209,primary
Limburg,Basisschool Munstergeleen,Burg. Smeetsstraat,3,6151 GM,MUNSTERGELEEN,1883,SITTARD-GELEEN,0464515820,primary
Limburg,Basisschool De Bolleberg,Annendaalderweg,14,6105 AT,MARIA HOOP,1711,ECHT-SUSTEREN,0475301349,primary
Limburg,KC Baeks Kompas,Op de Windhaspel,4,6191 LC,BEEK LB,0888,BEEK,0464280500,primary
Limburg,Kindcentrum Carré,Leyenbroekerweg,105,6132 CD,SITTARD,1883,SITTARD-GELEEN,0464513138,primary
Limburg,Katholieke Basisschool De Sprong,In de Pollack,3,6438 GG,OIRSBEEK,1954,BEEKDAELEN,0464421825,primary
Limburg,Kindcentrum de Eik,Burg Willemeplein,2,6118 EA,NIEUWSTADT,1711,ECHT-SUSTEREN,0464853938,primary
Limburg,Rooms Katholieke Basisschool Petrus Canisius,Kerkweg,107,6155 KL,PUTH,1954,BEEKDAELEN,0464431589,primary
Limburg,Openbare Basisschool De Maaskei,Middenveld,1,6129 PR,URMOND,0971,STEIN,0464334968,primary
Limburg,Kindcentrum Angela,Harlindestraat,10,6101 DS,ECHT,1711,ECHT-SUSTEREN,0475410701,primary
Limburg,Kindcentrum Bonjour!,Langhaagweg,85,6171 BS,STEIN,0971,STEIN,0464260010,primary
Limburg,Katholieke Basisschool Overhoven,Geldersestraat,28,6136 AT,SITTARD,1883,SITTARD-GELEEN,0464512370,primary
Limburg,Katholieke Basisschool Lahrhof,Romeinenstraat,30,6132 GN,SITTARD,1883,SITTARD-GELEEN,0464525683,primary
Limburg,Basisschool In 't Park,Reinoud van Gelderstraat,63,6114 EA,SUSTEREN,1711,ECHT-SUSTEREN,0464493266,primary
Limburg,Kindcentrum Sittard,Vastradastraat,2,6137 AM,SITTARD,1883,SITTARD-GELEEN,0464515916,primary
Limburg,Openbare Basisschool aan de Meule,Kromstraat,31,6133 AA,SITTARD,1883,SITTARD-GELEEN,0464525294,primary
Limburg,Openbare Basisschool De Springdonk,Schoutlaan,2,6114 MC,SUSTEREN,1711,ECHT-SUSTEREN,0464494956,primary
Limburg,Openbare Basisschool de Wissel,Jan van Salmstraat,5-A,6121 NE,BORN,1883,SITTARD-GELEEN,0464810430,primary
Limburg,Loedoes,Hulsestraat,1,6135 JK,SITTARD,1883,SITTARD-GELEEN,0464009266,primary
Noord-Brabant,Christelijke Basisschool De Brug,Brugstraat,2,5165 CA,WASPIK,0867,WAALWIJK,0416311379,primary
Noord-Brabant,Kindcentrum Platijn,Maatstok,1,5684 KE,BEST,0753,BEST,0499375750,primary
Noord-Brabant,Br!cks,Johannes Verleunstraat,29,5684 TT,BEST,0753,BEST,0499371216,primary
Noord-Brabant,De Zevensprong,Haktol,1,5683 LL,BEST,0753,BEST,0499330475,primary
Noord-Brabant,Kindcentrum de Kiezel,Secr L Jansenstraat,5,5682 AC,BEST,0753,BEST,0499371297,primary
Noord-Brabant,Kindcentrum De Heydonck,Max de Bossustraat,8,5684 CG,BEST,0753,BEST,0499372398,primary
Noord-Brabant,Kindcentrum Antonius,Vlinderhei,14,5685 GZ,BEST,0753,BEST,0499371250,primary
Noord-Brabant,De Klimboom,Paardenhei,1,5685 GW,BEST,0753,BEST,0499310265,primary
Noord-Brabant,Op 't Erf,Den Dries,17,5684 MD,BEST,0753,BEST,0499310281,primary
Noord-Brabant,Vrije School De Regenboog,Mimosaplein,1,5643 CJ,EINDHOVEN,0772,EINDHOVEN,0402110648,primary
Noord-Brabant,Stichting Jenaplan Onderwijs Boxmeer (De Peppels/De Canadas),Frans Halsstraat,33-35,5831 CA,BOXMEER,1982,LAND VAN CUIJK,0485571518,primary
Noord-Brabant,Basissch De Korenaar,Rector Heuvelsstraat,4,5704 AN,HELMOND,0794,HELMOND,0492511604,primary
Noord-Brabant,Kindcentrum De Vlier,Maaslaan,197,5704 LD,HELMOND,0794,HELMOND,0492513452,primary
Noord-Brabant,Kindcentrum Trudo,St. Trudostraat,2,5708 GL,HELMOND,0794,HELMOND,0492525391,primary
Noord-Brabant,Kindcentrum Westwijzer,Cortenbachstraat,70,5707 TJ,HELMOND,0794,HELMOND,0492523402,primary
Noord-Brabant,Brede basisschool De Vuurvogel,Prins Karelstraat,127,5701 VL,HELMOND,0794,HELMOND,0492597445,primary
Noord-Brabant,Kindcentrum Mozaïek,Nieuwveld,61,5702 HW,HELMOND,0794,HELMOND,0492525177,primary
Noord-Brabant,KC Talentrijk,Theo Driessenhof,35,5709 BA,HELMOND,0794,HELMOND,0492512223,primary
Noord-Brabant,Kindcentrum in het Hart van het Hout,Slegersstraat,2-A,5706 AX,HELMOND,0794,HELMOND,0492523701,primary
Noord-Brabant,Kindcentrum Dierdonk,Nijendaldreef,1,5709 RK,HELMOND,0794,HELMOND,0492512021,primary
Noord-Brabant,Kindcentrum De Vendelier,Schutsboom,67,5706 KH,HELMOND,0794,HELMOND,0492520434,primary
Noord-Brabant,Mondomijn,Abendonk,17,5706 WB,HELMOND,0794,HELMOND,0492662894,primary
Noord-Brabant,Tarieq Ibnoe Ziyad,Frankrijkstraat,79,5622 AE,EINDHOVEN,0772,EINDHOVEN,0402460356,primary
Noord-Brabant,Azzahraa,von Flotowlaan,1,5653 AD,EINDHOVEN,0772,EINDHOVEN, ,primary
Noord-Brabant,Basisschool Talente,Schoolstraat,5,4751 CN,OUD GASTEL,1655,HALDERBERGE,0165511695,primary
Noord-Brabant,Basisschool 't Bossche Hart,Mgr. Hopmanshof,2,4744 BX,BOSSCHENHOOFD,1655,HALDERBERGE,0165312756,primary
Noord-Brabant,RK Basisschool Vinkenbos,Hertogstraat,11,4714 BZ,SPRUNDEL,0840,RUCPHEN,0165383087,primary
Noord-Brabant,Rooms Katholieke Basisschool St Jozef,Bisschop Hopmansstraat,1-A,4759 BD,NOORDHOEK,1709,MOERDIJK,0168403464,primary
Noord-Brabant,Rooms katholieke Basisschool De Klinkert,Burg Van den Drieslaan,20,4731 EB,OUDENBOSCH,1655,HALDERBERGE,0165314257,primary
Noord-Brabant,Basisschool Uniek,'t Groot Stuk,3,4741 TX,HOEVEN,1655,HALDERBERGE,0165791011,primary
Noord-Brabant,RK bs Aventurijn,Antoniusstraat,2,4758 AM,STANDDAARBUITEN,1709,MOERDIJK,0165314077,primary
Noord-Brabant,RK Basisschool Mariadonk,Hoefstraat,13,4735 TA,ZEGGE,0840,RUCPHEN,0165536702,primary
Noord-Brabant,RK Basisschool St Martinus,Sint Martinusstraat,3,4715 AG,RUCPHEN,0840,RUCPHEN,0165348055,primary
Noord-Brabant,Rooms Katholieke Basisschool De Steiger,Havenstraat,2,4754 BE,STAMPERSGAT,1655,HALDERBERGE,0165518048,primary
Noord-Brabant,Rooms Katholieke Basisschool De Bukehof,Olmenstraat,1,4731 BC,OUDENBOSCH,1655,HALDERBERGE,0165313240,primary
Noord-Brabant,Sterrenschool De Schittering,St Annastraat,28-34,4731 HT,OUDENBOSCH,1655,HALDERBERGE,0165312459,primary
Noord-Brabant,Daltonschool De Vindplaats,Zoeksestraat,5,4721 AC,SCHIJF,0840,RUCPHEN,0165341636,primary
Noord-Brabant,Basisschool Heilinde,Past Bastiaansensingel,21,4711 EC,ST. WILLEBRORD,0840,RUCPHEN,0165382984,primary
Noord-Brabant,Basisschool Nour,Churchilllaan,82,5224 BW,'S-HERTOGENBOSCH,0796,S HERTOGENBOSCH,0733035660,primary
Noord-Brabant,Islam Basisschool Bedir,Klarinetstraat,4,5402 BE,UDEN,1991,MAASHORST,0413332349,primary
Noord-Brabant,Basisschool Mozaiek,Oude Litherweg,18,5346 RT,OSS,0828,OSS,0412691932,primary
Noord-Brabant,Islamitische Basisschool Salah Eddin El Ayyoubi,Venuslaan,29,5702 GA,HELMOND,0794,HELMOND,0492553941,primary
Noord-Brabant,Basisschool St Joan,Van Schaiklaan,9,6027 PL,SOERENDONK,1706,CRANENDONCK,0495591350,primary
Noord-Brabant,Rooms Katholieke Basisschool De Triangel,Kerkstraat,2,5595 CX,LEENDE,1658,HEEZE-LEENDE,0402065426,primary
Noord-Brabant,BS Fonkeltuin,Witrijtseweg,9-A,5571 XJ,BERGEIJK,1724,BERGEIJK,0497541281,primary
Noord-Brabant,Basisschool Sint Willibrordus,Schoolstraat,15,5561 AH,RIETHOVEN,1724,BERGEIJK,0402075299,primary
Noord-Brabant,RK Basissch De Drijfveer,Willem Smuldersplein,5,5582 JJ,WAALRE,0866,WAALRE,0402233020,primary
Noord-Brabant,Basisschool Sint Jan,Sint Jan Baptistastraat,1,5595 GN,LEENDE,1658,HEEZE-LEENDE,0402062145,primary
Noord-Brabant,Basisschool And're wijze,Pater Ullingsstraat,3,6023 AM,BUDEL-SCHOOT,1706,CRANENDONCK,0495494343,primary
Noord-Brabant,Rooms Katholieke Basisschool Beisterveld,Hegmulder,6,5571 RK,BERGEIJK,1724,BERGEIJK,0497555006,primary
Noord-Brabant,Rooms Katholieke Basisschool De Klepper,Kapellerweg,4,5575 BG,LUYKSGESTEL,1724,BERGEIJK,0497541287,primary
Noord-Brabant,Basisschool de Ster,Dorpstraat,15,5563 BC,WESTERHOVEN,1724,BERGEIJK,0402012837,primary
Noord-Brabant,Basisschool De Talententoren,Beukenlaan,6,6029 PZ,STERKSEL,1658,HEEZE-LEENDE,0402240140,primary
Noord-Brabant,Prinses Beatrix - De Zonnesteen,Domineestraat,2,5571 EJ,BERGEIJK,1724,BERGEIJK,0497572781,primary
Noord-Brabant,Basisschool De Windroos,Haagstraat,134,5552 HP,VALKENSWAARD,0858,VALKENSWAARD,0402013623,primary
Noord-Brabant,Basisschool De Waterloop,Terlostraat,5,5571 KW,BERGEIJK,1724,BERGEIJK,0497571235,primary
Noord-Brabant,Basisschool De Pionier,Kromstraat,12,5554 NH,VALKENSWAARD,0858,VALKENSWAARD,0402070072,primary
Noord-Brabant,De Grasspriet,Van De Venstraat,9,5555 KK,VALKENSWAARD,0858,VALKENSWAARD,0402012908,primary
Noord-Brabant,Basisschool De Stapsteen,Kijkakkers,1-A2,6026 ER,MAARHEEZE,1706,CRANENDONCK,0495599264,primary
Noord-Brabant,De Smelen,De Smelen,109,5553 CT,VALKENSWAARD,0858,VALKENSWAARD,0402076656,primary
Noord-Brabant,Rooms Katholieke Basisschool Agnetendal,Helenadal,20,5551 BJ,VALKENSWAARD,0858,VALKENSWAARD,0402012347,primary
Noord-Brabant,Rooms Katholieke Basisschool Sint Martinus,Groenstraat,1,5551 AV,VALKENSWAARD,0858,VALKENSWAARD,0402017970,primary
Noord-Brabant,BS Schepelweyen,Hoefsmidwei,4,5551 PN,VALKENSWAARD,0858,VALKENSWAARD,0402019232,primary
Noord-Brabant,Basisschool de Wilderen,Meester Slootsweg,1-A,5581 AS,WAALRE,0866,WAALRE,0402213535,primary
Noord-Brabant,BS Aalsterbos,Maximiliaanlaan,1,5583 XG,WAALRE,0866,WAALRE,0402213498,primary
Noord-Brabant,Basisschool de Dorenhagen,Hert. Hendrikstraat,1,5552 KK,VALKENSWAARD,0858,VALKENSWAARD,0402013458,primary
Noord-Brabant,Basisschool De Schatkist,De Korenbloem,2,6021 LW,BUDEL,1706,CRANENDONCK,0495491933,primary
Noord-Brabant,Basisschool De Boogurt,Jan van Schoonvorststr,2,6021 BP,BUDEL,1706,CRANENDONCK,0495491600,primary
Noord-Brabant,Roomskatholieke Basisschool De Driesprong,Wolfsdonk,6,4861 BB,CHAAM,1723,ALPHEN-CHAAM,0161491693,primary
Noord-Brabant,Katholieke Basisschool De Vonder,Goirleseweg,3,5133 BC,RIEL,0785,GOIRLE,0135181590,primary
Noord-Brabant,Basisschool de Uilenpoort,Schoolstraat,8-10,5111 XP,BAARLE-NASSAU,0744,BAARLE-NASSAU,0135079453,primary
Noord-Brabant,Basisschool De Spindel,Pastoor Doensstraat,5,4854 CP,BAVEL,0758,BREDA,0161431593,primary
Noord-Brabant,Basisschool Bernardus,Bernardusstraat,13,5113 TG,ULICOTEN,0744,BAARLE-NASSAU,0135199345,primary
Noord-Brabant,Roomskatholiek Basisschool ST Willibrordus,Van Gaverenlaan,10-A,5131 CT,ALPHEN NB,1723,ALPHEN-CHAAM,0135081377,primary
Noord-Brabant,Mattheus-School,Sint Jacobsstraat,1-B,4855 AK,GALDER,1723,ALPHEN-CHAAM,0765612777,primary
Noord-Brabant,Kindcentrum Marimba,Steenovenstraat,2,5402 HM,UDEN,1991,MAASHORST,0413265292,primary
Noord-Brabant,IKC Den Dijk,Oudedijk,48,5409 AD,ODILIAPEEL,1991,MAASHORST,0413335343,primary
Noord-Brabant,Speel- leercentrum De Vlieger,Hertstraat,4,5408 XL,VOLKEL,1991,MAASHORST,0413335363,primary
Noord-Brabant,KC Florent,St. Annastraat,17,5401 AN,UDEN,1991,MAASHORST,0413332313,primary
Noord-Brabant,Kindcentrum De Palster,Germenzeel,500,5403 XC,UDEN,1991,MAASHORST,0413332353,primary
Noord-Brabant,IKC Raam,Bosveld,118,5403 AG,UDEN,1991,MAASHORST,0413332344,primary
Noord-Brabant,Kindcentrum Het Speleon,Klarinetstraat,4,5402 BE,UDEN,1991,MAASHORST,0413332337,primary
Noord-Brabant,Kindplein 't Centrum,Meerloseweg,1,5402 XH,UDEN,1991,MAASHORST,0413332318,primary
Noord-Brabant,Kindcentrum De Vlonder,Heufkens,502,5403 LV,UDEN,1991,MAASHORST,0413332333,primary
Noord-Brabant,Kindcentrum Vindingrijk,Horgetouw,1,5404 MA,UDEN,1991,MAASHORST,0413724906,primary
Noord-Brabant,Kindcentrum 't Mulderke,Wislaan,219,5406 AC,UDEN,1991,MAASHORST,0413248230,primary
Noord-Brabant,Speelleercentrum De Wijde Wereld,Helmteken,24,5406 DK,UDEN,1991,MAASHORST,0413245000,primary
Noord-Brabant,Rooms Katholieke Basisschool Laurentius,Van Gaverenlaan,18,4835 CD,BREDA,0758,BREDA,0765640755,primary
Noord-Brabant,Kindcentrum  De Klimboom,Meester Hertsigstraat,7,5764 PR,DE RIPS,1652,GEMERT-BAKEL,0493599360,primary
Noord-Brabant,Kindcentrum De Kastanjelaar,Elsenstraat,3,5763 AP,MILHEEZE,1652,GEMERT-BAKEL,0492345223,primary
Noord-Brabant,Kindcentrum De Bakelaar,Schoolstraat,35,5761 BV,BAKEL,1652,GEMERT-BAKEL,0492341552,primary
Noord-Brabant,Kindcentrum Het Venster,Churchill-laan,18,5421 HA,GEMERT,1652,GEMERT-BAKEL,0492390151,primary
Noord-Brabant,Kindcentrum De Regenboog,Parkweg,10,5427 AL,BOEKEL,0755,BOEKEL,0492321909,primary
Noord-Brabant,Kindcentrum De Samenstroom,Predikant Swildensstraat,35,5421 VA,GEMERT,1652,GEMERT-BAKEL,0492361419,primary
Noord-Brabant,Kindcentrum Kleinerf,Oude-Molenweg,10,5425 VR,DE MORTEL,1652,GEMERT-BAKEL,0492390210,primary
Noord-Brabant,Kindcentrum Octopus,Parkweg,36,5427 AL,BOEKEL,0755,BOEKEL,0492326155,primary
Noord-Brabant,Kindcentrum De Dompelaar,St.-Janstraat,49-51,5424 TS,ELSENDORP,1652,GEMERT-BAKEL,0492359006,primary
Noord-Brabant,Kindcentrum Cornelius,Sint Josephplein,7,5428 GL,VENHORST,0755,BOEKEL,0492359036,primary
Noord-Brabant,Kindcentrum De Havelt,Johannes Keijzershof,2,5423 TX,HANDEL,1652,GEMERT-BAKEL,0492322080,primary
Noord-Brabant,Kindcentrum Berglaren,Groeskuilenstraat,32,5421 HW,GEMERT,1652,GEMERT-BAKEL,0492390818,primary
Noord-Brabant,Kindontwikkelcentrum De Rank,Koekoekstraat,1,5702 PM,HELMOND,0794,HELMOND,0492525418,primary
Noord-Brabant,Wilhelmina Basisschool,Bachlaan,9,5707 RM,HELMOND,0794,HELMOND,0492590175,primary
Noord-Brabant,Ds Johannes Groenewegenschool,Sportlaan,4,4251 GD,WERKENDAM,1959,ALTENA,0183501984,primary
Noord-Brabant,Rooms Katholieke Basisschool De Achthoek,Houtse Heuvel,3,4911 AT,DEN HOUT,0826,OOSTERHOUT,0162455472,primary
Noord-Brabant,Kindcentrum De Ontdekking,Kamerlingh Onneslaan,3,4904 KJ,OOSTERHOUT NB,0826,OOSTERHOUT,0162426990,primary
Noord-Brabant,Rooms Katholieke Basisschool Marcoen,Dennenlaan,71,4849 BD,DORST,0826,OOSTERHOUT,0161411376,primary
Noord-Brabant,RK Basisschool De Toekomst,Sperwerstraat,51,4901 AW,OOSTERHOUT NB,0826,OOSTERHOUT,0162471710,primary
Noord-Brabant,RK Basisschool St Jan,Schoolpad,4,4909 AW,OOSTEIND,0826,OOSTERHOUT,0162453114,primary
Noord-Brabant,RK Basisschool De Beiaard-Harlekijn,Krijtenberg,3,4904 PW,OOSTERHOUT NB,0826,OOSTERHOUT,0162470535,primary
Noord-Brabant,Openbare Basisschool Rubenshof,Rubenshof,8,4907 MX,OOSTERHOUT NB,0826,OOSTERHOUT,0162452361,primary
Noord-Brabant,Openbare Basisschool Sterrendonk,Sterrenlaan,25,4907 GH,OOSTERHOUT NB,0826,OOSTERHOUT,0162450332,primary
Noord-Brabant,Openbare Basisschool De Kameleon,Slotjesveld,9-C,4902 ZP,OOSTERHOUT NB,0826,OOSTERHOUT,0162453452,primary
Noord-Brabant,RK Basisschool De Westhoek,Nieuwe Bouwlingstraat,33,4901 KJ,OOSTERHOUT NB,0826,OOSTERHOUT,0162454352,primary
Noord-Brabant,RK Basisschool de Touwbaan,Touwbaan,16,4901 GG,OOSTERHOUT NB,0826,OOSTERHOUT,0162453706,primary
Noord-Brabant,Openbare Basisschool De Duizendpoot,Willem Dreeslaan,1,4908 CA,OOSTERHOUT NB,0826,OOSTERHOUT,0162428817,primary
Noord-Brabant,Openbare Basisschool de Pionier,Zeislaan,3,4904 VC,OOSTERHOUT NB,0826,OOSTERHOUT,0162437832,primary
Noord-Brabant,Rooms Katholieke Basisschool de Meander,Frits van Egtersstraat,1,4906 HB,OOSTERHOUT NB,0826,OOSTERHOUT,0162423875,primary
Noord-Brabant,Basisschool BoschAkker,Jozef Israelslaan,2-A,5642 KA,EINDHOVEN,0772,EINDHOVEN,0402811151,primary
Noord-Brabant,Basisschool De Sonnewijzer,Ruysdaelstraat,6,5691 EA,SON EN BREUGEL,0848,SON EN BREUGEL,0499490404,primary
Noord-Brabant,Basisschool De Stokland,Jupiterstraat,3,5694 TG,SON EN BREUGEL,0848,SON EN BREUGEL,0499490388,primary
Noord-Brabant,Basisschool Karel de Grote,Mendelssohnlaan,217,5653 BB,EINDHOVEN,0772,EINDHOVEN,0402512628,primary
Noord-Brabant,Basisschool De Boog,Koudenhovenseweg Zuid,202,5641 AC,EINDHOVEN,0772,EINDHOVEN,0402811760,primary
Noord-Brabant,St Antonius,Maasstraat,105,5626 BB,EINDHOVEN,0772,EINDHOVEN,0402621520,primary
Noord-Brabant,De Troubadour,Maria van Bourgondielaan,2-D,5616 EE,EINDHOVEN,0772,EINDHOVEN,0402512704,primary
Noord-Brabant,De Schakel,Johannes Buijslaan,41,5652 NJ,EINDHOVEN,0772,EINDHOVEN,0402514666,primary
Noord-Brabant,De Kimme,Weegschaalstraat,1,5632 CW,EINDHOVEN,0772,EINDHOVEN,0402428959,primary
Noord-Brabant,De Korenaar,Gerretsonlaan,17,5624 JL,EINDHOVEN,0772,EINDHOVEN,0402435728,primary
Noord-Brabant,'t Palet,Wenckenbachstraat,42,5621 HB,EINDHOVEN,0772,EINDHOVEN,0402359240,primary
Noord-Brabant,Rapenland,Generaal Boreelpad,29,5623 JZ,EINDHOVEN,0772,EINDHOVEN,0402439233,primary
Noord-Brabant,basisschool Beppino Sarto,St Petrus Canisiuslaan,47,5645 GC,EINDHOVEN,0772,EINDHOVEN,0402131530,primary
Noord-Brabant,Basisschool 't Startblok,Keverberg,5,5655 BA,EINDHOVEN,0772,EINDHOVEN,0402518710,primary
Noord-Brabant,De Bijenkorf,De Koppele,2,5632 LA,EINDHOVEN,0772,EINDHOVEN,0402414715,primary
Noord-Brabant,De Achtbaan,Cotentinlaan,1,5627 NV,EINDHOVEN,0772,EINDHOVEN,0402423267,primary
Noord-Brabant,Wethouder Van Eupen,Odysseuslaan,6,5631 JM,EINDHOVEN,0772,EINDHOVEN,0402446044,primary
Noord-Brabant,Basisschool Atalanta,Barrierweg,1,5622 CL,EINDHOVEN,0772,EINDHOVEN,0408489221,primary
Noord-Brabant,Wilakkers,Piuslaan,68,5614 CM,EINDHOVEN,0772,EINDHOVEN,0402111844,primary
Noord-Brabant,Basisschool Trudo,St Trudostraat,10,5616 GB,EINDHOVEN,0772,EINDHOVEN,0402517585,primary
Noord-Brabant,De Kameleon,Bennekelstraat,135,5654 DD,EINDHOVEN,0772,EINDHOVEN,0402519520,primary
Noord-Brabant,De Handreiking,Veronapad,3,5632 TR,EINDHOVEN,0772,EINDHOVEN,0402411881,primary
Noord-Brabant,Bs De Talisman,Seringenstraat,9,5644 PK,EINDHOVEN,0772,EINDHOVEN,0402112316,primary
Noord-Brabant,De Springplank,Aldendriel,38,5653 PK,EINDHOVEN,0772,EINDHOVEN,0402521905,primary
Noord-Brabant,Basisschool Theresia,Zeelsterstraat,138,5652 EN,EINDHOVEN,0772,EINDHOVEN,0402512059,primary
Noord-Brabant,De Schelp,Zuiderzeelaan,3,5628 KC,EINDHOVEN,0772,EINDHOVEN,0402415166,primary
Noord-Brabant,Fellenoord,Hemelrijken,310,5612 WS,EINDHOVEN,0772,EINDHOVEN,0402432289,primary
Noord-Brabant,De Spaaihoeve,Heraultlaan,4,5627 DP,EINDHOVEN,0772,EINDHOVEN,0402622320,primary
Noord-Brabant,De Harlekijn,Zandstraat,35,5691 CD,SON EN BREUGEL,0848,SON EN BREUGEL,0499490370,primary
Noord-Brabant,Basisschool de Bloktempel,IJssellaan,6,5691 HB,SON EN BREUGEL,0848,SON EN BREUGEL,0499490380,primary
Noord-Brabant,De Boschuil,Kiplinglaan,1,5629 MK,EINDHOVEN,0772,EINDHOVEN,0402428917,primary
Noord-Brabant,'t Slingertouw,Grasland,1,5658 GA,EINDHOVEN,0772,EINDHOVEN,0402340699,primary
Noord-Brabant,Rooms Katholieke Basisschool Sint Marie,Boomstraat,5,4635 CX,HUIJBERGEN,0873,WOENSDRECHT,0164642525,primary
Noord-Brabant,RK Basisschool Het Palet,Frans Halsstraat,25,4625 BR,BERGEN OP ZOOM,0748,BERGEN OP ZOOM,0164258259,primary
Noord-Brabant,Rooms Katholieke Basisschool Op Dreef,Hogebergdreef,55-A,4645 EV,PUTTE,0873,WOENSDRECHT,0164602512,primary
Noord-Brabant,RK Basisschool De Wegwijzer,Wethouder Bogersstraat,1-A,4664 BA,LEPELSTRAAT,0748,BERGEN OP ZOOM,0164682314,primary
Noord-Brabant,RK Basisschool Merijntje,Kloosterstraat,4,4681 AT,NIEUW-VOSSEMEER,0851,STEENBERGEN,0167502694,primary
Noord-Brabant,Christelijke Basisschool De Springplank,Burg Elkhuizenlaan,55,4661 CJ,HALSTEREN,0748,BERGEN OP ZOOM,0164682786,primary
Noord-Brabant,Rooms Katholieke Basisschool De Zonneberg,West-Zandberg,47,4756 BP,KRUISLAND,0851,STEENBERGEN,0167532352,primary
Noord-Brabant,RK Basisschool Gummarus,Esdoornstraat,1,4651 KM,STEENBERGEN NB,0851,STEENBERGEN,0167507130,primary
Noord-Brabant,RK Basisschool Petrus en Paulus,Stoofdijk,1,4671 CP,DINTELOORD,0851,STEENBERGEN,0167528118,primary
Noord-Brabant,RK Basisschool Het Kompas,Galenuslaan,1,4624 XE,BERGEN OP ZOOM,0748,BERGEN OP ZOOM,0164237112,primary
Noord-Brabant,Fortuna,Fortuinstraat,28,4634 TD,WOENSDRECHT,0873,WOENSDRECHT,0164613911,primary
Noord-Brabant,Rooms Katholieke Basisschool 't Paviljoen,Meulenberg,6,4641 CL,OSSENDRECHT,0873,WOENSDRECHT,0164672266,primary
Noord-Brabant,RK Basisschool Pius X,Kapelaan Kockstraat,48,4651 XE,STEENBERGEN NB,0851,STEENBERGEN,0167563634,primary
Noord-Brabant,RK Basisschool Maria Regina,Waterlinie,1,4652 GB,STEENBERGEN NB,0851,STEENBERGEN,0167563346,primary
Noord-Brabant,RK Basisschool De Borghoek,Lambertijnenlaan,3,4614 EV,BERGEN OP ZOOM,0748,BERGEN OP ZOOM,0164236894,primary
Noord-Brabant,Groen v Prinsterer,Helfrichstraat,2,4671 AV,DINTELOORD,0851,STEENBERGEN,0167522728,primary
Noord-Brabant,Rooms Katholieke Basisschool De Biezenhof,Rode Schouw,85,4661 VE,HALSTEREN,0748,BERGEN OP ZOOM,0164683922,primary
Noord-Brabant,RK Basisschool Anton van Duinkerken,Smitsstraat,29,4623 XP,BERGEN OP ZOOM,0748,BERGEN OP ZOOM,0164240646,primary
Noord-Brabant,Rooms Katholieke Basisschool De Toermalijn,Rondsel,144,4661 TS,HALSTEREN,0748,BERGEN OP ZOOM,0164683188,primary
Noord-Brabant,RK Basisschool Klim-Op,Philomenahof,31,4631 NM,HOOGERHEIDE,0873,WOENSDRECHT,0164612400,primary
Noord-Brabant,RK Basisschool St Maarten,Vijverstraat,17,4661 JW,HALSTEREN,0748,BERGEN OP ZOOM,0164630373,primary
Noord-Brabant,Rooms Katholieke Basisschool De Welle,Groenplaats,31,4613 GP,BERGEN OP ZOOM,0748,BERGEN OP ZOOM,0164256125,primary
Noord-Brabant,RK Basisschool Sancta Maria,Kloosterstraat,73,4611 MB,BERGEN OP ZOOM,0748,BERGEN OP ZOOM,0164237160,primary
Noord-Brabant,Rooms Katholieke Basisschool Octopus,Zuiderdreef,322,4616 AJ,BERGEN OP ZOOM,0748,BERGEN OP ZOOM,0164854547,primary
Noord-Brabant,Basisschool Marco Polo,Florastraat,195,4613 CX,BERGEN OP ZOOM,0748,BERGEN OP ZOOM,0164253197,primary
Noord-Brabant,Christelijke Basisschool De Grebbe,Kastanjelaan,121,4621 HE,BERGEN OP ZOOM,0748,BERGEN OP ZOOM,0164233934,primary
Noord-Brabant,Rooms Katholieke Basisschool Lodijke,Ouderdinge,15,4617 NL,BERGEN OP ZOOM,0748,BERGEN OP ZOOM,0164252791,primary
Noord-Brabant,Brede School Bernadette,Mariastraat,31,5738 AH,MARIAHOUT,1659,LAARBEEK,0499425115,primary
Noord-Brabant,Basisschool De Rots,Amundsenstraat,53,5665 VS,GELDROP,1771,GELDROP-MIERLO,0407802554,primary
Noord-Brabant,Basissch St Jozef,Papenvoort,10,5663 AH,GELDROP,1771,GELDROP-MIERLO,0888001700,primary
Noord-Brabant,Kindentrum Vijblad,Linze,3,5667 AH,GELDROP,1771,GELDROP-MIERLO,0402801164,primary
Noord-Brabant,Kindcentrum de Wentelwiek,Jacobushoek,5,5672 HZ,NUENEN,0820,NUENEN CA,0402831130,primary
Noord-Brabant,Kindcentrum De Vlinder,Sint Jozefplein,3,5666 RL,GELDROP,1771,GELDROP-MIERLO,0402800600,primary
Noord-Brabant,Kindcentrum De Sprankel,Grotenhof,4,5737 CB,LIESHOUT,1659,LAARBEEK,0499421529,primary
Noord-Brabant,Kindcentrum Breinplein,Schoolstraat,1,5735 CG,AARLE-RIXTEL,1659,LAARBEEK,0492381214,primary
Noord-Brabant,Basisschool t Klokhuis,Hazelaar,47,5664 VE,GELDROP,1771,GELDROP-MIERLO,0402862964,primary
Noord-Brabant,Brede School Heuvelrijk,Heuvel,5,5674 RR,NUENEN,0820,NUENEN CA,0402831261,primary
Noord-Brabant,Dalton Kindcentruml Dommeldal,Beneden Beekloop,93,5662 HK,GELDROP,1771,GELDROP-MIERLO,0402800004,primary
Noord-Brabant,KC Beekrijk-locatie Dalton basisschool 't Otterke,Beverstraat,11,5741 KW,BEEK EN DONK,1659,LAARBEEK,0492462163,primary
Noord-Brabant,Basisschool Merlebos,De Spinner,6,5591 NG,HEEZE,1658,HEEZE-LEENDE,0402240055,primary
Noord-Brabant,Basisschool Sint Jozef,De Koppel,1,5674 NW,NUENEN,0820,NUENEN CA,0402831207,primary
Noord-Brabant,De Parel,Pastoor Gastlaan,2,5591 BM,HEEZE,1658,HEEZE-LEENDE,0402240059,primary
Noord-Brabant,Kindcentrum De Raagten,Otterweg,31,5741 BC,BEEK EN DONK,1659,LAARBEEK,0492461545,primary
Noord-Brabant,Brede school Dirk Hezius,Schoolstraat,1,5591 HK,HEEZE,1658,HEEZE-LEENDE,0402240035,primary
Noord-Brabant,Brainport school de Dassenburcht,Jacob Catsstraat,1-3,5671 VP,NUENEN,0820,NUENEN CA,0402831583,primary
Noord-Brabant,KC Beekrijk-locatie De Muldershof,Molenweg,5,5741 NA,BEEK EN DONK,1659,LAARBEEK,0492461309,primary
Noord-Brabant,Basisschool de Crijnsschool,Heikampen,3,5672 ST,NUENEN,0820,NUENEN CA,0402835349,primary
Noord-Brabant,Kindcentrum Puur Sang - Lucia,Haver,13,5731 LA,MIERLO,1771,GELDROP-MIERLO,0492661561,primary
Noord-Brabant,Kindcentrum De Nieuwe Linde,Van Duynhovenlaan,15,5673 AP,NUENEN,0820,NUENEN CA,0402838671,primary
Noord-Brabant,Kindcentrum De Kersentuin,Wersakker,55,5731 KE,MIERLO,1771,GELDROP-MIERLO,0492662899,primary
Noord-Brabant,Kindcentrum Puur Sang - Loeswijk,Biss van Mierlostraat,92,5731 GH,MIERLO,1771,GELDROP-MIERLO,0492662500,primary
Noord-Brabant,Nutsbasisschool Boeimeer,Jan Nieuwenhuyzenstraat,2,4818 RJ,BREDA,0758,BREDA,0765146101,primary
Noord-Brabant,Nutsbasisschool Dirk van Veen,Laan van Mecklenburg,30,4818 GD,BREDA,0758,BREDA,0853001222,primary
Noord-Brabant,Nutsbasisschool de Hoogakker,Wandelakker,60-62,4824 SG,BREDA,0758,BREDA,0765411469,primary
Noord-Brabant,Nutsbasisschool Burgst,Groene Hil,20,4822 RS,BREDA,0758,BREDA,0765439008,primary
Noord-Brabant,Nutsbasisschool Teteringen,Breeschot,18,4847 EW,TETERINGEN,0758,BREDA,0765428294,primary
Noord-Brabant,Jenaplanschool Antonius Abt,Oberon,17,5221 LT,'S-HERTOGENBOSCH,0796,S HERTOGENBOSCH,0738511200,primary
Noord-Brabant,Oecumenische Jenaplanschool Molenwijk,Achterberghstraat,12,5282 RP,BOXTEL,0757,BOXTEL,0411672048,primary
Noord-Brabant,Prinses Amaliaschool,Reginahof,3,5282 GC,BOXTEL,0757,BOXTEL,0411611450,primary
Noord-Brabant,Basisschool De Klim,Lennisheuvel,52,5281 LG,BOXTEL,0757,BOXTEL,0411674715,primary
Noord-Brabant,Basisschool De Springplank,St.-Elisabethstraat,19,5261 VK,VUGHT,0865,VUGHT,0736563606,primary
Noord-Brabant,Rooms Katholieke Basisschool De Leydraad,Voorstraat,17,5266 AV,CROMVOIRT,0865,VUGHT,0411641907,primary
Noord-Brabant,IKC De Avonturier,Lidwinastraat,12-A,5262 EP,VUGHT,0865,VUGHT,0736564019,primary
Noord-Brabant,De Vlindertuin/kindcentrum,Jac. van Looystraat,5,5216 SB,'S-HERTOGENBOSCH,0796,S HERTOGENBOSCH,0737820106,primary
Noord-Brabant,Rooms Katholieke Basisschool de Schalm,Theresialaan,34,5262 BN,VUGHT,0865,VUGHT,0736563678,primary
Noord-Brabant,RK Basissch Het Molenven,Koninginnelaan,1-C,5263 DP,VUGHT,0865,VUGHT,0736560129,primary
Noord-Brabant,Basisschool St Petrus,Burgakker,8,5281 CH,BOXTEL,0757,BOXTEL,0411672348,primary
Noord-Brabant,Basisschool De Beemden,Apollopad,99,5283 KG,BOXTEL,0757,BOXTEL,0411685083,primary
Noord-Brabant,Basisschool De Vorsenpoel,Hendrik Verheeslaan,40,5283 CV,BOXTEL,0757,BOXTEL,0411611484,primary
Noord-Brabant,Basisschool De Hobbendonken,Beneluxlaan,4,5283 HD,BOXTEL,0757,BOXTEL,0411674576,primary
Noord-Brabant,Protestants Christelijke Basisschool De Bron,Zilverkruid,10,5237 HA,'S-HERTOGENBOSCH,0796,S HERTOGENBOSCH,0736449176,primary
Noord-Brabant,Rooms Katholieke Basisschool De Wegwijzer,Brouwerstraat,2,5271 XR,SINT-MICHIELSGESTEL,0845,SINT-MICHIELSGESTEL,0735941832,primary
Noord-Brabant,Basisschool Roald Dahl,Papaverstraat,31,5271 RA,SINT-MICHIELSGESTEL,0845,SINT-MICHIELSGESTEL,0735512798,primary
Noord-Brabant,Basisschool Herman Jozef,Pastoor Verlindenstraat,22,5258 HV,BERLICUM,0845,SINT-MICHIELSGESTEL,0735037265,primary
Noord-Brabant,Basisschool Klim-op,Sportlaantje,8,5076 AM,HAAREN,0824,OISTERWIJK,0411621209,primary
Noord-Brabant,Basisschool Dr Landman,Kloosterstraat,30,5268 AC,HELVOIRT,0865,VUGHT,0411645295,primary
Noord-Brabant,De Touwladder,Van Den Kerkhoffstraat,27,5271 CH,SINT-MICHIELSGESTEL,0845,SINT-MICHIELSGESTEL,0735530360,primary
Noord-Brabant,BS St Lambertus,St.Lambertusweg,112,5291 AD,GEMONDE,0845,SINT-MICHIELSGESTEL,0735530130,primary
Noord-Brabant,Basisschool Franciscus,Capucijnenstraat,19,5074 PE,BIEZENMORTEL,0855,TILBURG,0135111673,primary
Noord-Brabant,Basisschool De Parel,Schoolstraat,1,5258 CJ,BERLICUM,0845,SINT-MICHIELSGESTEL,0735031880,primary
Noord-Brabant,Basisschool Fonkel,Weidestraat,18,5275 AR,DEN DUNGEN,0845,SINT-MICHIELSGESTEL,0735944254,primary
Noord-Brabant,Basisschool Willibrordus,Postelstraat,19-A,5296 LM,ESCH,0757,BOXTEL,0411604019,primary
Noord-Brabant,Theresiaschool,Braakven,19,5258 AG,BERLICUM,0845,SINT-MICHIELSGESTEL,0735037117,primary
Noord-Brabant,Basisschool De Regenboog,Hertog Jan II Laan,58,5482 BJ,SCHIJNDEL,1948,MEIERIJSTAD,0735492826,primary
Noord-Brabant,Openbare Basisschool de Kring,Beemdstraat,3,5482 HA,SCHIJNDEL,1948,MEIERIJSTAD,0735474938,primary
Noord-Brabant,Basisschool 't Kwekkeveld,Cornelis Trompstraat,47,5481 GS,SCHIJNDEL,1948,MEIERIJSTAD,0735492783,primary
Noord-Brabant,Basisschool de Beemd,Beemdstraat,5,5482 HA,SCHIJNDEL,1948,MEIERIJSTAD,0735430990,primary
Noord-Brabant,Basisschool de Heycant,Conventstraat,10,5481 CP,SCHIJNDEL,1948,MEIERIJSTAD,0735493237,primary
Noord-Brabant,Rooms Katholieke Basisschool de Vossenberg,Jan van Amstelstraat,36,5481 HD,SCHIJNDEL,1948,MEIERIJSTAD,0735474334,primary
Noord-Brabant,Kindcentrum Torenlei,Dorpsstraat,8,5085 EG,ESBEEK,0798,HILVARENBEEK,0135169371,primary
Noord-Brabant,BS De Vonder,Kloosterlaan,32,5066 AN,MOERGESTEL,0824,OISTERWIJK,0137112411,primary
Noord-Brabant,BS De Tovervogel,Terburghtweg,1-A,5061 LA,OISTERWIJK,0824,OISTERWIJK,0135234236,primary
Noord-Brabant,Kindcentrum Starrebos,Schoolstraat,38,5081 VH,HILVARENBEEK,0798,HILVARENBEEK,0135052340,primary
Noord-Brabant,Kindcentrum Kamelot,Tamboerstraat,4,5051 JP,GOIRLE,0785,GOIRLE,0135342263,primary
Noord-Brabant,Kindcentrum de Vlinderakker,Biestsestraat,38,5084 HG,BIEST-HOUTAKKER,0798,HILVARENBEEK,0135051400,primary
Noord-Brabant,Kindcentrum de Doelakkers,Koningskruis,11,5081 XM,HILVARENBEEK,0798,HILVARENBEEK,0135051465,primary
Noord-Brabant,De Bunders,Frans Halsstraat,34,5062 LK,OISTERWIJK,0824,OISTERWIJK,0135230999,primary
Noord-Brabant,RK Basisschool Open Hof,Frankische Driehoek,1,5052 BL,GOIRLE,0785,GOIRLE,0135342432,primary
Noord-Brabant,RK Basisschool de Regenboog,Grobbendonckpark,43,5051 KR,GOIRLE,0785,GOIRLE,0640619972,primary
Noord-Brabant,De Coppele,Willem de Zwijgerlaan,59,5061 TB,OISTERWIJK,0824,OISTERWIJK,0135230828,primary
Noord-Brabant,De Groene Parel,Lavendel,1,5061 WB,OISTERWIJK,0824,OISTERWIJK,0135234346,primary
Noord-Brabant,Kindcentrum St. Jozef,Emmastraat,1,5089 NL,HAGHORST,0798,HILVARENBEEK,0135046159,primary
Noord-Brabant,Basisschool Den Bongerd,Frankische Driehoek,2-A,5052 BL,GOIRLE,0785,GOIRLE,0135345714,primary
Noord-Brabant,Kindcentrum Reizenrijk,Molenstraat,8,5087 BN,DIESSEN,0798,HILVARENBEEK,0135046165,primary
Noord-Brabant,Rooms Katholieke Basisschool De Bron,Waterput,54,5053 EJ,GOIRLE,0785,GOIRLE,0135346818,primary
Noord-Brabant,Basisschool 't Schrijverke,Guido Gezellelaan,137,5051 ML,GOIRLE,0785,GOIRLE,0135344455,primary
Noord-Brabant,Basisschool Berkeloo,Hazelaarlaan,32-34,5056 XN,BERKEL-ENSCHOT,0855,TILBURG,0135331144,primary
Noord-Brabant,Basissch Sint Agnes,Vaartweg,104,5106 NE,DONGEN,0766,DONGEN,0162315432,primary
Noord-Brabant,Jenaplanschool De Kleine Akkers,Burg Philipsenstraat,2,5051 CR,GOIRLE,0785,GOIRLE,0135342878,primary
Noord-Brabant,Rooms Katholieke Basisschool Sint Jan,Kastanjestraat,26,5104 CL,DONGEN,0766,DONGEN,0162386929,primary
Noord-Brabant,Rooms Katholieke Basisschool Achterberg,Sint Josephstraat,62,5104 EG,DONGEN,0766,DONGEN,0162312246,primary
Noord-Brabant,De Wildschut,Raadhuisstraat,3,5126 CK,GILZE,0784,GILZE EN RIJEN,0161455838,primary
Noord-Brabant,Kindcentrum de Mortel,Perweide,5,5071 AC,UDENHOUT,0855,TILBURG,0135112085,primary
Noord-Brabant,Basisschool St Caecilia,Schoolmeesterstraat,2,5056 KK,BERKEL-ENSCHOT,0855,TILBURG,0135331360,primary
Noord-Brabant,De Cocon,Hoefstraat,173,5014 NK,TILBURG,0855,TILBURG,0135434277,primary
Noord-Brabant,Basisschool De Kring,Isabella van Spanjestr,2,5122 LE,RIJEN,0784,GILZE EN RIJEN,0161223987,primary
Noord-Brabant,Basisschool Den Bijstere,Daltonerf,8,5014 HZ,TILBURG,0855,TILBURG,0135423772,primary
Noord-Brabant,Basisschool Rennevoirt,Antonie van Dycklaan,1,5056 CP,BERKEL-ENSCHOT,0855,TILBURG,0135333565,primary
Noord-Brabant,Basisschool De Vlinderboom,Hortensiastraat,2,5102 XS,DONGEN,0766,DONGEN,0162312050,primary
Noord-Brabant,Basisschool De Regenboog,Dirigentenlaan,17,5049 EA,TILBURG,0855,TILBURG,0135470285,primary
Noord-Brabant,Basisschool De Wichelroede,Van Heeswijkstraat,1-B,5071 CT,UDENHOUT,0855,TILBURG,0135111692,primary
Noord-Brabant,Basisschool De Lochtenbergh,Perosistraat,150,5049 LP,TILBURG,0855,TILBURG,0135470160,primary
Noord-Brabant,Basisschool Heilig Hart,Schoolstraat,2,5104 JN,DONGEN,0766,DONGEN,0162313771,primary
Noord-Brabant,Basisschool de Vlashof,Bartokstraat,131,5011 JB,TILBURG,0855,TILBURG,0134551778,primary
Noord-Brabant,Basisschool Stelaertshoeve,Eilenbergstraat,258,5011 EC,TILBURG,0855,TILBURG,0134551292,primary
Noord-Brabant,Basisschool Den Hazennest,Vermeulenstraat,30,5012 HB,TILBURG,0855,TILBURG,0135470016,primary
Noord-Brabant,Basisschool Harten4,Cederstraat,4,5037 JD,TILBURG,0855,TILBURG,0134670771,primary
Noord-Brabant,Vereniging Basisschool Rode Schouw,Rode Schouw,87,4661 VE,HALSTEREN,0748,BERGEN OP ZOOM,0164682040,primary
Noord-Brabant,Eerste Montessorischool,Noordsingel,57,4611 SC,BERGEN OP ZOOM,0748,BERGEN OP ZOOM,0164251607,primary
Noord-Brabant,Basisschool Het Kompas,De Polderstraat,44,4794 AM,HEIJNINGEN,1709,MOERDIJK,0168463380,primary
Noord-Brabant,Basisschool De Aanloop,Frederik Maystraat,33,4614 EG,BERGEN OP ZOOM,0748,BERGEN OP ZOOM,0164210191,primary
Noord-Brabant,Kindcentrum Kiemkade,Kardinaal De Jonglaan,10,4624 ES,BERGEN OP ZOOM,0748,BERGEN OP ZOOM,0164236436,primary
Noord-Brabant,Basisschool De Krabbenkooi,Coehoornstraat,28,4611 KS,BERGEN OP ZOOM,0748,BERGEN OP ZOOM,0164210727,primary
Noord-Brabant,Kindcentrum Kiezelrijk,Stadshillen,36,4651 CX,STEENBERGEN NB,0851,STEENBERGEN,0167564504,primary
Noord-Brabant,Vrijeschool De Zeeridder,Frans Halsstraat,25,4625 BR,BERGEN OP ZOOM,0748,BERGEN OP ZOOM,0164249001,primary
Noord-Brabant,Kindcentrum de Plataan,Van Tuldenstraat,2,5688 DB,OIRSCHOT,0823,OIRSCHOT,0499550345,primary
Noord-Brabant,Kindcentrum De Linde,Spoordonkseweg,1,5688 KB,OIRSCHOT,0823,OIRSCHOT,0499550355,primary
Noord-Brabant,Dalton Kindcentrum AvontuurRijk,Montfortlaan,20,5688 NM,OIRSCHOT,0823,OIRSCHOT,0499550356,primary
Noord-Brabant,Kindcentrum de Vliertuin,St. Jorisstraat,1,5091 SC,OOST WEST EN MIDDELBEERS,0823,OIRSCHOT,0135146088,primary
Noord-Brabant,Speelleerplein de Fonkeling,Bernadettestraat,1,5688 KN,OIRSCHOT,0823,OIRSCHOT,0499550324,primary
Noord-Brabant,Het Beekdal,Bredaseweg,55-A,4861 TB,CHAAM,1723,ALPHEN-CHAAM,0161491738,primary
Noord-Brabant,Basisschool De Vijf Eiken,Van Duivenvoordestraat,75,5121 VR,RIJEN,0784,GILZE EN RIJEN,0161223541,primary
Noord-Brabant,Protestants Christelijke Basisschool De Wegwijzer,Grutterijstraat,27,5109 TD,'S GRAVENMOER,0766,DONGEN,0162312634,primary
Noord-Brabant,De Menorah,Krijtenberg,1,4904 PW,OOSTERHOUT NB,0826,OOSTERHOUT,0162455540,primary
Noord-Brabant,Anspach school,Hertog Janstraat,34,5104 EZ,DONGEN,0766,DONGEN,0162315500,primary
Noord-Brabant,Protestants Christelijke basisschool de Klankhof,Hobodreef,3,4876 XB,ETTEN-LEUR,0777,ETTEN-LEUR,0765034880,primary
Noord-Brabant,Vincent van Goghschool,Lambertusstraat,5,4872 XA,ETTEN-LEUR,0777,ETTEN-LEUR,0765012905,primary
Noord-Brabant,Protestants Christelijke Basisschool Dr de Visser,Burg Serrarislaan,32,4835 LH,BREDA,0758,BREDA,0765655842,primary
Noord-Brabant,De Fontein,Thomas Vincidorstraat,1,4827 GA,BREDA,0758,BREDA,0765872130,primary
Noord-Brabant,Montessorischool  Helmond,Dinkelstraat,65,5704 GK,HELMOND,0794,HELMOND,0492510017,primary
Noord-Brabant,Evangelische Basisschool Online,Jasonstraat,1,5631 JB,EINDHOVEN,0772,EINDHOVEN,0402691222,primary
Noord-Brabant,Rooms Katholieke Basisschool De Wegwijzer,Galileistraat,1,5756 AW,VLIERDEN,0762,DEURNE,0493311213,primary
Noord-Brabant,Rooms Katholieke Basisschool Zeilberg,Margrietstraat,2,5754 AH,DEURNE,0762,DEURNE,0493314370,primary
Noord-Brabant,Gerardusschool,Klingerveld,6,5752 AK,DEURNE,0762,DEURNE,0493314144,primary
Noord-Brabant,Rooms Katholieke Basisschool Sint Jozef,Kerkendijk,81,5712 ET,SOMEREN,0847,SOMEREN,0493491654,primary
Noord-Brabant,Rooms Katholieke Basisschool De Zonnebloem,Het Hofke,12,5757 BB,LIESSEL,0762,DEURNE,0493341323,primary
Noord-Brabant,Antonius School,Heikamperweg,1,5725 AZ,HEUSDEN GEM ASTEN,0743,ASTEN,0493692039,primary
Noord-Brabant,Basisschool t Rendal,Offermansstraat,9,5715 AM,LIEROP,0847,SOMEREN,0492332419,primary
Noord-Brabant,Leerrijk,Van Gijselstraat,24,5712 HE,SOMEREN,0847,SOMEREN,0493492015,primary
Noord-Brabant,St Willibrordusschool,Dorpsstraat,11,5758 AM,NEERKANT,0762,DEURNE,0774663164,primary
Noord-Brabant,Rooms Katholieke Maria-School,Laan ten Roode,34,5711 GC,SOMEREN,0847,SOMEREN,0493491348,primary
Noord-Brabant,Kindcentrum De Ontdekking,Kruiskensweg,8,5721 KD,ASTEN,0743,ASTEN,0493692769,primary
Noord-Brabant,Basisschool Heiakker,Patrijs,33,5754 DJ,DEURNE,0762,DEURNE,0493311018,primary
Noord-Brabant,De Peelparel,Oude Peelstraat,10,5759 PC,HELENAVEEN,0762,DEURNE,0493539390,primary
Noord-Brabant,De Diamant Basisschool,Avennelaan,17,5711 BB,SOMEREN,0847,SOMEREN,0493492001,primary
Noord-Brabant,Rooms Katholieke Basisschool Voordeldonk,Bergweg,60,5721 JD,ASTEN,0743,ASTEN,0493691751,primary
Noord-Brabant,Basisschool De Piramide,Schelde,1,5751 VJ,DEURNE,0762,DEURNE,0493313422,primary
Noord-Brabant,Basisschool het Talent,Asterstraat,35,5721 EE,ASTEN,0743,ASTEN,0493670090,primary
Noord-Brabant,Basisschool De Vonder,Willem Alexanderlaan,3,5712 CA,SOMEREN,0847,SOMEREN,0493492130,primary
Noord-Brabant,Basisschool Tilli,Schutsboom,14,5751 JB,DEURNE,0762,DEURNE,0493312444,primary
Noord-Brabant,Kindcentrum D'n Bogerd,Keltenstraat,16,5753 GN,DEURNE,0762,DEURNE,0493314069,primary
Noord-Brabant,Basisschool De Lockaert,Bessenlaan,50-52,5345 JG,OSS,0828,OSS,0412691436,primary
Noord-Brabant,Rooms Katholieke Basisschool Emmaus,Dr Saal van Zwanenbergln,115,5384 BV,HEESCH,1721,BERNHEZE,0412452239,primary
Noord-Brabant,Basissch Maria,Brugstraat,2,5382 JD,VINKEL,0796,S HERTOGENBOSCH,0735341166,primary
Noord-Brabant,Rooms Katholieke Basisschool Op Weg,Eggerlaan,8,5476 KL,VORSTENBOSCH,1721,BERNHEZE,0413367439,primary
Noord-Brabant,Basisschool 't Maxend,Maxend,6,5388 GL,NISTELRODE,1721,BERNHEZE,0412611366,primary
Noord-Brabant,Basisschool Sint Albertus,Dorpsstraat,44,5471 NB,LOOSBROEK,1721,BERNHEZE,0413229645,primary
Noord-Brabant,Rooms Katholieke Basisschool De Meander,Marktplein,26,5397 EW,LITH,0828,OSS,0412485190,primary
Noord-Brabant,RK Basisschool St Antonius,Pastoor Roesweg,6,5398 HR,MAREN-KESSEL,0828,OSS,0412479383,primary
Noord-Brabant,Basisschool De Kiem,De Ploeg,101,5384 HL,HEESCH,1721,BERNHEZE,0412453655,primary
Noord-Brabant,Samenwerkingsschool Eikenwijs,'t Vijfeiken,36,5384 ES,HEESCH,1721,BERNHEZE,0412451467,primary
Noord-Brabant,Basisschool De Beekgraaf,De Beekgraaf,60,5388 CV,NISTELRODE,1721,BERNHEZE,0412617356,primary
Noord-Brabant,BS De Kleine Weide,Kloosterstraat,3,5394 AK,OIJEN,0828,OSS,0412495069,primary
Noord-Brabant,Basisschool Hertogin Johanna,Aalbersestraat,4,5344 SV,OSS,0828,OSS,0412646284,primary
Noord-Brabant,Basisschool De Hoogakker,Schoolstraat,25,5391 AX,NULAND,0796,S HERTOGENBOSCH,0735322358,primary
Noord-Brabant,Basisschool De Wissel,Kloosterstraat,4,5386 AS,GEFFEN,0828,OSS,0735341005,primary
Noord-Brabant,Basisschool het Mozaiek,Pastoor Maasstraat,15,5473 CG,HEESWIJK-DINTHER,1721,BERNHEZE,0413291818,primary
Noord-Brabant,Basisschool 't Palet,Steen- en Stokstraat,2,5473 RN,HEESWIJK-DINTHER,1721,BERNHEZE,0413296377,primary
Noord-Brabant,Basisschool Sint Jozef,Langwijkstraat,6,5396 PP,LITHOIJEN,0828,OSS,0412485090,primary
Noord-Brabant,Basisschool de Nieuwe Link,Professor Regoutstraat,110,5348 AH,OSS,0828,OSS,0412627341,primary
Noord-Brabant,Hertogin Johanna locatie V,Vianenstraat,106,5342 AJ,OSS,0828,OSS,0412622217,primary
Noord-Brabant,Chr Basissch De Zaaier,Burgemeester Baxlaan,3,4281 KN,ANDEL,1959,ALTENA,0183441977,primary
Noord-Brabant,CBS De Parel,Kruisstraat,31,4284 EB,RIJSWIJK NB,1959,ALTENA,0183441983,primary
Noord-Brabant,CBS De Verrekijker,Waardhuizen,38,4287 LS,WAARDHUIZEN,1959,ALTENA,0183441303,primary
Noord-Brabant,Christelijke Basisschool De Ark,Dorpsstraat,62,4268 GK,MEEUWEN,1959,ALTENA,0416352341,primary
Noord-Brabant,Christelijke Basisschool De Sprankel,Wilhelminaplantsoen,1-B,4271 AX,DUSSEN,1959,ALTENA,0416391109,primary
Noord-Brabant,Protestants Christelijke Basisschool Het Fundament,Van Der Beekstraat,14-16,4265 HS,GENDEREN,1959,ALTENA,0416355074,primary
Noord-Brabant,Christelijke Basisschool Eben Haezer,Oude Ban,14,4285 TH,WOUDRICHEM,1959,ALTENA,0183309338,primary
Noord-Brabant,Basisschool de Uylenborch,De Borchgravestraat,54,4286 BN,ALMKERK,1959,ALTENA,0183401339,primary
Noord-Brabant,Christelijke School voor Primair Onderwijs De Regenboog,Hasselmanstraat,1,4255 HL,NIEUWENDIJK,1959,ALTENA,0183402855,primary
Noord-Brabant,Het Baken,Koelemaaier,1,4251 DT,WERKENDAM,1959,ALTENA,0183501486,primary
Noord-Brabant,Hervormde Basisschool 't Kompas,Hooftlanden,1,4251 BE,WERKENDAM,1959,ALTENA,0183501955,primary
Noord-Brabant,Basisschool Zilverlinde,Elisadonk,320,4707 EW,ROOSENDAAL,1674,ROOSENDAAL,0165560377,primary
Noord-Brabant,Vrijeschool De Strijene,Ganzendonk,4,4907 XZ,OOSTERHOUT NB,0826,OOSTERHOUT,0162456533,primary
Noord-Brabant,Vrijeschool De Zevenster,Bronkhorstsingel,7,5403 NA,UDEN,1991,MAASHORST,0413332911,primary
Noord-Brabant,Vrijeschool Peelland,Helmondselaan,71,5702 NM,HELMOND,0794,HELMOND,0492547628,primary
Noord-Brabant,Vrijeschool De Driestroom,Waalstraat,30,5215 CK,'S-HERTOGENBOSCH,0796,S HERTOGENBOSCH,0736139158,primary
Noord-Brabant,Vrijeschool Tiliander,Lange Nieuwstraat,189,5041 DB,TILBURG,0855,TILBURG,0135431963,primary
Noord-Brabant,Vrijeschool Brabant,Nuenenseweg,6,5631 KB,EINDHOVEN,0772,EINDHOVEN,0402452948,primary
Noord-Brabant,'t Kleurenbos,Rusheuvelstraat,75,5346 JH,OSS,0828,OSS,0412253111,primary
Noord-Brabant,Openbare Basisschool 't Karregat,Urkhovenseweg,6,5641 KE,EINDHOVEN,0772,EINDHOVEN,0402810326,primary
Noord-Brabant,Openbare Basisschool De Groene Vlinder,Mirabelweg,96,5632 PD,EINDHOVEN,0772,EINDHOVEN,0402410313,primary
Noord-Brabant,Openbare Basisschool de Opbouw,Pieter Poststraat,13-A,5624 BE,EINDHOVEN,0772,EINDHOVEN,0402441242,primary
Noord-Brabant,Salto basisschool Strijp Dorp,Apeldoornstraat,1,5651 EN,EINDHOVEN,0772,EINDHOVEN,0402514103,primary
Noord-Brabant,Openbare Basisschool de Hobbitstee,Schelluinen,2,5653 JM,EINDHOVEN,0772,EINDHOVEN,0402511441,primary
Noord-Brabant,Openbare Basisschool Cornelis Jetses,Samarialaan,1-A,5625 RA,EINDHOVEN,0772,EINDHOVEN,0402419848,primary
Noord-Brabant,Openbare Basisschool De Ontmoeting,Hettenheuvellaan,2-A,5628 DP,EINDHOVEN,0772,EINDHOVEN,0402414663,primary
Noord-Brabant,Openbare Basisschool de Klapwiek,Marseillelaan,100-A,5627 GM,EINDHOVEN,0772,EINDHOVEN,0402413340,primary
Noord-Brabant,Basisschool De Driestam,Schoenmakerstraat,2,5612 AD,EINDHOVEN,0772,EINDHOVEN,0402950840,primary
Noord-Brabant,Basisschool De Hanevoet,Oldengaarde,1-B,5655 CP,EINDHOVEN,0772,EINDHOVEN,0402518972,primary
Noord-Brabant,Basisschool De Klimboom,St Norbertuslaan,1,5643 PM,EINDHOVEN,0772,EINDHOVEN,0402112224,primary
Noord-Brabant,Basisschool Floralaan,Floralaan West,264,5644 BN,EINDHOVEN,0772,EINDHOVEN,0402112112,primary
Noord-Brabant,Basisschool De Tempel,Baarle Hertoglaan,1,5628 PM,EINDHOVEN,0772,EINDHOVEN,0402412671,primary
Noord-Brabant,Montessoribasisschool De Trinoom,Don Boscostraat,2,5611 KW,EINDHOVEN,0772,EINDHOVEN,0402950776,primary
Noord-Brabant,Salto-basisschool Reigerlaan,Reigerlaan,3,5613 CD,EINDHOVEN,0772,EINDHOVEN,0402433949,primary
Noord-Brabant,OBS Philipsdorp,Schouwbroekseweg,7,5616 NV,EINDHOVEN,0772,EINDHOVEN,0402528883,primary
Noord-Brabant,Openbare Basisschool de Hasselbraam,Tuinstraat,6,5611 PL,EINDHOVEN,0772,EINDHOVEN,0402114494,primary
Noord-Brabant,12e Openbare Basisschool de Vuurvlinder,Opera,60-A,5629 NC,EINDHOVEN,0772,EINDHOVEN,0402418144,primary
Noord-Brabant,Openbare Basisschool De St@rtbaan,Meerbos,16,5658 LA,EINDHOVEN,0772,EINDHOVEN,0408879020,primary
Noord-Brabant,Kindcentrum Mierlo-Hout,Mahoniehoutstraat,13,5706 VS,HELMOND,0794,HELMOND,0492523847,primary
Noord-Brabant,De Bundertjes,Basstraat,208,5702 SM,HELMOND,0794,HELMOND,0492525649,primary
Noord-Brabant,De Straap,Twentehof,200,5709 KG,HELMOND,0794,HELMOND,0492556313,primary
Noord-Brabant,Basisschool de Rakt,Baroniehof,212,5709 HD,HELMOND,0794,HELMOND,0492511157,primary
Noord-Brabant,Openbaar Kindcentrum de Stroom,Rijnlaan,103,5704 HZ,HELMOND,0794,HELMOND,0492592727,primary
Noord-Brabant,De Lindt,Sprengersstraat,1,5708 EV,HELMOND,0794,HELMOND,0492547043,primary
Noord-Brabant,Openbare Basisschool Brandevoort,De Plaetse,150,5708 ZJ,HELMOND,0794,HELMOND,0492667857,primary
Noord-Brabant,Kbs John F Kennedy,Molstraat,34,4826 KA,BREDA,0758,BREDA,0765874742,primary
Noord-Brabant,Kbs Weilust,Draaiboom,12,4817 WR,BREDA,0758,BREDA,0765876528,primary
Noord-Brabant,Kbs De Zandberg,Zandberglaan,60-62,4818 GL,BREDA,0758,BREDA,0765214109,primary
Noord-Brabant,Kbs De Griffioen,Schoolstraat,45,4841 XC,PRINSENBEEK,0758,BREDA,0765412948,primary
Noord-Brabant,Kbs De Werft,Raaimoeren,21,4824 KA,BREDA,0758,BREDA,0765410515,primary
Noord-Brabant,Kbs St Joseph,St. Josephstraat,5-7,4811 CL,BREDA,0758,BREDA,0765210360,primary
Noord-Brabant,Kbs De Liniedoorn,Baliendijk,78,4816 GG,BREDA,0758,BREDA,0765872838,primary
Noord-Brabant,Kbs De Rosmolen,De Roskam,50,4851 TE,ULVENHOUT,0758,BREDA,0765649666,primary
Noord-Brabant,KC De Wisselaar,Vlaanderenstraat,56,4826 AH,BREDA,0758,BREDA,0765871177,primary
Noord-Brabant,KC De Horizon,Kapelstraat,44,4841 GJ,PRINSENBEEK,0758,BREDA,0765413200,primary
Noord-Brabant,Kbs Jacinta,Viveslaan,3,4834 XV,BREDA,0758,BREDA,0765650261,primary
Noord-Brabant,Kbs De Burchtgaarde,Stoutenburgstraat,26,4834 LP,BREDA,0758,BREDA,0765650828,primary
Noord-Brabant,Kbs De Spoorzoeker,Pastoor Pottersplein,2,4815 BC,BREDA,0758,BREDA,0765710964,primary
Noord-Brabant,Kbs Olympia,Vlierenbroek,28,4822 XM,BREDA,0758,BREDA,0765418661,primary
Noord-Brabant,Kbs De Eerste Rith,Hovenierstraat,54,4813 GM,BREDA,0758,BREDA,0765149307,primary
Noord-Brabant,Kbs Kievitsloop,'t Blok,175,4823 JJ,BREDA,0758,BREDA,0765419404,primary
Noord-Brabant,Kbs Sinte Maerte,Doelen,13-C,4813 GP,BREDA,0758,BREDA,0765218558,primary
Noord-Brabant,KC De Avonturier,Effenseweg,15,4838 BA,BREDA,0758,BREDA,0765145944,primary
Noord-Brabant,Kbs De Boomgaard,Wegedoornpage,1,4814 TZ,BREDA,0758,BREDA,0765216105,primary
Noord-Brabant,Kbs De Weerijs,Weerijssingel,1,4814 EP,BREDA,0758,BREDA,0765217534,primary
Noord-Brabant,Kbs Petrus en Paulus,Roland Holststraat,16,4819 HR,BREDA,0758,BREDA,0765300006,primary
Noord-Brabant,Kbs De Parel,Mgr. Nolensplein,1,4812 JC,BREDA,0758,BREDA,0765146369,primary
Noord-Brabant,Kbs De Wegwijzer,Kriekenstraat,43,4847 HE,TETERINGEN,0758,BREDA,0765713495,primary
Noord-Brabant,Kbs Helder Camara,Zuringveld,1,4847 KS,TETERINGEN,0758,BREDA,0765713766,primary
Noord-Brabant,Kbs De Driezwing,Oeverzegge,1,4823 MS,BREDA,0758,BREDA,0765411769,primary
Noord-Brabant,RK Basisschool Teresia,Wilhelminastraat,6,5141 HK,WAALWIJK,0867,WAALWIJK,0416563668,primary
Noord-Brabant,Openbare Basisschool De Springplank,Grutterijstraat,22,5109 TG,'S GRAVENMOER,0766,DONGEN,0162318493,primary
Noord-Brabant,RK Basisschool De Blokkendoos,Ecliptica,26,5175 XJ,LOON OP ZAND,0809,LOON OP ZAND,0416362335,primary
Noord-Brabant,Basisschool De Veste,Prins Bernhardstraat,3,5165 TH,WASPIK,0867,WAALWIJK,0416315000,primary
Noord-Brabant,Rooms Katholieke Basisschool Besoyen,Van Duvenvoordestraat,13,5141 BP,WAALWIJK,0867,WAALWIJK,0416560525,primary
Noord-Brabant,RK Basisschool De Lage Weijkens,Doelen,1,5175 CP,LOON OP ZAND,0809,LOON OP ZAND,0416361594,primary
Noord-Brabant,Openbare Basisschool Villa Vlinderhof,Cornelis Verhoevenstraat,25,5146 DD,WAALWIJK,0867,WAALWIJK,0416333749,primary
Noord-Brabant,Openbare Basisschool Van der Heijden,Mendelssohnstraat,59,5144 GE,WAALWIJK,0867,WAALWIJK,0416336858,primary
Noord-Brabant,RK Basisschool De Vaert,Van Heeswijkstraat,55,5171 KJ,KAATSHEUVEL,0809,LOON OP ZAND,0416272166,primary
Noord-Brabant,Openbare basisschool De Krullevaar,Schrevelstraat,54,5161 AE,SPRANG-CAPELLE,0867,WAALWIJK,0416311778,primary
Noord-Brabant,Openbare Basisschool De Biezenkring,Bolkensteeg,9,5103 AA,DONGEN,0766,DONGEN,0162312927,primary
Noord-Brabant,Openbare Basisschool De Hoef - Hugo,Burg Teijssenlaan,33,5142 PG,WAALWIJK,0867,WAALWIJK,0416561600,primary
Noord-Brabant,Basisschool Westerkim,Vermeerstraat,1,5102 DC,DONGEN,0766,DONGEN,0162313836,primary
Noord-Brabant,Basisschool de Berk,Anjerstraat,4-A,5171 BM,KAATSHEUVEL,0809,LOON OP ZAND,0416272777,primary
Noord-Brabant,RK Basisschool Meerdijk,Frans Halslaan,17,5143 GJ,WAALWIJK,0867,WAALWIJK,0416563963,primary
Noord-Brabant,Basisschool Pater van der Geld,Mendelssohnstraat,59,5144 GE,WAALWIJK,0867,WAALWIJK,0416561738,primary
Noord-Brabant,RK Basisschool Pieter Wijten,Kastanjestraat,2,5143 CZ,WAALWIJK,0867,WAALWIJK,0416650211,primary
Noord-Brabant,RK Basisschool Baardwijk,Balade,7,5142 WX,WAALWIJK,0867,WAALWIJK,0416760136,primary
Noord-Brabant,OBS de Touwladder,Hei-akker,34,5171 WS,KAATSHEUVEL,0809,LOON OP ZAND,0416275254,primary
Noord-Brabant,Basisschool De Vlinderboom,Tamboerstraat,1,5175 TE,LOON OP ZAND,0809,LOON OP ZAND,0416363432,primary
Noord-Brabant,Openbare Basisschool Den Bussel,Paulus Potterplein,2,5171 XJ,KAATSHEUVEL,0809,LOON OP ZAND,0416540520,primary
Noord-Brabant,RK Basisschool De Kinderboom,Vecht,15,5172 BS,KAATSHEUVEL,0809,LOON OP ZAND,0416279280,primary
Noord-Brabant,Rooms Katholieke Basisschool de Vrijhoeve,Heggewikke,23-25,5161 XS,SPRANG-CAPELLE,0867,WAALWIJK,0416543350,primary
Noord-Brabant,Basisschool Hartenaas,Gasthuishoeve,3,5361 HT,GRAVE,1982,LAND VAN CUIJK,0486473429,primary
Noord-Brabant,Basisschool Harlekijn,Dassenburcht,36-A,5431 JZ,CUIJK,1982,LAND VAN CUIJK,0485315163,primary
Noord-Brabant,Openbare Basisschool De Bonckert,Stationsweg,40-A,5831 CR,BOXMEER,1982,LAND VAN CUIJK,0485576960,primary
Noord-Brabant,Basisschool De Nienekes,Veldweg,23,5431 CH,CUIJK,1982,LAND VAN CUIJK,0485313482,primary
Noord-Brabant,Basisschool t Startblok,Robijnlaan,78,5431 ZR,CUIJK,1982,LAND VAN CUIJK,0485313088,primary
Noord-Brabant,Openbare Basisschool De Kameleon,Langenboomseweg,1-A,5451 JH,MILL,1982,LAND VAN CUIJK,0485455028,primary
Noord-Brabant,Kindcentrum Jij,Abtslaan,15,4844 SL,TERHEIJDEN,1719,DRIMMELEN,0765938218,primary
Noord-Brabant,Willem De Zwijger,mr. Jaap Burgerlaan,1,4797 CX,WILLEMSTAD,1709,MOERDIJK,0168472736,primary
Noord-Brabant,Openbare Basisschool De Baayaert,Braak,1,4724 DS,WOUW,1674,ROOSENDAAL,0165303370,primary
Noord-Brabant,Openbare Basisschool De Regenboog,Ruige Hoek,10,4731 VW,OUDENBOSCH,1655,HALDERBERGE,0165330170,primary
Noord-Brabant,Basisschool De Linde,Schoolstraat,3,4751 CN,OUD GASTEL,1655,HALDERBERGE,0165518065,primary
Noord-Brabant,De Klimroos,Platinadijk,25,4706 LK,ROOSENDAAL,1674,ROOSENDAAL,0165534287,primary
Noord-Brabant,Openbare Basisschool De Gezellehoek,Rodenbachlaan,31,4707 NH,ROOSENDAAL,1674,ROOSENDAAL,0165540358,primary
Noord-Brabant,De Singel,Burg Prinsensingel,87,4701 HL,ROOSENDAAL,1674,ROOSENDAAL,0165536760,primary
Noord-Brabant,Openbare Basisschool De Springplank,Lijsterstraat,2,4793 GZ,FIJNAART,1709,MOERDIJK,0168463257,primary
Noord-Brabant,Bs De Boemerang,De Meeren,1,4761 SB,ZEVENBERGEN,1709,MOERDIJK,0168323118,primary
Noord-Brabant,Kindcentrum De Expeditie,De Krijntjes,28,4715 AP,RUCPHEN,0840,RUCPHEN,0165341945,primary
Noord-Brabant,OMBS Ziezo,'t Zand,2,4707 VX,ROOSENDAAL,1674,ROOSENDAAL,0165541150,primary
Noord-Brabant,Kindcentrum BergOp,Hoveniersberg,37,4708 HD,ROOSENDAAL,1674,ROOSENDAAL,0165555811,primary
Noord-Brabant,Openbare Basisschool de Wingerd,Kersenberg,52,4708 KC,ROOSENDAAL,1674,ROOSENDAAL,0165564348,primary
Noord-Brabant,De Wending,Morelberg,102,4708 NL,ROOSENDAAL,1674,ROOSENDAAL,0165396584,primary
Noord-Brabant,Jan Ligthartschool Rendierhof,Professor Verbernelaan,5,5037 AD,TILBURG,0855,TILBURG,0134670809,primary
Noord-Brabant,Openbare basisschool De Kikkenduut,Burg. Verwielstraat,65,5062 GC,OISTERWIJK,0824,OISTERWIJK,0135230270,primary
Noord-Brabant,AZC-school Oisterwijk,Kievitsblekweg,4,5062 SV,OISTERWIJK,0824,OISTERWIJK,0135234785,primary
Noord-Brabant,Openbare Basisschool De Blaak,Grebbe,42,5032 RT,TILBURG,0855,TILBURG,0134689466,primary
Noord-Brabant,Openbare Basisschool de Sleutel,Eilenbergstraat,256,5011 EC,TILBURG,0855,TILBURG,0134553905,primary
Noord-Brabant,OBS De Fonkel,Bemmelstraat,6,5043 BE,TILBURG,0855,TILBURG,0135721427,primary
Noord-Brabant,Openbare Basisschool De Driehoek,Wagenmaker,1,5081 ER,HILVARENBEEK,0798,HILVARENBEEK,0135052761,primary
Noord-Brabant,Openbare Basisschool De Vuurvogel,Eikstraat,11,5038 ML,TILBURG,0855,TILBURG,0135423767,primary
Noord-Brabant,Openbare Basisschool Panta Rhei,Galjoenstraat,50,5017 CN,TILBURG,0855,TILBURG,0135437241,primary
Noord-Brabant,Openbare Basisschool De Bienekebolders,Kloosterlaan,26,5066 AN,MOERGESTEL,0824,OISTERWIJK,0135136228,primary
Noord-Brabant,OBS Hartevelden,Gendringenlaan,22,5043 LL,TILBURG,0855,TILBURG,0135702230,primary
Noord-Brabant,Kindercampus Oculus,Bankastraat,2,5014 BW,TILBURG,0855,TILBURG,0135434643,primary
Noord-Brabant,Openbare Basisschool Bibit,Millingenstraat,8,5045 JA,TILBURG,0855,TILBURG,0135711055,primary
Noord-Brabant,Openbare Basisschool Koolhoven,Koolhovenlaan,1-A,5036 TK,TILBURG,0855,TILBURG,0134565680,primary
Noord-Brabant,Jan Ligthartschool Driecant,Dalemdreef,25,5035 LZ,TILBURG,0855,TILBURG,0134557816,primary
Noord-Brabant,OBS Berkel-Enschot,Berkelseweg,14-01,5056 PN,BERKEL-ENSCHOT,0855,TILBURG,0132056010,primary
Noord-Brabant,OBS De Piramide,Van de Pollstraat,2,5262 XE,VUGHT,0865,VUGHT,0736843843,primary
Noord-Brabant,Basisschool De Bolster,Ericastraat,33,5271 KL,SINT-MICHIELSGESTEL,0845,SINT-MICHIELSGESTEL,0735530272,primary
Noord-Brabant,Basisschool De Kleine Beer,Westerbroek,2,5258 SG,BERLICUM,0845,SINT-MICHIELSGESTEL,0735038020,primary
Noord-Brabant,De Lichtstraat,Brabantlaan,73,5262 JH,VUGHT,0865,VUGHT,0736563832,primary
Noord-Brabant,Basisschool Spelelier,Dr.de Brouwerlaan,74,5283 EE,BOXTEL,0757,BOXTEL,0411672459,primary
Noord-Brabant,Openbare Basisschool De Hasselbraam,Sportlaantje,8,5076 AM,HAAREN,0824,OISTERWIJK,0411622839,primary
Noord-Brabant,De Koningslinde,Koninginnelaan,1-B,5263 DP,VUGHT,0865,VUGHT,0732071901,primary
Noord-Brabant,De Halm,Wethouder Raamsstraat,1,4286 BV,ALMKERK,1959,ALTENA,0183401625,primary
Noord-Brabant,Immanuel,Van Lumeystraat,1,5684 CH,BEST,0753,BEST,0499373448,primary
Noord-Brabant,Basisschool De Belhamel,Rudolfusdal,60,5551 EG,VALKENSWAARD,0858,VALKENSWAARD,0402042588,primary
Noord-Brabant,De Trumakkers,De Spinner,2,5591 NG,HEEZE,1658,HEEZE-LEENDE,0402240033,primary
Noord-Brabant,Openbare Basisschool De Klimop,Dooleg,18,5541 GH,REUSEL,1667,REUSEL-DE MIERDEN,0497620008,primary
Noord-Brabant,Openbare Basisschool 'T Smelleken,Emmalaan,5,5554 JM,VALKENSWAARD,0858,VALKENSWAARD,0402016092,primary
Noord-Brabant,Basisschool 't Busseltje,Berkakkers,1-A,5521 GD,EERSEL,0770,EERSEL,0497514657,primary
Noord-Brabant,Openbare Basisschool de Korenbloem,Castaert,98,5688 PG,OIRSCHOT,0823,OIRSCHOT,0499550230,primary
Noord-Brabant,De Triolier,Weth. Van Hunselstraat,13,6021 KD,BUDEL,1706,CRANENDONCK,0495494171,primary
Noord-Brabant,Kindcentrum Heidevlinder,Dorpsstraat,57,5556 VL,VALKENSWAARD,0858,VALKENSWAARD,0402068951,primary
Noord-Brabant,De Ontdekking Openbare basisschool Maarheeze,Kijkakkers,1-A-5,6026 ER,MAARHEEZE,1706,CRANENDONCK,0495591628,primary
Noord-Brabant,OBS 't Lange,Stormgat,1,6028 SC,GASTEL,1706,CRANENDONCK,0495492416,primary
Noord-Brabant,OBS SamenWijs,August Vermeylenlaan,1,5531 TW,BLADEL,1728,BLADEL,0497360847,primary
Noord-Brabant,Basisschool De Regenboog,Tijmstraat,1,5571 HS,BERGEIJK,1724,BERGEIJK,0497574914,primary
Noord-Brabant,Openbare Basisschool Ekenrooi,Maximiliaanlaan,1,5583 XG,WAALRE,0866,WAALRE,0402213644,primary
Noord-Brabant,Openbare Basisschool Dick Bruna,Roek,19,5508 KE,VELDHOVEN,0861,VELDHOVEN,0402544129,primary
Noord-Brabant,Kindcentrum De Beuk,Beukenhaag,1,5091 DA,OOST WEST EN MIDDELBEERS,0823,OIRSCHOT,0132400005,primary
Noord-Brabant,"ATO, basisschool L W Beekman",vd Does de Willeboissngl,14,5211 CC,'S-HERTOGENBOSCH,0796,S HERTOGENBOSCH,0738225450,primary
Noord-Brabant,"ATO, basisschool Noorderlicht",Eerste Rompert,9,5233 EA,'S-HERTOGENBOSCH,0796,S HERTOGENBOSCH,0738511399,primary
Noord-Brabant,"ATO, basisschool De Hobbit",De Hoge Kamp,9,5247 WH,ROSMALEN,0796,S HERTOGENBOSCH,0738507720,primary
Noord-Brabant,"ATO, Kindcentrum Sterrenboom",Hengmeng,92,5235 JZ,'S-HERTOGENBOSCH,0796,S HERTOGENBOSCH,0738225250,primary
Noord-Brabant,ATO - kindcentrum Aan de Oosterplas,IJsselsingel,40-A,5215 CL,'S-HERTOGENBOSCH,0796,S HERTOGENBOSCH,0738225480,primary
Noord-Brabant,"ATO, jenaplan kindcentrum De Ontdekking",Rijzertlaan,242,5223 JR,'S-HERTOGENBOSCH,0796,S HERTOGENBOSCH,0738507730,primary
Noord-Brabant,"ATO, basisschool Het Rondeel",Acaciasingel,77,5213 VC,'S-HERTOGENBOSCH,0796,S HERTOGENBOSCH,0738511333,primary
Noord-Brabant,ATO-Kindcentrum De Pionier,Hambakendreef,2-A-B,5231 RJ,'S-HERTOGENBOSCH,0796,S HERTOGENBOSCH,0738225422,primary
Noord-Brabant,"ATO, basisschool Caleidoscoop",Fluitenkruid,8,5236 TL,'S-HERTOGENBOSCH,0796,S HERTOGENBOSCH,0738225432,primary
Noord-Brabant,"ATO, montessorischool Merlijn",Zilverkruid,12,5237 HA,'S-HERTOGENBOSCH,0796,S HERTOGENBOSCH,0736449523,primary
Noord-Brabant,ATO-Kindcentrum De Terp,Terpeborch,78,5241 KB,ROSMALEN,0796,S HERTOGENBOSCH,0735215005,primary
Noord-Brabant,"ATO, basisschool Meander",Braspenninglaan,171,5237 NS,'S-HERTOGENBOSCH,0796,S HERTOGENBOSCH,0736104533,primary
Noord-Brabant,"ATO, basisschool De Groote Wielen",Deltalaan,140,5247 JT,ROSMALEN,0796,S HERTOGENBOSCH,0738507710,primary
Noord-Brabant,"ATO, Kindcentrum De Hoven",Allegroweg,2,5245 AH,ROSMALEN,0796,S HERTOGENBOSCH,0738511120,primary
Noord-Brabant,Basisschool De Regenboog,Burg. Mr. H. Popstraat,2,4671 ES,DINTELOORD,0851,STEENBERGEN,0167523326,primary
Noord-Brabant,Openbare Basisschool De Noordster,Groenplaats,32,4613 GP,BERGEN OP ZOOM,0748,BERGEN OP ZOOM,0164256801,primary
Noord-Brabant,Openbare Basisschool de Kreek,Hinkelenoord,14,4617 NC,BERGEN OP ZOOM,0748,BERGEN OP ZOOM,0164234555,primary
Noord-Brabant,Openbare Basisschool De Dobbelsteen,Philomenahof,29,4631 NM,HOOGERHEIDE,0873,WOENSDRECHT,0164660707,primary
Noord-Brabant,Basisschool De Schittering,Burg Godwaldtstraat,4,4927 BB,HOOGE ZWALUWE,1719,DRIMMELEN,0168482371,primary
Noord-Brabant,Basisschool De Fijne Aarde,Prinses Irenestraat,1-3,4793 CW,FIJNAART,1709,MOERDIJK,0168462765,primary
Noord-Brabant,Basisschool De Neerhof,Bloedkoraal,1,4762 BJ,ZEVENBERGEN,1709,MOERDIJK,0168324788,primary
Noord-Brabant,Basisschool De Rietvest,Keenestraat,7,4791 AM,KLUNDERT,1709,MOERDIJK,0168402871,primary
Noord-Brabant,Basisschool De Grienden,Nieuwstraat,8,4926 AX,LAGE ZWALUWE,1719,DRIMMELEN,0168482535,primary
Noord-Brabant,Basisschool de Singel,Singel,1,4797 BJ,WILLEMSTAD,1709,MOERDIJK,0168472589,primary
Noord-Brabant,Basisschool De Regenboog,Regenboogstraat,1,4761 ZX,ZEVENBERGEN,1709,MOERDIJK,0168325997,primary
Noord-Brabant,Basisschool De Toren,Witte Arend,2,4761 JA,ZEVENBERGEN,1709,MOERDIJK,0168324185,primary
Noord-Brabant,Basisschool De Molenvliet,Graaf Florisstraat,1-A,4791 CA,KLUNDERT,1709,MOERDIJK,0168402982,primary
Noord-Brabant,Basisschool De Arenberg,Zandberg,70,4761 TW,ZEVENBERGEN,1709,MOERDIJK,0168370589,primary
Noord-Brabant,Basisschool Het Bastion,Von Kropffplein,2,4791 HW,KLUNDERT,1709,MOERDIJK,0168404444,primary
Noord-Brabant,Basisschool De Klaverhoek,Margrietstraat,28,4782 AH,MOERDIJK,1709,MOERDIJK,0168412533,primary
Noord-Brabant,Basisschool De Hoeksteen,Olavstraat,31,4765 CP,ZEVENBERGSCHEN HOEK,1709,MOERDIJK,0168452638,primary
Noord-Brabant,Ds Gisbertus Voetiusschool,Alb.Schweitzerlaan,6,4281 LT,ANDEL,1959,ALTENA,0183442780,primary
Noord-Brabant,"International School Eindhoven, Primary division",Oirschotsedijk,14-B,5651 GC,EINDHOVEN,0772,EINDHOVEN,0402519437,primary
Noord-Brabant,Nutsschool Beneden Beekloop School voor Basisonderwijs,Ziggenstraat,40,5662 RM,GELDROP,1771,GELDROP-MIERLO,0402863543,primary
Noord-Brabant,Nutsschool De Ganzebloem School voor Basisonderwijs,Saruman,1,5663 SK,GELDROP,1771,GELDROP-MIERLO,0402802217,primary
Noord-Brabant,BuitensteBinnen Basisschool,Doormanlaan,1,5694 EA,SON EN BREUGEL,0848,SON EN BREUGEL,0499490328,primary
Noord-Brabant,Openbare Basisschool De Horizon,Jan van der Diesduncstr,42,5721 VM,ASTEN,0743,ASTEN,0493670141,primary
Noord-Brabant,Openbare Basisschool De Bron,Spaarne,18,5751 WJ,DEURNE,0762,DEURNE,0493317234,primary
Noord-Brabant,Openbare Basisschool 't Schrijverke,Heer van Grevenbroeckweg,1,5731 EK,MIERLO,1771,GELDROP-MIERLO,0492664011,primary
Noord-Brabant,Het Mooiste Blauw,Pennekart,1,5674 CK,NUENEN,0820,NUENEN CA,0407370161,primary
Noord-Brabant,basisschool de Ruimte,Honingbij,1,5692 VE,SON EN BREUGEL,0848,SON EN BREUGEL,0499472867,primary
Noord-Brabant,Basisschool t Einder,Wetering,25,5422 AN,GEMERT,1652,GEMERT-BAKEL,0492365926,primary
Noord-Brabant,De Kleine Kapitein,Bernhardstraat,2-A,5761 BJ,BAKEL,1652,GEMERT-BAKEL,0492343023,primary
Noord-Brabant,Openbare Basisschool De Hasselbraam,Torteltuin,2,5754 HA,DEURNE,0762,DEURNE,0493312780,primary
Noord-Brabant,Openbare Basisschool De Rietpluim,Ouwlandsedijk,27,5673 PS,NUENEN,0820,NUENEN CA,0402841111,primary
Noord-Brabant,Openbare Basisschool Ranonkel,Dommel,20,5711 KT,SOMEREN,0847,SOMEREN,0493490441,primary
Noord-Brabant,Openbare Basisschool de Driehoek,Schoolstraat,1-B,5735 CG,AARLE-RIXTEL,1659,LAARBEEK,0492383003,primary
Noord-Brabant,Openbare Basisschool H Klokhuis,Wijnkelderweg,3-A,5741 ND,BEEK EN DONK,1659,LAARBEEK,0492465527,primary
Noord-Brabant,OBS Kleurrijk,Dionysiusstraat,4,5724 AC,OMMEL,0743,ASTEN,0493670017,primary
Noord-Brabant,OBS De Kleine Vos,Graspieper,10,5731 SP,MIERLO,1771,GELDROP-MIERLO, ,primary
Noord-Brabant,Islamitische Basisschool,Meidoornlaan,42,4621 BR,BERGEN OP ZOOM,0748,BERGEN OP ZOOM,0164255873,primary
Noord-Brabant,Basisschool Aboe El-Chayr,Dirigentenlaan,27,5049 EA,TILBURG,0855,TILBURG,0134562267,primary
Noord-Brabant,Islamitische Basisschool Okba Ibnoe Nafi,Hooilaan,3,4816 EM,BREDA,0758,BREDA,0765812764,primary
Noord-Brabant,IBS Aïsha,Heulberg,1,4708 HL,ROOSENDAAL,1674,ROOSENDAAL, ,primary
Noord-Brabant,IBS De Sahaba,Dragonstraat,11-13,5044 HR,TILBURG,0855,TILBURG,0133032380,primary
Noord-Brabant,Aboe Ayoeb Al Ansari,Slotjesveld,11,4902 ZP,OOSTERHOUT NB,0826,OOSTERHOUT, ,primary
Noord-Brabant,Openbare Basisschool De Klokkebei,Sterstraat,1,4851 BG,ULVENHOUT,0758,BREDA,0765640242,primary
Noord-Brabant,Openbare Basisschool De Tweesprong,Kapelstraat,15,4817 NX,BREDA,0758,BREDA,0765811575,primary
Noord-Brabant,Basisschool Het Noorderlicht,Cornelis Florisstraat,25,4827 CN,BREDA,0758,BREDA,0765871948,primary
Noord-Brabant,Basisschool De Springplank,Kraanvogel,22,4872 SB,ETTEN-LEUR,0777,ETTEN-LEUR,0765040422,primary
Noord-Brabant,Openbare Basisschool De Springplank,Groenstraat,5,4847 AE,TETERINGEN,0758,BREDA,0765812119,primary
Noord-Brabant,Basisschool De Toverlaars,Slagveld,55,4871 ND,ETTEN-LEUR,0777,ETTEN-LEUR,0765040287,primary
Noord-Brabant,Openbare Basisschool De Wildert,Twaalfbunder,2,4823 BJ,BREDA,0758,BREDA,0765414222,primary
Noord-Brabant,Montessori + Breda,Jan Nieuwenhuyzenstraat,15,4818 RH,BREDA,0758,BREDA,0765207779,primary
Noord-Brabant,Openbare Basisschool De Toermalijn,Pastoor Doensstraat,5,4854 CP,BAVEL,0758,BREDA,0161432987,primary
Noord-Brabant,De Leest,Gruiterstraat,1,4871 KS,ETTEN-LEUR,0777,ETTEN-LEUR,0765012603,primary
Noord-Brabant,Basisschool De Wilgenhoek,Steurstraat,1,4273 EN,HANK,1959,ALTENA,0162402947,primary
Noord-Brabant,Basisschool den Biekurf,Broeksestraat,4-A,4269 VA,BABYLONIENBROEK,1959,ALTENA,0416351622,primary
Noord-Brabant,Basisschool Prins Willem Alexander,Nieuwe Steeg,6,4266 EH,EETHEN,1959,ALTENA,0416351643,primary
Noord-Brabant,Basisschool J. Henri Dunant,Tulpstraat,9,4261 CL,WIJK EN AALBURG,1959,ALTENA,0416691621,primary
Noord-Brabant,Bs Burg Sigmond,H.J. Roubosstraat,5,4251 BZ,WERKENDAM,1959,ALTENA,0183501808,primary
Noord-Brabant,Basisschool 't Ravelijn,Ravelijn,1,4285 EE,WOUDRICHEM,1959,ALTENA,0183301546,primary
Noord-Brabant,Verschoorschool,Esdoornlaan,2-A,4254 AV,SLEEUWIJK,1959,ALTENA,0183301507,primary
Noord-Brabant,Basisschool De Vuurvlinder,Elisabethstraat,1,4931 BD,GEERTRUIDENBERG,0779,GEERTRUIDENBERG,0162512702,primary
Noord-Brabant,Basisschool De Biekorf,Elisabethstraat,5,4931 BD,GEERTRUIDENBERG,0779,GEERTRUIDENBERG,0162514095,primary
Noord-Brabant,Kindcentrum 't Veer,Parklaan,1,4941 BA,RAAMSDONKSVEER,0779,GEERTRUIDENBERG,0162523933,primary
Noord-Brabant,Kindcentrum de Ruif,Burg Krijgsmangeerde,47,4942 AV,RAAMSDONKSVEER,0779,GEERTRUIDENBERG,0162514599,primary
Noord-Brabant,RK Basisschool De Bolderik,Beatrixstraat,68,4273 ET,HANK,1959,ALTENA,0162402431,primary
Noord-Brabant,RK Basisschool De Peppel,Wilhelminaplantsoen,1-A,4271 AX,DUSSEN,1959,ALTENA,0416391148,primary
Noord-Brabant,Protestants Christelijke School De Kroevendonk,Langdonk,39,4707 TG,ROOSENDAAL,1674,ROOSENDAAL,0165541809,primary
Noord-Brabant,Angelaschool,Baroniestraat,41,5281 JB,BOXTEL,0757,BOXTEL,0411672701,primary
Noord-Brabant,Misha de Vries,Lidwinastraat,55,5262 EN,VUGHT,0865,VUGHT,0733035384,primary
Noord-Brabant,Basisschool De Nieuwe Linde,Postelein,2,5063 EA,OISTERWIJK,0824,OISTERWIJK,0134700340,primary
Noord-Brabant,Kindcentrum `t Loont,Theobaldusweg,54,5825 BL,OVERLOON,1982,LAND VAN CUIJK,0478641614,primary
Noord-Brabant,Basisschool Sint Antonius,De Goeijstraat,1,5823 AH,MAASHEES,1982,LAND VAN CUIJK,0478636584,primary
Noord-Brabant,Sint Jozef-School,Gildestraat,29,5824 AA,HOLTHEES,1982,LAND VAN CUIJK,0478636305,primary
Noord-Brabant,Laurentiushof,Kloosterstraat,1,5821 BA,VIERLINGSBEEK,1982,LAND VAN CUIJK,0478631383,primary
Noord-Brabant,Sint Annaschool,Sint Cornelisstraat,14,5827 AL,VORTUM-MULLEM,1982,LAND VAN CUIJK,0485573518,primary
Noord-Brabant,Basisschool De Hoge Waai,Kerkstraat,33,4944 XB,RAAMSDONK,0779,GEERTRUIDENBERG,0162512055,primary
Noord-Brabant,Basisschool De Elsenhof,Van den Elsenplein,17,4845 EB,WAGENBERG,1719,DRIMMELEN,0765938130,primary
Noord-Brabant,Basisschool De Stuifhoek,Norbartstraat,55,4921 EB,MADE,1719,DRIMMELEN,0162670145,primary
Noord-Brabant,Basisschool Zonzeel,Polderstraat,110,4844 BK,TERHEIJDEN,1719,DRIMMELEN,0765938126,primary
Noord-Brabant,Basisschool Den Duin,Fazantenlaan,42,4921 VC,MADE,1719,DRIMMELEN,0162670135,primary
Noord-Brabant,Basisschool Zeggewijzer,Biezelaar,59,4844 RD,TERHEIJDEN,1719,DRIMMELEN,0765938135,primary
Noord-Brabant,Basisschool De Lage Weide,Julianastraat,1,4921 KM,MADE,1719,DRIMMELEN,0162683466,primary
Noord-Brabant,Rooms Katholieke Basisschool De Akkerwinde,Averbodelaan,1,5095 AS,HOOGE MIERDE,1667,REUSEL-DE MIERDEN,0135091229,primary
Noord-Brabant,Basisschool Het Palet,Oude Provincialeweg,17,5527 BM,HAPERT,1728,BLADEL,0497360384,primary
Noord-Brabant,Basisschool Wereldwijs,Pankenstraat,1,5521 VA,EERSEL,0770,EERSEL,0497512732,primary
Noord-Brabant,Basisschool ST Lambertus,Beemke,2,5534 AH,NETERSEL,1728,BLADEL,0497681991,primary
Noord-Brabant,Sint Clemensschool voor Basisonderwijs,Huisacker,9,5096 BW,HULSEL,1667,REUSEL-DE MIERDEN,0135091316,primary
Noord-Brabant,Basisschool De Torelaar,Beukenlaan,60,5541 VM,REUSEL,1667,REUSEL-DE MIERDEN,0497641785,primary
Noord-Brabant,Rooms Katholieke Basisschool Den Opstap,Broekkant,9,5094 GA,LAGE MIERDE,1667,REUSEL-DE MIERDEN,0135091500,primary
Noord-Brabant,Rooms Katholieke Basisschool Sint Jan,Smitseind,35,5525 AN,DUIZEL,0770,EERSEL,0497512228,primary
Noord-Brabant,Rooms Katholieke Basisschool De Vest,Hofveld,4,5528 AV,HOOGELOON,1728,BLADEL,0497681273,primary
Noord-Brabant,Daltonbasisschool Jacobus,Pankenstraat,3,5521 VA,EERSEL,0770,EERSEL,0497512279,primary
Noord-Brabant,RK Basisschool De Toermalijn,Herman Gorterlaan,4,5531 SR,BLADEL,1728,BLADEL,0497382288,primary
Noord-Brabant,Basisschool De Leilinde,Groeneweg,27,5541 AG,REUSEL,1667,REUSEL-DE MIERDEN,0497643456,primary
Noord-Brabant,KC Florent,Hofplein,1,5531 EV,BLADEL,1728,BLADEL,0497360058,primary
Noord-Brabant,Basisschool Bergmolen,Bergmolen,3,5531 EH,BLADEL,1728,BLADEL,0497381549,primary
Noord-Brabant,Sint Jansschool voor Basisonderwijs,Kerkstraat,37,5529 AK,CASTEREN,1728,BLADEL,0497681673,primary
Noord-Brabant,Basisschool Hasseltse Poorten,Hasseltstraat,198,5046 LP,TILBURG,0855,TILBURG,0135422281,primary
Noord-Brabant,Basisschool Pendula,Hoogvensestraat,49,5017 CA,TILBURG,0855,TILBURG,0135436388,primary
Noord-Brabant,Basisschool Armhoefse Akker,Spoordijk,68,5018 GH,TILBURG,0855,TILBURG,0135434237,primary
Noord-Brabant,Basisschool De Stappen,Schaepmanstraat,38,5041 AR,TILBURG,0855,TILBURG,0135424641,primary
Noord-Brabant,Basisschool Christoffel,Zouavenlaan,77,5037 MT,TILBURG,0855,TILBURG,0134672065,primary
Noord-Brabant,Basisschool Don Sarto,Oude Hilvarenbeekseweg,15,5022 EM,TILBURG,0855,TILBURG,0135421152,primary
Noord-Brabant,Basisschool De Vijf Hoeven,Hendrik van Tulderstraat,7,5046 NC,TILBURG,0855,TILBURG,0135421241,primary
Noord-Brabant,Basisschool De Borne,Grebbe,40,5032 RT,TILBURG,0855,TILBURG,0134675632,primary
Noord-Brabant,Basisschool Hubertus,Reitse Hoevenstraat,20,5042 EH,TILBURG,0855,TILBURG,0134672792,primary
Noord-Brabant,Basisschool De Alm,Groenewoudstraat,70,5022 GE,TILBURG,0855,TILBURG,0135425377,primary
Noord-Brabant,Jenaplanbasisschool Jeanne d'Arc,Le Bourgetstraat,21,5042 TG,TILBURG,0855,TILBURG,0134673785,primary
Noord-Brabant,Montessoribasisschool De Elzen,Elzenstraat,14-A,5038 HD,TILBURG,0855,TILBURG,0135435566,primary
Noord-Brabant,Basisschool Antares,Sabelhof,12,5044 JR,TILBURG,0855,TILBURG,0134672611,primary
Noord-Brabant,Basisschool Wandelbos,Auteurslaan,7,5044 MA,TILBURG,0855,TILBURG,0134675987,primary
Noord-Brabant,Basisschool voor Daltononderwijs Helen Parkhurst,Gramsbergenlaan,4,5043 LA,TILBURG,0855,TILBURG,0135702109,primary
Noord-Brabant,Basisschool Koningshaven,Fatimastraat,24-B,5021 AN,TILBURG,0855,TILBURG,0135425379,primary
Noord-Brabant,Basisschool De Triangel,Wassenaerlaan,36,5021 VS,TILBURG,0855,TILBURG,0135424143,primary
Noord-Brabant,Basisschool De Zuidwester,Staringstraat,10,5025 TX,TILBURG,0855,TILBURG,0134683504,primary
Noord-Brabant,Basisschool De Wegwijzer,Giekerkstraat,53,5043 MX,TILBURG,0855,TILBURG,0135720359,primary
Noord-Brabant,Basisschool De Sporckt,Meerssenstraat,1-B,5045 JB,TILBURG,0855,TILBURG,0135710843,primary
Noord-Brabant,Montessoribasisschool De Petteflet,Kamerikstraat,19,5045 TW,TILBURG,0855,TILBURG,0135713677,primary
Noord-Brabant,Basisschool Meander,Meddostraat,6,5045 EH,TILBURG,0855,TILBURG,0135720527,primary
Noord-Brabant,Basisschool De Bloemaert,Dalemdreef,23,5035 LZ,TILBURG,0855,TILBURG,0134566098,primary
Noord-Brabant,Basisschool De Boemerang,Rijperkerkstraat,2,5035 BR,TILBURG,0855,TILBURG,0134582330,primary
Noord-Brabant,Basisschool Klinkers,Woerdenstraat,60,5036 BL,TILBURG,0855,TILBURG,0135718240,primary
Noord-Brabant,Kindcentrum WillemsPoort,Anton Ebbenhof,90,5026 PN,TILBURG,0855,TILBURG,0132073998,primary
Noord-Brabant,Basisschool Het Telraam,Kerkstraat-zuid,24,5441 AK,OEFFELT,1982,LAND VAN CUIJK,0485361622,primary
Noord-Brabant,De Groene Wereld,Beukenlaan,6,5363 RA,VELP NB,1982,LAND VAN CUIJK,0486729001,primary
Noord-Brabant,'t Schrijverke,Wassenbergstraat,12,5373 CH,HERPEN,0828,OSS,0486411828,primary
Noord-Brabant,Basisschool De LenS,Langenboomseweg,1-B,5451 JH,MILL,1982,LAND VAN CUIJK,0485470150,primary
Noord-Brabant,Basisschool De Bongerd,Schoolstraat,8,5438 AC,GASSEL,1982,LAND VAN CUIJK,0486473462,primary
Noord-Brabant,Basisschool De Zevensprong,Dassenburcht,36-B,5431 JZ,CUIJK,1982,LAND VAN CUIJK,0485219005,primary
Noord-Brabant,Basissch De Waai,Bostulp,52,5432 HK,CUIJK,1982,LAND VAN CUIJK,0485311790,primary
Noord-Brabant,Basisschool De Klimop (Wilbertoord),Wethouder Lindersstraat,81,5455 GK,WILBERTOORD,1982,LAND VAN CUIJK,0485478675,primary
Noord-Brabant,Basisschool Pater Eymard,Pater Eymardstraat,8,5844 AK,STEVENSBEEK,1982,LAND VAN CUIJK,0485382270,primary
Noord-Brabant,Basisschool De Zonnewijzer,Schoolstraat,5,5843 AG,WESTERBEEK,1982,LAND VAN CUIJK,0485384248,primary
Noord-Brabant,Basissch Den Omgang,Bossestraat,8-B,5374 HT,SCHAIJK,1991,MAASHORST,0486461283,primary
Noord-Brabant,Basisschool Matthias,Deken Schmerlingstraat,17,5841 AM,OPLOO,1982,LAND VAN CUIJK,0485381839,primary
Noord-Brabant,Basisschool 't Stekske,Dominicanenstraat,22,5453 JN,LANGENBOOM,1982,LAND VAN CUIJK,0486431303,primary
Noord-Brabant,Bs De Vier Heemskinderen,Rondestraat,31,5352 LJ,DEURSEN-DENNENBURG,0828,OSS,0486414428,primary
Noord-Brabant,Jenaplanschool De Lindekring,Liesmortel,19,5435 XH,SINT AGATHA,1982,LAND VAN CUIJK,0485311611,primary
Noord-Brabant,De Eiber,Clarastraat,1,5366 AK,MEGEN,0828,OSS,0412462311,primary
Noord-Brabant,Basisschool Akkerwinde,Berkenkamp,2,5434 PD,VIANEN NB,1982,LAND VAN CUIJK,0485314957,primary
Noord-Brabant,De Groene Wereld Nieuwkomers,Beukenlaan,6,5363 RA,VELP NB,1982,LAND VAN CUIJK,0486422348,primary
Noord-Brabant,Basisschool De Schare,Wethouder Lemmenstraat,9,5454 GH,SINT HUBERT,1982,LAND VAN CUIJK,0485470154,primary
Noord-Brabant,Basisschool De Bongerd,Kerkstraat,7,5443 AA,HAPS,1982,LAND VAN CUIJK,0485315385,primary
Noord-Brabant,Basisschool De Kreek'l,Monseigneur Suijsstraat,6,5375 AG,REEK,1991,MAASHORST,0486420520,primary
Noord-Brabant,Basisschool De Sprankel,Gasthuishoeve,1,5361 HT,GRAVE,1982,LAND VAN CUIJK,0486472077,primary
Noord-Brabant,BS De Regenboog,Runstraat,16,5374 AC,SCHAIJK,1991,MAASHORST,0486461365,primary
Noord-Brabant,Basisschool Dr Jan De Quay,W P F Ghijssenstraat,2,5437 AP,BEERS,1982,LAND VAN CUIJK,0485315085,primary
Noord-Brabant,Onze Bouwsteen,Moerkamp,73,5835 BP,BEUGEN,1982,LAND VAN CUIJK,0485361683,primary
Noord-Brabant,Basisschool Klimop,Kerkveld,2,5447 AV,RIJKEVOORT,1982,LAND VAN CUIJK,0485371726,primary
Noord-Brabant,De Bakelgeert,Stationsweg,40,5831 CR,BOXMEER,1982,LAND VAN CUIJK,0485573386,primary
Noord-Brabant,Kindcentrum De Sprong,Lindenplein,17,5446 AV,WANROIJ,1982,LAND VAN CUIJK,0485470886,primary
Noord-Brabant,Basisschool De Regenboog,Eurodreef,1,5431 VG,CUIJK,1982,LAND VAN CUIJK,0485313429,primary
Noord-Brabant,De Raamdonk,Burgemeester Ficqlaan,4,5361 AX,GRAVE,1982,LAND VAN CUIJK,0486729000,primary
Noord-Brabant,Basisschool De Ester,St. Machutusweg,2-A,5364 RB,ESCHAREN,1982,LAND VAN CUIJK,0486472256,primary
Noord-Brabant,De Weijerwereld,Weijerstraat,2,5831 JV,BOXMEER,1982,LAND VAN CUIJK,0485571073,primary
Noord-Brabant,RK Basissch Vlasgaard,Kerkstraat,57-59,5411 EA,ZEELAND,1991,MAASHORST,0486451252,primary
Noord-Brabant,De Bolster,Grotestraat,68,5836 AH,SAMBEEK,1982,LAND VAN CUIJK,0485573330,primary
Noord-Brabant,Kindcentrum Leander,Remmensberg,33,5845 DD,SINT ANTHONIS,1982,LAND VAN CUIJK,0485381892,primary
Noord-Brabant,Basisschool De Bogaard,Stationssingel,10,5371 BB,RAVENSTEIN,0828,OSS,0486412236,primary
Noord-Brabant,Oranje Nassau,Hardenbergh,4,4264 SG,VEEN,1959,ALTENA,0416691350,primary
Noord-Brabant,Katholieke Basisschool De Pontus,Gruiterstraat,1,4871 KS,ETTEN-LEUR,0777,ETTEN-LEUR,0765012414,primary
Noord-Brabant,Katholieke Basisschool De Hasselbraam,Beukenlaan,45,4871 VG,ETTEN-LEUR,0777,ETTEN-LEUR,0765013627,primary
Noord-Brabant,Katholieke basisschool De 4 Heemskinderen,Heilig Hartstraat,4,4873 CZ,ETTEN-LEUR,0777,ETTEN-LEUR,0765012570,primary
Noord-Brabant,Katholieke Basisschool D'n Overkant,Edward Poppelaan,18,4874 NA,ETTEN-LEUR,0777,ETTEN-LEUR,0765012389,primary
Noord-Brabant,Katholieke Basisschool 't Carillon,Hobodreef,3,4876 XB,ETTEN-LEUR,0777,ETTEN-LEUR,0765016994,primary
Noord-Brabant,Katholieke Basisschool De Hofstee,Kraanvogel,22,4872 SB,ETTEN-LEUR,0777,ETTEN-LEUR,0765035581,primary
Noord-Brabant,Katholieke Basisschool De Aventurijn,Slagveld,55,4871 ND,ETTEN-LEUR,0777,ETTEN-LEUR,0765011480,primary
Noord-Brabant,Basisschool De Bron,Nieuwevaart,11,5161 AN,SPRANG-CAPELLE,0867,WAALWIJK,0416315390,primary
Noord-Brabant,Koningsschool,Burg van Casterenstraat,41,5146 GA,WAALWIJK,0867,WAALWIJK,0416274145,primary
Noord-Brabant,Juliana v Stolbergschool,Woeringenlaan,20,5144 CJ,WAALWIJK,0867,WAALWIJK,0416332287,primary
Noord-Brabant,Waldorf Breda,Minckelersstraat,27,4816 AD,BREDA,0758,BREDA,0765713646,primary
Noord-Brabant,Basisschool Silvester Bernadette,Dahliastraat,2,5701 ET,HELMOND,0794,HELMOND,0492523775,primary
Noord-Brabant,Kindcentrum de Anna,Schoolstraat,5,5124 RM,MOLENSCHOT,0784,GILZE EN RIJEN,0161411605,primary
Noord-Brabant,Kindcentrum Kiem,Kerkstraat,112,5126 GD,GILZE,0784,GILZE EN RIJEN,0161451541,primary
Noord-Brabant,Katholieke Basisschool St Jozef,Tuinstraat,15,5121 EG,RIJEN,0784,GILZE EN RIJEN,0161222918,primary
Noord-Brabant,Het Fonkelbos,Catsstraat,2,5121 HT,RIJEN,0784,GILZE EN RIJEN,0161223075,primary
Noord-Brabant,Kindcentrum de Brakken,Burgemeester Sweensplein,7,5121 EM,RIJEN,0784,GILZE EN RIJEN,0161223074,primary
Noord-Brabant,De Goede Herder,Montgolfierstraat,71,5703 EB,HELMOND,0794,HELMOND,0492599745,primary
Noord-Brabant,Rooms Katholieke Basisschool De Oversteek,Dorpsstraat,28,5298 CB,LIEMPDE,0757,BOXTEL,0411637040,primary
Noord-Brabant,Basisschool Eerderwijs,Esdonkstraat,8,5466 RX,VEGHEL,1948,MEIERIJSTAD,0413364674,primary
Noord-Brabant,Basisschool Edith Stein,Past. Clercxstraat,52,5465 RJ,VEGHEL,1948,MEIERIJSTAD,0413365168,primary
Noord-Brabant,Basisschool Maria ter Heide,Ericastraat,21,5464 VR,VEGHEL,1948,MEIERIJSTAD,0413365284,primary
Noord-Brabant,Basisschool Nicolaas,Past van Schijndelstraat,28,5469 PT,ERP,1948,MEIERIJSTAD,0492461877,primary
Noord-Brabant,Basisschool de Ark,De Dintel,2,5463 NR,VEGHEL,1948,MEIERIJSTAD,0413319680,primary
Noord-Brabant,Basisschool De Vijfmaster,Witte de Withstraat,24-A,5463 ET,VEGHEL,1948,MEIERIJSTAD,0413310336,primary
Noord-Brabant,Basisschool Maria,Horstakker,38,5469 HH,ERP,1948,MEIERIJSTAD,0413211534,primary
Noord-Brabant,Basisschool Kienehoef,Mariannestraat,34-A,5491 JD,SINT-OEDENRODE,1948,MEIERIJSTAD,0413475242,primary
Noord-Brabant,Basisschool De Empel,Melkerstraat,1,5469 SL,ERP,1948,MEIERIJSTAD,0413211409,primary
Noord-Brabant,Franciscusschool voor Basisonderwijs,Ritaplein,3,5492 EH,SINT-OEDENRODE,1948,MEIERIJSTAD,0413472596,primary
Noord-Brabant,Odaschool voor Basisonderwijs,Laan ten Bogaerde,7,5491 GC,SINT-OEDENRODE,1948,MEIERIJSTAD,0413472517,primary
Noord-Brabant,Basisschool Eerschot,Eerschotsestraat,97-99,5491 AB,SINT-OEDENRODE,1948,MEIERIJSTAD,0413490546,primary
Noord-Brabant,Basisschool Bernadette,Vondelstraat,1,5462 CS,VEGHEL,1948,MEIERIJSTAD,0413310320,primary
Noord-Brabant,Basisschool De Sprongh,Pastoor Smitsstraat,40,5491 XP,SINT-OEDENRODE,1948,MEIERIJSTAD,0413473659,primary
Noord-Brabant,Basisschool Dommelrode,Mater Lemmensstraat,31,5492 BJ,SINT-OEDENRODE,1948,MEIERIJSTAD,0413472995,primary
Noord-Brabant,De Wijzelaar,De Langedonk,1,5467 CV,VEGHEL,1948,MEIERIJSTAD,0413366424,primary
Noord-Brabant,Basisschool De Sterjasmijn,Jasmijnstraat,11-A,5492 JS,SINT-OEDENRODE,1948,MEIERIJSTAD,0413472091,primary
Noord-Brabant,Basisschool de Pionier,Lookveld,1-5,5467 KE,VEGHEL,1948,MEIERIJSTAD,0413342122,primary
Noord-Brabant,Basisschool 't Ven,Moerven,323,5464 PG,VEGHEL,1948,MEIERIJSTAD,0413319944,primary
Noord-Brabant,Kindcentrum Het IJzeren Kind,Vincent van Goghlaan,28,5246 GB,ROSMALEN,0796,S HERTOGENBOSCH,0738225100,primary
Noord-Brabant,De Troubadour School voor Basisonderwijs,Mozartlaan,17,5242 HR,ROSMALEN,0796,S HERTOGENBOSCH,0738225333,primary
Noord-Brabant,Basisschool De Masten,Sint Jozefstraat,1,5248 AT,ROSMALEN,0796,S HERTOGENBOSCH,0738511400,primary
Noord-Brabant,Basisschool De Matrix,Kraanvogellaan,4,5221 GB,'S-HERTOGENBOSCH,0796,S HERTOGENBOSCH,0736330441,primary
Noord-Brabant,De Ontluiking,Luyckershofke,33,5243 WC,ROSMALEN,0796,S HERTOGENBOSCH,0738442580,primary
Noord-Brabant,Basisschool 't Wikveld,Meerwijkweg,2-4,5236 BM,'S-HERTOGENBOSCH,0796,S HERTOGENBOSCH,0738225400,primary
Noord-Brabant,Basisschool 't Ven,Mimosastraat,3,5241 XT,ROSMALEN,0796,S HERTOGENBOSCH,0738442500,primary
Noord-Brabant,Educatief Centrum 't Sparrenbos,Eikakkerhoeven,83,5242 KM,ROSMALEN,0796,S HERTOGENBOSCH,0738511115,primary
Noord-Brabant,Basisschool het Palet,Eekbrouwersweg,2,5233 VG,'S-HERTOGENBOSCH,0796,S HERTOGENBOSCH,0736450754,primary
Noord-Brabant,Basisschool de Haren,Ploossche Hof,85,5233 HG,'S-HERTOGENBOSCH,0796,S HERTOGENBOSCH,0736446560,primary
Noord-Brabant,Basisschool de Duizendpoot,Het Wielsem,1,5231 BV,'S-HERTOGENBOSCH,0796,S HERTOGENBOSCH,0738519955,primary
Noord-Brabant,Kindcentrum Westerbreedte,Jan Olieslagersstraat,51,5224 BD,'S-HERTOGENBOSCH,0796,S HERTOGENBOSCH,0738225210,primary
Noord-Brabant,Kindcentrum Het Stadshart,Kruisbroedershof,31,5211 GX,'S-HERTOGENBOSCH,0796,S HERTOGENBOSCH,0738225390,primary
Noord-Brabant,Basisschool Boon,Graafseweg,52,5213 AL,'S-HERTOGENBOSCH,0796,S HERTOGENBOSCH,0738519930,primary
Noord-Brabant,Rooms Katholieke Basisschool De Kwartiermaker,Heerendonklaan,4,5223 XB,'S-HERTOGENBOSCH,0796,S HERTOGENBOSCH,0738519900,primary
Noord-Brabant,Rooms Katholieke Basisschool 't Boschveld,Zernikestraat,2,5223 CD,'S-HERTOGENBOSCH,0796,S HERTOGENBOSCH,0738225360,primary
Noord-Brabant,Rooms Katholieke Basisschool t Schrijverke,Patagonstraat,1,5237 NE,'S-HERTOGENBOSCH,0796,S HERTOGENBOSCH,0736421903,primary
Noord-Brabant,Wittering.nl,Deltalaan,140,5247 JT,ROSMALEN,0796,S HERTOGENBOSCH,0738507750,primary
Noord-Brabant,Campus aan De Lanen,Korte Beemden,2,5245 CX,ROSMALEN,0796,S HERTOGENBOSCH,0738442550,primary
Noord-Brabant,Kindcentrum Zuiderster,Liviusstraat,4,5216 CD,'S-HERTOGENBOSCH,0796,S HERTOGENBOSCH,0738225320,primary
Noord-Brabant,Rooms Katholieke Basisschool Berkenveld,Herelsestraat,110,4726 AH,HEERLE,1674,ROOSENDAAL,0165301806,primary
Noord-Brabant,Basisschool Heilig Hart,Plantagebaan,228,4725 AG,WOUWSE PLANTAGE,1674,ROOSENDAAL,0165379441,primary
Noord-Brabant,KPO Kindcentrum De Stappen,Kloosterstraat,17,4724 EE,WOUW,1674,ROOSENDAAL,0165302226,primary
Noord-Brabant,RK Basisschool O.L.V. van Fatima,Doctor Schaepmanlaan,101,4702 GW,ROOSENDAAL,1674,ROOSENDAAL,0165535114,primary
Noord-Brabant,RK Basisschool Joseph,Meidoornlaan,1,4702 AZ,ROOSENDAAL,1674,ROOSENDAAL,0165541425,primary
Noord-Brabant,Rooms Katholieke Basisschool De Blokwei,Boulevard Antverpia,9-A,4703 AV,ROOSENDAAL,1674,ROOSENDAAL,0165540845,primary
Noord-Brabant,RK basisschool Het Talent,Luciadonk,65,4707 VK,ROOSENDAAL,1674,ROOSENDAAL,0165541894,primary
Noord-Brabant,Rooms Katholieke Basisschool Vondel,Vondellaan,44,4707 AG,ROOSENDAAL,1674,ROOSENDAAL,0165521732,primary
Noord-Brabant,Rooms Katholieke Basisschool De Watermolen,Pootlaan,84,4707 JE,ROOSENDAAL,1674,ROOSENDAAL,0165541529,primary
Noord-Brabant,Rooms Katholieke Basisschool Jeroen Bosch,Kloosterstraat,13,4701 KH,ROOSENDAAL,1674,ROOSENDAAL,0165537091,primary
Noord-Brabant,Basisschool De Vlindertuin,Rector Hellemonsstraat,3,4702 RG,ROOSENDAAL,1674,ROOSENDAAL,0165540011,primary
Noord-Brabant,Rooms Katholieke Basisschool De Linde,Dorpsstraat,71,4709 AB,NISPEN,1674,ROOSENDAAL,0165366503,primary
Noord-Brabant,Rooms Katholieke Basisschool De Saffier,Diamantdijk,262,4706 HM,ROOSENDAAL,1674,ROOSENDAAL,0165536235,primary
Noord-Brabant,Rooms Katholieke Basisschool De Klaverweide,Lavadijk,183,4706 KZ,ROOSENDAAL,1674,ROOSENDAAL,0165545370,primary
Noord-Brabant,Rooms Katholieke Basisschool De Appel,Van Goghlaan,9-A,4703 JA,ROOSENDAAL,1674,ROOSENDAAL,0165571676,primary
Noord-Brabant,Rooms Katholieke Basisschool De Heiberg,Enclaveberg,172,4708 EC,ROOSENDAAL,1674,ROOSENDAAL,0165556091,primary
Noord-Brabant,Rooms Katholieke Basisschool Lavoor,Heulberg,71,4708 HL,ROOSENDAAL,1674,ROOSENDAAL,0165548442,primary
Noord-Brabant,Protestants Christelijke Basisschool De Morgenster,Esdoornlaan,6,4254 AV,SLEEUWIJK,1959,ALTENA,0183309028,primary
Noord-Brabant,Openbare Basisschool De Bolderik,Het Geleer,33,5473 PG,HEESWIJK-DINTHER,1721,BERNHEZE,0413293055,primary
Noord-Brabant,Basisschool Pius X,Wilhelminalaan,20,5342 GH,OSS,0828,OSS,0412691611,primary
Noord-Brabant,Daltonschool De Evenaar,Rusheuvelstraat,75,5346 JH,OSS,0828,OSS,0412691166,primary
Noord-Brabant,Openbare Basisschool 'T Ravelijn,Stationssingel,7,5371 BB,RAVENSTEIN,0828,OSS, ,primary
Noord-Brabant,Kindcentrum Nicolaas,Schelversakker,1,5341 AJ,OSS,0828,OSS,0412623604,primary
Noord-Brabant,Openbare Basisschool De Uilenbrink,Melisselaar,1,5467 BM,VEGHEL,1948,MEIERIJSTAD,0413310578,primary
Noord-Brabant,Openbare basisschool De Klimboom,St. Annastraat,17,5401 AN,UDEN,1991,MAASHORST, ,primary
Noord-Brabant,Openbare Basisschool Kompas,De Leest,43,5463 JA,VEGHEL,1948,MEIERIJSTAD,0413367961,primary
Noord-Brabant,Basisschool De Teugelaar,Berghemseweg,16,5348 CJ,OSS,0828,OSS,0412691680,primary
Noord-Brabant,Basisschool De Fonkeling,Knolgroenveld,1,5351 LB,BERGHEM,0828,OSS,0412401219,primary
Noord-Brabant,OBS Camelot,Germenzeel,500,5403 XC,UDEN,1991,MAASHORST,0413270953,primary
Noord-Brabant,Basisschool Het Molenveld,Wilhelminasingel,78,5351 CC,BERGHEM,0828,OSS,0412401256,primary
Noord-Brabant,Integraal Kindcentrum Regenboog,Lijsterlaan,2,5348 HL,OSS,0828,OSS,0412623181,primary
Noord-Brabant,Daltonschool de Polderhof,Kersenlaan,1,5345 JK,OSS,0828,OSS,0412690353,primary
Noord-Brabant,De Aventurijn,Grindlaan,6,5345 TA,OSS,0828,OSS,0412691605,primary
Noord-Brabant,OBS De Springplank,Wilhelminastraat,19-C,5491 JL,SINT-OEDENRODE,1948,MEIERIJSTAD,0413473038,primary
Noord-Brabant,Montessorischool Elzeneind,Staringstraat,6-10,5343 GH,OSS,0828,OSS,0412691620,primary
Noord-Brabant,Kindcentrum Sterrebos,Verdistraat,79,5343 VC,OSS,0828,OSS,0412631368,primary
Noord-Brabant,Basisschool De Blinkerd,Troelstrastraat,13,5344 GK,OSS,0828,OSS,0412691635,primary
Noord-Brabant,OBS Uilenspiegel,Parkweg,10,5427 AL,BOEKEL,0755,BOEKEL,0492326025,primary
Noord-Brabant,Openbare Jenaplan Basisschool De Ieme,Lavasveld,32,5467 KR,VEGHEL,1948,MEIERIJSTAD,0413351894,primary
Noord-Brabant,Openbare Basisschool De Cirkel,Wislaan,221,5406 AC,UDEN,1991,MAASHORST,0413256659,primary
Noord-Brabant,Openbare Basisschool Mettegeupel,Litherweg,4,5346 JD,OSS,0828,OSS,0412628004,primary
Noord-Brabant,Openbare Basisschool De Wizzert,Kerkstraat,57-59,5411 EA,ZEELAND,1991,MAASHORST,0486424833,primary
Noord-Brabant,Jenaplanschool De Pandelaar,St.-Michaelstraat,30,5421 NK,GEMERT,1652,GEMERT-BAKEL,0492364031,primary
Noord-Brabant,Basisschool De Hoeksteen,Kerkverreweide,61,4261 LL,WIJK EN AALBURG,1959,ALTENA,0416692101,primary
Noord-Brabant,Basisschool EigenWijs,Sterrenlaan,5,5503 BG,VELDHOVEN,0861,VELDHOVEN,0402534527,primary
Noord-Brabant,Bs de  Disselboom,Kerkstraat,12,5513 AP,WINTELRE,0770,EERSEL,0402051580,primary
Noord-Brabant,Sint Lambertusschool voor Rooms Katholiek Basisonderwijs,Servatiusstraat,4-4A,5512 AJ,VESSEM,0770,EERSEL,0497591598,primary
Noord-Brabant,Rooms Katholieke Basisschool De Berckacker,Norenberg,23,5508 DJ,VELDHOVEN,0861,VELDHOVEN,0402540270,primary
Noord-Brabant,Rooms Katholieke Basisschool Sint Jan Baptist,Oude Kerkstraat,27,5507 LA,VELDHOVEN,0861,VELDHOVEN,0402051303,primary
Noord-Brabant,Meester Gijbelsschool,Steenselseweg,8,5511 AG,KNEGSEL,0770,EERSEL,0402051537,primary
Noord-Brabant,Rooms Katholieke Basisschool Sinte Lucij,Hoogeind,4,5524 BL,STEENSEL,0770,EERSEL,0497515460,primary
Noord-Brabant,aan 't Heike,Heike,19,5508 PA,VELDHOVEN,0861,VELDHOVEN,0402532774,primary
Noord-Brabant,Rooms Katholieke Basisschool Op Dreef,Pastoor Jansenplein,15,5504 BS,VELDHOVEN,0861,VELDHOVEN,0402532834,primary
Noord-Brabant,Rooms Katholieke Basisschool De Brembocht,De Messenmaker,10,5506 CG,VELDHOVEN,0861,VELDHOVEN,0402536489,primary
Noord-Brabant,De Meerhoef,Raadhuisstraat,1,5503 CS,VELDHOVEN,0861,VELDHOVEN,0402534003,primary
Noord-Brabant,Rooms Katholieke Basisschool Zeelsterhof,Blaarthemseweg,24,5502 JV,VELDHOVEN,0861,VELDHOVEN,0402532382,primary
Noord-Brabant,Protestants Christelijke Basisschool de Rank,Eikebeek,2,5501 CN,VELDHOVEN,0861,VELDHOVEN,0402533916,primary
Noord-Brabant,Rooms Katholieke Basisschool De Heiacker,Weldsehei,2,5508 WR,VELDHOVEN,0861,VELDHOVEN,0402535729,primary
Noord-Brabant,RK Basisschool De Wegwijzer,Van Den Berghstraat,2-B,4885 AH,ACHTMAAL,0879,ZUNDERT,0765987155,primary
Noord-Brabant,Basisschool St. Bavo,Sint Bavostraat,5,4891 CG,RIJSBERGEN,0879,ZUNDERT,0765961970,primary
Noord-Brabant,RK Basisschool Sint Antonius,Klein Zundertseweg,58,4882 BH,KLEIN ZUNDERT,0879,ZUNDERT,0765973598,primary
Noord-Brabant,RK Basisschool St Anna,Berkenlaan,156,4881 XE,ZUNDERT,0879,ZUNDERT,0765973502,primary
Noord-Brabant,RK Basisschool St Jozef,Diepstraat,4,4884 AB,WERNHOUT,0879,ZUNDERT,0765973059,primary
Noord-Brabant,Basisschool Zonnebloem Zundert,Burgemeester Manderslaan,45,4881 EH,ZUNDERT,0879,ZUNDERT,0765972501,primary
Noord-Brabant,Rooms Katholieke Basisschool t Kompas,Nieuwkuijksestraat,98,5253 AJ,NIEUWKUIJK,0797,HEUSDEN,0735113165,primary
Noord-Brabant,Rooms Katholieke Basisschool H Lambertus,Mari van Eschstraat,2,5254 JE,HAARSTEEG,0797,HEUSDEN,0735114666,primary
Noord-Brabant,Rooms Katholieke Basisschool Th J Rijken,Hertog Janstraat,16,5154 AL,ELSHOUT,0797,HEUSDEN,0416320800,primary
Noord-Brabant,Rooms Katholieke Basisschool de Bussel,Wilhelminastraat,19-C,5251 ER,VLIJMEN,0797,HEUSDEN,0735113042,primary
Noord-Brabant,OBS De Groene Bogen,Irissenstraat,2,5151 TN,DRUNEN,0797,HEUSDEN,0416373363,primary
Noord-Brabant,Rooms Katholieke Basisschool Vijfhoeven,Kuyperlaan,2,5252 BS,VLIJMEN,0797,HEUSDEN,0735117656,primary
Noord-Brabant,Rooms Katholieke Basisschool t Palet,Jan Steenstraat,2-A,5251 NG,VLIJMEN,0797,HEUSDEN,0735130514,primary
Noord-Brabant,BS JPS,Demer,19,5256 AB,HEUSDEN GEM HEUSDEN,0797,HEUSDEN,0416665211,primary
Noord-Brabant,BS De Dromenvanger,Kasteellaan,40,5156 CJ,OUDHEUSDEN,0797,HEUSDEN,0416665144,primary
Noord-Brabant,RK Basisschool De Duinsprong,Schimmelpenninckstraat,22,5151 CL,DRUNEN,0797,HEUSDEN,0416320281,primary
Noord-Brabant,Openbare Basisschool De Wilgen,Van Limburg Stirumlaan,2,5252 AW,VLIJMEN,0797,HEUSDEN,0735114178,primary
Noord-Brabant,Rooms Katholieke Basisschool Olof Palme,Azielaan,49,5152 JB,DRUNEN,0797,HEUSDEN,0416320082,primary
Noord-Brabant,Christelijke Basisschool De Rank,Willem de Zwijgerstraat,29,5161 HB,SPRANG-CAPELLE,0867,WAALWIJK,0416273311,primary
Noord-Brabant,Nutsscholen de Meent,Anemonelaan,2,5582 GC,WAALRE,0866,WAALRE,0402233038,primary
Noord-Brabant,Basisschool Oudendijk,Oudendijk,62-A,4285 WL,WOUDRICHEM,1959,ALTENA,0183303349,primary
Noord-Holland,G.Th. Rietveldschool,Edisonstraat,3,1171 AL,BADHOEVEDORP,0394,HAARLEMMERMEER,0206593683,primary
Noord-Holland,Dik Tromschool,Wormerstraat,25,2131 AX,HOOFDDORP,0394,HAARLEMMERMEER,0235613311,primary
Noord-Holland,Ywegschool,Sparresholm,197,2133 BM,HOOFDDORP,0394,HAARLEMMERMEER,0235631425,primary
Noord-Holland,OBS Het Palet,Kalslagerring,15-17,2151 TA,NIEUW-VENNEP,0394,HAARLEMMERMEER,0252626627,primary
Noord-Holland,Openbare Montessorischool De Boog,Johannis Bogaardstraat,16-A,2151 CV,NIEUW-VENNEP,0394,HAARLEMMERMEER,0252675655,primary
Noord-Holland,Openbare Basisschool Kindcentrum Westwijs,Pampusstraat,28,1435 LJ,RIJSENHOUT,0394,HAARLEMMERMEER,0297327842,primary
Noord-Holland,De Zwanebloem,Noppenstraat,92-94,2136 AK,ZWAANSHOEK,0394,HAARLEMMERMEER,0235846316,primary
Noord-Holland,Openbare Daltonschool De Zwaan,Wilgenlaan,83,1161 JL,ZWANENBURG,0394,HAARLEMMERMEER,0204974985,primary
Noord-Holland,Basisschool De Bosrank,Liesbos,18-20,2134 SB,HOOFDDORP,0394,HAARLEMMERMEER,0235635936,primary
Noord-Holland,De Tovercirkel,Zandbos,46,2134 DE,HOOFDDORP,0394,HAARLEMMERMEER,0235654960,primary
Noord-Holland,Twickel,Schuilenburg,7,2135 GJ,HOOFDDORP,0394,HAARLEMMERMEER,0235654960,primary
Noord-Holland,Openbare Basisschool de Octopus,Femina Mullerstraat,78,2135 MS,HOOFDDORP,0394,HAARLEMMERMEER,0235622819,primary
Noord-Holland,Openbare Basisschool Joppe,Vossestein,15,2151 KK,NIEUW-VENNEP,0394,HAARLEMMERMEER,0252689098,primary
Noord-Holland,Openbare Basisschool De Optimist,Deltaweg,109,2134 XS,HOOFDDORP,0394,HAARLEMMERMEER,0235640999,primary
Noord-Holland,Openbare Basisschool De Dijkwerkers,Slotlaan,52,1693 KT,WERVERSHOOF,0420,MEDEMBLIK,0228583520,primary
Noord-Holland,Openbare Basisschool De Piramide,Flamingolaan,35,1619 VC,ANDIJK,0420,MEDEMBLIK,0228591609,primary
Noord-Holland,Basisschool't Skitteljacht,Nachtegaal,1,1616 HB,HOOGKARSPEL,0498,DRECHTERLAND,0228561876,primary
Noord-Holland,'t Padland,Padland,2,1606 NL,VENHUIZEN,0498,DRECHTERLAND,0228541937,primary
Noord-Holland,Openbare Basisschool De Tweemaster,Korte Westerstraat,7,1601 RH,ENKHUIZEN,0388,ENKHUIZEN,0228312118,primary
Noord-Holland,Roelof van Wienesse,Molenweg,27,1608 EC,WIJDENES,0498,DRECHTERLAND,0229501306,primary
Noord-Holland,Openbare Basisschool Het Driespan,Klaverweid,25,1602 LR,ENKHUIZEN,0388,ENKHUIZEN,0228313174,primary
Noord-Holland,Openbare Basisschool 't Vierspan,Kloosterpoort,3,1613 EV,GROOTEBROEK,0532,STEDE BROEC,0228512200,primary
Noord-Holland,IBS De Eenheid,Prinses Christinastraat,1,2033 TZ,HAARLEM,0392,HAARLEM,0233030191,primary
Noord-Holland,Kindcentrum De Driessen,F. Wiedijk Jznstraat,1,1843 JS,GROOTSCHERMER,0361,ALKMAAR,0299671378,primary
Noord-Holland,Basisschool Eigenduins,Dr Jac P Thijsseweg,24,2041 BM,ZANDVOORT,0473,ZANDVOORT,0235730625,primary
Noord-Holland,ASVO,Frederiksplein,37,1017 XL,AMSTERDAM,0363,AMSTERDAM,0206269005,primary
Noord-Holland,Basisschool Rosj Pina,Nieuw Herlaer,18-20,1083 BD,AMSTERDAM,0363,AMSTERDAM,0206427644,primary
Noord-Holland,Schoolvereniging Willemspark,Willem Witsenstraat,12,1077 AZ,AMSTERDAM,0363,AMSTERDAM,0206719806,primary
Noord-Holland,Katholieke Basisschool Montessorischool,J.J.H. Verhulstlaan,13,1401 CS,BUSSUM,1942,GOOISE MEREN,0356911011,primary
Noord-Holland,Protestants Christelijk Basisschool De Hoeksteen,De Weid,24,1991 ET,VELSERBROEK,0453,VELSEN,0235378198,primary
Noord-Holland,Basisschool De Vryheit,Dorpsduinen,14,1949 EG,WIJK AAN ZEE,0375,BEVERWIJK,0251374443,primary
Noord-Holland,Protestants Christelijke Basisschool De Ark,Elbestraat,4,1966 XJ,HEEMSKERK,0396,HEEMSKERK,0251231569,primary
Noord-Holland,Katholieke Basisschool De Sleutelbloem,Hoflanderweg,45,1947 ZB,BEVERWIJK,0375,BEVERWIJK,0251223840,primary
Noord-Holland,Katholieke Basisschool De Lunetten,Maerten v Heemskerckstr,146,1965 GG,HEEMSKERK,0396,HEEMSKERK,0251231684,primary
Noord-Holland,Katholieke Basisschool De Anjelier,Anjelierenlaan,6,1943 DA,BEVERWIJK,0375,BEVERWIJK,0251228765,primary
Noord-Holland,Protestants Christelijke Basisschool Bethel,Noorderwijkweg,92,1943 DM,BEVERWIJK,0375,BEVERWIJK,0251223671,primary
Noord-Holland,De Plataan,Heirweg,2-B,1951 CD,VELSEN-NOORD,0453,VELSEN,0251224074,primary
Noord-Holland,Rooms Katholieke Basisschool de Wilgeroos,Wilgenhoflaan,2,1944 TD,BEVERWIJK,0375,BEVERWIJK,0251221114,primary
Noord-Holland,De Westbroek,Platbodem,201,1991 NN,VELSERBROEK,0453,VELSEN,0235374664,primary
Noord-Holland,Basisschool Panta Rhei,Pieter Cheeuwenlaan,8,1948 DD,BEVERWIJK,0375,BEVERWIJK,0251233977,primary
Noord-Holland,Jozefschool,Sint Lucasstraat,2,1606 BP,VENHUIZEN,0498,DRECHTERLAND,0228541456,primary
Noord-Holland,Rooms Katholieke Basisschool Pancratius,Pennekamplaan,58,1696 CD,OOSTERBLOKKER,0498,DRECHTERLAND,0229261270,primary
Noord-Holland,Rooms Katholieke Basisschool Mr Spigt,Duijvenbrug,15,1616 PD,HOOGKARSPEL,0498,DRECHTERLAND,0228561809,primary
Noord-Holland,Het Kerspel,Nachtegaal,1,1616 HB,HOOGKARSPEL,0498,DRECHTERLAND,0228561661,primary
Noord-Holland,Uilenburcht,Zesstedenweg,182,1613 KD,GROOTEBROEK,0532,STEDE BROEC,0228511669,primary
Noord-Holland,Basisschool de Hussel,Dam,20-A,1613 AL,GROOTEBROEK,0532,STEDE BROEC,0228520610,primary
Noord-Holland,Basisschool de Molenwiek,Korenmolenlaan,4,1611 XE,BOVENKARSPEL,0532,STEDE BROEC,0228512080,primary
Noord-Holland,Basissch Willibrordus,De Bouw,64,1611 JH,BOVENKARSPEL,0532,STEDE BROEC,0228513251,primary
Noord-Holland,De Baskuul,Horn,15,1614 LS,LUTJEBROEK,0532,STEDE BROEC,0228511616,primary
Noord-Holland,Eerste Openluchtschool voor het Gezonde Kind,Cliostraat,40,1077 KJ,AMSTERDAM,0363,AMSTERDAM,0206799012,primary
Noord-Holland,Tweede Openluchtschool voor het Gezonde Kind,Fred. Roeskestraat,76,1076 ED,AMSTERDAM,0363,AMSTERDAM,0206793858,primary
Noord-Holland,Jozefschool Rooms Katholiek Basisonderwijs,Gerberastraat,2,1431 SG,AALSMEER,0358,AALSMEER,0297326291,primary
Noord-Holland,Rooms Katholieke Basisschool Antonius,Zonnedauwlaan,59,1433 WB,KUDELSTAART,0358,AALSMEER,0297322819,primary
Noord-Holland,Rooms Katholieke Basisschool Oosteinder,Catharina-Amalialaan,66-B,1432 JT,AALSMEER,0358,AALSMEER,0297368092,primary
Noord-Holland,Jan van Rijckenborghschool,Trompenburg,49,1852 CC,HEILOO,0399,HEILOO,0725338286,primary
Noord-Holland,Buitenveldertse Montessorisch,Sandenburch,1-3,1082 GN,AMSTERDAM,0363,AMSTERDAM,0206448446,primary
Noord-Holland,De Evenaar,Van der Waalslaan,33,2105 TC,HEEMSTEDE,0397,HEEMSTEDE,0235472737,primary
Noord-Holland,Shri Laksmi School,Janusz Korczakstraat,73,1102 JR,AMSTERDAM,0363,AMSTERDAM,0206950368,primary
Noord-Holland,Basisschool Al Maes,Jan van Riebeekstraat,11-13,1057 ZW,AMSTERDAM,0363,AMSTERDAM,0206180838,primary
Noord-Holland,al Yaqoet,Wildrijkstraat,2,1024 CL,AMSTERDAM,0363,AMSTERDAM,0206180838,primary
Noord-Holland,al Jawhara,Sumatraplantsoen,15,1095 HW,AMSTERDAM,0363,AMSTERDAM,0206180838,primary
Noord-Holland,De Gooische School,Oud Blaricummerweg,21-A,1251 GV,LAREN NH,0417,LAREN,0355382234,primary
Noord-Holland,Oecumenische basisschool Het Spectrum,Volkerakweg,1,1628 XH,HOORN NH,0405,HOORN,0229263254,primary
Noord-Holland,De Wingerd,Sint Martinusstraat,1,1689 GN,ZWAAG,0405,HOORN,0229237696,primary
Noord-Holland,St Jozef,Westerblokker,77,1695 AB,BLOKKER,0405,HOORN,0229247011,primary
Noord-Holland,Rooms Katholieke Basisschool Maria,Eikstraat,3,1623 LP,HOORN NH,0405,HOORN,0229275431,primary
Noord-Holland,Oecumenische Ichthusschool,Grote Beer,1,1622 ES,HOORN NH,0405,HOORN,0229216084,primary
Noord-Holland,Rooms Katholieke Bernardus van Bockxmeerschool,Tweeboomlaan,104,1624 EH,HOORN NH,0405,HOORN,0229215279,primary
Noord-Holland,Het Kompas,De Huesmolen,61,1625 HZ,HOORN NH,0405,HOORN,0229230076,primary
Noord-Holland,Interconfessionele Basisschool De Ceder,Ceder,1,1628 ME,HOORN NH,0405,HOORN,0229272342,primary
Noord-Holland,De Rank,De Opgang,3,1689 KZ,ZWAAG,0405,HOORN,0229277095,primary
Noord-Holland,Roald Dahl School,Meetketting,1,1689 XD,ZWAAG,0405,HOORN,0229845002,primary
Noord-Holland,Koorschool van het Muziekinstituut van de Kathedraal,Westergracht,61,2013 ZL,HAARLEM,0392,HAARLEM,0235311054,primary
Noord-Holland,Gooilandschool,Meentweg,44,1405 JB,BUSSUM,1942,GOOISE MEREN,0356915994,primary
Noord-Holland,Christelijk Instituut Groen van Prinsterer,Dalweg,11,1217 HX,HILVERSUM,0402,HILVERSUM,0356245991,primary
Noord-Holland,Brede School Omnibus,Pandora,8,1183 KK,AMSTELVEEN,0362,AMSTELVEEN,0206419271,primary
Noord-Holland,Roelof Venemaschool voor Protestants Christelijk Basisonderwijs,Laan Rozenburg,17,1181 ER,AMSTELVEEN,0362,AMSTELVEEN,0206432385,primary
Noord-Holland,Amstelschool,Reijgershof,4,1191 CS,OUDERKERK AAN DE AMSTEL,0437,OUDER-AMSTEL,0204964935,primary
Noord-Holland,Horizon,Landtong,8,1186 GP,AMSTELVEEN,0362,AMSTELVEEN,0205404378,primary
Noord-Holland,Rooms Katholieke BasisschoolHet Kofschip,Turfstekerspad,1,1191 GW,OUDERKERK AAN DE AMSTEL,0437,OUDER-AMSTEL,0204963305,primary
Noord-Holland,De Cirkel,Orion,7,1188 AM,AMSTELVEEN,0362,AMSTELVEEN,0206450125,primary
Noord-Holland,Het Palet,Benderslaan,2,1185 EK,AMSTELVEEN,0362,AMSTELVEEN,0206412386,primary
Noord-Holland,Willem Alexanderschool,Orion,15-17,1188 AM,AMSTELVEEN,0362,AMSTELVEEN,0206437980,primary
Noord-Holland,Rooms Katholieke Basisschool Triangel,Zeelandiahoeve,5-7,1187 KR,AMSTELVEEN,0362,AMSTELVEEN,0206453825,primary
Noord-Holland,Karel Eykman School,Jane Addamslaan,13,1187 DA,AMSTELVEEN,0362,AMSTELVEEN,0206419998,primary
Noord-Holland,Brede School Rembrandt,Mr. P.J.M. Aalberselaan,2,1181 XJ,AMSTELVEEN,0362,AMSTELVEEN,0206415463,primary
Noord-Holland,Safae,Jan van Galenstraat,35,1272 BA,HUIZEN,0406,HUIZEN, ,primary
Noord-Holland,Crescendo,Kortvoort,61-C,1104 NA,AMSTERDAM,0363,AMSTERDAM,0206957178,primary
Noord-Holland,Rk Bs Beekvliet,De Weid,20,1991 ET,VELSERBROEK,0453,VELSEN,0235378273,primary
Noord-Holland,De Toermalijn,Driehuizerkerkweg,121,1985 HB,DRIEHUIS,0453,VELSEN,0255516443,primary
Noord-Holland,Basisschool de Parnassia,Wulverderlaan,3,2071 BG,SANTPOORT-NOORD,0453,VELSEN,0235375268,primary
Noord-Holland,Sint Franciscus-School,Franciscuspad,15,1971 PE,IJMUIDEN,0453,VELSEN,0255516309,primary
Noord-Holland,Basisschool De Zefier,Eenhoornstraat,2-D,1973 XT,IJMUIDEN,0453,VELSEN,0255820993,primary
Noord-Holland,Basisschool het Kompas,Stephensonstraat,70-A,1972 RR,IJMUIDEN,0453,VELSEN,0255512579,primary
Noord-Holland,Basisschool De Klipper,Koningsplein,7,1975 DR,IJMUIDEN,0453,VELSEN,0255511988,primary
Noord-Holland,De Rozenbeek,Floraronde,289,1991 LB,VELSERBROEK,0453,VELSEN,0235389325,primary
Noord-Holland,Algemeen Bijzondere Basisschool Icarus,Kerklaan,90-92,2101 HS,HEEMSTEDE,0397,HEEMSTEDE,0235470982,primary
Noord-Holland,El-Amien Islamitische Basisschool,Saaftingestraat,312,1069 BW,AMSTERDAM,0363,AMSTERDAM,0206199970,primary
Noord-Holland,Islamitische Basisschool El Amien II,Wiltzanghlaan,93,1061 HB,AMSTERDAM,0363,AMSTERDAM,0204889409,primary
Noord-Holland,TVH Montessorischool De Flierefluiter,Akkerwinde,57,1689 NV,ZWAAG,0405,HOORN,0229232342,primary
Noord-Holland,Islamitische Basisschool As Soeffah,EGoli,10,1103 AC,AMSTERDAM,0363,AMSTERDAM,0206002743,primary
Noord-Holland,Islamitische Basisschool El Kadisia,Piet Mondriaanplein,2,1061 SC,AMSTERDAM,0363,AMSTERDAM,0206138648,primary
Noord-Holland,Al Wafa,Louis Couperusstraat,131,1064 CE,AMSTERDAM,0363,AMSTERDAM,0204861638,primary
Noord-Holland,Al Ikhlaas,Spijkerboorpad,4,2037 EA,HAARLEM,0392,HAARLEM,0235335540,primary
Noord-Holland,Basisschool Het Startnest Jenaplan School,Arthur van Schendellaan,100-E,1422 LE,UITHOORN,0451,UITHOORN,0297521590,primary
Noord-Holland,RK Basisschool De Zon,Anjerlaan,1,1424 AM,DE KWAKEL,0451,UITHOORN,0297564643,primary
Noord-Holland,Basisschool De Vuurvogel,Arthur van Schendellaan,53,1422 LB,UITHOORN,0451,UITHOORN,0297521755,primary
Noord-Holland,Kwikstaart,Randhoornweg,33,1422 WX,UITHOORN,0451,UITHOORN,0297522740,primary
Noord-Holland,het Duet,Prinses Christinalaan,120,1421 BN,UITHOORN,0451,UITHOORN,0297500666,primary
Noord-Holland,De Springschans,Eendracht,8,1423 ET,UITHOORN,0451,UITHOORN,0297523397,primary
Noord-Holland,Basisschool Montessori Landsmeer,Burgemeester Postweg,88,1121 JC,LANDSMEER,0415,LANDSMEER,0204823353,primary
Noord-Holland,Watergraafsmeerse Schoolvereniging,Mr. P.N. Arntzeniusweg,90,1098 GT,AMSTERDAM,0363,AMSTERDAM,0206947481,primary
Noord-Holland,Montessori Basisschool de Eilanden,Grote Bickersstraat,102,1013 KS,AMSTERDAM,0363,AMSTERDAM,0206209608,primary
Noord-Holland,Europaschool,Hygieaplein,8,1076 RT,AMSTERDAM,0363,AMSTERDAM,0205854811,primary
Noord-Holland,basisschool De Verwondering,Avegaar,86,1141 JL,MONNICKENDAM,0852,WATERLAND,0299208003,primary
Noord-Holland,DENISE,Piet Mondriaanstraat,140,1061 TT,AMSTERDAM,0363,AMSTERDAM,0205854811,primary
Noord-Holland,Jozefschool,Dammerweg,7,1394 GM,NEDERHORST DEN BERG,1696,WIJDEMEREN,0294253336,primary
Noord-Holland,St. Antoniusschool,Zuidsingel,50,1241 HC,KORTENHOEF,1696,WIJDEMEREN,0356561067,primary
Noord-Holland,De Wilge,Cornelis Drebbelstraat,64,1222 SC,HILVERSUM,0402,HILVERSUM,0356460088,primary
Noord-Holland,De Binckhorst-St. Jan,Eemnesserweg,17,1251 NA,LAREN NH,0417,LAREN,0355382501,primary
Noord-Holland,Rooms Katholieke Basisschool Sint Vitus,Sint Vitusstraat,2,1404 HS,BUSSUM,1942,GOOISE MEREN,0356939582,primary
Noord-Holland,Montessorischool Centrum,Naarderstraat,100,1211 AM,HILVERSUM,0402,HILVERSUM,0356247597,primary
Noord-Holland,Joseph Lokinschool,Hollands End,8,1244 NR,ANKEVEEN,1696,WIJDEMEREN,0356561370,primary
Noord-Holland,KBS De Pionier,Levensboom,8,1261 MX,BLARICUM,0376,BLARICUM,0355233207,primary
Noord-Holland,Montessorischool Zuid,J.P. Coenstraat,41,1215 KN,HILVERSUM,0402,HILVERSUM,0356215057,primary
Noord-Holland,IKC Bloemrijk,Irisstraat,2,1214 ET,HILVERSUM,0402,HILVERSUM,0356246916,primary
Noord-Holland,Titus Brandsmaschool,Lopes Diaslaan,87,1222 VC,HILVERSUM,0402,HILVERSUM,0356460088,primary
Noord-Holland,Augustinusschool,Kloosterlaan,11,1216 NH,HILVERSUM,0402,HILVERSUM,0356216430,primary
Noord-Holland,KinderCampus Hilversum,Willem Bontekoestraat,34,1212 CB,HILVERSUM,0402,HILVERSUM,0356469421,primary
Noord-Holland,Kindcentrum de Branding,Pastoor van Kleefstraat,19,1931 BL,EGMOND AAN ZEE,0373,BERGEN NH,0726069995,primary
Noord-Holland,Kindcentrum Visser t Hooft,Kemphaan,17,1902 KA,CASTRICUM,0383,CASTRICUM,0251655906,primary
Noord-Holland,De Windhoek,Herenweg,72-A,1935 AG,EGMOND-BINNEN,0373,BERGEN NH,0725070888,primary
Noord-Holland,Kindcentrum het Rinket,Bachstraat,20,1962 BD,HEEMSKERK,0396,HEEMSKERK,0251231093,primary
Noord-Holland,Bosschool,Rondelaan,30,1861 ED,BERGEN NH,0373,BERGEN NH,0725813195,primary
Noord-Holland,Christelijke Basisschool Willem Alexander,Kapelweidtje,2,1861 JH,BERGEN NH,0373,BERGEN NH,0725813142,primary
Noord-Holland,Kindcentrum het Baken,Bovenweg,68,1834 CG,SINT PANCRAS,1980,DIJK EN WAARD,0725642417,primary
Noord-Holland,Kindcentrum de Vlinder,Frankrijklaan,2,1966 VD,HEEMSKERK,0396,HEEMSKERK,0251237766,primary
Noord-Holland,Kindcentrum Paulusburcht,Eerste Groenelaan,88,1901 TE,CASTRICUM,0383,CASTRICUM,0251650565,primary
Noord-Holland,Kindcentrum de Otterkolken,Prof ten Doesschatestr,119-A,1963 AS,HEEMSKERK,0396,HEEMSKERK,0251232688,primary
Noord-Holland,Kindcentrum Cornelis,Meidoornstraat,21,1911 BS,UITGEEST,0450,UITGEEST,0251310173,primary
Noord-Holland,Chr. Kindcentrum Het Mozaïek,Museumweg,1,1721 BW,BROEK OP LANGEDIJK,1980,DIJK EN WAARD,0226342322,primary
Noord-Holland,Kindcentrum De Duif,Marienstein,180,1852 SN,HEILOO,0399,HEILOO,0725320874,primary
Noord-Holland,Kindcentrum St. Leonardus,Kerkweg,225,1964 KJ,HEEMSKERK,0396,HEEMSKERK,0251232410,primary
Noord-Holland,Basisschool Cunera,Vondelstraat,25,1901 HT,CASTRICUM,0383,CASTRICUM,0251650860,primary
Noord-Holland,Kindcentrum de Binnenmeer,Langebuurt,31,1911 AS,UITGEEST,0450,UITGEEST,0251312715,primary
Noord-Holland,Kindcentrum Helmgras,Het Korte Land,3,1902 BA,CASTRICUM,0383,CASTRICUM,0251650864,primary
Noord-Holland,Anne Frankschool,Jan van Kuikweg,97,1964 BC,HEEMSKERK,0396,HEEMSKERK,0251231650,primary
Noord-Holland,Kindcentrum Durf,Elgerweg,39,1825 KA,ALKMAAR,0361,ALKMAAR,0725628060,primary
Noord-Holland,Kindcentrum de Bareel,Waddenlaan,1,1967 EH,HEEMSKERK,0396,HEEMSKERK,0251230468,primary
Noord-Holland,Kindcentrum Kornak,Benningskamplaan,60,1911 LP,UITGEEST,0450,UITGEEST,0251707227,primary
Noord-Holland,Vondelschool,Oud-Bussummerweg,22,1401 SP,BUSSUM,1942,GOOISE MEREN,0356912698,primary
Noord-Holland,Interconfessionele Basisschool de Tweemaster,Amersfoortsestraatweg,12-A,1411 HC,NAARDEN,1942,GOOISE MEREN,0356943184,primary
Noord-Holland,De Vijfsprong,Baarsjesweg,1,2141 VJ,VIJFHUIZEN,0394,HAARLEMMERMEER,0235581245,primary
Noord-Holland,Aloysiusschool voor Basisonderwijs,Zandvoorterpad,8,2051 BC,OVERVEEN,0377,BLOEMENDAAL,0235277379,primary
Noord-Holland,Basisschool De Paradijsvogel,Henk Lensenlaan,1,2114 ER,VOGELENZANG,0377,BLOEMENDAAL,0235846648,primary
Noord-Holland,Rooms Katholieke Basisschool Sint Theresia,Dennenweg,14,2061 HX,BLOEMENDAAL,0377,BLOEMENDAAL,0235257924,primary
Noord-Holland,Het Mozaïek,Nieuwstraat,43,2152 BE,NIEUW-VENNEP,0394,HAARLEMMERMEER,0252672694,primary
Noord-Holland,De Franciscus,Kerklaan,12,2121 VE,BENNEBROEK,0377,BLOEMENDAAL,0235846654,primary
Noord-Holland,Sparrenbosschool,Kleine Sparrenlaan,7,2121 CJ,BENNEBROEK,0377,BLOEMENDAAL,0235846429,primary
Noord-Holland,Triade,Dreef,1-A,1431 WC,AALSMEER,0358,AALSMEER,0297748319,primary
Noord-Holland,De Kameleon,Kinheim,8,1161 AP,ZWANENBURG,0394,HAARLEMMERMEER,0204973970,primary
Noord-Holland,Rooms Katholieke Basisschool De Reiger,Azollastraat,47,2165 XP,LISSERBROEK,0394,HAARLEMMERMEER,0252412128,primary
Noord-Holland,Hannie Schaft Basisschool,Louis Davidscarre,1,2042 LZ,ZANDVOORT,0473,ZANDVOORT,0235712862,primary
Noord-Holland,Jong Geleerd,Schoolstraat,5,1165 HB,HALFWEG,0394,HAARLEMMERMEER,0204975391,primary
Noord-Holland,Rooms Katholieke Basisschool Sint Antonius,Ridderspoorstraat,24,2153 BV,NIEUW-VENNEP,0394,HAARLEMMERMEER,0252672705,primary
Noord-Holland,De LinQ,Kalslagerring,7-13,2151 TA,NIEUW-VENNEP,0394,HAARLEMMERMEER,0252674036,primary
Noord-Holland,Openbare Basisschool De Zeevonk,Dr Jac P Thijsseweg,24,2041 BM,ZANDVOORT,0473,ZANDVOORT,0235740000,primary
Noord-Holland,Rooms Katholieke Basisschool De Ark,Van der Waalslaan,37,2105 TC,HEEMSTEDE,0397,HEEMSTEDE,0235472184,primary
Noord-Holland,Crayenester-Basisschool,Crayenestersingel,37,2101 AN,HEEMSTEDE,0397,HEEMSTEDE,0235474147,primary
Noord-Holland,Basisschool De Brug,Catharina-Amalialaan,66-D,1432 JT,AALSMEER,0358,AALSMEER,0297341887,primary
Noord-Holland,Kindcentrum De Molenwerf,Molenwerfslaan,7,2103 TC,HEEMSTEDE,0397,HEEMSTEDE,0235472575,primary
Noord-Holland,KC De Ruimte,Schweitzerstraat,136,1433 AN,KUDELSTAART,0358,AALSMEER,0297329100,primary
Noord-Holland,Voorweg Basisschool,Voorweg,24,2103 ST,HEEMSTEDE,0397,HEEMSTEDE,0235286380,primary
Noord-Holland,Rooms Katholieke Basisschool Jacoba,Lanckhorstlaan,9,2101 BA,HEEMSTEDE,0397,HEEMSTEDE,0235475371,primary
Noord-Holland,Openbare Basisschool Bornwaterschool,Ign. Bispincklaan,1,2061 EM,BLOEMENDAAL,0377,BLOEMENDAAL,0235252068,primary
Noord-Holland,Openbare Basisschool Julianaschool,Willem de Zwijgerlaan,120,2051 KK,OVERVEEN,0377,BLOEMENDAAL,0233238844,primary
Noord-Holland,Openbare Basisschool Vondel-School,Juliana van Stolberglaan,25,2111 CJ,AERDENHOUT,0377,BLOEMENDAAL,0235241076,primary
Noord-Holland,De Wikkeling,Laan van Gildestein,76,2151 HV,NIEUW-VENNEP,0394,HAARLEMMERMEER,0252681240,primary
Noord-Holland,RKBS 't Venne,Sarabande,9,2152 TB,NIEUW-VENNEP,0394,HAARLEMMERMEER,0252675997,primary
Noord-Holland,PC BS Opmaat,Sarabande,5,2152 TB,NIEUW-VENNEP,0394,HAARLEMMERMEER,0252620825,primary
Noord-Holland,Gereformeerde Basisschool De Wegwijzer,Sumatralaan,40,1217 GS,HILVERSUM,0402,HILVERSUM,0356248295,primary
Noord-Holland,Evangelische Basisschool De Morgenster,Holendrechtplein,42,1106 LP,AMSTERDAM,0363,AMSTERDAM,0206961238,primary
Noord-Holland,Basisschool De Hoeksteen,Calkoenstraat,15,1121 XA,LANDSMEER,0415,LANDSMEER,0204820660,primary
Noord-Holland,Rk Bs St Sebastianus,Gruttostraat,5,1452 XH,ILPENDAM,0852,WATERLAND,0204361272,primary
Noord-Holland,Oecumenische Basisschool De Trimaran,Stellingmolen,19-21,1135 KA,EDAM,0385,EDAM-VOLENDAM,0299351351,primary
Noord-Holland,De Rietlanden,Buurterstraat,3,1156 AP,MARKEN,0852,WATERLAND,0299601317,primary
Noord-Holland,De Blauwe Ster,Karn,96-A,1141 JV,MONNICKENDAM,0852,WATERLAND,0299653588,primary
Noord-Holland,Oecumenische Basisschool De Binnendijk,Oude Zijds Burgwal,8,1141 AA,MONNICKENDAM,0852,WATERLAND,0299650392,primary
Noord-Holland,Oecumenische basisschool Trifolium,Pinksterbloem,67-69,1441 RJ,PURMEREND,0439,PURMEREND,0299660717,primary
Noord-Holland,Basisschool 't Prisma,Gasinjetstraat,1,1442 WN,PURMEREND,0439,PURMEREND,0299421982,primary
Noord-Holland,Basisschool De Toermalijn,Hoefsmidhof,1-4,1445 KD,PURMEREND,0439,PURMEREND,0299641699,primary
Noord-Holland,Basisschool Klim Op,Karekietpark,28,1444 HV,PURMEREND,0439,PURMEREND,0299421969,primary
Noord-Holland,Oecumenisch Basisschool Het Baken,Grevelingenmeer,62,1447 AS,PURMEREND,0439,PURMEREND,0299646648,primary
Noord-Holland,Montessori De Beleving,Salland,38,1447 BT,PURMEREND,0439,PURMEREND,0299646589,primary
Noord-Holland,Kindcentrum De Vlieger,Persijnlaan,47,1447 EN,PURMEREND,0439,PURMEREND,0299641270,primary
Noord-Holland,Basisschool De Marimba,Limbostraat,5,1448 TP,PURMEREND,0439,PURMEREND,0299472274,primary
Noord-Holland,De Wilgenhoek,Middenpad,1,1461 BW,ZUIDOOSTBEEMSTER,0439,PURMEREND, ,primary
Noord-Holland,St. Petrusschool,Ouddiemerlaan,106-108,1111 HL,DIEMEN,0384,DIEMEN,0206981832,primary
Noord-Holland,A. Bekemaschool,Meteoor,55,1115 VW,DUIVENDRECHT,0437,OUDER-AMSTEL,0206993100,primary
Noord-Holland,Dr. Plesmanschool,Papegaaistraat,4,1171 TK,BADHOEVEDORP,0394,HAARLEMMERMEER,0204490761,primary
Noord-Holland,Basisschool Het Wespennest,Breedveld,6,1025 PZ,AMSTERDAM,0363,AMSTERDAM,0206370555,primary
Noord-Holland,Basisschool 't Koggeschip,Abraham Kuyperplein,2,1067 DE,AMSTERDAM,0363,AMSTERDAM,0205061980,primary
Noord-Holland,Jozefschool Muiden,Kloosterstraat,14,1398 AM,MUIDEN,1942,GOOISE MEREN,0294270111,primary
Noord-Holland,Admiraal De Ruyterschool,Bestevaerstraat,42-44,1056 HP,AMSTERDAM,0363,AMSTERDAM,0206182180,primary
Noord-Holland,Brede school Fiep Westendorp,Overschiestraat,168,1062 XK,AMSTERDAM,0363,AMSTERDAM,0204080513,primary
Noord-Holland,Basisschool De Bienkorf,Mariendaal,11,1025 BT,AMSTERDAM,0363,AMSTERDAM,0206367067,primary
Noord-Holland,Basisschool De Henricus,Louis Naarstigstraat,1,1063 EN,AMSTERDAM,0363,AMSTERDAM,0206133854,primary
Noord-Holland,Kindcentrum Bekkers,Volendammerweg,160,1024 JR,AMSTERDAM,0363,AMSTERDAM,0206365923,primary
Noord-Holland,Basisschool St. Augustinus,De Gouwe,21,1121 GC,LANDSMEER,0415,LANDSMEER,0204821581,primary
Noord-Holland,Montessorischool de Regenboog,Woudrichemstraat,3-5,1107 NE,AMSTERDAM,0363,AMSTERDAM,0206972176,primary
Noord-Holland,St. Jozefschool,Kalfjeslaan,370,1081 JA,AMSTERDAM,0363,AMSTERDAM,0206432020,primary
Noord-Holland,Basisschool De Botteloef,Overslag,1,1034 RR,AMSTERDAM,0363,AMSTERDAM,0206317184,primary
Noord-Holland,IKC De Boomgaard,Gibraltarstraat,61,1055 NK,AMSTERDAM,0363,AMSTERDAM,0206822270,primary
Noord-Holland,Basisschool De Bron,Van Beuningenstraat,141,1051 XM,AMSTERDAM,0363,AMSTERDAM,0206864913,primary
Noord-Holland,St. Janschool,Kortenaerstraat,30,1057 JN,AMSTERDAM,0363,AMSTERDAM,0206187481,primary
Noord-Holland,Alan Turingschool,Poolstraat,2,1018 LR,AMSTERDAM,0363,AMSTERDAM,0206224584,primary
Noord-Holland,Lukasschool,Osdorper Ban,134,1069 ZR,AMSTERDAM,0363,AMSTERDAM,0206190966,primary
Noord-Holland,IKC Tuindorp,Kometensingel,52-54,1033 BW,AMSTERDAM,0363,AMSTERDAM,0204930431,primary
Noord-Holland,Lidwinaschool,Linnaeushof,45,1098 KM,AMSTERDAM,0363,AMSTERDAM,0206650769,primary
Noord-Holland,Basisschool De Achthoek,Baron G.A. Tindalplein,12,1019 TJ,AMSTERDAM,0363,AMSTERDAM,0204185562,primary
Noord-Holland,Basisschool de Mijlpaal,Westmallepad,11-A,1066 PP,AMSTERDAM,0363,AMSTERDAM,0206692488,primary
Noord-Holland,Willibrordschool,Diemerparklaan,11,1087 EM,AMSTERDAM,0363,AMSTERDAM,0203981540,primary
Noord-Holland,Basisschool Het Bovenland,Akersluis,1-A,1066 ER,AMSTERDAM,0363,AMSTERDAM,0204084686,primary
Noord-Holland,De Archipel,Emmy Andriessestraat,56,1087 MJ,AMSTERDAM,0363,AMSTERDAM,0203140280,primary
Noord-Holland,Dalton Kindcentrum De IJsbreker,Chrysantenstraat,26,1031 HT,AMSTERDAM,0363,AMSTERDAM,0206369643,primary
Noord-Holland,Jozefschool Weesp,Fort Diemerdamstraat,69,1384 AH,WEESP,0363,AMSTERDAM,0294743050,primary
Noord-Holland,Kindcentrum Muiderkring,Kruitmolen,1,1398 HA,MUIDEN,1942,GOOISE MEREN,0294261973,primary
Noord-Holland,Kindcentrum De Baanbreker,Papaverweg,257,1032 KE,AMSTERDAM,0363,AMSTERDAM,0202400685,primary
Noord-Holland,Basisschool Rembrandt,Mozartlaan,65,1921 XC,AKERSLOOT,0383,CASTRICUM,0251313623,primary
Noord-Holland,De Overhael,Driehuizen,36,1844 KL,DRIEHUIZEN,0361,ALKMAAR,0299673371,primary
Noord-Holland,Openbare Basisschool Teun De Jager,Molenweg,11,1871 CD,SCHOORL,0373,BERGEN NH,0725091460,primary
Noord-Holland,Basisschool De Tweemaster,Jan Ploegerlaan,1-B,1483 VR,DE RIJP,0361,ALKMAAR,0299673396,primary
Noord-Holland,OBS Saenewijs,Zakedijkje,38-A,1862 HB,BERGEN NH,0373,BERGEN NH,0725895295,primary
Noord-Holland,Openbare Basisschool Vinckhuysen,Kanaaldijk,3,1486 MG,WEST-GRAFTDIJK,0361,ALKMAAR,0756411387,primary
Noord-Holland,Openbare Basisschool de Wiekslag,Erf,1,1841 GR,STOMPETOREN,0361,ALKMAAR,0725039416,primary
Noord-Holland,De Zuidwester,Boekenstein,43,1852 WS,HEILOO,0399,HEILOO,0725320308,primary
Noord-Holland,Basisschool Juliana van Stolberg,Juliana van Stolbergstr,3,1901 CE,CASTRICUM,0383,CASTRICUM,0251651250,primary
Noord-Holland,OBS de Kustlijn,Rooseveltlaan,1,1902 DH,CASTRICUM,0383,CASTRICUM,0251651656,primary
Noord-Holland,Basisschool de Driemaster,Admiraal de Ruyterweg,2,1931 VE,EGMOND AAN ZEE,0373,BERGEN NH,0725061661,primary
Noord-Holland,Basisschool Montessori,Sokkerwei,4,1901 KZ,CASTRICUM,0383,CASTRICUM,0251654888,primary
Noord-Holland,De Springschans,Breedelaan,6,1851 MA,HEILOO,0399,HEILOO,0725331327,primary
Noord-Holland,Openbare Basisschool Meander,De Hucht,2,1851 ZC,HEILOO,0399,HEILOO,0725339935,primary
Noord-Holland,Openbare Basisschool De Wissel,De Hoop,3,1911 KX,UITGEEST,0450,UITGEEST,0251880707,primary
Noord-Holland,Basisschool Toermalijn,Noordeinde,80,1521 PB,WORMERVEER,0479,ZAANSTAD,0752010118,primary
Noord-Holland,Christelijke Basisschool De Korenaar,Dokter de Boerstraat,42,1511 VH,OOSTZAAN,0431,OOSTZAAN,0752010115,primary
Noord-Holland,Christelijke Basisschool Wij-land,J.J. Allanstraat,149,1551 RD,WESTZAAN,0479,ZAANSTAD,0752010126,primary
Noord-Holland,Rooms Katholieke Jenaplanschool De Bijenkorf,Saenredamstraat,36,1566 KM,ASSENDELFT,0479,ZAANSTAD,0752010121,primary
Noord-Holland,icbs het Zaanplein,Lijns Tewisz Roggeplein,1,1502 VL,ZAANDAM,0479,ZAANSTAD,0752010135,primary
Noord-Holland,De Golfbreker,Papiermolen,18,1541 RT,KOOG AAN DE ZAAN,0479,ZAANSTAD,0752010123,primary
Noord-Holland,De Hoeksteen,Rosariumpark,182,1561 TZ,KROMMENIE,0479,ZAANSTAD,0752010124,primary
Noord-Holland,Christelijke Basisschool De Evenaar,Jupiterstraat,139,1562 WP,KROMMENIE,0479,ZAANSTAD,0752010122,primary
Noord-Holland,Paus Joannesschool,De Weer,25,1504 AH,ZAANDAM,0479,ZAANSTAD,0752010114,primary
Noord-Holland,De Regenboog,Brandakkerstraat,8,1566 XD,ASSENDELFT,0479,ZAANSTAD,0752010127,primary
Noord-Holland,Interconfessionele Basisschool de Windroos,Galeistraat,2,1503 TJ,ZAANDAM,0479,ZAANSTAD,0752010129,primary
Noord-Holland,Basisschool de Piramide,Boschjesstraat,66,1541 KL,KOOG AAN DE ZAAN,0479,ZAANSTAD,0752010125,primary
Noord-Holland,Christelijke Basisschool Kleurenpracht,Klipperstraat,4,1503 AM,ZAANDAM,0479,ZAANSTAD,0752010117,primary
Noord-Holland,Interconfessionele Basisschool De Vuurvogel,Eemmeer,15-B,1509 GL,ZAANDAM,0479,ZAANSTAD,0752010113,primary
Noord-Holland,Christelijke Basisschool Tamarinde,Schaarsven,2-A,1504 AS,ZAANDAM,0479,ZAANSTAD,0752010134,primary
Noord-Holland,Interconfessionele Basisschool Wormer Wieken,De Balk,2-B,1531 PS,WORMER,0880,WORMERLAND,0752010128,primary
Noord-Holland,Chr Basisschool Het Baken,P.A. van Meverstraat,9-11,1507 XE,ZAANDAM,0479,ZAANSTAD,0752010120,primary
Noord-Holland,RK Basisschool de Rietvink,P.A. van Meverstraat,3,1507 XE,ZAANDAM,0479,ZAANSTAD,0752010119,primary
Noord-Holland,Interconfessionele Basisschool Octant,Blauwe Ring,89,1566 MX,ASSENDELFT,0479,ZAANSTAD,0752010147,primary
Noord-Holland,Het SchatRijk,Rooswijkplein,10,1544 VZ,ZAANDIJK,0479,ZAANSTAD,0752010130,primary
Noord-Holland,De Oceaan,Parkrijklaan,121-A,1567 HD,ASSENDELFT,0479,ZAANSTAD,0752010132,primary
Noord-Holland,icbs Het Koraal,Beemdgras,5,1567 MM,ASSENDELFT,0479,ZAANSTAD,0752010112,primary
Noord-Holland,ICBS Campus Olympia,Willem Prinsplein,4,1509 AV,ZAANDAM,0479,ZAANSTAD,0752010111,primary
Noord-Holland,Islamitische Basisschool De Horizon,Zuidervaart,2-B,1504 BA,ZAANDAM,0479,ZAANSTAD,0756162009,primary
Noord-Holland,Basisschool de Wereldburger,Koos Vorrinkweg,5,1069 JR,AMSTERDAM,0363,AMSTERDAM,0206138482,primary
Noord-Holland,Basisschool Van der Brugghenschool,Thorbeckestraat,2,1272 HC,HUIZEN,0406,HUIZEN,0355251365,primary
Noord-Holland,Basisschool De Parel,Holleblok,6,1273 EG,HUIZEN,0406,HUIZEN,0355257155,primary
Noord-Holland,Rehobothschool,Studiostraat,45,1276 NA,HUIZEN,0406,HUIZEN,0355252982,primary
Noord-Holland,Basisschool de Ark,Salland,2,1274 KL,HUIZEN,0406,HUIZEN,0355266835,primary
Noord-Holland,PCBS Beatrixschool,Jacob van Wassenaerstr,5,1272 BP,HUIZEN,0406,HUIZEN,0355253276,primary
Noord-Holland,Adriaan Roland Holstschool,Prins Hendriklaan,56,1862 EL,BERGEN NH,0373,BERGEN NH,0725813613,primary
Noord-Holland,Vrije Basisschool Parcival,Lindenlaan,336,1185 NK,AMSTELVEEN,0362,AMSTELVEEN,0206438556,primary
Noord-Holland,Westfriese Vrije School Parcival,Nachtegaal,146,1628 DJ,HOORN NH,0405,HOORN,0229231011,primary
Noord-Holland,Vrije School Zaanstreek,Galjoenstraat,111-B,1503 AR,ZAANDAM,0479,ZAANSTAD,0756174047,primary
Noord-Holland,Vrije Schoolgemeenschap Geert Groote School,Hygieaplein,47,1076 RS,AMSTERDAM,0363,AMSTERDAM,0206716090,primary
Noord-Holland,Geert Groote School,Fred. Roeskestraat,82,1076 ED,AMSTERDAM,0363,AMSTERDAM,0206750419,primary
Noord-Holland,Vrije School Kennemerland,Weltevredenstraat,9,2022 VA,HAARLEM,0392,HAARLEM,0235373578,primary
Noord-Holland,Rudolf Steinerschool,Sperwerstraat,1,1826 KL,ALKMAAR,0361,ALKMAAR,0725618602,primary
Noord-Holland,Rudolf Steinerschool,Engelandlaan,2,2034 NA,HAARLEM,0392,HAARLEM,0235361378,primary
Noord-Holland,Waterlandschool,Reigersbek,2-4,1441 SZ,PURMEREND,0439,PURMEREND,0299421672,primary
Noord-Holland,Vrije school Castricum,Dokter van Nieveltweg,20,1901 GD,CASTRICUM,0383,CASTRICUM,0235272550,primary
Noord-Holland,De Zijderoute,Hertspieghelweg,55,1055 KK,AMSTERDAM,0363,AMSTERDAM,0207794160,primary
Noord-Holland,Vrije School Kleverpark,Wouwermanstraat,49-A,2023 XD,HAARLEM,0392,HAARLEM,0232023235,primary
Noord-Holland,Vrije School Thula,Obiplein,115,1094 RB,AMSTERDAM,0363,AMSTERDAM,0208208645,primary
Noord-Holland,Vrijeschool Schagen,Kastanjestraat,1,1741 WK,SCHAGEN,0441,SCHAGEN, ,primary
Noord-Holland,IKC Sint Joseph,Rozenhoutstraat,3,1704 CD,HEERHUGOWAARD,1980,DIJK EN WAARD,0725715314,primary
Noord-Holland,IKC Het Vogelnest,Sperwer,1,1834 XN,SINT PANCRAS,1980,DIJK EN WAARD,0725643023,primary
Noord-Holland,IKC Waterrijk,Schoolstraat,29,1723 AA,NOORD-SCHARWOUDE,1980,DIJK EN WAARD,0226315206,primary
Noord-Holland,IKC Oudkarspel,Voorburggracht,425,1724 NZ,OUDKARSPEL,1980,DIJK EN WAARD,0226343131,primary
Noord-Holland,De Phoenix,Keppelsloot,6,1721 HJ,BROEK OP LANGEDIJK,1980,DIJK EN WAARD,0226313821,primary
Noord-Holland,De Wijde Veert,Platteven,44,1723 AB,NOORD-SCHARWOUDE,1980,DIJK EN WAARD,0226340827,primary
Noord-Holland,IKC de Poolster,Plutolaan,2-A,1702 CB,HEERHUGOWAARD,1980,DIJK EN WAARD,0725714872,primary
Noord-Holland,IKC de Helix,Oosterweg Noord,41,1706 AA,HEERHUGOWAARD,1980,DIJK EN WAARD,0725714458,primary
Noord-Holland,IKC de Schatkist,Smaragd,27,1703 GA,HEERHUGOWAARD,1980,DIJK EN WAARD,0725715774,primary
Noord-Holland,Kindcentrum Atalanta,Zonnegloren,1,1704 ZE,HEERHUGOWAARD,1980,DIJK EN WAARD,0725347115,primary
Noord-Holland,Rooms Katholieke Basisschool De Koolvlet,Keppelsloot,8,1721 HJ,BROEK OP LANGEDIJK,1980,DIJK EN WAARD,0226344760,primary
Noord-Holland,Openbare Basisschool De Hasselbraam,Anna Polaktuin,26,1705 JS,HEERHUGOWAARD,1980,DIJK EN WAARD,0725726786,primary
Noord-Holland,Openbare Basisschool het Kompas,Drechtstraat,9,1946 AZ,BEVERWIJK,0375,BEVERWIJK,0251231291,primary
Noord-Holland,Openbare Basisschool De Sterrenkijker,Van Der Hoopstraat,54,1945 TT,BEVERWIJK,0375,BEVERWIJK,0251243816,primary
Noord-Holland,Pleiaden-School,Pleiadenplantsoen,63,1973 BS,IJMUIDEN,0453,VELSEN,0255511233,primary
Noord-Holland,De Vliegende Hollander,Casembrootstraat,58,1972 CC,IJMUIDEN,0453,VELSEN,0255514471,primary
Noord-Holland,Bosbeekschool,Burg Enschedelaan,66,2071 AW,SANTPOORT-NOORD,0453,VELSEN,0624208298,primary
Noord-Holland,Jan Campertschool,Driehuizerkerkweg,34,1985 EL,DRIEHUIS,0453,VELSEN,0255514354,primary
Noord-Holland,Brederode Daltonschool,Willem de Zwijgerlaan,110,2082 BD,SANTPOORT-ZUID,0453,VELSEN,0235377038,primary
Noord-Holland,KC Zevenhoeven,Maerelaan,248-A,1963 KH,HEEMSKERK,0396,HEEMSKERK,0251234506,primary
Noord-Holland,Bs Het Avontuur,Rameaustraat,6,1962 CA,HEEMSKERK,0396,HEEMSKERK,0251230972,primary
Noord-Holland,Kindcentrum De Marel,Duitslandlaan,7,1966 XA,HEEMSKERK,0396,HEEMSKERK,0251234444,primary
Noord-Holland,Openbare Basisschool De Pionier,Floraronde,293,1991 LB,VELSERBROEK,0453,VELSEN,0235389381,primary
Noord-Holland,Openbare Basisschool De Zeester,Pieter Cheeuwenlaan,6,1948 DD,BEVERWIJK,0375,BEVERWIJK,0251205661,primary
Noord-Holland,Bussumse Montessorischool,Busken Huetlaan,16,1401 BC,BUSSUM,1942,GOOISE MEREN,0356913684,primary
Noord-Holland,Schoolvereniging De Larense Montessorischool,De Leemkuil,4,1251 AR,LAREN NH,0417,LAREN,0355383054,primary
Noord-Holland,Curtevenne-Basisschool,Parklaan,3,1241 BG,KORTENHOEF,1696,WIJDEMEREN,0356561019,primary
Noord-Holland,Dr Maria Montessorischool,Vd Duyn van Maasdamlaan,30,1272 EM,HUIZEN,0406,HUIZEN,0355252643,primary
Noord-Holland,De Gooische Montessorischool,Holleblok,10,1273 EG,HUIZEN,0406,HUIZEN,0355252772,primary
Noord-Holland,Openbare Basisschool De Triangel,Singel,6,1381 AT,WEESP,0363,AMSTERDAM,0294413509,primary
Noord-Holland,Godelindeschool,Godelindeweg,14-C,1412 HD,NAARDEN,1942,GOOISE MEREN,0356957811,primary
Noord-Holland,Comeniusschool voor Basisonderwijs,Cort van der Lindenlaan,1,1412 BW,NAARDEN,1942,GOOISE MEREN,0356941362,primary
Noord-Holland,Montessorischool Gouden Kraal,Hoofdweg,107,1275 AB,HUIZEN,0406,HUIZEN,0355257271,primary
Noord-Holland,Basisschool Wisperweide,Schoolpad,1,1383 EA,WEESP,0363,AMSTERDAM,0294418435,primary
Noord-Holland,Openbare Basisschool Kamperfoelie,Delta,37-39,1273 LC,HUIZEN,0406,HUIZEN,0355252561,primary
Noord-Holland,Meester Kremer-School,Reigerlaan,7,1394 CK,NEDERHORST DEN BERG,1696,WIJDEMEREN,0294251522,primary
Noord-Holland,Basisschool Bijvanck,Levensboom,4,1261 MX,BLARICUM,0376,BLARICUM,0355233534,primary
Noord-Holland,Basisschool Dorp,Eemnesserweg,18-A,1261 HG,BLARICUM,0376,BLARICUM,0355334999,primary
Noord-Holland,Samenwerkingschool De Catamaran,Bleekveld,1,1231 PR,LOOSDRECHT,1696,WIJDEMEREN,0355821557,primary
Noord-Holland,Kindcentrum De Haven,Lindelaan,54,1231 CM,LOOSDRECHT,1696,WIJDEMEREN,0355823005,primary
Noord-Holland,Basisschool Koningin Emma,Graaf Florislaan,2,1405 BT,BUSSUM,1942,GOOISE MEREN,0352062020,primary
Noord-Holland,Basisschool De Ploeg,Melkweg,42,1251 PT,LAREN NH,0417,LAREN,0355334355,primary
Noord-Holland,Basisschool de Speelwagen,Conferencelaan,1,1687 RA,WOGNUM,0420,MEDEMBLIK,0229571837,primary
Noord-Holland,Openbare Basisschool De Meridiaan,Schuitevoerderslaan,18,1671 JZ,MEDEMBLIK,0420,MEDEMBLIK,0227542215,primary
Noord-Holland,Openbare Basisschool De Kelderswerf,Weerestraat,70,1713 VC,OBDAM,1598,KOGGENLAND,0226451967,primary
Noord-Holland,De Adelaar,Burg Heymansstraat,8,1718 AN,HOOGWOUD,0432,OPMEER,0226352325,primary
Noord-Holland,De Akker,Meibloem,46-48,1716 VA,OPMEER,0432,OPMEER,0226352410,primary
Noord-Holland,Openbare Basisschool de Dubbele Punt,Koetenburg,14,1719 AR,AARTSWOUD,0432,OPMEER,0229582068,primary
Noord-Holland,Basisschool de Klaverwoid,Beukenlaan,79,1676 GS,TWISK,0420,MEDEMBLIK,0227542443,primary
Noord-Holland,Openbare Basisschool de Plaats,Schoolwerf,1,1657 LD,ABBEKERK,0420,MEDEMBLIK,0229581278,primary
Noord-Holland,De Grosthuizer Basisschool,Grosthuizen,74,1633 EP,AVENHORN,1598,KOGGENLAND,0229541273,primary
Noord-Holland,Openbare Basisschool de Koet,Tripkouw,36,1679 GJ,MIDWOUD,0420,MEDEMBLIK,0229201528,primary
Noord-Holland,Basisschool de Ieveling,Buitenroede,12,1633 GZ,AVENHORN,1598,KOGGENLAND,0229343500,primary
Noord-Holland,Openbare Basisschool de Kraaienboom,Kreek,14,1654 JX,BENNINGBROEK,0420,MEDEMBLIK,0229591408,primary
Noord-Holland,Basisschool De Geert Holle,Kerkebuurt,156,1647 MD,BERKHOUT,1598,KOGGENLAND,0229551357,primary
Noord-Holland,Basisschool Wijdewormer,Wijdewormerplein,1,1456 CB,WIJDEWORMER,0880,WORMERLAND,0299425477,primary
Noord-Holland,Ds Jl De Wagemakerschool,Poortwachtersweg,1,1121 JX,LANDSMEER,0415,LANDSMEER,0204824741,primary
Noord-Holland,De Bloeiende Perelaar,Middenpad,1,1461 BW,ZUIDOOSTBEEMSTER,0439,PURMEREND,0299422271,primary
Noord-Holland,Openbare Basisschool De Stap,Dr. M.L. Kingstraat,2,1121 CP,LANDSMEER,0415,LANDSMEER,0204821930,primary
Noord-Holland,De Blauwe Morgenster,Nicolaas Cromhoutlaan,2,1462 JL,MIDDENBEEMSTER,0439,PURMEREND,0299681480,primary
Noord-Holland,Openbare Basisschool H M van Randwijk,Gruttostraat,3,1452 XH,ILPENDAM,0852,WATERLAND,0204361817,primary
Noord-Holland,Openbare Basisschool De Fuik,Den Ilp,88-A,1127 PH,DEN ILP,0415,LANDSMEER,0204824225,primary
Noord-Holland,Openbare Basisschool Willem Eggert,Jan van Egmondstraat,14,1441 HM,PURMEREND,0439,PURMEREND,0299421385,primary
Noord-Holland,Openbare Basisschool Wheermolen,Luitstraat,4,1443 XA,PURMEREND,0439,PURMEREND,0299423648,primary
Noord-Holland,Openbare Basisschool 't Carrousel,Flevostraat,2,1442 PZ,PURMEREND,0439,PURMEREND,0299421990,primary
Noord-Holland,Openbare Basisschool De Ranonkel,Boterbloem,3,1441 TT,PURMEREND,0439,PURMEREND,0299435595,primary
Noord-Holland,Openbaar Dalton Kindcentrum het Parelhof,Zichthof,11,1445 HC,PURMEREND,0439,PURMEREND,0299640610,primary
Noord-Holland,Openbare Basisschool Noorderlicht,Jachtwagenstraat,64,1445 NM,PURMEREND,0439,PURMEREND,0299643876,primary
Noord-Holland,De Harpoen,Weiver,2,1546 LB,JISP,0880,WORMERLAND,0756423839,primary
Noord-Holland,Basisschool De Fuut,Avegaar,85,1141 JL,MONNICKENDAM,0852,WATERLAND,0299653577,primary
Noord-Holland,Basisschool De Havenrakkers,Nieuwland,32,1151 BA,BROEK IN WATERLAND,0852,WATERLAND,0204031847,primary
Noord-Holland,Openbare Basisschool De Kweekvijver,Paling,2,1511 LK,OOSTZAAN,0431,OOSTZAAN,0756841332,primary
Noord-Holland,Basisschool De Overhaal,Zuiderwouder Dorpsstraat,41,1153 PD,ZUIDERWOUDE,0852,WATERLAND,0204033291,primary
Noord-Holland,Basisschool De Rietkraag,Rietschoot,342,1511 WV,OOSTZAAN,0431,OOSTZAAN,0756848430,primary
Noord-Holland,Openbare basisschool De Gouwzee,Wilhelminalaan,58,1141 CW,MONNICKENDAM,0852,WATERLAND,0299653532,primary
Noord-Holland,Openbare Basisschool De Eendragt,Zandweg,15,1531 AJ,WORMER,0880,WORMERLAND,0756423611,primary
Noord-Holland,Openbare Basisschool Noorderschool,De Haal,44,1511 AS,OOSTZAAN,0431,OOSTZAAN,0756843784,primary
Noord-Holland,Openbare Basisschool Weremere,Kameelstraat,24,1531 EK,WORMER,0880,WORMERLAND,0756421420,primary
Noord-Holland,Openbare Basisschool 't Tilletje,Warder,126-128,1473 PH,WARDER,0385,EDAM-VOLENDAM,0299401303,primary
Noord-Holland,Openbare Basisschool De Koningsspil,Seevancksweg,93,1474 HT,OOSTHUIZEN,0385,EDAM-VOLENDAM,0299403128,primary
Noord-Holland,Openbare Basisschool Middelie,Middelie,92,1472 GT,MIDDELIE,0385,EDAM-VOLENDAM,0299621777,primary
Noord-Holland,Openbare Basisschool Prinses Beatrix,Kwadijk,92,1471 CE,KWADIJK,0385,EDAM-VOLENDAM,0299621760,primary
Noord-Holland,Openbare Basisschool Meester Haye,Beets,52,1475 JD,BEETS,0385,EDAM-VOLENDAM,0299401458,primary
Noord-Holland,Openbare Basisschool De Delta Delfland,Delfland,2,1447 AV,PURMEREND,0439,PURMEREND,0299477443,primary
Noord-Holland,Openbare Basisschool Weidevogels,Loirestraat,7,1448 JJ,PURMEREND,0439,PURMEREND,0299414847,primary
Noord-Holland,Openbare Basisschool De Delta Beethoven,Beethovenstraat,62-64,1447 RS,PURMEREND,0439,PURMEREND,0299460207,primary
Noord-Holland,Openbare Basisschool De Koempoelan,Gangeslaan,59,1448 BV,PURMEREND,0439,PURMEREND,0299472048,primary
Noord-Holland,Openbare Basisschool De Nieuwe Wereld,Yellowstone,11,1448 XW,PURMEREND,0439,PURMEREND,0299647374,primary
Noord-Holland,Openbare Basisschool Oeboentoe,Zambezilaan,278,1448 PN,PURMEREND,0439,PURMEREND,0299480681,primary
Noord-Holland,De Driewerf,'s-Gravesandelaan,15,1222 SX,HILVERSUM,0402,HILVERSUM,0356832913,primary
Noord-Holland,Fabritiusschool,Fabritiuslaan,52,1213 CT,HILVERSUM,0402,HILVERSUM,0356211702,primary
Noord-Holland,Goudenregenschool,Goudenregenlaan,1,1214 NC,HILVERSUM,0402,HILVERSUM,0356243152,primary
Noord-Holland,Openbare Basisschool Elckerlyc,Van Hogendorplaan,1-A,1215 EG,HILVERSUM,0402,HILVERSUM,0356249150,primary
Noord-Holland,Sterrenschool Hilversum,Huygensstraat,35,1222 TJ,HILVERSUM,0402,HILVERSUM,0356851919,primary
Noord-Holland,Dr Ir C Lelyschool,Lopes Diaslaan,85,1222 VC,HILVERSUM,0402,HILVERSUM,0356420980,primary
Noord-Holland,De Windkanter,Oude Amersfoortseweg,196,1212 AL,HILVERSUM,0402,HILVERSUM,0356851776,primary
Noord-Holland,Lorentzschool,Lorentzweg,135,1223 HN,HILVERSUM,0402,HILVERSUM,0356855823,primary
Noord-Holland,De Gooise Daltonschool,Vuurvlindermeent,56,1218 GZ,HILVERSUM,0402,HILVERSUM,0356912446,primary
Noord-Holland,Violenschool,Violenstraat,3,1214 CJ,HILVERSUM,0402,HILVERSUM,0356211703,primary
Noord-Holland,Villa Vrolik,Harry Banninkstraat,3,1223 MP,HILVERSUM,0402,HILVERSUM,0356426020,primary
Noord-Holland,Reformatorische Basisschool De Akker,Landtong,6,1186 GP,AMSTELVEEN,0362,AMSTELVEEN,0206451908,primary
Noord-Holland,Openbare Basisschool Samen Een,Schoolstraat,15,1431 BG,AALSMEER,0358,AALSMEER,0297325246,primary
Noord-Holland,Openbare Basisschool de Zuidooster,Catharina-Amalialaan,66-A,1432 JT,AALSMEER,0358,AALSMEER,0297366663,primary
Noord-Holland,Openbare Basisschool Toermalijn,Randhoornweg,35,1422 WX,UITHOORN,0451,UITHOORN,0297303478,primary
Noord-Holland,Obs De Kajuit,Eendracht,2,1423 ET,UITHOORN,0451,UITHOORN,0297568067,primary
Noord-Holland,De Slotermeerschool,Burgemeester Fockstraat,85,1063 CW,AMSTERDAM,0363,AMSTERDAM,0206132233,primary
Noord-Holland,Burgemeester De Vlugtschool,Jan de Louterstraat,11,1063 KX,AMSTERDAM,0363,AMSTERDAM,0206130013,primary
Noord-Holland,Einsteinschool,Staalmanpark,10,1066 BR,AMSTERDAM,0363,AMSTERDAM,0207600061,primary
Noord-Holland,Goeman Borgesiusschool,Aalbersestraat,35,1067 EZ,AMSTERDAM,0363,AMSTERDAM,0206131807,primary
Noord-Holland,Brede School Huizinga,Jacob Geelstraat,42,1065 VT,AMSTERDAM,0363,AMSTERDAM,0206152523,primary
Noord-Holland,Louis Bouwmeesterschool,Louis Bouwmeesterstraat,14,1065 KW,AMSTERDAM,0363,AMSTERDAM,0206150381,primary
Noord-Holland,OBS de Toekomst,August Allebeplein,7,1062 AA,AMSTERDAM,0363,AMSTERDAM,0206152400,primary
Noord-Holland,"7e Montessorischool, Openbare School voor Basisonderwijs",Nachtwachtlaan,35,1058 EB,AMSTERDAM,0363,AMSTERDAM,0206836646,primary
Noord-Holland,Pieter Jelles Troelstraschool,Dr. H. Colijnstraat,2,1067 CG,AMSTERDAM,0363,AMSTERDAM,0206135296,primary
Noord-Holland,Openbare Basisschool De Punt,Kwelderweg,5,1069 VP,AMSTERDAM,0363,AMSTERDAM,0206199743,primary
Noord-Holland,Osdorpse Montessori School,Hoekenes,59,1068 MR,AMSTERDAM,0363,AMSTERDAM,0206190914,primary
Noord-Holland,Openbare Basisschool De Globe,Evertsweertplantsoen,3,1069 RK,AMSTERDAM,0363,AMSTERDAM,0204101627,primary
Noord-Holland,Openbare Basisschool de Vlaamse Reus,Hechtelstraat,49,1066 KK,AMSTERDAM,0363,AMSTERDAM,0206177499,primary
Noord-Holland,Openbare Daltonbasisschool De Horizon,Pieter Calandlaan,768,1060 TZ,AMSTERDAM,0363,AMSTERDAM,0206672281,primary
Noord-Holland,Openbare Basisschool Jan Hekman,Schoolweg,7,1191 JP,OUDERKERK AAN DE AMSTEL,0437,OUDER-AMSTEL,0204963476,primary
Noord-Holland,De Verrekijker,Laan Rozenburg,6,1181 ER,AMSTELVEEN,0362,AMSTELVEEN,0206431596,primary
Noord-Holland,Openbare Basisschool Piet Hein,Dr. Schaepmanlaan,2,1182 GM,AMSTELVEEN,0362,AMSTELVEEN,0206416065,primary
Noord-Holland,MKC Mio Mondo,Burgemeester Haspelslaan,137,1181 NC,AMSTELVEEN,0362,AMSTELVEEN,0206416117,primary
Noord-Holland,Kindercampus King,Oostelijk Halfrond,441,1183 EZ,AMSTELVEEN,0362,AMSTELVEEN,0206417799,primary
Noord-Holland,Montessorischool de Linde,Lindenlaan,334,1185 NK,AMSTELVEEN,0362,AMSTELVEEN,0206453502,primary
Noord-Holland,Openbare Basisschool de Pioniers,Orion,11,1188 AM,AMSTELVEEN,0362,AMSTELVEEN,0206437623,primary
Noord-Holland,Openbare Basisschool de Westwijzer,Noorddammerweg,51,1187 ZS,AMSTELVEEN,0362,AMSTELVEEN,0208208175,primary
Noord-Holland,KC de Meerstroom,Tesselschadelaan,75,1399 HX,MUIDERBERG,1942,GOOISE MEREN,0294263475,primary
Noord-Holland,Oecumenische Basisschool De Ark,Schelpenhoek,170,1112 DM,DIEMEN,0384,DIEMEN,0206994484,primary
Noord-Holland,Openbare Basisschool De Octopus,Schoolpad,6,1111 CS,DIEMEN,0384,DIEMEN,0206904133,primary
Noord-Holland,De Grote Beer,Astronautenweg,30,1115 VV,DUIVENDRECHT,0437,OUDER-AMSTEL,0206994997,primary
Noord-Holland,Openbare Basisschool Het Atelier,Jac. P. Thijsselaan,100,1112 XV,DIEMEN,0384,DIEMEN,0204166435,primary
Noord-Holland,v.d. Muelen Vastwykschool,Singel,4,1381 AT,WEESP,0363,AMSTERDAM,0294412919,primary
Noord-Holland,Brede School Kors Breijer,Papelaan,122-A,1382 RP,WEESP,0363,AMSTERDAM,0294412050,primary
Noord-Holland,OBS De Jaargetijden,Jaargetijden,4,1109 AR,AMSTERDAM,0363,AMSTERDAM,0294450190,primary
Noord-Holland,Noorderbreedte,Vogelweg,4,1111 WD,DIEMEN,0384,DIEMEN,0207605234,primary
Noord-Holland,Brede School Weesperrijk,Fort Diemerdamstraat,73,1384 AH,WEESP,0363,AMSTERDAM,0294224048,primary
Noord-Holland,De Kersenboom,Sportlaan,2,1111 PX,DIEMEN,0384,DIEMEN,0207531123,primary
Noord-Holland,De Rank,Gabriel Metsulaan,36,1816 EP,ALKMAAR,0361,ALKMAAR,0725156218,primary
Noord-Holland,Veerkracht,Slotermeerlaan,160,1063 JW,AMSTERDAM,0363,AMSTERDAM,0206136666,primary
Noord-Holland,De Lichtlijn,Lekstraat,1,1784 VJ,DEN HELDER,0400,DEN HELDER,0223613902,primary
Noord-Holland,Floriant,Grote Buitendijk,48,1991 BZ,VELSERBROEK,0453,VELSEN,0235391688,primary
Noord-Holland,Bos en Lommerschool,Meimorgenstraat,2,1061 BN,AMSTERDAM,0363,AMSTERDAM,0206862518,primary
Noord-Holland,Basisschool Westerpark,Van Hogendorpplein,11,1051 AX,AMSTERDAM,0363,AMSTERDAM,0206860144,primary
Noord-Holland,Joop Westerweel School,Balboaplein,44,1057 VS,AMSTERDAM,0363,AMSTERDAM,0206125539,primary
Noord-Holland,Corantijn,Corantijnstraat,4,1058 DD,AMSTERDAM,0363,AMSTERDAM,0206184430,primary
Noord-Holland,Brede School De kinkerbuurt,Borgerstraat,109,1053 PE,AMSTERDAM,0363,AMSTERDAM,0206120177,primary
Noord-Holland,Rosa Boekdrukker,Vancouverstraat,3,1056 DT,AMSTERDAM,0363,AMSTERDAM,0206128000,primary
Noord-Holland,Basisschool Het Winterkoninkje 2e Montessori-School,Hasebroekstraat,113,1053 CS,AMSTERDAM,0363,AMSTERDAM,0206188563,primary
Noord-Holland,Basisschool De Meidoorn 10e Montessori-School,Chassestraat,59,1057 JA,AMSTERDAM,0363,AMSTERDAM,0206160106,primary
Noord-Holland,De Vindplaats,Jan den Haenstraat,41,1055 WC,AMSTERDAM,0363,AMSTERDAM,0206122266,primary
Noord-Holland,Basisschool Annie M G Schmidt,Pieter Langendijkstraat,44,1054 ZB,AMSTERDAM,0363,AMSTERDAM,0206182988,primary
Noord-Holland,De Waterkant,Bilderdijkpark,18,1052 SC,AMSTERDAM,0363,AMSTERDAM,0206120122,primary
Noord-Holland,Openbare Basisschool Multatuli-School,Sara Burgerhartstraat,5,1055 KV,AMSTERDAM,0363,AMSTERDAM,0206841740,primary
Noord-Holland,De Zeeheld,Roggeveenstraat,14,1013 PV,AMSTERDAM,0363,AMSTERDAM,0203445060,primary
Noord-Holland,Brede School De Spaarndammerhout,Revaleiland,1-B,1014 ZG,AMSTERDAM,0363,AMSTERDAM,0206829114,primary
Noord-Holland,Tijl Uilenspiegel,Tijl Uilenspiegelstraat,11,1055 CK,AMSTERDAM,0363,AMSTERDAM,0206843954,primary
Noord-Holland,IKC Nelson Mandela,Kortvoort,61-E,1104 NA,AMSTERDAM,0363,AMSTERDAM,0206907305,primary
Noord-Holland,Polsstok,EGoli,2,1103 AC,AMSTERDAM,0363,AMSTERDAM,0206951360,primary
Noord-Holland,Oecumenische Basisschool Achtsprong,Huntum,14,1102 JA,AMSTERDAM,0363,AMSTERDAM,0206967257,primary
Noord-Holland,Knotwilg,Vreeswijkpad,5,1106 DV,AMSTERDAM,0363,AMSTERDAM,0206973510,primary
Noord-Holland,Samenspel,Kantershof,636,1104 HJ,AMSTERDAM,0363,AMSTERDAM,0204165195,primary
Noord-Holland,Klaverblad,Darlingstraat,1,1102 MX,AMSTERDAM,0363,AMSTERDAM,0206950062,primary
Noord-Holland,Mobiel,Reigersbos,313,1107 EZ,AMSTERDAM,0363,AMSTERDAM,0206973735,primary
Noord-Holland,De Blauwe Lijn,Kortvoort,61,1104 NA,AMSTERDAM,0363,AMSTERDAM,0206907360,primary
Noord-Holland,IKC De Brink,Mijehof,302,1106 HW,AMSTERDAM,0363,AMSTERDAM,0206972685,primary
Noord-Holland,Bijlmerhorst,EGoli,12,1103 AC,AMSTERDAM,0363,AMSTERDAM,0206908186,primary
Noord-Holland,Openbare basisschool Wereldwijs,Geerdinkhof,696,1103 RP,AMSTERDAM,0363,AMSTERDAM,0206981078,primary
Noord-Holland,Holendrecht,Holendrechtplein,40,1106 LP,AMSTERDAM,0363,AMSTERDAM,0204531549,primary
Noord-Holland,IKC Brasa,Leksmondplein,31,1108 EL,AMSTERDAM,0363,AMSTERDAM,0206964563,primary
Noord-Holland,De Rozemarn,Huntum,16,1102 JA,AMSTERDAM,0363,AMSTERDAM,0206965752,primary
Noord-Holland,De Schakel,Alexander Dumaslaan,9,1102 WD,AMSTERDAM,0363,AMSTERDAM,0206906577,primary
Noord-Holland,De Tamboerijn,Reigersbos,301,1107 EZ,AMSTERDAM,0363,AMSTERDAM,0204528156,primary
Noord-Holland,IKC Metropool,Hogehilweg,10,1101 CC,AMSTERDAM,0363,AMSTERDAM,0202250037,primary
Noord-Holland,De Windvaan,Hogerbeetsstraat,14,1624 XJ,HOORN NH,0405,HOORN,0229216526,primary
Noord-Holland,Universum,Orionstraat,135,1622 BR,HOORN NH,0405,HOORN,0229217169,primary
Noord-Holland,De Zonnewyzer,Het Gangwerk,58,1622 HC,HOORN NH,0405,HOORN,0229218330,primary
Noord-Holland,OBS KlimOp,Akkerwinde,74,1689 NW,ZWAAG,0405,HOORN,0229230989,primary
Noord-Holland,Het Ooievaarsnest,Kalbstraat,1,1689 EB,ZWAAG,0405,HOORN,0229237330,primary
Noord-Holland,Basisschool De Bussel,James Grievelaan,23-A,1695 HZ,BLOKKER,0405,HOORN,0229233532,primary
Noord-Holland,Openbare Montessorischool,Gravenstraat,19,1621 CR,HOORN NH,0405,HOORN,0229214284,primary
Noord-Holland,Openbare Basisschool de Klipper,Dubloen,98,1628 RV,HOORN NH,0405,HOORN,0229291919,primary
Noord-Holland,Aldoende,Tweede Boerhaavestraat,22,1091 AN,AMSTERDAM,0363,AMSTERDAM,0206652663,primary
Noord-Holland,Openbare Basisschool De Kaap,Christiaan de Wetstraat,23,1091 NG,AMSTERDAM,0363,AMSTERDAM,0206939375,primary
Noord-Holland,Openbare Basisschool De Dapper,Pieter Nieuwlandstraat,3,1093 XG,AMSTERDAM,0363,AMSTERDAM,0206939100,primary
Noord-Holland,Flevoparkschool,Soembawastraat,61,1095 VX,AMSTERDAM,0363,AMSTERDAM,0206942591,primary
Noord-Holland,Basisschool D Pinksterbloem 4e Montessori-School,Weesperzijde,57,1091 EG,AMSTERDAM,0363,AMSTERDAM,0206941189,primary
Noord-Holland,5e Montessorischool Watergraafsmeer,Herschelstraat,4,1098 JA,AMSTERDAM,0363,AMSTERDAM,0206946208,primary
Noord-Holland,Brede Daltonschool De Meer,Van 't Hofflaan,50,1097 EP,AMSTERDAM,0363,AMSTERDAM,0206945700,primary
Noord-Holland,De Indische Buurt School,Bankastraat,18,1094 ED,AMSTERDAM,0363,AMSTERDAM,0206650252,primary
Noord-Holland,De Kraal,Paradijsplein,2,1093 NJ,AMSTERDAM,0363,AMSTERDAM,0206941138,primary
Noord-Holland,Montessorischool Op de Kade,Borneokade,103,1019 KZ,AMSTERDAM,0363,AMSTERDAM,0206922542,primary
Noord-Holland,De Kleine Kapitein,Cruquiusweg,88,1019 AJ,AMSTERDAM,0363,AMSTERDAM,0204198983,primary
Noord-Holland,Openbare basisschool Steigereiland,John Hadleystraat,4,1086 WB,AMSTERDAM,0363,AMSTERDAM,0204161677,primary
Noord-Holland,Laterna Magica,Eva Besnyostraat,491,1087 LG,AMSTERDAM,0363,AMSTERDAM,0204161911,primary
Noord-Holland,.Kindcentrum De Optimist,Faas Wilkesstraat,451,1095 MD,AMSTERDAM,0363,AMSTERDAM,0203039559,primary
Noord-Holland,De Amstel,Welnastraat,845,1096 GJ,AMSTERDAM,0363,AMSTERDAM,0203706705,primary
Noord-Holland,De Schatkaart,Srefidensiplein,419,1087 VE,AMSTERDAM,0363,AMSTERDAM,0202184371,primary
Noord-Holland,Notenkraker,Theophile de Bockstraat,100-D,1058 VC,AMSTERDAM,0363,AMSTERDAM,0206178128,primary
Noord-Holland,Dr E Boekman,Korte Lepelstraat,81,1018 ZA,AMSTERDAM,0363,AMSTERDAM,0206229785,primary
Noord-Holland,Burght,Herengracht,34,1015 BL,AMSTERDAM,0363,AMSTERDAM,0206246947,primary
Noord-Holland,Pieter Bakkumschool Daltonschool,Willem Witsenstraat,10,1077 AZ,AMSTERDAM,0363,AMSTERDAM,0206736925,primary
Noord-Holland,Kindcentrum Sarphati,Van Ostadestraat,203,1073 TN,AMSTERDAM,0363,AMSTERDAM,0206624480,primary
Noord-Holland,Dongeschool,Dintelstraat,5-7,1078 VN,AMSTERDAM,0363,AMSTERDAM,0206641288,primary
Noord-Holland,Merkelbach,Arent Janszoon Ernststr,128,1082 LP,AMSTERDAM,0363,AMSTERDAM,0206428845,primary
Noord-Holland,Basisschool De Wielewaal 1e Montessori-School,Corellistraat,1,1077 HA,AMSTERDAM,0363,AMSTERDAM,0206736193,primary
Noord-Holland,Basisschool Anne Frank 6e Montessori-School,Niersstraat,41,1078 VJ,AMSTERDAM,0363,AMSTERDAM,0206640482,primary
Noord-Holland,Openbare Basisschool Jordaan,Elandsstraat,99,1016 RX,AMSTERDAM,0363,AMSTERDAM,0206239900,primary
Noord-Holland,Nicolaas Maes,Nicolaas Maesstraat,124-126,1071 RH,AMSTERDAM,0363,AMSTERDAM,0208201124,primary
Noord-Holland,De Witte Olifant,Nieuwe Uilenburgerstraat,96,1011 LX,AMSTERDAM,0363,AMSTERDAM,0206245000,primary
Noord-Holland,Basisschool Oscar Carre,1e Jan vd Heijdenstr,161,1072 TS,AMSTERDAM,0363,AMSTERDAM,0206799402,primary
Noord-Holland,Olympia,Stadionkade,113,1076 BN,AMSTERDAM,0363,AMSTERDAM,0204712265,primary
Noord-Holland,Theo Thijssen,Anjeliersstraat,157,1015 NG,AMSTERDAM,0363,AMSTERDAM,0206266674,primary
Noord-Holland,Basisschool Oostelijke Eilanden,Kraijenhoffstraat,10,1018 RK,AMSTERDAM,0363,AMSTERDAM,0206391045,primary
Noord-Holland,Kindercampus Zuidas,N en Lili Boulangerplnts,700,1083 HT,AMSTERDAM,0363,AMSTERDAM,0207230788,primary
Noord-Holland,15e Montessorischool Maas en Waal,Uiterwaardenstraat,544,1079 AZ,AMSTERDAM,0363,AMSTERDAM,0206447173,primary
Noord-Holland,Basisschool De Kleine Nicolaas,Cornelis Krusemanstraat,10,1075 NL,AMSTERDAM,0363,AMSTERDAM,0208204438,primary
Noord-Holland,Openbare Basisschool De Dorpsakker,Brandakkerstraat,4,1566 XD,ASSENDELFT,0479,ZAANSTAD,0756874208,primary
Noord-Holland,Openbare Basisschool Het Eiland,P.A. van Meverstraat,1,1507 XE,ZAANDAM,0479,ZAANSTAD,0756354699,primary
Noord-Holland,Openbare Basisschool De Watermolen,Molenwerf,3,1541 WR,KOOG AAN DE ZAAN,0479,ZAANSTAD,0756352239,primary
Noord-Holland,Openbare Basisschool De Overhaal,Krommeniedijk,13,1562 GH,KROMMENIE,0479,ZAANSTAD,0756211463,primary
Noord-Holland,Openbare Basisschool De Komeet,Jupiterstraat,141,1562 WP,KROMMENIE,0479,ZAANSTAD,0756283240,primary
Noord-Holland,Openbare Basisschool De Kroosduiker,Torenstraat,5,1551 BK,WESTZAAN,0479,ZAANSTAD,0756285761,primary
Noord-Holland,Openbare Basisschool Theo Thijssen,Piet Kuiperlaan,3,1525 PK,WESTKNOLLENDAM,0479,ZAANSTAD,0756287958,primary
Noord-Holland,Openbare Basisschool De Pionier,Kerkstraat,52,1521 JP,WORMERVEER,0479,ZAANSTAD,0756283845,primary
Noord-Holland,Openbare Basisschool De Jagersplas,Brasemermeer,23-B,1509 GE,ZAANDAM,0479,ZAANSTAD,0756156194,primary
Noord-Holland,Openbare Basisschool Over De Brug,Boerenpad,22,1506 HK,ZAANDAM,0479,ZAANSTAD,0756166169,primary
Noord-Holland,De Kernschool,Wibautstraat,73,1505 CB,ZAANDAM,0479,ZAANSTAD,0756312616,primary
Noord-Holland,Openbare Basisschool De Spiegel,Brikstraat,6,1503 BK,ZAANDAM,0479,ZAANSTAD,0756164781,primary
Noord-Holland,Openbare Basisschool Kogerveld,Perzikkruidweg,4,1508 AW,ZAANDAM,0479,ZAANSTAD,0756160814,primary
Noord-Holland,Openbare Basisschool De Dijk,Adriaan Roggestraat,48,1507 BE,ZAANDAM,0479,ZAANSTAD,0756171772,primary
Noord-Holland,Openbare Basisschool De Voorzaan,Baltischestraat,25,1506 NM,ZAANDAM,0479,ZAANSTAD,0756166349,primary
Noord-Holland,Openbare Basisschool Herman Gorter,D. Doniastraat,18,1501 TX,ZAANDAM,0479,ZAANSTAD,0344634948,primary
Noord-Holland,Openbare Basisschool Et Buut,Anna de Waalstraat,17,1506 WW,ZAANDAM,0479,ZAANSTAD,0756165701,primary
Noord-Holland,Openbare Basisschool De Zoeker,Fortuinweg,12,1544 VX,ZAANDIJK,0479,ZAANSTAD,0756287146,primary
Noord-Holland,Openbare basisschool De Meander,Parkrijklaan,121-D,1567 HD,ASSENDELFT,0479,ZAANSTAD,0756216617,primary
Noord-Holland,Openbare basisschool De Delta,Kreekrijklaan,4,1567 LP,ASSENDELFT,0479,ZAANSTAD,0757717980,primary
Noord-Holland,Openbare Basisschool Bos en Vaart,Florapark,14,2012 HK,HAARLEM,0392,HAARLEM,0235325625,primary
Noord-Holland,Openbare Basisschool De Kring/Hannie Schaft School,Parklaan,108,2011 KZ,HAARLEM,0392,HAARLEM,0235310428,primary
Noord-Holland,Openbare Basisschool De Cirkel,Atjehstraat,35-A,2022 BL,HAARLEM,0392,HAARLEM,0235254380,primary
Noord-Holland,Openbare Basisschool Ter Cleeff,Santpoorterplein,28,2023 DN,HAARLEM,0392,HAARLEM,0235261492,primary
Noord-Holland,Openbare Basisschool De Wilgenhoek,Wilgenstraat,81,2023 NN,HAARLEM,0392,HAARLEM,0235252369,primary
Noord-Holland,Openbare Basisschool Beatrix,Blinkertpad,3,2015 EX,HAARLEM,0392,HAARLEM,0235242255,primary
Noord-Holland,Openbare Basisschool De Dolfijn,Gijsbrecht v Aemstelstr,118,2026 VJ,HAARLEM,0392,HAARLEM,0235374787,primary
Noord-Holland,Openbare Basisschool De Zonnewijzer,Planetenlaan,9,2024 EN,HAARLEM,0392,HAARLEM,0235255519,primary
Noord-Holland,Openbare Basisschool De Zuidwester,Ohmstraat,2,2014 EB,HAARLEM,0392,HAARLEM,0235442424,primary
Noord-Holland,OBS M.L. King,Van Zeggelenplein,31-A,2032 KA,HAARLEM,0392,HAARLEM,0235352279,primary
Noord-Holland,Basisschool Camelot,Vrijheidsweg,84,2033 CE,HAARLEM,0392,HAARLEM,0235333516,primary
Noord-Holland,OBS De Globe,Semmelweisstraat,5,2035 CT,HAARLEM,0392,HAARLEM,0235330297,primary
Noord-Holland,De Molenwiek Dalton,Betuwelaan,2,2036 GV,HAARLEM,0392,HAARLEM,0235336213,primary
Noord-Holland,Openbare Basisschool De Spaarneschool,Kerklaan,37-C,2063 JK,SPAARNDAM GEM. HAARLEM,0392,HAARLEM,0235371720,primary
Noord-Holland,Openbare Basisschool De Peppelaer,Leidseplein,33,2013 PW,HAARLEM,0392,HAARLEM,0235510422,primary
Noord-Holland,Basisschool De Zevensprong,Sint-Hubertpad,6,1066 HN,AMSTERDAM,0363,AMSTERDAM,0204081571,primary
Noord-Holland,Het Gein,Cornelis Aarnoutsstraat,80,1106 ZG,AMSTERDAM,0363,AMSTERDAM,0206974522,primary
Noord-Holland,Piet Hein,Oostelijke Handelskade,6,1019 BM,AMSTERDAM,0363,AMSTERDAM,0204195242,primary
Noord-Holland,De Zuiderzee,Brigantijnkade,51,1086 VB,AMSTERDAM,0363,AMSTERDAM,0204165862,primary
Noord-Holland,abbs Elzenhagen,N. Lansdorpstraat,2,1022 KB,AMSTERDAM,0363,AMSTERDAM,0206373848,primary
Noord-Holland,Basisschool Comenius,Celebesstraat,7,1782 TC,DEN HELDER,0400,DEN HELDER,0223613864,primary
Noord-Holland,Prinses Margriet School,Weth W de Boerstraat,8,1788 AT,JULIANADORP,0400,DEN HELDER,0223690081,primary
Noord-Holland,De Kluft,Javastraat,23,1782 DA,DEN HELDER,0400,DEN HELDER,0223613681,primary
Noord-Holland,De Dijk,Heiligharn,424,1785 SX,DEN HELDER,0400,DEN HELDER,0223660846,primary
Noord-Holland,Dr. J.P. Thijsse,Stakman Bossestraat,39,1781 SW,DEN HELDER,0400,DEN HELDER,0223613772,primary
Noord-Holland,IKC Haven48,Californiestraat,48,1781 GN,DEN HELDER,0400,DEN HELDER,0223615398,primary
Noord-Holland,Meerwerf basisschool Duynvaerder,IJsselmeerstraat,90,1784 MA,DEN HELDER,0400,DEN HELDER,0223660796,primary
Noord-Holland,Basisschool De Vloedlijn,Drooghe Bol,1005,1788 VA,JULIANADORP,0400,DEN HELDER,0223690079,primary
Noord-Holland,Openbare Basisschool Jules Verne,Tochtwaard,12,1824 EZ,ALKMAAR,0361,ALKMAAR,0725610095,primary
Noord-Holland,Openbare Basisschool Liereland,Toscanestraat,4,1827 DM,ALKMAAR,0361,ALKMAAR,0725621672,primary
Noord-Holland,Openbare Basisschool De Fontein,Heilooerdijk,136,1814 LS,ALKMAAR,0361,ALKMAAR,0725115900,primary
Noord-Holland,Openbare Basisschool De Zes Wielen,Munnikenweg,18,1823 DC,ALKMAAR,0361,ALKMAAR,0725110291,primary
Noord-Holland,Openbare Basisschool De Vlieger,Sneeuwgansstraat,18,1826 GP,ALKMAAR,0361,ALKMAAR,0725615499,primary
Noord-Holland,Openbare Basisschool De Sterrenwachter,Stempelmakerstraat,19,1825 DP,ALKMAAR,0361,ALKMAAR,0725613233,primary
Noord-Holland,Openbare Basisschool Zandloper,Schoolstraat,15,1831 CC,KOEDIJK,0361,ALKMAAR,0725614496,primary
Noord-Holland,Openbare Basisschool De Kennemerpoort,Hofdijkstraat,12,1814 EC,ALKMAAR,0361,ALKMAAR,0725116997,primary
Noord-Holland,Openbare Basisschool Nicolaas Beets,Beethovensingel,17,1817 HJ,ALKMAAR,0361,ALKMAAR,0725116934,primary
Noord-Holland,Openbare Basisschool de Cocon,Pater Schiphorststraat,1,1827 NJ,ALKMAAR,0361,ALKMAAR,0725614336,primary
Noord-Holland,OBS IJplein,Gedempte Insteekhaven,85,1021 RA,AMSTERDAM,0363,AMSTERDAM,0206341046,primary
Noord-Holland,De Weidevogel,Dorpsweg Ransdorp,31,1028 BK,AMSTERDAM,0363,AMSTERDAM,0204904415,primary
Noord-Holland,De Buikslotermeer,Breedveld,7,1025 PZ,AMSTERDAM,0363,AMSTERDAM,0206371265,primary
Noord-Holland,De Poolster,Plejadenplein,40,1033 VL,AMSTERDAM,0363,AMSTERDAM,0206315870,primary
Noord-Holland,Fusieschool De Vier Windstreken / Zeven zeeën,Parlevinker,11,1034 PX,AMSTERDAM,0363,AMSTERDAM,0206313592,primary
Noord-Holland,Montessorischool Boven 't IJ,Kampina,5,1025 DD,AMSTERDAM,0363,AMSTERDAM,0206371194,primary
Noord-Holland,Montessorischool Azalea,Azaleastraat,19,1032 BT,AMSTERDAM,0363,AMSTERDAM,0206341726,primary
Noord-Holland,OBS Twiske,Pandorinastraat,7-A,1035 VR,AMSTERDAM,0363,AMSTERDAM,0206312540,primary
Noord-Holland,Blijhaven,Papaverweg,259,1032 KE,AMSTERDAM,0363,AMSTERDAM,0206368100,primary
Noord-Holland,IJdoorn-School,Alkmaarstraat,14,1024 TT,AMSTERDAM,0363,AMSTERDAM,0206363914,primary
Noord-Holland,Montessori Kindcentrum Oostzanerwerf,Molenwijk,8,1035 EE,AMSTERDAM,0363,AMSTERDAM,0206311560,primary
Noord-Holland,OBS NoordRijk IKC,Braeburnstraat,1,1036 LD,AMSTERDAM,0363,AMSTERDAM,0203372192,primary
Noord-Holland,IKC Overhoeks,Grasweg,3,1031 HW,AMSTERDAM,0363,AMSTERDAM,0206304770,primary
Noord-Holland,Kindercampus Mokum,J.H. Hisgenpad,394,1025 WK,AMSTERDAM,0363,AMSTERDAM,0202250034,primary
Noord-Holland,Rooms Katholieke basisschool St. Willibrordus,Hoofdweg,2034,2158 MC,BUITENKAAG,0394,HAARLEMMERMEER,0252544308,primary
Noord-Holland,Integraal Kindcentrum De Lente,Langerak,42,2157 PG,ABBENES,0394,HAARLEMMERMEER,0252544359,primary
Noord-Holland,Christelijke Basisschool Oranje Nassau,Burg Amersfoordtlaan,61,1171 DM,BADHOEVEDORP,0394,HAARLEMMERMEER,0204491111,primary
Noord-Holland,Rooms Katholieke Basisschool Klimop,Burgemeester Pabstlaan,5,2132 XE,HOOFDDORP,0394,HAARLEMMERMEER,0235613216,primary
Noord-Holland,Interconfessionele Basisschool De Caleidoscoop,Hammarskjoldstraat,236,2131 VN,HOOFDDORP,0394,HAARLEMMERMEER,0235614777,primary
Noord-Holland,IKC Wereldwijs,Graan voor Visch,14402,2132 VH,HOOFDDORP,0394,HAARLEMMERMEER,0235615029,primary
Noord-Holland,Rooms Katholieke Basisschool Klippeholm,Skagerrak,184,2133 DW,HOOFDDORP,0394,HAARLEMMERMEER,0235611502,primary
Noord-Holland,IKC Braambos,Waddenweg,83,2134 XL,HOOFDDORP,0394,HAARLEMMERMEER,0235577663,primary
Noord-Holland,Rooms Katholieke Basisschool de Bosbouwers,Liesbos,12,2134 SB,HOOFDDORP,0394,HAARLEMMERMEER,0235553290,primary
Noord-Holland,Christelijke Basisschool Vesterhavet,Skagerrak,170,2133 DW,HOOFDDORP,0394,HAARLEMMERMEER,0235611503,primary
Noord-Holland,Kindcentrum Natuurlijk!,Van den Berghlaan,82,2132 AV,HOOFDDORP,0394,HAARLEMMERMEER,0235653280,primary
Noord-Holland,Interconfessionele Basisschool De Vredeburg,Schuilenburg,88,2135 GM,HOOFDDORP,0394,HAARLEMMERMEER,0235617654,primary
Noord-Holland,ICBS De Bloesem,Femina Mullerstraat,74,2135 MS,HOOFDDORP,0394,HAARLEMMERMEER,0235622855,primary
Noord-Holland,Buitenplaats Nassaupark,Femina Mullerstraat,177,2135 MH,HOOFDDORP,0394,HAARLEMMERMEER,0681024176,primary
Noord-Holland,Klavertje vier,Dussenstraat,38,2134 DL,HOOFDDORP,0394,HAARLEMMERMEER,0235619050,primary
Noord-Holland,Christelijke Basisschool De Brandaris,Dussenstraat,34,2134 DL,HOOFDDORP,0394,HAARLEMMERMEER,0235618610,primary
Noord-Holland,IBS Elif Zuid,Winterdijkstraat,10,1079 GT,AMSTERDAM,0363,AMSTERDAM,0203620889,primary
Noord-Holland,IBS Elif Noord,Banneplein,111,1034 DN,AMSTERDAM,0363,AMSTERDAM,0203038318,primary
Noord-Holland,IBS Elif Amstelveen,Schweitzerlaan,6,1187 JD,AMSTELVEEN,0362,AMSTELVEEN,0207300952,primary
Noord-Holland,IBS Elif Zaandam,Jachtenlaan,9,1503 HS,ZAANDAM,0479,ZAANSTAD, ,primary
Noord-Holland,School of Understanding,Pandora,4-A-5,1183 KK,AMSTELVEEN,0362,AMSTELVEEN,0202201900,primary
Noord-Holland,De Eigen Wijs,De Balk,2-A,1531 PS,WORMER,0880,WORMERLAND,0752073001,primary
Noord-Holland,Basisschool De Westwijzer,Dres,4,1617 JX,WESTWOUD,0498,DRECHTERLAND,0228561714,primary
Noord-Holland,Klein Amsterdam,Tuinderijlaan,2,1036 LM,AMSTERDAM,0363,AMSTERDAM,0202420400,primary
Noord-Holland,IBS De Olijfboom,Zandbos,48,2134 DE,HOOFDDORP,0394,HAARLEMMERMEER,0232084021,primary
Noord-Holland,IBS De Vijgenboom,President Brandstraat,27-29,1091 XD,AMSTERDAM,0363,AMSTERDAM,0202117486,primary
Noord-Holland,De Dadelpalm,Van Moerkerkenstraat,89,1064 KC,AMSTERDAM,0363,AMSTERDAM,0207371215,primary
Noord-Holland,IBS De Lotus,Anne Franklaan,22,2135 HA,HOOFDDORP,0394,HAARLEMMERMEER, ,primary
Noord-Holland,IKC Cadans Weesp,Papelaan,99,1382 RK,WEESP,0363,AMSTERDAM,0850081958,primary
Noord-Holland,De Werf,Koperslagerstraat,2,1544 CA,ZAANDIJK,0479,ZAANSTAD,0756283426,primary
Noord-Holland,Rooms Katholieke Basisschool St Joseph,Bispinckpark,31,2061 SG,BLOEMENDAAL,0377,BLOEMENDAAL,0235255589,primary
Noord-Holland,Amsterdamse Montessorischool,Willem Witsenstraat,14,1077 AZ,AMSTERDAM,0363,AMSTERDAM,0203057878,primary
Noord-Holland,Enderun Hisar Amsterdam,Buskenblaserstraat,65,1055 AG,AMSTERDAM,0363,AMSTERDAM,0626722486,primary
Noord-Holland,De Hoeksteen,H. Kamerlingh Onnesweg,74,1402 EK,BUSSUM,1942,GOOISE MEREN,0356915423,primary
Noord-Holland,Rooms Katholieke Minister Cals-School,Johan Willem Frisolaan,33,1412 AG,NAARDEN,1942,GOOISE MEREN,0356941387,primary
Noord-Holland,De Zwerm,Dorpsstraat,9-A,1744 KJ,SINT MAARTEN,0441,SCHAGEN,0224561101,primary
Noord-Holland,Sint Joseph-School,Den Gouden Hoeck,6,1754 KL,BURGERBRUG,0441,SCHAGEN,0226381615,primary
Noord-Holland,Heilige Henricus-School,Elft,53,1777 AC,HIPPOLYTUSHOEF,1911,HOLLANDS KROON,0227239000,primary
Noord-Holland,Rooms Katholieke Basisschool St Jan,Past. Verhoeffpark,110,1764 GS,BREEZAND,1911,HOLLANDS KROON,0223521646,primary
Noord-Holland,Jozefschool,Emmalaan,47,1791 AT,DEN BURG,0448,TEXEL,0222312319,primary
Noord-Holland,OBS De Meertuin,Koningin Beatrixlaan,1,1774 BK,SLOOTDORP,1911,HOLLANDS KROON,0227581753,primary
Noord-Holland,Basisschool De Windwijzer,Pasteurstraat,4-A,1782 JD,DEN HELDER,0400,DEN HELDER,0223616991,primary
Noord-Holland,Rooms Katholieke Basisschool Don Bosco,Terppad,1,1771 RZ,WIERINGERWERF,1911,HOLLANDS KROON,0227602204,primary
Noord-Holland,Rooms Katholieke Basisschool De Vogelweid,Merelstraat,46,1742 JM,SCHAGEN,0441,SCHAGEN,0224213208,primary
Noord-Holland,IKC Driemaster,Burg Houwingsingel,2,1781 XD,DEN HELDER,0400,DEN HELDER,0223613153,primary
Noord-Holland,R.K.B.S. de Marinx,Zwarteweg,13-B,1735 GK,'T VELD,1911,HOLLANDS KROON,0226421890,primary
Noord-Holland,Titus Brandsma,Pienterpad,2,1775 AX,MIDDENMEER,1911,HOLLANDS KROON,0227501135,primary
Noord-Holland,St Aloysius,Langestraat,3,1741 HB,SCHAGEN,0441,SCHAGEN,0224850384,primary
Noord-Holland,De Tweewegen,Populierenlaan,27,1766 JD,WIERINGERWAARD,1911,HOLLANDS KROON,0224221631,primary
Noord-Holland,RK BS St. Antoniusschool,De Meet,1,1733 AZ,NIEUWE NIEDORP,1911,HOLLANDS KROON,0226411365,primary
Noord-Holland,De Rank,Iepenlaan,54,1741 TG,SCHAGEN,0441,SCHAGEN,0224212999,primary
Noord-Holland,Basisschool Op Avontuur,Sportstraat,3,1767 CD,KOLHORN,1911,HOLLANDS KROON,0224531236,primary
Noord-Holland,Basisschool De Kei,Elft,53,1777 AC,HIPPOLYTUSHOEF,1911,HOLLANDS KROON,0227591937,primary
Noord-Holland,De Snip,Dorpsstraat,146,1733 AR,NIEUWE NIEDORP,1911,HOLLANDS KROON,0226411488,primary
Noord-Holland,Basisschool de Vlieberg,Baljuwstraat,237,1785 SH,DEN HELDER,0400,DEN HELDER,0223660855,primary
Noord-Holland,Julianaschool,Julianalaan,2,1741 CL,SCHAGEN,0441,SCHAGEN,0224212788,primary
Noord-Holland,Basisschool 't Span,Robbenoordstraat,11,1779 BJ,DEN OEVER,1911,HOLLANDS KROON,0227511787,primary
Noord-Holland,Basisschool de Hofstee,Drooghe Bol,1004,1788 VA,JULIANADORP,0400,DEN HELDER,0223690073,primary
Noord-Holland,De Keerkring,Kastanjestraat,1,1741 WK,SCHAGEN,0441,SCHAGEN,0224212854,primary
Noord-Holland,OBS De Mient,De Meet,1,1733 AZ,NIEUWE NIEDORP,1911,HOLLANDS KROON,0226767008,primary
Noord-Holland,De Wielewaal,Merelstraat,46,1742 JM,SCHAGEN,0441,SCHAGEN,0224296008,primary
Noord-Holland,Openbare Basisschool de Peppel,Pienterpad,1,1775 AX,MIDDENMEER,1911,HOLLANDS KROON,0227501989,primary
Noord-Holland,Openbare Basisschool de Zilvermeeuw,Vogelzwin,23,1771 JG,WIERINGERWERF,1911,HOLLANDS KROON,0227600032,primary
Noord-Holland,Openbare Basisschool Triangel,Terpstraat,42,1771 AD,WIERINGERWERF,1911,HOLLANDS KROON,0227601954,primary
Noord-Holland,IKC Spoorbuurt,Nieuweweg,19,1761 EC,ANNA PAULOWNA,1911,HOLLANDS KROON,0223531460,primary
Noord-Holland,IKC de Bloeikas,Kemphaanweg,1,1756 BB,'T ZAND,0441,SCHAGEN,0224244000,primary
Noord-Holland,De Trimaran PC en RK Basisschool,Marsdiepstraat,278,1784 AW,DEN HELDER,0400,DEN HELDER,0223613191,primary
Noord-Holland,Basisschool De Kameleon,Middelzand,3501,1788 ES,JULIANADORP,0400,DEN HELDER,0223690078,primary
Noord-Holland,Openbare Basisschool Frankendael,Van Brederodestraat,2,1759 VJ,CALLANTSOOG,0441,SCHAGEN,0224581670,primary
Noord-Holland,Basisschool Torenven,Doorbraak,24,1749 AM,WARMENHUIZEN,0441,SCHAGEN,0226216020,primary
Noord-Holland,De Meerkoet,Schoolstraat,9,1746 AP,DIRKSHORN,0441,SCHAGEN,0224551624,primary
Noord-Holland,IKC De Kroon,De Verwachting,2,1761 VM,ANNA PAULOWNA,1911,HOLLANDS KROON,0223540903,primary
Noord-Holland,OBS De Zandhorst,De Verwachting,5,1761 VM,ANNA PAULOWNA,1911,HOLLANDS KROON,0223521462,primary
Noord-Holland,Openbare Basisschool De Brug,Maarten Breetstraat,1-B,1752 AG,SINT MAARTENSBRUG,0441,SCHAGEN,0224561790,primary
Noord-Holland,Openbare Basisschool 't Zwanenest,Jochem Blaauboerstraat,4,1751 CJ,SCHAGERBRUG,0441,SCHAGEN,0224571626,primary
Noord-Holland,Basisschool De Springschans,Schoolstraat,2,1755 NE,PETTEN,0441,SCHAGEN,0226381920,primary
Noord-Holland,Peetersschool,Richard Holstraat,8,1071 SM,AMSTERDAM,0363,AMSTERDAM,0206625997,primary
Noord-Holland,Basisschool M Wiegman,Zakedijkje,38,1862 HB,BERGEN NH,0373,BERGEN NH,0725894716,primary
Noord-Holland,Rooms Katholieke Basisschool St Adelbertus,Nieuwlandersingel,40,1814 CJ,ALKMAAR,0361,ALKMAAR,0725112562,primary
Noord-Holland,Rooms Katholieke Basisschool De Regenboog,Tochtwaard,14,1824 EZ,ALKMAAR,0361,ALKMAAR,0725610722,primary
Noord-Holland,Basisschool De Stek,Amalia van Solmsstraat,91,1814 NE,ALKMAAR,0361,ALKMAAR, ,primary
Noord-Holland,Rooms Katholieke Basisschool De Kring,Koornlaan,2,1815 GE,ALKMAAR,0361,ALKMAAR,0725117973,primary
Noord-Holland,Rooms Katholieke Basisschool St Matthias,Spieghelplein,45,1813 XV,ALKMAAR,0361,ALKMAAR,0725403606,primary
Noord-Holland,Rooms katholieke Basisschool De Driemaster,Gabriel Metsulaan,36,1816 EP,ALKMAAR,0361,ALKMAAR,0725121006,primary
Noord-Holland,Rooms Katholieke Basisschool 't Baeken,Faktorij,123,1825 HC,ALKMAAR,0361,ALKMAAR,0725623275,primary
Noord-Holland,Rooms Katholieke Basisschool De Burijn,Stempelmakerstraat,20,1825 DP,ALKMAAR,0361,ALKMAAR,0725616433,primary
Noord-Holland,Rooms Katholieke Basisschool Het Kompas,Kofschipstraat,11,1826 CG,ALKMAAR,0361,ALKMAAR,0725614660,primary
Noord-Holland,Rooms Katholieke Basisschool Erasmus,J.M.P.de Biestraat,2-4,1827 PA,ALKMAAR,0361,ALKMAAR,0725624215,primary
Noord-Holland,De Lispeltuut,Damakker,3,1822 RP,ALKMAAR,0361,ALKMAAR,0725644596,primary
Noord-Holland,Antoniusschool voor Basisonderwijs,Teding van Berkhoutlaan,20,2111 ZC,AERDENHOUT,0377,BLOEMENDAAL,0235240508,primary
Noord-Holland,Basisschool De Scheepswerf,Christiaan v Abkoudestr,103,1132 AB,VOLENDAM,0385,EDAM-VOLENDAM,0299367767,primary
Noord-Holland,Sint Petrusbasisschool,Schoklandstraat,73,1131 KX,VOLENDAM,0385,EDAM-VOLENDAM,0229363955,primary
Noord-Holland,Basisschool de Blokwhere,Oosterom,1,1132 NA,VOLENDAM,0385,EDAM-VOLENDAM,0299363499,primary
Noord-Holland,Sint Jozef Basisschool,C J Conijnstraat,23,1131 DZ,VOLENDAM,0385,EDAM-VOLENDAM,0299364718,primary
Noord-Holland,De Samensprong,Edammerweg,54,1131 DR,VOLENDAM,0385,EDAM-VOLENDAM,0299363264,primary
Noord-Holland,'t Kofschip,Franekerlaan,23,1132 LE,VOLENDAM,0385,EDAM-VOLENDAM,0299320147,primary
Noord-Holland,Kindcentrum De Kiem,Prinses Marijkelaan,1,1934 EA,EGMOND AAN DEN HOEF,0373,BERGEN NH,0725061694,primary
Noord-Holland,Lourdesschool,Jisperweg,52,1464 NG,WESTBEEMSTER,0439,PURMEREND,0299681256,primary
Noord-Holland,De Hoge Akker,Dorpsstraat,35,1747 HA,TUITJENHORN,0441,SCHAGEN,0226391778,primary
Noord-Holland,Basisschool Sint Jan,Volleringweg,24,1738 BT,WAARLAND,0441,SCHAGEN,0226421461,primary
Noord-Holland,De Balein (Basisschool De Balein),Jan Ploegerlaan,1-A,1483 VR,DE RIJP,0361,ALKMAAR,0299671889,primary
Noord-Holland,Basisschool De Brug,Buurtweg,20,1921 CK,AKERSLOOT,0383,CASTRICUM,0251313761,primary
Noord-Holland,Basisschool Het Klimduin,Korhoendersweg,4,1873 JA,GROET,0373,BERGEN NH,0725091356,primary
Noord-Holland,Interconfessionele basisschool De Bonte Mol,Zuidje,10,1636 XC,SCHERMERHORN,0361,ALKMAAR,0725021201,primary
Noord-Holland,Familieschool,Jan Glijnisweg,61,1702 PA,HEERHUGOWAARD,1980,DIJK EN WAARD,0725714721,primary
Noord-Holland,Basisschool De Kerkuil,Lage Weide,2,1906 XC,LIMMEN,0383,CASTRICUM,0725057570,primary
Noord-Holland,St Radboud,Slimpad,18,1851 LB,HEILOO,0399,HEILOO,0725332530,primary
Noord-Holland,Rooms Katholieke Basisschool De Doorbraak,Doorbraak,24,1749 AM,WARMENHUIZEN,0441,SCHAGEN,0226392673,primary
Noord-Holland,Rooms Katholieke Basisschool Benedictus,J.P. Hasebroekweg,21,1851 CK,HEILOO,0399,HEILOO,0725331857,primary
Noord-Holland,PJ Smitschool,Dreef,12-A,1701 GP,HEERHUGOWAARD,1980,DIJK EN WAARD,0725715730,primary
Noord-Holland,Rooms Katholieke Basisschool Sint Willibrord,Boekenstein,47,1852 WS,HEILOO,0399,HEILOO,0725320503,primary
Noord-Holland,RK Basissch De Paperclip,Van Eedenplein,7,1702 GW,HEERHUGOWAARD,1980,DIJK EN WAARD,0725715787,primary
Noord-Holland,Basisschool de Boomladder,Rozenlaan,6,1702 TG,HEERHUGOWAARD,1980,DIJK EN WAARD,0725715577,primary
Noord-Holland,Daltonschool Columbus,Weegbree,2,1705 RA,HEERHUGOWAARD,1980,DIJK EN WAARD,0725727111,primary
Noord-Holland,Kindcentrum De Vaart,Standerdmolen,2-8,1703 NK,HEERHUGOWAARD,1980,DIJK EN WAARD,0725716488,primary
Noord-Holland,Zevensprong,Saenredamlaan,2,1701 MD,HEERHUGOWAARD,1980,DIJK EN WAARD,0725717081,primary
Noord-Holland,Kindcentrum De Ontdekkers,De Hucht,6,1851 ZC,HEILOO,0399,HEILOO,0725339815,primary
Noord-Holland,De Zonnewijzer,Middenweg,30-A,1703 RC,HEERHUGOWAARD,1980,DIJK EN WAARD,0725721509,primary
Noord-Holland,Rooms-Katholieke Basisschool De Zeppelin,Anna Polaktuin,27,1705 JS,HEERHUGOWAARD,1980,DIJK EN WAARD,0725726782,primary
Noord-Holland,Basisschool Reflector,Keerkring,49,1705 SP,HEERHUGOWAARD,1980,DIJK EN WAARD,0725346226,primary
Noord-Holland,De Vlindertuin,Cornelia van Arkeldijk,24,1705 NP,HEERHUGOWAARD,1980,DIJK EN WAARD,0725720341,primary
Noord-Holland,Het Kleurenorkest,Hogeweg,55,1906 CC,LIMMEN,0383,CASTRICUM,0725054606,primary
Noord-Holland,De Nieuwe Draai,Oosterweg,49,1706 BT,HEERHUGOWAARD,1980,DIJK EN WAARD,0722040448,primary
Noord-Holland,RK Basissch Tweemaster,Holleblok,8,1273 EG,HUIZEN,0406,HUIZEN,0355250955,primary
Noord-Holland,De Springplank,Aristoteleslaan,135,1277 AV,HUIZEN,0406,HUIZEN,0355256960,primary
Noord-Holland,Rooms Katholieke Basisschool De Hoeksteen,Roerdompplein,9,1602 RW,ENKHUIZEN,0388,ENKHUIZEN,0228313662,primary
Noord-Holland,Jozefschool,Zandbergen,2,1671 MA,MEDEMBLIK,0420,MEDEMBLIK,0227542146,primary
Noord-Holland,St Nicolaas school,Ganker,1,1688 CR,NIBBIXWOUD,0420,MEDEMBLIK,0229571627,primary
Noord-Holland,RK Basisschool de Caegh,Laan van Meerweijde,2,1713 BM,OBDAM,1598,KOGGENLAND,0226451375,primary
Noord-Holland,Basisschool Gerardus Majella,Sportlaan,12,1693 CZ,WERVERSHOOF,0420,MEDEMBLIK,0228582338,primary
Noord-Holland,Basisschool De Schelp,Europasingel,110,1693 GV,WERVERSHOOF,0420,MEDEMBLIK,0228581761,primary
Noord-Holland,BAVO-School,Middengouw,13,1645 PN,URSEM,1598,KOGGENLAND,0725021422,primary
Noord-Holland,Rooms Katholieke Basisschool Sint Lidwina,Zwaagdijk,423,1685 PD,ZWAAGDIJK-WEST,0420,MEDEMBLIK,0229573134,primary
Noord-Holland,Rooms Katholieke Basisschool Sint Jozef,Zwaagdijk,204,1682 NP,ZWAAGDIJK-OOST,0420,MEDEMBLIK,0228581424,primary
Noord-Holland,Petrus Canisiusschool,Vekenweg,4,1663 BA,DE WEERE,0432,OPMEER,0229581335,primary
Noord-Holland,Rooms Katholieke Basisschool St Bernadette,Zuidermeerweg,58,1652 CV,ZUIDERMEER,1598,KOGGENLAND,0229561456,primary
Noord-Holland,Jozef en Mariaschool,Pieter Koppesstraat,14,1641 LS,SPIERDIJK,1598,KOGGENLAND,0229561493,primary
Noord-Holland,Rooms Katholieke Basisschool Pancratius,Doelenstraat,17,1601 GL,ENKHUIZEN,0388,ENKHUIZEN,0228312846,primary
Noord-Holland,Basisschool Maria,Bagijnhof,39,1671 CC,MEDEMBLIK,0420,MEDEMBLIK,0227541488,primary
Noord-Holland,Basisschool Sint Hieronymus,Kerkweg,16,1687 PJ,WOGNUM,0420,MEDEMBLIK,0229571539,primary
Noord-Holland,Rooms Katholieke Basisschool De Bangert,Hooijschuurstraat,2,1619 CT,ANDIJK,0420,MEDEMBLIK,0228592361,primary
Noord-Holland,Rooms Katholieke Basisschool De stek,Veldstralaan,4,1715 EP,SPANBROEK,0432,OPMEER,0226351217,primary
Noord-Holland,Rooms Katholieke Basisschool De Ark,Burgemeester Kooimanweg,1,1711 KK,HENSBROEK,1598,KOGGENLAND,0226452072,primary
Noord-Holland,Basisschool St Werenfridus,Dorpsstraat,75-77,1693 AC,WERVERSHOOF,0420,MEDEMBLIK,0228581739,primary
Noord-Holland,De Sprankeling,Buitenroede,12,1633 GZ,AVENHORN,1598,KOGGENLAND,0229343500,primary
Noord-Holland,Basisschool St Wulfram,Burg Heymansstraat,8,1718 AN,HOOGWOUD,0432,OPMEER,0226355843,primary
Noord-Holland,Julianaschool,Willem Kalfflaan,3,1401 CL,BUSSUM,1942,GOOISE MEREN,0356911994,primary
Noord-Holland,Christelijke Nationale Basisschool Warin,Overmeerseweg,36,1394 BD,NEDERHORST DEN BERG,1696,WIJDEMEREN,0294251351,primary
Noord-Holland,Protestants Christelijke Basisschool De Regenboog,Elbert Mooijlaan,86,1241 BE,KORTENHOEF,1696,WIJDEMEREN,0356560408,primary
Noord-Holland,IKC-Wereldwijs,Laan van Eikenrode,51,1231 BN,LOOSDRECHT,1696,WIJDEMEREN,0355821848,primary
Noord-Holland,Rehobothschool,Westwalstraat,49,1411 PD,NAARDEN,1942,GOOISE MEREN,0356946240,primary
Noord-Holland,De Zonnewijzer,Lange Heul,149-B,1403 NH,BUSSUM,1942,GOOISE MEREN,0356989339,primary
Noord-Holland,Christelijke Basisschool Avonturijn,De Melkfabriek,5,1221 CE,HILVERSUM,0402,HILVERSUM,0356859913,primary
Noord-Holland,Flore,Banckertlaan,130,1215 RH,HILVERSUM,0402,HILVERSUM,0356244375,primary
Noord-Holland,Nassauschool,Merelstraat,45,1223 NS,HILVERSUM,0402,HILVERSUM,0356858172,primary
Noord-Holland,Wilhelminaschool,Gijsbrecht van Amstelstr,4,1213 CK,HILVERSUM,0402,HILVERSUM,0356215840,primary
Noord-Holland,Julianaschool Kwartellaan,Kwartellaan,4,1403 BE,BUSSUM,1942,GOOISE MEREN,0356911278,primary
Noord-Holland,Stichting Joodse Kindergemeenschap Cheider,Zeelandstraat,11,1082 BV,AMSTERDAM,0363,AMSTERDAM,0206465564,primary
Noord-Holland,Eerste Montessorischool,Kaj Munkweg,45,2131 RV,HOOFDDORP,0394,HAARLEMMERMEER,0235611500,primary
Noord-Holland,Montessorischool Floriande,Deltaweg,103,2134 XS,HOOFDDORP,0394,HAARLEMMERMEER,0235619792,primary
Noord-Holland,Lubertischool,Brink,29,1796 AH,DE KOOG,0448,TEXEL,0222317778,primary
Noord-Holland,Protestant Christelijke Basisschool De Fontein,Emmalaan,47,1791 AT,DEN BURG,0448,TEXEL,0222313598,primary
Noord-Holland,Gideonschool Basisschool Protestants Christelijk Onderwijs,Princenhof,2,1611 WS,BOVENKARSPEL,0532,STEDE BROEC,0228520344,primary
Noord-Holland,De Wegwijzer-Basisschool School met de Bijbel,Hazepad,4,1674 NP,OPPERDOES,0420,MEDEMBLIK,0227543553,primary
Noord-Holland,Protestants Christelijke Basisschool De Regenboog,Stroet,72,1744 GL,SINT MAARTEN,0441,SCHAGEN,0224551652,primary
Noord-Holland,Basisschool Het Koggeschip,Koggenlaan,35,1671 KH,MEDEMBLIK,0420,MEDEMBLIK,0227542948,primary
Noord-Holland,Idenburgschool,Dijkweg,30,1619 HB,ANDIJK,0420,MEDEMBLIK,0228591463,primary
Noord-Holland,Dr A Kuyperschool,Buttervin,1,1619 DB,ANDIJK,0420,MEDEMBLIK,0228592983,primary
Noord-Holland,Protestants Christelijke Basisschool Enkhuizen,Toereppel,21,1602 KG,ENKHUIZEN,0388,ENKHUIZEN,0228314808,primary
Noord-Holland,De Ark,Vincent van Goghlaan,2,1741 JR,SCHAGEN,0441,SCHAGEN,0224212933,primary
Noord-Holland,Protestants Christelijke Basisschool het Baken,Sternstraat,29,1771 AN,WIERINGERWERF,1911,HOLLANDS KROON,0227603466,primary
Noord-Holland,Basisschool De Wegwijzer,Pienterpad,3,1775 AX,MIDDENMEER,1911,HOLLANDS KROON,0227502113,primary
Noord-Holland,Het Creiler Woud,Bollenstraat,66,1773 AK,KREILEROORD,1911,HOLLANDS KROON,0227663536,primary
Noord-Holland,Basisschool Schoter Duyn,Heiligharn,125,1785 SZ,DEN HELDER,0400,DEN HELDER,0683544639,primary
Noord-Holland,Basisschool Koningin Juliana,Lombokstraat,2-B,1782 SR,DEN HELDER,0400,DEN HELDER,0223619293,primary
Noord-Holland,Basisschool De Fontein,IJsselmeerstraat,184,1784 MA,DEN HELDER,0400,DEN HELDER,0223660731,primary
Noord-Holland,Basisschool De Rank,Drooghe Bol,1007,1788 VA,JULIANADORP,0400,DEN HELDER,0223690075,primary
Noord-Holland,Basisschool De Verrekijker,Vogelzand,4104,1788 MJ,JULIANADORP,0400,DEN HELDER,0223690074,primary
Noord-Holland,Montessori Bassisschool,Admiraliteitsweg,40,1601 ED,ENKHUIZEN,0388,ENKHUIZEN,0228203000,primary
Noord-Holland,Dr J P Thijsseschool,Emmalaan,47,1791 AT,DEN BURG,0448,TEXEL,0222313879,primary
Noord-Holland,Openbare Basisschool Durperhonk,Klimpstraat,27,1795 AL,DE COCKSDORP,0448,TEXEL,0222316516,primary
Noord-Holland,De Vliekotter,Vliestraat,26,1794 AV,OOSTEREND NH,0448,TEXEL,0222318903,primary
Noord-Holland,De Bruinvis,Trompstraat,1,1792 BJ,OUDESCHILD,0448,TEXEL,0222313893,primary
Noord-Holland,Vrije School Stella Maris,Emmalaan,47,1791 AT,DEN BURG,0448,TEXEL,0222312073,primary
Noord-Holland,Jenaplanschool De Nieuwe Kring,Prinses Beatrixlaan,156-C,1111 GH,DIEMEN,0384,DIEMEN,0206954488,primary
Noord-Holland,Oecumenische daltonschool De Rivieren,Lekstraat,35-37,1079 EM,AMSTERDAM,0363,AMSTERDAM,0206641267,primary
Noord-Holland,Oecumenische basisschool De Catamaran,Bentinckstraat,78,1051 GN,AMSTERDAM,0363,AMSTERDAM,0206840200,primary
Noord-Holland,Oecumenische basisschool Het Museumkwartier,Van de Veldestraat,10,1071 CW,AMSTERDAM,0363,AMSTERDAM,0206795827,primary
Noord-Holland,Oecumenische Basisschool Frankendael,Hogeweg,61,1098 CA,AMSTERDAM,0363,AMSTERDAM,0204638100,primary
Noord-Holland,Oecumenische basisschool Oranje Nassau,Ribesstraat,13-15,1032 JR,AMSTERDAM,0363,AMSTERDAM,0206360005,primary
Noord-Holland,Oecumenische basisschool Nautilus,Theophile de Bockstraat,100-C,1058 VC,AMSTERDAM,0363,AMSTERDAM,0206173656,primary
Noord-Holland,Oecumenische basisschool De Driemaster,Binnenvaart,1,1034 SG,AMSTERDAM,0363,AMSTERDAM,0206319882,primary
Noord-Holland,Oecumenische basisschool De Immanuel,Jan de Louterstraat,92,1063 KX,AMSTERDAM,0363,AMSTERDAM,0206131883,primary
Noord-Holland,Oecumenische basisschool Onze Amsterdamse School,Revaleiland,1-A,1014 ZG,AMSTERDAM,0363,AMSTERDAM,0206829907,primary
Noord-Holland,Oecumenische basisschool de Visserschool,Columbusplein,34,1057 VB,AMSTERDAM,0363,AMSTERDAM,0206180481,primary
Noord-Holland,Oecumenische basisschool Ichthus,Louis Davidsstraat,101,1068 SJ,AMSTERDAM,0363,AMSTERDAM,0206191243,primary
Noord-Holland,Oecumenische basisschool Dr Rijk Kramer,Nassaukade,124,1052 EC,AMSTERDAM,0363,AMSTERDAM,0206820837,primary
Noord-Holland,IKC Het Talent,Notweg,36,1068 LL,AMSTERDAM,0363,AMSTERDAM,0206190094,primary
Noord-Holland,Oecumenische basisschool Timotheusschool,Sam van Houtenstraat,2,1067 JM,AMSTERDAM,0363,AMSTERDAM,0206132699,primary
Noord-Holland,Oecumenische basisschool Pro Rege,Hemsterhuisstraat,87-A,1065 JX,AMSTERDAM,0363,AMSTERDAM,0206152736,primary
Noord-Holland,Oecumenische basisschool De Johannes,Evertsweertplantsoen,3-B,1069 RK,AMSTERDAM,0363,AMSTERDAM,0206190466,primary
Noord-Holland,Oecumenische basisschool Pro Rege Noorderhof,Louis Couperusstraat,129,1064 CE,AMSTERDAM,0363,AMSTERDAM,0206133545,primary
Noord-Holland,Oecumenische  basisschool Atlantis,Schuitenhuisstraat,5,1069 WK,AMSTERDAM,0363,AMSTERDAM,0206670001,primary
Noord-Holland,Oecumenische basisschool De Kinderboom,Adelaarsweg,113,1021 BZ,AMSTERDAM,0363,AMSTERDAM,0206368172,primary
Noord-Holland,Oecumenische basisschool DOK10,Rode Kruisstraat,10,1025 KN,AMSTERDAM,0363,AMSTERDAM,0206367723,primary
Noord-Holland,Oecumenische basisschool De Vijf Sterren,Markengouw,245-A,1024 EA,AMSTERDAM,0363,AMSTERDAM,0206367624,primary
Noord-Holland,Oecumenische basisschool De Odyssee,Cycladenlaan,2-A,1060 LW,AMSTERDAM,0363,AMSTERDAM,0206671762,primary
Noord-Holland,Oecumenische basisschool De Poseidon,Franz Zieglerstraat,7,1087 HN,AMSTERDAM,0363,AMSTERDAM,0204167238,primary
Noord-Holland,Hildebrand Van Loonschool,Hondecoeterstraat,6,1071 LR,AMSTERDAM,0363,AMSTERDAM,0206760625,primary
Noord-Holland,De Nieuwe School Basisschool,Voorhaven,114,1135 BT,EDAM,0385,EDAM-VOLENDAM,0299371035,primary
Noord-Holland,Vrije School Michael,Esther de Boer-V Rijkln,24,1403 GD,BUSSUM,1942,GOOISE MEREN,0356931967,primary
Noord-Holland,Elckerlyc Basisschool voor Freinetonderwijs,Boekenstein,45,1852 WS,HEILOO,0399,HEILOO,0725321585,primary
Noord-Holland,Koningin Wilhelmina-School Protestants Christelijk Onderwijs,Dompvloedslaan,114,2051 NG,OVERVEEN,0377,BLOEMENDAAL,0235256266,primary
Noord-Holland,Sint Adalbertusschool voor Basisonderwijs,Claes van Kietenstraat,2,2064 XT,SPAARNDAM,0394,HAARLEMMERMEER,0235372423,primary
Noord-Holland,I H van Eeghenschool voor Christelijk Basisonderwijs,Van Lennepweg,2,2111 HV,AERDENHOUT,0377,BLOEMENDAAL,0235242981,primary
Noord-Holland,Willinkschool,Rijksstraatweg,89,2121 AD,BENNEBROEK,0377,BLOEMENDAAL,0235846505,primary
Noord-Holland,Basisschool Bos en Duin,Bos en Duinlaan,1-A,2061 VM,BLOEMENDAAL,0377,BLOEMENDAAL,0235257876,primary
Noord-Holland,Prinses Beatrixschool voor Christelijk Basisonderwijs,Von Brucken Focklaan,2,2102 XC,HEEMSTEDE,0397,HEEMSTEDE,0235471931,primary
Noord-Holland,Nicolaas Beetsschool voor Christelijk Basisonderwijs,Sportparklaan,1,2103 VR,HEEMSTEDE,0397,HEEMSTEDE,0235286244,primary
Noord-Holland,Valeo,Alexander Flemingstraat,39,2035 EC,HAARLEM,0392,HAARLEM,0235335723,primary
Noord-Holland,De Meer,Erasmuslaan,1,2037 LA,HAARLEM,0392,HAARLEM,0235337374,primary
Noord-Holland,Dreefschool voor Protestants Christelijk Basisonderwijs,Dreef,20,2012 HS,HAARLEM,0392,HAARLEM,0235312912,primary
Noord-Holland,De Ark,Velserstraat,17,2023 EA,HAARLEM,0392,HAARLEM,0235250033,primary
Noord-Holland,Willem van Oranjeschool voor Protestants Christelijkg Basisonderwijs,Rozenhagenstraat,15,2021 CG,HAARLEM,0392,HAARLEM,0235251133,primary
Noord-Holland,Koningin Emmaschool,Roerdompplein,19,2025 CS,HAARLEM,0392,HAARLEM,0235370413,primary
Noord-Holland,Dr H Bavinckschool,Ambachtstraat,1,2024 EB,HAARLEM,0392,HAARLEM,0235257306,primary
Noord-Holland,Oranje Nassauschool,Lijsterstraat,1,2042 CH,ZANDVOORT,0473,ZANDVOORT,0235714325,primary
Noord-Holland,Rooms Katholieke Basisschool St Bernardus,Bernard Zweersstraat,1,2033 DE,HAARLEM,0392,HAARLEM,0235333337,primary
Noord-Holland,Rooms katholieke Basisschool Don Bosco,Floris van Adrichemlaan,100,2035 VD,HAARLEM,0392,HAARLEM,0235330376,primary
Noord-Holland,Basisschool St Franciscus,Nagtzaamstraat,88,2032 TH,HAARLEM,0392,HAARLEM,0235402376,primary
Noord-Holland,Rooms Katholieke Basisschool Mgr Huibers,Vilniusstraat,2,2034 EM,HAARLEM,0392,HAARLEM,0235361331,primary
Noord-Holland,Rooms katholieke Basisschool Veronica,Antoniestraat,28,2011 CR,HAARLEM,0392,HAARLEM,0235364092,primary
Noord-Holland,Rooms katholiek Basisschool St Bavo,Eemstraat,15,2025 RD,HAARLEM,0392,HAARLEM,0235378108,primary
Noord-Holland,Rooms katholieke Basisschool St Liduina,Timorstraat,17,2022 RA,HAARLEM,0392,HAARLEM,0235256131,primary
Noord-Holland,Cornelis Vrijschool voor Basisonderwijs,Van de Veldestraat,3,1071 CW,AMSTERDAM,0363,AMSTERDAM,0206623754,primary
Noord-Holland,Montessori Basisschool,Laan van Blois,100,1943 MN,BEVERWIJK,0375,BEVERWIJK,0251227069,primary
Noord-Holland,Bloemendaalse Schoolvereniging,Lage Duin en Daalseweg,17,2061 BB,BLOEMENDAAL,0377,BLOEMENDAAL,0235256205,primary
Noord-Holland,Haarlemse Montessorischool voor Basisonderwijs,Louise de Colignylaan,3,2012 SR,HAARLEM,0392,HAARLEM,0235281624,primary
Noord-Holland,Hilversumse Schoolvereniging,Frans Halslaan,70,1213 BM,HILVERSUM,0402,HILVERSUM,0356245076,primary
Noord-Holland,Godelindeschool voor Basisonderwijs,Mozartlaan,6,1217 CN,HILVERSUM,0402,HILVERSUM,0356242220,primary
Noord-Holland,Flevo school,Bovenlangewijnseweg,4,1272 BX,HUIZEN,0406,HUIZEN,0355253410,primary
Overijssel,Terrawijs Deventer,Splithofstraat,1,7415 CD,DEVENTER,0150,DEVENTER, ,primary
Overijssel,Kindcentrum Het Palet,Spijkerpad,1,7415 AR,DEVENTER,0150,DEVENTER,0570606755,primary
Overijssel,Openbare Basisschool De Schakel,Lindenlaan,62,7681 RG,VROOMSHOOP,1700,TWENTERAND,0546642431,primary
Overijssel,Kindcentrum Montessori,Jan Janslaan,4,7602 VV,ALMELO,0141,ALMELO,0546870924,primary
Overijssel,Interconfessionele Basisschool Wereldwijzer,Eikvaren,41,7422 NR,DEVENTER,0150,DEVENTER,0570652743,primary
Overijssel,Daltonschool Reggewinde,Morgenster,2,7443 LA,NIJVERDAL,0163,HELLENDOORN,0548617316,primary
Overijssel,Kindcentrum Widerode,Marjoleinlaan,41,7641 EN,WIERDEN,0189,WIERDEN,0546572642,primary
Overijssel,Interconfessionele Basisschool De Windroos,Broederenstraat,16,7411 LB,DEVENTER,0150,DEVENTER,0570611216,primary
Overijssel,Openbare Basisschool Blokstoeke,Oranjestraat,2-B,7676 BH,WESTERHAAR-VRIEZENV WIJK,1700,TWENTERAND,0546659418,primary
Overijssel,De Steenuil,Wezenland,582,7415 JM,DEVENTER,0150,DEVENTER,0570625441,primary
Overijssel,Basisschool Dijkerhoek,Dijkerhoekseweg,30,7451 LV,HOLTEN,1742,RIJSSEN-HOLTEN,0548363602,primary
Overijssel,OBS Weemewereld,Koningshof,8,7672 GE,VRIEZENVEEN,1700,TWENTERAND,0546562340,primary
Overijssel,Rooms Katholieke Basisschool Adwaita,Jacob van Deventerstraat,10,7412 EV,DEVENTER,0150,DEVENTER,0570616678,primary
Overijssel,Openbare Daltonbasisschool de Holterenk,Dorsmolen,1,7451 AW,HOLTEN,1742,RIJSSEN-HOLTEN,0548363916,primary
Overijssel,Haarschool,Koningin Wilhelminastr,15,7451 DZ,HOLTEN,1742,RIJSSEN-HOLTEN,0548362847,primary
Overijssel,Kindcentrum Kleurrijk,Zwaluwenburg,6,7423 DS,DEVENTER,0150,DEVENTER,0570651321,primary
Overijssel,Kindcentrum de Zonnewijzer,Molenweg,53,7431 BH,DIEPENVEEN,0150,DEVENTER,0570591588,primary
Overijssel,Daltonschool Reggewijs,P C Stamstraat,2-B,7442 ZC,NIJVERDAL,0163,HELLENDOORN,0548616706,primary
Overijssel,Kindcentrum TROTZ!,De Koolmees,57,7671 VW,VRIEZENVEEN,1700,TWENTERAND,0546563968,primary
Overijssel,Basisschool Sint Egbertus,Arendsboerweg,5,7601 BA,ALMELO,0141,ALMELO,0546815056,primary
Overijssel,De Noorderborch,Havezathe,99,7608 CL,ALMELO,0141,ALMELO,0546862244,primary
Overijssel,Basisschool De Wereldboom,Bosrand,6,7602 CH,ALMELO,0141,ALMELO,0546865366,primary
Overijssel,Kindcentrum De Compaan,Maardijk,83-A,7606 KT,ALMELO,0141,ALMELO,0546456714,primary
Overijssel,Katholieke basisschool de Vijf-er,Leonard Springerlaan,310,7424 DE,DEVENTER,0150,DEVENTER,0570657002,primary
Overijssel,Daltonschool de Rank,Andriessenplein,12,7425 GX,DEVENTER,0150,DEVENTER,0570657056,primary
Overijssel,Rehoboth,Jan van Nassaustraat,3,8281 ZC,GENEMUIDEN,1896,ZWARTEWATERLAND,0383854847,primary
Overijssel,Eben Haezerschool,Greente,87,8281 KN,GENEMUIDEN,1896,ZWARTEWATERLAND,0383856619,primary
Overijssel,Basisschool De Albatros,Kievitstraat,63,7471 EL,GOOR,1735,HOF VAN TWENTE,0547273806,primary
Overijssel,Basisschool Heeckeren,Kloosterlaan,60,7471 BC,GOOR,1735,HOF VAN TWENTE,0547261418,primary
Overijssel,Rooms Katholieke Petrusschool,Bekkampstraat,49,7496 AH,HENGEVELDE,1735,HOF VAN TWENTE,0547333420,primary
Overijssel,Basisschool Paus Joannes,Benninkstraat,12,7481 DL,HAAKSBERGEN,0158,HAAKSBERGEN,0535721808,primary
Overijssel,Basisschool Pius X,W.H.Jordaansingel,20,7481 GP,HAAKSBERGEN,0158,HAAKSBERGEN,0535721396,primary
Overijssel,Basisschool Sint Bonifatius,Lijsterstraat,11,7481 BD,HAAKSBERGEN,0158,HAAKSBERGEN,0535722379,primary
Overijssel,Basisschool De Kameleon,Bartokstraat,56,7482 TW,HAAKSBERGEN,0158,HAAKSBERGEN,0535722874,primary
Overijssel,Basisschool Het palet,Adriaen Brouwerstraat,2,7482 ZK,HAAKSBERGEN,0158,HAAKSBERGEN,0535723993,primary
Overijssel,Basisschool Honesch,Hasseltweg,10,7481 VB,HAAKSBERGEN,0158,HAAKSBERGEN,0535721548,primary
Overijssel,Basisschool Buurse,De Noor,101,7481 RL,HAAKSBERGEN,0158,HAAKSBERGEN,0535696363,primary
Overijssel,Basisschool Sint Bonifacius,Beckummerweg,9,7482 SR,HAAKSBERGEN,0158,HAAKSBERGEN,0743575357,primary
Overijssel,Basisschool Los Hoes,Hassinkborgh,16,7483 CT,HAAKSBERGEN,0158,HAAKSBERGEN,0535743822,primary
Overijssel,IKC Magenta,Langestraat,118-B,7491 AK,DELDEN,1735,HOF VAN TWENTE,0743762350,primary
Overijssel,OEC Basisschool De Welp,J. Ooststraat,13,7475 CX,MARKELO,1735,HOF VAN TWENTE,0547361885,primary
Overijssel,IKC Bentelwijz,Burg Buijvoetsplein,70,7497 LD,BENTELO,1735,HOF VAN TWENTE,0547292492,primary
Overijssel,Prins Constantynschool voor Basisonderwijs,Rozenstraat,4,7471 JN,GOOR,1735,HOF VAN TWENTE,0547272090,primary
Overijssel,Basisschool St. Aegidius,Hertmerweg,26,7626 LW,HERTME,0147,BORNE,0742664946,primary
Overijssel,Basisschool De Optimist,Fioringras,4,7623 DR,BORNE,0147,BORNE,0742672050,primary
Overijssel,IKC Erve Hooyerinck,Hooijerinksplein,9,7491 DP,DELDEN,1735,HOF VAN TWENTE,0743762046,primary
Overijssel,Basisschool Letteborg,Anemoon,26,7621 AZ,BORNE,0147,BORNE,0742662286,primary
Overijssel,De Bron,Henry Woodstraat,70,7558 CP,HENGELO OV,0164,HENGELO,0742771928,primary
Overijssel,Beekpark,Bongerdsweg,2,7623 AJ,BORNE,0147,BORNE,0742663313,primary
Overijssel,Rooms Katholieke Basisschool Flora,Meidoornhof,2,7621 CL,BORNE,0147,BORNE,0742672030,primary
Overijssel,Rooms Katholieke Basisschool de Wheele,Welemanstraat,21,7622 HB,BORNE,0147,BORNE,0742661804,primary
Overijssel,Protestants Christelijke Basisschool de Rank,Elritsplein,100,7559 HR,HENGELO OV,0164,HENGELO,0742782970,primary
Overijssel,Katholieke Basisschool de Vonder,H.F. Roetgerinklaan,1,7623 AX,BORNE,0147,BORNE,0742659111,primary
Overijssel,Willem De Zwijgerschool,Bergerslag,22,7951 DS,STAPHORST,0180,STAPHORST,0522462139,primary
Overijssel,Ds Harmen Doornveldschool,Jan Arendsland,5,7951 LD,STAPHORST,0180,STAPHORST,0522462633,primary
Overijssel,Prins Mauritsschool,Gemeenteweg,326-A,7951 PE,STAPHORST,0180,STAPHORST,0522461325,primary
Overijssel,Willem Alexanderschool,Adm WG van Nesstraat,12,7951 AL,STAPHORST,0180,STAPHORST,0522461616,primary
Overijssel,Dr Maarten Lutherschool,Mr JB Kanlaan,32,7715 PM,PUNTHORST,0180,STAPHORST,0529481264,primary
Overijssel,Christelijke Basisschool De Driester,Kamperzeedijk,18,8281 PG,GENEMUIDEN,1896,ZWARTEWATERLAND,0383446550,primary
Overijssel,Nederlandsche Islamitische Basisschool Al Ummah,Javastraat,6,7512 ZJ,ENSCHEDE,0153,ENSCHEDE,0534319935,primary
Overijssel,de Zonnebloem,Andriessenplein,22,7425 GX,DEVENTER,0150,DEVENTER,0570671813,primary
Overijssel,Christelijke Nationale School Windesheim,Kloosterdijk,150,7693 PR,SIBCULO,0160,HARDENBERG,0523241318,primary
Overijssel,Christelijke Nationale School Ommerkanaal,Ommerkanaal Oost,30,7731 TT,OMMEN,0175,OMMEN,0523613164,primary
Overijssel,Christelijke Nationale School voor Basisonderwijs,Staphorster Kerkweg,38,7951 JS,STAPHORST,0180,STAPHORST,0522461632,primary
Overijssel,Montessorischool Haaksbergen,Weertseriet,19,7481 BC,HAAKSBERGEN,0158,HAAKSBERGEN,0535724076,primary
Overijssel,Dr Schaepman-School,Triangel,22,8265 RG,KAMPEN,0166,KAMPEN,0383326602,primary
Overijssel,Rooms Katholieke Basisschool Sint Martinus,Wheeme,12,8325 AE,VOLLENHOVE,1708,STEENWIJKERLAND,0527241670,primary
Overijssel,Monseigneur Zwijsen-School,Oudestraat,244,8261 CB,KAMPEN,0166,KAMPEN,0383314722,primary
Overijssel,Basisschool Sint Nicolaas,Lierderholthuisweg,49,8144 RG,LIERDERHOLTHUIS,0177,RAALTE,0572392017,primary
Overijssel,Katholieke Basisschool De IJsselster,Groenendael,227,8271 EM,IJSSELMUIDEN,0166,KAMPEN,0383319033,primary
Overijssel,Rooms Katholieke Basisschool Sint Clemens,Molenstraat,25,8331 HP,STEENWIJK,1708,STEENWIJKERLAND,0521512820,primary
Overijssel,Basisschool De Zaaier,Zandspeur,11,7711 HE,NIEUWLEUSEN,0148,DALFSEN,0529482575,primary
Overijssel,Basisschool De Meele,Meeleweg,120,7711 EP,NIEUWLEUSEN,0148,DALFSEN,0529427337,primary
Overijssel,Basisschool St Bernardus,Frieseweg,6,8375 AJ,OLDEMARKT,1708,STEENWIJKERLAND,0561451888,primary
Overijssel,Rooms Katholieke Basisschool Don Bosco,Gelderingen,60,8341 PZ,STEENWIJKERWOLD,1708,STEENWIJKERLAND,0521588432,primary
Overijssel,St Bernardusschool,Nering Bogelstraat,3,7731 EL,OMMEN,0175,OMMEN,0529452781,primary
Overijssel,De Kwinkslag,Vergouwlaan,5,7776 BA,SLAGHAREN,0160,HARDENBERG,0523684768,primary
Overijssel,Het Kompas,Petersweg,2,7711 GC,NIEUWLEUSEN,0148,DALFSEN,0529483317,primary
Overijssel,Basisschool De Polhaar,Van Ittersumstraat,7,7721 DL,DALFSEN,0148,DALFSEN,0529432760,primary
Overijssel,De Wegwijzer,Meidoornstraat,10,7711 KV,NIEUWLEUSEN,0148,DALFSEN,0529481356,primary
Overijssel,De Wilgenburg,Waallaan,7,8032 GZ,ZWOLLE,0193,ZWOLLE,0384533955,primary
Overijssel,Basisschool De Wingerd,Stokmeesterslaan,5,8014 GM,ZWOLLE,0193,ZWOLLE,0384651577,primary
Overijssel,Basisschool Geert Grote,Van Hille Gaerthestraat,86,8023 CC,ZWOLLE,0193,ZWOLLE,0384532895,primary
Overijssel,OEC.Basisschool De Kubus,Erfgenamenweg,14-A,8026 PS,ZWOLLE,0193,ZWOLLE,0529401369,primary
Overijssel,Sprankel,Prinses Margrietstraat,6,8152 BM,LEMELERVELD,0148,DALFSEN,0572372010,primary
Overijssel,Katholieke Jenaplanschool de Phoenix,Zalmkolk,2,8017 PA,ZWOLLE,0193,ZWOLLE,0384650932,primary
Overijssel,Katholieke Basisschool De Vlieger,Ingelandhof,1,8043 EC,ZWOLLE,0193,ZWOLLE,0384510097,primary
Overijssel,Basisschool 't PuzzelsTuk voor algemeen neutraal bijzonder onderwijs,J. H. W. Pasmanweg,2-A,8334 RR,TUK,1708,STEENWIJKERLAND,0521854379,primary
Overijssel,Kindcentrum Kasteelhoeve,Buckhorstlaan,50,8043 RL,ZWOLLE,0193,ZWOLLE,0383031008,primary
Overijssel,Ijsselwijs,Watertorenstraat,5,8121 BR,OLST,1773,OLST-WIJHE,0570561710,primary
Overijssel,Kindcentrum Sancta Maria,Bathmenseweg,39,7434 PX,LETTELE,0150,DEVENTER,0570551390,primary
Overijssel,Sint Bernadette,Weseperweg,2,8111 PK,HEETEN,0177,RAALTE,0572381519,primary
Overijssel,Het Sterrenrijk,Grote Beukelaer,2,8141 BP,HEINO,0177,RAALTE,0572392140,primary
Overijssel,Basisschool Oostenwind,Monumentstraat,60,8102 AM,RAALTE,0177,RAALTE,0572363454,primary
Overijssel,Sint Antonius,Nijverdalseweg,14,8106 AC,MARIENHEEM,0177,RAALTE,0572362737,primary
Overijssel,Sint Jozefschool,Zwarteweg,2,8112 AD,NIEUW HEETEN,0177,RAALTE,0572321565,primary
Overijssel,Kindcentrum St. Cyriacus,Kerkstraat,11,7722 LR,DALFSEN,0148,DALFSEN,0529401495,primary
Overijssel,Basisschool Esmoreit,Wispelweg,15,8105 AA,LUTTENBERG,0177,RAALTE,0572301623,primary
Overijssel,Mijnpleinschool Wijhe,Stationsweg,7,8131 DG,WIJHE,1773,OLST-WIJHE,0570521523,primary
Overijssel,Rooms Katholieke Basisschool Sint Gerardus Majellaschool,Van Dongenstraat,22,8107 AG,BROEKLAND,0177,RAALTE,0570531886,primary
Overijssel,Rooms Katholieke Basisschool De Bolster,Kastanjelaan,2,8102 JH,RAALTE,0177,RAALTE,0572362220,primary
Overijssel,Rooms Katholieke Basisschool de Korenbloem,Jan van Arkelstraat,7,8101 EN,RAALTE,0177,RAALTE,0572362690,primary
Overijssel,Kindcentrum de Rietkraag,Winterkoninkje,26,8103 BM,RAALTE,0177,RAALTE,0572362688,primary
Overijssel,De Linderte,Richterambtweg,1,8103 HX,RAALTE,0177,RAALTE,0572362649,primary
Overijssel,Pax Christi,Hoofdstraat,68,7586 BV,OVERDINKEL,0168,LOSSER,0535360754,primary
Overijssel,Rooms Katholieke Basisschool Veldzijde,Ericahof,1,7581 VZ,LOSSER,0168,LOSSER,0535360766,primary
Overijssel,Rooms Katholieke Basisschool De Verrekijker,Jan Jansstraat,2,7582 BG,LOSSER,0168,LOSSER,0535360771,primary
Overijssel,Martinus School,Keizerskroon,5,7581 TX,LOSSER,0168,LOSSER,0535360767,primary
Overijssel,De Wegwijzer,Sperwerstraat,1,7581 EP,LOSSER,0168,LOSSER,0535360757,primary
Overijssel,Basisschool De Duyvencamp,Eikenlaan,23,8024 CA,ZWOLLE,0193,ZWOLLE,0384531031,primary
Overijssel,De Ichthus,Zwarteweg,74,8017 AZ,ZWOLLE,0193,ZWOLLE,0384650556,primary
Overijssel,PC Basisschool De Ark,Gedeputeerdenlaan,47,8016 AX,ZWOLLE,0193,ZWOLLE,0384603258,primary
Overijssel,Chr. Basisschool Het Mozaiek,Hortensiastraat,31,8013 AA,ZWOLLE,0193,ZWOLLE,0384219583,primary
Overijssel,Chr. Basisschool Het Carillon,Bachlaan,2,8031 HL,ZWOLLE,0193,ZWOLLE,0384214718,primary
Overijssel,Chr. Daltonschool Koningin Emma,Jacob Catsstraat,1,8023 AE,ZWOLLE,0193,ZWOLLE,0384533767,primary
Overijssel,Christelijke Basisschool De Morgenster,Korianderplein,4-6,8042 HM,ZWOLLE,0193,ZWOLLE,0384214108,primary
Overijssel,Het Stroomdal,Botlek,56,8032 CG,ZWOLLE,0193,ZWOLLE,0384533619,primary
Overijssel,De Aquarel,Waallaan,6,8032 GZ,ZWOLLE,0193,ZWOLLE,0384537622,primary
Overijssel,PC Basisschool Talentum,IJsselcentraleweg,65,8014 BK,ZWOLLE,0193,ZWOLLE,0384601665,primary
Overijssel,PC Daltonschool De Zevensprong,Mannagras,30,8043 KD,ZWOLLE,0193,ZWOLLE,0384201840,primary
Overijssel,CBS De Wendakker,Vuurtorenstraat,2,8043 VW,ZWOLLE,0193,ZWOLLE,0384202228,primary
Overijssel,Kindcentrum De Akker,Goudenregenstraat,75,7783 AB,GRAMSBERGEN,0160,HARDENBERG,0524561367,primary
Overijssel,Kindcentrum Balkbrug,De Omloop,2,7707 DZ,BALKBRUG,0160,HARDENBERG,0523656478,primary
Overijssel,Kindcentrum De Spreng-El,De Steeghe,7,7784 CG,ANE,0160,HARDENBERG,0524562466,primary
Overijssel,Kindcentrum Bruchterveld,Wijkstraat,2,7695 TJ,BRUCHTERVELD,0160,HARDENBERG,0523231210,primary
Overijssel,Kindcentrum De Koningsberger,Kanaalweg-West,58,7691 CA,BERGENTHEIM,0160,HARDENBERG,0523232093,primary
Overijssel,IKC Rheezerveen,Bouwmansweg,3,7797 HM,RHEEZERVEEN,0160,HARDENBERG,0523638308,primary
Overijssel,Kindcentrum De Bron,Prins-Bernhardstraat,1,7782 RV,DE KRIM,0160,HARDENBERG,0524571268,primary
Overijssel,Kindcentrum De Vlinder,Rembrandtstraat,31,7771 XE,HARDENBERG,0160,HARDENBERG,0523271434,primary
Overijssel,Kindcentrum De Elzenhof,Ondermaat,13,7772 JA,HARDENBERG,0160,HARDENBERG,0523271574,primary
Overijssel,Kindcentrum De MarsWeijde,Erve Odinck,5,7773 DE,HARDENBERG,0160,HARDENBERG,0523261092,primary
Overijssel,Kindcentrum De Ark,Adelaarweg,15-17,7701 KK,DEDEMSVAART,0160,HARDENBERG,0523615353,primary
Overijssel,Kindcentrum De Groen,Langewijk,436,7701 AT,DEDEMSVAART,0160,HARDENBERG,0523612881,primary
Overijssel,Kindcentrum De Regenboog,Krikkenstraat,6,7701 CW,DEDEMSVAART,0160,HARDENBERG,0523613728,primary
Overijssel,Kindcentrum De Bloemenhof,Floralaan,18,7772 LL,HARDENBERG,0160,HARDENBERG,0523260468,primary
Overijssel,Nutsschool voor Basisonderwijs,Hengelosestraat,31,7572 BM,OLDENZAAL,0173,OLDENZAAL,0541530963,primary
Overijssel,Protestants Christelijke Basisschool Prinses Juliana,Zwolseweg,103,8275 AC,'S-HEERENBROEK,0166,KAMPEN,0383557263,primary
Overijssel,Ds Johan v d Wendeschool,Heultjesweg,4,8267 AH,KAMPEN,0166,KAMPEN,0383388336,primary
Overijssel,School Met De Bijbel,Hogeweg,47,8278 BC,KAMPERVEEN,0166,KAMPEN,0383636216,primary
Overijssel,Protestants Christelijke Basisschool De Regenboog,Westenbergstraat,28,8274 AR,WILSUM,0166,KAMPEN,0383557318,primary
Overijssel,Protestants Christelijke School voor Basisonderwijs Oranjeschool,Burg van Vleutenstraat,10,8276 AL,ZALK,0166,KAMPEN,0383636503,primary
Overijssel,Christelijke Nationale School De Groenling,Lijnpad,2,8271 LB,IJSSELMUIDEN,0166,KAMPEN,0383333533,primary
Overijssel,IRIS Kindcentrum Marnix,Bovensingel,19,8266 BS,KAMPEN,0166,KAMPEN,0383318675,primary
Overijssel,cbs De Ontdekking,Ooievaarstraat,14,8262 AN,KAMPEN,0166,KAMPEN,0383318987,primary
Overijssel,Willem van Oranjeschool,Gevers van Endegeeststr,4,8265 ZD,KAMPEN,0166,KAMPEN,0383318651,primary
Overijssel,KC Bonte Haven,Ommelandsingel,66,8262 TZ,KAMPEN,0166,KAMPEN,0383333833,primary
Overijssel,De Morgenster,Akelei,3,8265 KA,KAMPEN,0166,KAMPEN,0383316321,primary
Overijssel,Basisschool de Wegwijzer,Winde,37,8265 ED,KAMPEN,0166,KAMPEN,0383316610,primary
Overijssel,Basisschool Rehobothschool,Populierenstraat,18,8266 BK,KAMPEN,0166,KAMPEN,0383315460,primary
Overijssel,Het Stroomdal,Bouwkamp,2,8266 KL,KAMPEN,0166,KAMPEN,0383334666,primary
Overijssel,IKC Weidse Blik,De Vaart,39,8269 AB,KAMPEN,0166,KAMPEN,0383333898,primary
Overijssel,Evangelische Kindcentrum De Olijfboom,Enkdwarsstraat,2,7413 TV,DEVENTER,0150,DEVENTER,0570820225,primary
Overijssel,Kindcentrum De Veste,Juliana van Stolbergstr,1,8356 ER,BLOKZIJL,1708,STEENWIJKERLAND,0527291289,primary
Overijssel,Christelijk Kindcentrum De Buuzekaemp,Kerklaan,5,8066 PJ,BELT-SCHUTSLOOT,1708,STEENWIJKERLAND,0383867227,primary
Overijssel,Christelijk Kindcentrum Het Kompas,Godfried van Rhenenlaan,1,8325 EV,VOLLENHOVE,1708,STEENWIJKERLAND,0527241367,primary
Overijssel,Christelijk Kindcentrum De Ark,Burgemeester Kuiperslaan,17,8375 BJ,OLDEMARKT,1708,STEENWIJKERLAND,0561451860,primary
Overijssel,Christelijk Kindcentrum Immanuël,Ten Holtheweg,3-B,8341 PD,STEENWIJKERWOLD,1708,STEENWIJKERLAND,0521588267,primary
Overijssel,Christelijk Kindcentrum De Wiedewereld,Kloosterweg,32,8326 CE,SINT JANSKLOOSTER,1708,STEENWIJKERLAND,0527246431,primary
Overijssel,Christelijk Kindcentrum Ichthus,Schoolstraat,1,8281 EA,GENEMUIDEN,1896,ZWARTEWATERLAND,0383855226,primary
Overijssel,Christelijk Kindcentrum Het Kompas,Oostwijkstraat,90,8331 EG,STEENWIJK,1708,STEENWIJKERLAND,0521512930,primary
Overijssel,Christelijk Kindcentrum De Wijngaard,Kraggelaan,2,8064 CT,ZWARTSLUIS,1896,ZWARTEWATERLAND,0383867701,primary
Overijssel,Christelijk Kindcentrum Bernhard,Wilhelminastraat,47,8331 ME,STEENWIJK,1708,STEENWIJKERLAND,0521514686,primary
Overijssel,Christelijk Kindcentrum Willem Alexander,Admiraal de Ruyterstraat,6,8331 RV,STEENWIJK,1708,STEENWIJKERLAND,0521512731,primary
Overijssel,Christelijk Kindcentrum Johan Friso,Schaepmanstraat,5,8331 AW,STEENWIJK,1708,STEENWIJKERLAND,0521513706,primary
Overijssel,Christelijk Kindcentrum Claus,Middenweg,6,8332 CZ,STEENWIJK,1708,STEENWIJKERLAND,0521514187,primary
Overijssel,Christelijk Kindcentrum Eben Haëzer,Schoolstraat,8,8376 HB,OSSENZIJL,1708,STEENWIJKERLAND,0561477326,primary
Overijssel,CBS Prins Willem-Alexander,Prinses Marijkestraat,1,8061 JM,HASSELT,1896,ZWARTEWATERLAND,0384771358,primary
Overijssel,Christelijke Basisschool De Driemaster,De Bagijnenkamp,19,8061 AW,HASSELT,1896,ZWARTEWATERLAND,0384773105,primary
Overijssel,Christelijke Basisschool Het Anker,Dr HAW van der Vechtlaan,7,8061 HJ,HASSELT,1896,ZWARTEWATERLAND,0384771596,primary
Overijssel,PC Basisschool Het Laar,Eikenlaan,3,7642 GA,WIERDEN,0189,WIERDEN,0546572478,primary
Overijssel,Basisschool De Veerkracht,Havezathe,97,7608 CL,ALMELO,0141,ALMELO,0546492337,primary
Overijssel,Het Letterveld,Hedeveld,3,7603 TK,ALMELO,0141,ALMELO,0546491549,primary
Overijssel,Windhoek,Windslaan,14,7607 PB,ALMELO,0141,ALMELO,0546454180,primary
Overijssel,Basisschool De Weier,Vissedijk,35-C,7602 CP,ALMELO,0141,ALMELO,0546491218,primary
Overijssel,De Pionier,De Kolibrie,24,7609 GP,ALMELO,0141,ALMELO,0546456733,primary
Overijssel,Openbare Basisschool de Kubus,Hoornbladstraat,35,7601 SZ,ALMELO,0141,ALMELO,0546455040,primary
Overijssel,De Klimboom,Apollolaan,1-C,7604 EH,ALMELO,0141,ALMELO,0546539766,primary
Overijssel,De Heemde,Hanzelaan,2,7607 NM,ALMELO,0141,ALMELO,0546539459,primary
Overijssel,Basisschool Wijzer,Suze Robertsonlaan,2,7606 HZ,ALMELO,0141,ALMELO,0546818357,primary
Overijssel,De Telgenborch,Everlo,12,7608 BW,ALMELO,0141,ALMELO,0546491969,primary
Overijssel,Protestants Christelijke Basisschool De Mare,De Rotsduif,22,7609 VK,ALMELO,0141,ALMELO,0546538703,primary
Overijssel,OBS de Bonkelaar,Jan Tooropstraat,47,7606 JS,ALMELO,0141,ALMELO,0546538123,primary
Overijssel,Openbare Basisschool Bredeschool De Springplank,Koningin Julianastraat,3,8141 ET,HEINO,0177,RAALTE,0572391521,primary
Overijssel,Openbare basisschool Opwaardz,Ter Stegestraat,23,8121 XB,OLST,1773,OLST-WIJHE,0570561805,primary
Overijssel,Openbare basisschool Dijkzicht,Kerklaan,22-A,8196 KW,WELSUM,1773,OLST-WIJHE,0570561821,primary
Overijssel,Openbare basisschool A Bosschool,Scholtensweg,44,8124 AJ,WESEPE,1773,OLST-WIJHE,0570531610,primary
Overijssel,Openbare basisschool de Wije,Kolkweiden,2,8131 WE,WIJHE,1773,OLST-WIJHE,0570522377,primary
Overijssel,Openbare basisschool De Vogelaar,Kwartel,19,8103 EA,RAALTE,0177,RAALTE,0572358993,primary
Overijssel,Brede School Kwintijn,Oude Molenweg,3,8101 EK,RAALTE,0177,RAALTE,0572363606,primary
Overijssel,Openbare School Dr M L Kingschool,Clematisstraat,39,7591 XJ,DENEKAMP,1774,DINKELLAND,0541351743,primary
Overijssel,Het Kompas,Prins Hendrikstraat,1,7586 BG,OVERDINKEL,0168,LOSSER,0535362333,primary
Overijssel,Basisschool De Imenhof,Markeweg,37,7582 BZ,LOSSER,0168,LOSSER,0535361631,primary
Overijssel,De Saller,Keizerskroon,7,7581 TX,LOSSER,0168,LOSSER,0535361078,primary
Overijssel,Openbare basisschool Molenbeek,Boekelerschoolpad,1,7548 AH,ENSCHEDE,0153,ENSCHEDE,0534281543,primary
Overijssel,Openbare basisschool Prinseschool Staringstraat,Staringstraat,15,7514 DE,ENSCHEDE,0153,ENSCHEDE,0534368109,primary
Overijssel,Openbare Basisschool De Spinner,Spinnerstraat,29,7545 TP,ENSCHEDE,0153,ENSCHEDE,0534319591,primary
Overijssel,Openbare Basisschool Roombeek,Bosuilstraat,3,7523 BJ,ENSCHEDE,0153,ENSCHEDE,0534364369,primary
Overijssel,WereldWijs,Bultsweg,170,7532 XJ,ENSCHEDE,0153,ENSCHEDE,0534611364,primary
Overijssel,Openbare Basisschool Europa,Belgielaan,75,7543 ZJ,ENSCHEDE,0153,ENSCHEDE,0534763169,primary
Overijssel,Alles in één school De Zuidsprong,Het Lang,78,7544 XC,ENSCHEDE,0153,ENSCHEDE,0534783833,primary
Overijssel,Openbare Basisschool De Uitvinding,Velveweg,52,7533 XK,ENSCHEDE,0153,ENSCHEDE,0534319223,primary
Overijssel,Openbare Basisschool Dalton Lonneker,Dorpsstraat,104,7524 CK,ENSCHEDE,0153,ENSCHEDE,0534355993,primary
Overijssel,Openbare Basisschool De Broekheurne,De Posten,147,7544 LR,ENSCHEDE,0153,ENSCHEDE,0534760117,primary
Overijssel,Openbare Basisschool Het Zeggelt Montessori-School,Dr. Benthemstraat,14,7514 CM,ENSCHEDE,0153,ENSCHEDE,0534358682,primary
Overijssel,WereldWijs,Ouverturestraat,70,7534 CP,ENSCHEDE,0153,ENSCHEDE,0534613236,primary
Overijssel,Openbare Basisschool Park Stokhorst,Hoge Boekelerweg,135,7531 EC,ENSCHEDE,0153,ENSCHEDE,0534362404,primary
Overijssel,Openbare Basisschool Prinseschool,Prinsestraat,10,7513 AL,ENSCHEDE,0153,ENSCHEDE,0534319652,primary
Overijssel,Openbare Basisschool Harry Bannink,Het Bijvank,111,7544 DA,ENSCHEDE,0153,ENSCHEDE,0534760642,primary
Overijssel,Obs Het Palet,Gerard Terborghstraat,9,7545 BV,ENSCHEDE,0153,ENSCHEDE,0534313414,primary
Overijssel,Openbare Basisschool La Res,Rozenstraat,98,7514 ZR,ENSCHEDE,0153,ENSCHEDE,0534358052,primary
Overijssel,Obs Het Stroink,Het Stroink,66,7542 GT,ENSCHEDE,0153,ENSCHEDE,0534766581,primary
Overijssel,Openbare Basisschool Willem Wilmink,Hendrik Smeltweg,44,7541 XL,ENSCHEDE,0153,ENSCHEDE,0534319598,primary
Overijssel,Het Vastert Opb Basisschool,Vastertlanden,167,7542 LR,ENSCHEDE,0153,ENSCHEDE,0534783818,primary
Overijssel,Openbare Basisschool Het Wooldrik,Celsiusstraat,10,7535 DK,ENSCHEDE,0153,ENSCHEDE,0534316711,primary
Overijssel,OBS De Sterrenborgh,Runenberghoek,5,7546 EG,ENSCHEDE,0153,ENSCHEDE,0534774970,primary
Overijssel,De Linde,Zandhorstlaan,99,7576 VR,OLDENZAAL,0173,OLDENZAAL,0541534407,primary
Overijssel,Openbare Basisschool De Wielerbaan Montessori-School,Batshoek,5,7546 LC,ENSCHEDE,0153,ENSCHEDE,0534768761,primary
Overijssel,Openbare Basisschool De Esmarke,Esmarkelaan,201,7534 JZ,ENSCHEDE,0153,ENSCHEDE,0534618000,primary
Overijssel,Basisschool De Reflector,Castorweg,171,7557 KJ,HENGELO OV,0164,HENGELO,0742439070,primary
Overijssel,Basisschool Guido De Bres,Patrijsstraat,4,7731 ZL,OMMEN,0175,OMMEN,0529451229,primary
Overijssel,Streekschool De Regenboog Gereformeerd Basisonderwijs,Stationsweg,18,7692 AC,MARIENBERG,0160,HARDENBERG,0523251408,primary
Overijssel,Casper Diemerschool voor Gereformeerd Onderwijs,G Karel v Hogendorpstr,52,7691 AW,BERGENTHEIM,0160,HARDENBERG,0523231947,primary
Overijssel,Gereformeerde Basisschool De Bron,Haaksbergerstraat,416,7545 GA,ENSCHEDE,0153,ENSCHEDE,0534323489,primary
Overijssel,Risaeusschool,Weidehof,1,7772 GW,HARDENBERG,0160,HARDENBERG, ,primary
Overijssel,Gereformeerde Basisschool DS G Doekes,Frits de Zwerverlaan,7,7771 CV,HARDENBERG,0160,HARDENBERG,0523262155,primary
Overijssel,Gereformeerde Basisschool De Fakkel,Karel Doormanstraat,2,7603 VZ,ALMELO,0141,ALMELO,0546867067,primary
Overijssel,Gereformeerde Basisschool Domino,Roelofsbrink,6,7683 CK,DEN HAM OV,1700,TWENTERAND,0546672542,primary
Overijssel,De Morgenster Gereformeerde Basisschool,Fonteinkruid,4,7772 ML,HARDENBERG,0160,HARDENBERG,0523262728,primary
Overijssel,De Jenapleinschool,Enkstraat,69,8012 VA,ZWOLLE,0193,ZWOLLE,0384228240,primary
Overijssel,Kindcentrum De Berkenhorst,Staphorster Kerkweg,40,7951 JS,STAPHORST,0180,STAPHORST,0522461359,primary
Overijssel,Kindcentrum De Iekmulder,Sparrenlaan,76,7955 AN,IJHORST,0180,STAPHORST,0522441970,primary
Overijssel,Openbare Basisschool Prinses Irene,Hattemattestraat,7,7783 BM,GRAMSBERGEN,0160,HARDENBERG,0524562050,primary
Overijssel,Samenlevingsschool de Ravelijn,Zwolseweg,2,7786 BH,DEN VELDE,0160,HARDENBERG,0524562174,primary
Overijssel,Basisschool Het Kompas,De Tjalk,2,7701 LP,DEDEMSVAART,0160,HARDENBERG,0523613286,primary
Overijssel,Openbare Basisschool De Kern,Erve Odinck,3,7773 DE,HARDENBERG,0160,HARDENBERG,0523262299,primary
Overijssel,Basisschool de Eiber,Eiberweg,2,7701 VE,DEDEMSVAART,0160,HARDENBERG,0523613419,primary
Overijssel,Basisschool Prinses Margriet,Kruizingastraat,19,7707 BW,BALKBRUG,0160,HARDENBERG,0523656379,primary
Overijssel,Cantecleer,Schoolstraat,32,7694 AX,KLOOSTERHAAR,0160,HARDENBERG,0523241473,primary
Overijssel,OBS De Regenboog,Vergouwlaan,3,7776 BA,SLAGHAREN,0160,HARDENBERG,0523682206,primary
Overijssel,De OpStap,Rembrandtstraat,35,7771 XE,HARDENBERG,0160,HARDENBERG,0523744130,primary
Overijssel,Wijdekijker,Herderstasje,56,7772 LD,HARDENBERG,0160,HARDENBERG,0523260181,primary
Overijssel,Gereformeerde Basisschool De Planthof,Kon.Julianalaan,96,7711 KP,NIEUWLEUSEN,0148,DALFSEN,0529482035,primary
Overijssel,Gereformeerd Basisschool De Wegwijzer,Gasthuislaan,90,8331 MZ,STEENWIJK,1708,STEENWIJKERLAND,0521512643,primary
Overijssel,De Vuursteen,Nieuwe Uitleg,2,7721 BN,DALFSEN,0148,DALFSEN,0529431781,primary
Overijssel,GBS de Levensboom,Korte Kerkweg,21,7954 GC,ROUVEEN,0180,STAPHORST,0522291294,primary
Overijssel,De Hoeksteen,Burg Malcorpslaan,101,8061 AJ,HASSELT,1896,ZWARTEWATERLAND,0384772268,primary
Overijssel,Basisschool De Mirt,Rolklaver,1,8265 EA,KAMPEN,0166,KAMPEN,0383316550,primary
Overijssel,Basisschool Eben Haezer,Kadoelen,27,8326 BA,SINT JANSKLOOSTER,1708,STEENWIJKERLAND,0527246636,primary
Overijssel,Smaragd,Esdoornstraat,10,8021 WB,ZWOLLE,0193,ZWOLLE,0384534233,primary
Overijssel,De Schatgraver,Van Houtenlaan,1-A,8014 ZM,ZWOLLE,0193,ZWOLLE,0384602093,primary
Overijssel,Gereformeerde Academische Basisschool De Sprankel,Klokkengieterlaan,3,8043 BA,ZWOLLE,0193,ZWOLLE,0384201940,primary
Overijssel,Kindcentrum Aquamarijn,Assendorperdijk,55,8012 EG,ZWOLLE,0193,ZWOLLE,0384527638,primary
Overijssel,Het Saffier,Belvederelaan,444,8043 VD,ZWOLLE,0193,ZWOLLE,0384202722,primary
Overijssel,De Proeftuin,Monteverdilaan,202,8031 DW,ZWOLLE,0193,ZWOLLE,0382042507,primary
Overijssel,Basisschool Azelo,Secr. Engelbertinkstraat,16,7495 TW,AMBT DELDEN,1735,HOF VAN TWENTE,0742664425,primary
Overijssel,Basisschool Stedeke,Kuimgaarden,15,7478 AN,DIEPENHEIM,1735,HOF VAN TWENTE,0547351454,primary
Overijssel,Basisschool Wiene,Tankinksweg,4,7495 RL,AMBT DELDEN,1735,HOF VAN TWENTE,0547274575,primary
Overijssel,Basisschool Elserike,Herikerweg,36,7475 TT,MARKELO,1735,HOF VAN TWENTE,0547362095,primary
Overijssel,Basisschool Stokkum,Stokkumerweg,40,7475 MV,MARKELO,1735,HOF VAN TWENTE,0547363309,primary
Overijssel,'t Gijmink,Lindelaan,70-B,7471 KD,GOOR,1735,HOF VAN TWENTE,0547273456,primary
Overijssel,Basisschool Brookschole,Larenseweg,44,7475 PW,MARKELO,1735,HOF VAN TWENTE,0547362723,primary
Overijssel,OBS de Boomhut,Kievitstraat,67,7471 EL,GOOR,1735,HOF VAN TWENTE,0547273004,primary
Overijssel,Basisschool de Zwaluw,Fokkerstraat,2-A,7475 CC,MARKELO,1735,HOF VAN TWENTE,0547363365,primary
Overijssel,Arembergschool,Julianastraat,2,8064 CD,ZWARTSLUIS,1896,ZWARTEWATERLAND,0383867520,primary
Overijssel,Openbare Basisschool De Slinge,'t Slingerland,12,8375 GP,OLDEMARKT,1708,STEENWIJKERLAND,0561451900,primary
Overijssel,Burg de Ruiterschool,Vijverpark,89,8374 KG,KUINRE,1708,STEENWIJKERLAND,0527231327,primary
Overijssel,Basisschool De Lepelaar,Koningin Julianaweg,78,8371 WG,SCHEERWOLDE,1708,STEENWIJKERLAND,0521371353,primary
Overijssel,Openbare Basisschool de Voorpoort,Groenestraat,36,8325 AZ,VOLLENHOVE,1708,STEENWIJKERLAND,0527241485,primary
Overijssel,Basisschool de Driesprong,Meester Gerritsweg,5,8347 JP,EESVEEN,1708,STEENWIJKERLAND,0521577245,primary
Overijssel,De Punter,Beulakerweg,125-A,8355 AE,GIETHOORN,1708,STEENWIJKERLAND,0521361666,primary
Overijssel,Basisschool B,Mr Zigher ter Steghestr,1,8331 KG,STEENWIJK,1708,STEENWIJKERLAND,0521513446,primary
Overijssel,OBS Beatrix-school,Middenweg,2-4,8332 CZ,STEENWIJK,1708,STEENWIJKERLAND,0521514198,primary
Overijssel,Basisschool Gen Vd Bosch,Paasloregel,1,8338 ST,WILLEMSOORD,1708,STEENWIJKERLAND,0521589462,primary
Overijssel,OBS De SamenSprong,Gasthuislaan,86,8331 MZ,STEENWIJK,1708,STEENWIJKERLAND,0521510153,primary
Overijssel,Basisschool De Vogelaar,Tureluur,2,8281 EX,GENEMUIDEN,1896,ZWARTEWATERLAND,0383855433,primary
Overijssel,De Toermalijn,Prinsenstraat,22-A,8061 ZC,HASSELT,1896,ZWARTEWATERLAND,0384773135,primary
Overijssel,Al Amana Zwolle,Dijkgraafhof,2,8043 EB,ZWOLLE,0193,ZWOLLE,0383035357,primary
Overijssel,De Linde,Kolkweg,41,8055 PT,LAAG ZUTHEM,0177,RAALTE,0529497508,primary
Overijssel,Deventer Montessori School,Van Lithstraat,1,7415 LA,DEVENTER,0150,DEVENTER,0570629387,primary
Overijssel,Basisschool Looschool,Bettinkdijk,1,7437 RA,BATHMEN,0150,DEVENTER,0570541991,primary
Overijssel,Openbare Basisschool Slingerbos,Slingerbos,2,7431 BV,DIEPENVEEN,0150,DEVENTER,0570591400,primary
Overijssel,Basisschool De Rythmeen,Prins Constantijnlaan,1,7437 BX,BATHMEN,0150,DEVENTER,0570542053,primary
Overijssel,Openbare Basisschool de Sleutel School voor Daltononderwijs,Bakkerskamp,2-4,7433 EL,SCHALKHAAR,0150,DEVENTER,0570621511,primary
Overijssel,Basisschool de Dorpsschool,Schoolstraat,11,7437 AE,BATHMEN,0150,DEVENTER,0570541769,primary
Overijssel,Openbare Basisschool Het Roessink,Fonteinkruid,130,7422 MZ,DEVENTER,0150,DEVENTER,0570652731,primary
Overijssel,Openbare Basisschool De Hagenpoort,Bagijnenstraat,13,7411 PT,DEVENTER,0150,DEVENTER,0570616784,primary
Overijssel,Basisschool Wij de Wereld,Eekhoorn,10,7423 EN,DEVENTER,0150,DEVENTER,0570651811,primary
Overijssel,Openbare Basisschool Kolmenscate,Venninkweg,1,7421 GP,DEVENTER,0150,DEVENTER,0570651467,primary
Overijssel,OBS De Zandstroom,Oudaenstraat,3,7412 ND,DEVENTER,0150,DEVENTER,0570614871,primary
Overijssel,De Kleine Planeet,Rielerweg,174,7416 ZM,DEVENTER,0150,DEVENTER,0570623073,primary
Overijssel,Openbare Basisschool De Hovenschool,Langestraat,1,7419 AP,DEVENTER,0150,DEVENTER,0570615069,primary
Overijssel,Openbare Basisschool Borgloschool,Groenewold,182,7414 CK,DEVENTER,0150,DEVENTER,0570670335,primary
Overijssel,Montessorischool Oudaen,Pieter de Hooghstraat,2,7412 RX,DEVENTER,0150,DEVENTER,0570611323,primary
Overijssel,Openbare Basisschool De Wizard,Andriessenplein,13,7425 GX,DEVENTER,0150,DEVENTER,0570511713,primary
Overijssel,Openbare Basisschool De Flint,Wezenland,582,7415 JM,DEVENTER,0150,DEVENTER,0570638570,primary
Overijssel,Montessori Kindcentrum de Ontdekking,Andriessenplein,4,7425 GX,DEVENTER,0150,DEVENTER,0570658154,primary
Overijssel,Openbare Basisschool Wonderwijs,Laanzicht,95,8271 JZ,IJSSELMUIDEN,0166,KAMPEN,0383317813,primary
Overijssel,Openbare Daltonschool Engelenberg,Engelenbergstraat,1,8266 AC,KAMPEN,0166,KAMPEN,0383316108,primary
Overijssel,o.b.s. De Schatkaart,Zilverschoon,81,8265 HE,KAMPEN,0166,KAMPEN,0383316208,primary
Overijssel,Het Meerrijk,Gevers van Endegeeststr,2,8265 ZD,KAMPEN,0166,KAMPEN,0383332085,primary
Overijssel,Openbare Jenaplanschool Het Scala,Ommelandsingel,65,8262 TZ,KAMPEN,0166,KAMPEN,0383316308,primary
Overijssel,Banisschool,Erve den Boom,5,7463 CJ,RIJSSEN,1742,RIJSSEN-HOLTEN,0548514168,primary
Overijssel,Brekeldschool,Prins Bernhardstraat,37,7462 GS,RIJSSEN,1742,RIJSSEN-HOLTEN,0548513343,primary
Overijssel,In Den Climtuin,Casparus B J Landweerln,3,7461 XN,RIJSSEN,1742,RIJSSEN-HOLTEN,0548513821,primary
Overijssel,Haarschool,Haarzijde,3,7462 BZ,RIJSSEN,1742,RIJSSEN-HOLTEN,0548512821,primary
Overijssel,De Ronde Maat,Braakmansdijk,11,7462 LX,RIJSSEN,1742,RIJSSEN-HOLTEN,0548518507,primary
Overijssel,Kindcentrum Rivierenwijk,Zaanstraat,1,7417 WN,DEVENTER,0150,DEVENTER,0570623575,primary
Overijssel,obs De Tweemaster,Kon.Julianalaan,36,7711 KK,NIEUWLEUSEN,0148,DALFSEN,0529483637,primary
Overijssel,obs Nieuwebrug,Barkeweg,3,7731 PS,OMMEN,0175,OMMEN,0529456708,primary
Overijssel,KC Heidepark,Ds A J W Vogelaarstraat,22,8151 AN,LEMELERVELD,0148,DALFSEN,0572371850,primary
Overijssel,obs De Dennenkamp,Patrijsstraat,4-A,7731 ZL,OMMEN,0175,OMMEN,0529452433,primary
Overijssel,obs Het Palet Ommen,Haarsweg,91,7731 HJ,OMMEN,0175,OMMEN,0529451938,primary
Overijssel,obs De Toonladder,Bachlaan,158,8031 HL,ZWOLLE,0193,ZWOLLE,0384225815,primary
Overijssel,obs De Campherbeek,Grotiuslaan,33,8024 XM,ZWOLLE,0193,ZWOLLE,0384531229,primary
Overijssel,obs De Springplank,Beukenstraat,83,8021 XA,ZWOLLE,0193,ZWOLLE,0384536043,primary
Overijssel,obs De Marshof,Tichelmeesterlaan,45,8014 LA,ZWOLLE,0193,ZWOLLE,0384601471,primary
Overijssel,obs De Oosterenk,Herfterweg,1,8023 DJ,ZWOLLE,0193,ZWOLLE,0384535682,primary
Overijssel,Openbare Parkschool,Westerlaan,22,8011 CC,ZWOLLE,0193,ZWOLLE,0384211883,primary
Overijssel,obs De Werkschuit,Rijnlaan,200,8032 TK,ZWOLLE,0193,ZWOLLE,0384533873,primary
Overijssel,obs De Wieden,Beulakerwiede,4,8033 CS,ZWOLLE,0193,ZWOLLE,0384542762,primary
Overijssel,obs De Markesteen,Gedeputeerdenlaan,45,8016 AX,ZWOLLE,0193,ZWOLLE,0384604411,primary
Overijssel,Het Avontuur Openbaar Onderwijs,Ruigedoornstraat,23,7721 BW,DALFSEN,0148,DALFSEN,0529432115,primary
Overijssel,obs De Octopus,Marterveld,1,8017 MD,ZWOLLE,0193,ZWOLLE,0384604467,primary
Overijssel,Openbare Montessori Basisschool,Energieweg,9,8017 BE,ZWOLLE,0193,ZWOLLE,0384654220,primary
Overijssel,obs De IJsselhof,Staatssecretarislaan,10,8015 BX,ZWOLLE,0193,ZWOLLE,0384600973,primary
Overijssel,kindercampus TrioMundo,Muurmeesterstraat,27,8043 EA,ZWOLLE,0193,ZWOLLE,0615544295,primary
Overijssel,obs De Schatkamer,Wildwalstraat,38,8043 VL,ZWOLLE,0193,ZWOLLE,0384204193,primary
Overijssel,Obs Het Festival,Sportlaan,6,8044 PG,ZWOLLE,0193,ZWOLLE,0384203287,primary
Overijssel,Protestants Christelijke Basisschool De Regenboog,Dorpsstraat,6,8152 BL,LEMELERVELD,0148,DALFSEN,0572373541,primary
Overijssel,Protestants Christelijke Basisschool Sjaloom,Hoevenweg,1,7722 PM,DALFSEN,0148,DALFSEN,0529431381,primary
Overijssel,Ichthusschool voor Protestants Christelijk Basisonderwijs,Korteveldsweg,4,8148 RE,LEMELE,0175,OMMEN,0572331472,primary
Overijssel,De Spiegel,Brethouwerstraat,4,7721 XN,DALFSEN,0148,DALFSEN,0529432341,primary
Overijssel,Christelijke Dominee Cazemierschool,G.W.Spiegelstraat,4,7722 ST,DALFSEN,0148,DALFSEN,0529471574,primary
Overijssel,Het Koloriet,Patrijsstraat,4,7731 ZL,OMMEN,0175,OMMEN,0529452966,primary
Overijssel,De Kardoen,Korenbloemstraat,2,7731 VW,OMMEN,0175,OMMEN,0529451605,primary
Overijssel,Protestants Christelijke Basisschool De Triangel,Balkerweg,59,7738 PA,WITHAREN,0175,OMMEN,0523676546,primary
Overijssel,Christelijke Basisschool op Gereformeerde Grondslag,Zuideinde West,7,8278 AP,KAMPERVEEN,0166,KAMPEN,0525621241,primary
Overijssel,KC De Lisdodde,Siebenweg,14,7946 AD,WANNEPERVEEN,1708,STEENWIJKERLAND,0522281204,primary
Overijssel,Expeditiewijz,F. Hazemeijerstraat,300,7555 RJ,HENGELO OV,0164,HENGELO,0621932069,primary
Overijssel,Buitenwijs,Palestrinalaan,915,8031 VA,ZWOLLE,0193,ZWOLLE,0628154261,primary
Overijssel,Basisschool Groen van Prinsterer,Akelei,5,8265 KA,KAMPEN,0166,KAMPEN,0383317424,primary
Overijssel,School met de Bijbel,Grafhorsterweg,34-D,8277 AA,GRAFHORST,0166,KAMPEN,0383332635,primary
Overijssel,Rehoboth-School,Drostenstraat,1-A,8271 TC,IJSSELMUIDEN,0166,KAMPEN,0383316435,primary
Overijssel,Ichthusschool,Groenendael,226,8271 EM,IJSSELMUIDEN,0166,KAMPEN,0383321111,primary
Overijssel,Hervormde School Eben Haezer,Dorpsweg,20,8271 BM,IJSSELMUIDEN,0166,KAMPEN,0383315304,primary
Overijssel,Johannes Bogermanschool,Bouwmeesterstraat,43-A,7671 CA,VRIEZENVEEN,1700,TWENTERAND,0546562146,primary
Overijssel,Mariaschool Vasse,Hooidijk,19,7661 RA,VASSE,0183,TUBBERGEN,0541680236,primary
Overijssel,Rooms Katholiek Basisschool Heilig Hart,Oldenzaalseweg,90,7666 LH,FLERINGEN,0183,TUBBERGEN,0546621979,primary
Overijssel,Basisschool De Wiekslag,Bruno van Ommenstraat,34,7651 BS,TUBBERGEN,0183,TUBBERGEN,0546621602,primary
Overijssel,Mariaschool Langeveen,Kerklaan,2,7679 VG,LANGEVEEN,0183,TUBBERGEN,0546681358,primary
Overijssel,Mariaschool Reutum,Brinkstraat,18,7667 PS,REUTUM,0183,TUBBERGEN,0541670429,primary
Overijssel,Sint Aloysius-School,Vriezenveenseweg,12,7678 VC,GEESTEREN OV,0183,TUBBERGEN,0546631718,primary
Overijssel,Rooms Katholieke Basisschool Kadoes,De Weer,11,7665 DG,ALBERGEN,0183,TUBBERGEN,0546441388,primary
Overijssel,Basisschool De Zeven Mijlen,Manderveenseweg,70,7664 VV,MANDERVEEN,0183,TUBBERGEN,0541680445,primary
Overijssel,Basisschool St Alphonsus,Almeloseweg,209,7614 LA,MARIAPAROCHIE,0183,TUBBERGEN,0546473807,primary
Overijssel,Nicolaas Basisschool,Pastoorsdijk,9,7433 DK,SCHALKHAAR,0150,DEVENTER,0570621922,primary
Overijssel,Bassischool Liduina,Scholten Reimerstraat,8,7524 CS,ENSCHEDE,0153,ENSCHEDE,0534352447,primary
Overijssel,Kindcentrum Meester Snel,Kloosterstraat,13,7581 GE,LOSSER,0168,LOSSER,0535383994,primary
Overijssel,Op den Akker,De Akker,2,7481 GB,HAAKSBERGEN,0158,HAAKSBERGEN,0535722482,primary
Overijssel,Protestants Christelijke Basisschool Mecklenburg,De Posten,145,7544 LR,ENSCHEDE,0153,ENSCHEDE,0534763709,primary
Overijssel,Christelijke School voor Basisonderwijs Drakensteyn,Vastertlanden,169,7542 LR,ENSCHEDE,0153,ENSCHEDE,0534764661,primary
Overijssel,Pr Maurits,Geessinkbrink,1,7544 CW,ENSCHEDE,0153,ENSCHEDE,0534763165,primary
Overijssel,Christelijke Basisschool Anna van Buren,Bosuilstraat,7,7523 BJ,ENSCHEDE,0153,ENSCHEDE,0534355334,primary
Overijssel,CBS De Koning,Tomatenstraat,27,7545 WP,ENSCHEDE,0153,ENSCHEDE,0534349955,primary
Overijssel,Basisschool St. Gerardus,Kerkstraat,155,7532 AS,ENSCHEDE,0153,ENSCHEDE,0534611667,primary
Overijssel,De Regenboog,Het Stroink,60,7542 GT,ENSCHEDE,0153,ENSCHEDE,0534766477,primary
Overijssel,Basisschool de Troubadour,Sonatestraat,44-A,7534 XC,ENSCHEDE,0153,ENSCHEDE,0534611691,primary
Overijssel,De Kubus,Velveweg,50,7533 XK,ENSCHEDE,0153,ENSCHEDE,0534306037,primary
Overijssel,Basisschool Sint Jan,Haaksbergerstraat,255,7545 GH,ENSCHEDE,0153,ENSCHEDE,0534314301,primary
Overijssel,Basisschool Alfonsus,Pastoor Geertmanstraat,10,7535 BZ,ENSCHEDE,0153,ENSCHEDE,0534314249,primary
Overijssel,De Windroos,Het Bijvank,107,7544 DA,ENSCHEDE,0153,ENSCHEDE,0534762082,primary
Overijssel,Bonifatius,Zaanstraat,10,7523 HC,ENSCHEDE,0153,ENSCHEDE,0534354871,primary
Overijssel,Paus Joannes,Floraparkstraat,155,7531 XG,ENSCHEDE,0153,ENSCHEDE,0534353811,primary
Overijssel,De Zonnewijzer,Regulusstraat,8,7521 DX,ENSCHEDE,0153,ENSCHEDE,0534328080,primary
Overijssel,Basisschool Menkotoren,Rijnstraat,15,7523 GD,ENSCHEDE,0153,ENSCHEDE,0534304939,primary
Overijssel,De Triangel,Gerard Terborghstraat,1,7545 BV,ENSCHEDE,0153,ENSCHEDE,0534837060,primary
Overijssel,Bomans,Veldhoflanden,92,7542 LX,ENSCHEDE,0153,ENSCHEDE,0534771751,primary
Overijssel,HelmerWijs,Ravenhorsthoek,38,7546 EA,ENSCHEDE,0153,ENSCHEDE,0534774654,primary
Overijssel,Schateiland,Esmarkelaan,207,7534 JZ,ENSCHEDE,0153,ENSCHEDE,0534617500,primary
Overijssel,Ouverture,Ouverturestraat,68,7534 CP,ENSCHEDE,0153,ENSCHEDE,0534611776,primary
Overijssel,Gereformeerde Basisschool De Fontein,Wederiklaan,1,8265 DA,KAMPEN,0166,KAMPEN,0383314284,primary
Overijssel,Basissch De Marliaantjes,Hammerweg,8,7447 SM,HELLENDOORN,0163,HELLENDOORN,0548681270,primary
Overijssel,De Smithoek,Roelofsbrink,12,7683 CK,DEN HAM OV,1700,TWENTERAND,0546671372,primary
Overijssel,Christelijke Basisschool De Fontein,Hoofdweg,56,7676 AG,WESTERHAAR-VRIEZENV WIJK,1700,TWENTERAND,0546658122,primary
Overijssel,De Maten,Broekmaten,6,7683 XH,DEN HAM OV,1700,TWENTERAND,0546671231,primary
Overijssel,Basisschool De Tweeklank,Albardastraat,35,7611 BE,AADORP,0141,ALMELO,0546863213,primary
Overijssel,Basisschool de Bron,Molenstraat,2,7671 KB,VRIEZENVEEN,1700,TWENTERAND,0546567748,primary
Overijssel,Christelijke Basisschool Eltheto,Schoolstraat,9,7671 GG,VRIEZENVEEN,1700,TWENTERAND,0546567656,primary
Overijssel,De Regenboog,De Leeuwerik,1,7671 ZX,VRIEZENVEEN,1700,TWENTERAND,0546562580,primary
Overijssel,Christelijke Basisschool Rehoboth,Buitenlandweg,1,7671 RK,VRIEZENVEEN,1700,TWENTERAND,0546567564,primary
Overijssel,Christelijke Basisschool De Polle,Oude Hoevenweg,97,7671 PH,VRIEZENVEEN,1700,TWENTERAND,0546567637,primary
Overijssel,Protestants Christelijke Basisschool Shalom,Zicht,2,7671 ND,VRIEZENVEEN,1700,TWENTERAND,0546567547,primary
Overijssel,Notter School Met De Bijbel,Klokkendijk,16,7467 PD,NOTTER,0189,WIERDEN,0548518988,primary
Overijssel,Montessori 't Annink,Bergweg,34,7557 BT,HENGELO OV,0164,HENGELO,0742916073,primary
Overijssel,Basisschool De Horizon,Brusselstraat,15,7559 NN,HENGELO OV,0164,HENGELO,0748200347,primary
Overijssel,Wilbertschool,Ruijsdaelstraat,45,7556 WS,HENGELO OV,0164,HENGELO,0742914499,primary
Overijssel,IKC Aventurijn,Breemarsweg,483,7555 KA,HENGELO OV,0164,HENGELO,0742917939,primary
Overijssel,IKC De Wooldermarke,Semmelweisstraat,44,7555 NT,HENGELO OV,0164,HENGELO,0742425779,primary
Overijssel,IKC 't Eimink,Johan Buziaustraat,14,7558 LA,HENGELO OV,0164,HENGELO,0742780775,primary
Overijssel,IKC De Kiem,Klaas de Rookstraat,53,7558 DJ,HENGELO OV,0164,HENGELO,0742770067,primary
Overijssel,Basisschool De Bleek,Kerkpad,9,7554 PR,HENGELO OV,0164,HENGELO,0743676270,primary
Overijssel,Esrein,Kerkstraat,116,7553 VX,HENGELO OV,0164,HENGELO,0742919911,primary
Overijssel,De Hunenborg,Old Ruitenborgh,31,7556 NK,HENGELO OV,0164,HENGELO,0742911629,primary
Overijssel,Dalton IKC Plechelmus,Wilbertstraat,15-A,7556 WH,HENGELO OV,0164,HENGELO,0742916271,primary
Overijssel,IKC Sint Jan,Oude Postweg,55,7557 DA,HENGELO OV,0164,HENGELO,0742914073,primary
Overijssel,IKC Titus Brandsma,Drienerstraat,51,7551 HL,HENGELO OV,0164,HENGELO,0742910500,primary
Overijssel,IKC Hart van Slangenbeek,Luxemburgstraat,100,7559 NB,HENGELO OV,0164,HENGELO,0742773553,primary
Overijssel,IKC Berflo,Apolloplein,1,7552 VG,HENGELO OV,0164,HENGELO,0742910291,primary
Overijssel,De Akker,P.C. Hooftlaan,202,7552 HE,HENGELO OV,0164,HENGELO,0742424545,primary
Overijssel,Klim Op School,Lentfersweg,29,7461 EJ,RIJSSEN,1742,RIJSSEN-HOLTEN,0548541490,primary
Overijssel,Basisschool Sint Sebastianus,Bibenstraat,19,7447 CK,HELLENDOORN,0163,HELLENDOORN,0548654742,primary
Overijssel,Basisschool Sint Stephanus,Sint Stephanusstraat,3,7625 PH,ZENDEREN,0147,BORNE,0742662583,primary
Overijssel,De Langewieke,Langewijk,178-A,7701 AK,DEDEMSVAART,0160,HARDENBERG,0523613309,primary
Overijssel,De Rietslenke,Nicolaas Beetsstraat,6,7442 TL,NIJVERDAL,0163,HELLENDOORN,0548612045,primary
Overijssel,Rooms Katholieke Basisschool Sint Stephanus,Pastoor Ossestraat,8,7627 PL,BORNERBROEK,0141,ALMELO,0743841585,primary
Overijssel,Basisschool Willibrordus,De Seringen,2,7681 JE,VROOMSHOOP,1700,TWENTERAND,0546646211,primary
Overijssel,Rooms Katholieke Basisschool Op Weg,Pastoor Langedijkstraat,1,7448 AL,HAARLE GEM HELLENDOORN,0163,HELLENDOORN,0548595251,primary
Overijssel,Roomskatholieke Maria School,Bongerd,1,7642 DA,WIERDEN,0189,WIERDEN,0546572690,primary
Overijssel,Basisschool De Wingerd,Bachlaan,60,7442 JH,NIJVERDAL,0163,HELLENDOORN,0548612055,primary
Overijssel,Het Galjoen,Kruizemunthof,4,7641 EX,WIERDEN,0189,WIERDEN,0546573236,primary
Overijssel,Basisschool De Triangel,Kuperserf,1,7443 HC,NIJVERDAL,0163,HELLENDOORN,0548617329,primary
Overijssel,Basisschool De Talenter,Margrietlaan,1,7468 AN,ENTER,0189,WIERDEN,0547381647,primary
Overijssel,Deventer Leerschool voor Basisonderwijs,Brinkpoortstraat,7,7411 HR,DEVENTER,0150,DEVENTER,0570616801,primary
Overijssel,Willibrord,Johanninksweg,4,7591 NX,DENEKAMP,1774,DINKELLAND,0541351896,primary
Overijssel,Plechelmus-School,Plechelmusstraat,9,7587 AL,DE LUTTE,0168,LOSSER,0541551507,primary
Overijssel,Bernardus-School,Hoflaan,6,7597 LS,SAASVELD,1774,DINKELLAND,0743494327,primary
Overijssel,De Kerkewei,Kerkewei,2,7596 KN,ROSSUM OV,1774,DINKELLAND,0541625234,primary
Overijssel,n Boaken,Heggelkampsweg,4,7636 RB,AGELO,1774,DINKELLAND,0541291912,primary
Overijssel,St Aloysiussch,Sint Remigiusstraat,5,7595 AM,WEERSELO,1774,DINKELLAND,0541661445,primary
Overijssel,Willibrordus,Kerkweg,1,7561 PT,DEURNINGEN,1774,DINKELLAND,0742780314,primary
Overijssel,Rooms Katholieke Alexanderschool,Ootmarsumsestraat,21,7591 EN,DENEKAMP,1774,DINKELLAND,0541351769,primary
Overijssel,R.K. Basisschool De Meander,Profietstraat,8,7631 GR,OOTMARSUM,1774,DINKELLAND,0541291619,primary
Overijssel,De Zevenster,Meester Muldersstraat,45,7591 VA,DENEKAMP,1774,DINKELLAND,0541351716,primary
Overijssel,Rooms Katholieke Basisschool De Maten,Guido Gezellestraat,35,7576 AG,OLDENZAAL,0173,OLDENZAAL,0541532607,primary
Overijssel,De Veldkamp,Churchillstraat,2,7591 CX,DENEKAMP,1774,DINKELLAND,0541351935,primary
Overijssel,De Leemstee,Helmichstraat,44,7574 TX,OLDENZAAL,0173,OLDENZAAL,0541532725,primary
Overijssel,'t Kampke,Ottershagenweg,45,7635 LT,LATTROP-BREKLENKAMP,1774,DINKELLAND,0541229393,primary
Overijssel,Drieeenheidsschool,Meijbreestraat,11,7573 EP,OLDENZAAL,0173,OLDENZAAL,0541512279,primary
Overijssel,'n Esch,Schoolstraat,18,7634 PS,TILLIGTE,1774,DINKELLAND,0541221200,primary
Overijssel,Franciscusschool,Lyceumstraat,2-B,7572 CP,OLDENZAAL,0173,OLDENZAAL,0541533561,primary
Overijssel,Mariaschool,Beuningerstraat,63,7588 RG,BEUNINGEN OV,0168,LOSSER,0541351948,primary
Overijssel,De Esch,Oosterikweg,1,7577 PL,OLDENZAAL,0173,OLDENZAAL,0541513460,primary
Overijssel,De Bongerd,Wieldraaierlaan,120,7577 NR,OLDENZAAL,0173,OLDENZAAL,0541580580,primary
Overijssel,De Wendakker,Zandhorstlaan,95,7576 VR,OLDENZAAL,0173,OLDENZAAL,0541517584,primary
Overijssel,Beatrixschool,Van Broekhuizenstraat,4,7461 VW,RIJSSEN,1742,RIJSSEN-HOLTEN,0548540677,primary
Overijssel,Basisschool Juliana,Roerdomp,24,7462 XC,RIJSSEN,1742,RIJSSEN-HOLTEN,0548636000,primary
Overijssel,Basisschool Wilhelmina,Bevervoorde,17,7462 AA,RIJSSEN,1742,RIJSSEN-HOLTEN,0548540555,primary
Overijssel,Basisschool Willem Alexander,Koninginneweg,44-A,7462 HN,RIJSSEN,1742,RIJSSEN-HOLTEN,0548540008,primary
Overijssel,Basisschool Johan Friso,Johannes Vermeerstraat,8,7462 BN,RIJSSEN,1742,RIJSSEN-HOLTEN,0548540330,primary
Overijssel,Basisschool Constantyn,Braakmansdijk,7,7462 LX,RIJSSEN,1742,RIJSSEN-HOLTEN,0548540799,primary
Overijssel,Vrije School de Zevenster,Operalaan,150,7577 JA,OLDENZAAL,0173,OLDENZAAL,0541521050,primary
Overijssel,Basisschool Vrije School Almelo,Biesterweg,6,7608 RN,ALMELO,0141,ALMELO,0546492727,primary
Overijssel,Vrije School de Kleine Johannes,Oosterstraat,3-A/B,7413 XV,DEVENTER,0150,DEVENTER,0570626115,primary
Overijssel,De Noorderkroon,Elferinksweg,106,7545 KJ,ENSCHEDE,0153,ENSCHEDE,0534354654,primary
Overijssel,Vrije School Michaël,Bachlaan,8,8031 HL,ZWOLLE,0193,ZWOLLE,0384225448,primary
Overijssel,De Schakel,Beerzerhaar,5-A,7685 PP,BEERZERVELD,0175,OMMEN,0523251788,primary
Overijssel,Christelijke Basisschool De Fontein,Gouden Regenstraat,21,7775 AX,LUTTEN,0160,HARDENBERG,0488451569,primary
Overijssel,Protestants Christelyke Basisschool De Regenboog,Schoolstraat,9,7451 EV,HOLTEN,1742,RIJSSEN-HOLTEN,0548366160,primary
Overijssel,De Morgenster,Fazant,6,8281 GK,GENEMUIDEN,1896,ZWARTEWATERLAND,0383855582,primary
Overijssel,De Levensbron,Taghof,2,8281 NA,GENEMUIDEN,1896,ZWARTEWATERLAND,0383854401,primary
Overijssel,Protestants Christelijk Basisschool De Schaapskooi,Kuperserf,47,7443 HC,NIJVERDAL,0163,HELLENDOORN,0548614945,primary
Overijssel,Protestants Christelijke Basisschool De Bongerd,Zuidelijke Hoofddijk,3,7443 RS,NIJVERDAL,0163,HELLENDOORN,0548610722,primary
Overijssel,Protestants Christelijke Basisschool De Veenbrug,Gerhard Nijlandstraat,4,7687 AR,DAARLERVEEN,0163,HELLENDOORN,0546646236,primary
Overijssel,Christelijke Basisschool De Ark,'t Caphorst,2,7688 RK,DAARLE,0163,HELLENDOORN,0546697405,primary
Overijssel,Basisschool De Es,Noord Esweg,26,7447 GB,HELLENDOORN,0163,HELLENDOORN,0548654065,primary
Overijssel,Protestants Christelijke Basisschool Prinses Marijke,Willem de Clercqstraat,7,7443 XG,NIJVERDAL,0163,HELLENDOORN,0548615312,primary
Overijssel,De Meander,Lochtersweg,1,7442 BM,NIJVERDAL,0163,HELLENDOORN,0548615308,primary
Overijssel,Talentrijk,P C Stamstraat,2,7442 ZC,NIJVERDAL,0163,HELLENDOORN,0548615313,primary
Overijssel,Protestants Christelijke Basisschool Prinses Beatrix,Trompweg,12,7441 HR,NIJVERDAL,0163,HELLENDOORN,0548655249,primary
Overijssel,Nederlands Hervormde School De Triangel,Korte Kerkweg,25,7954 GC,ROUVEEN,0180,STAPHORST,0522291355,primary
Overijssel,Christelijke Nationale Basisschool De Wegwijzer,Lage Landweg,2,7777 RN,SCHUINESLOOT,0160,HARDENBERG,0523683053,primary
Overijssel,Christelijke basisschool de Driesprong,Nieuwe Schoolweg,3,7645 AV,HOGE HEXEL,0189,WIERDEN,0546697908,primary
Overijssel,CBS De Akkerwal,Ypeloschoolweg,2-A,7468 RE,ENTER,0189,WIERDEN,0547383661,primary
Overijssel,De Wegwijzer,Rijssenseweg,20,7468 AD,ENTER,0189,WIERDEN,0547381685,primary
Overijssel,De Morgenster,Kruizemunthof,10,7641 EX,WIERDEN,0189,WIERDEN,0546573739,primary
Overijssel,Kluinveenschool,Kupersweg,13,7641 AL,WIERDEN,0189,WIERDEN,0546575704,primary
Overijssel,De Sjaloom,De Savornin Lohmanstraat,2,7642 XK,WIERDEN,0189,WIERDEN,0546572010,primary
Overijssel,Enschedese Schoolvereniging,Tichelweg,7,7523 AL,ENSCHEDE,0153,ENSCHEDE,0534311000,primary
Overijssel,Christelijke Basisschool 't Groeipunt,Stobbelaan,65,7681 ZN,VROOMSHOOP,1700,TWENTERAND,0546641473,primary
Overijssel,Oranjeschool,Oranjestraat,28,7681 DN,VROOMSHOOP,1700,TWENTERAND,0546642137,primary
Overijssel,Basisschool Nieuwoord,Klimop,1,7681 HD,VROOMSHOOP,1700,TWENTERAND,0546641805,primary
Overijssel,Protestants Christelijke Basisschool De Hoekstee,Oordtstraat,2-A,7685 PB,BEERZERVELD,0175,OMMEN,0523251247,primary
Overijssel,Christelijke Basisschool De Roerganger,Voormors,2,7468 HA,ENTER,0189,WIERDEN,0547381968,primary
Utrecht,Jenaplansch Klavertje 4,De Cope,26,3421 XL,OUDEWATER,0589,OUDEWATER,0348564490,primary
Utrecht,Basisschool Erica,Ericalaan,30,3911 XN,RHENEN,0340,RHENEN,0317613985,primary
Utrecht,Basissch De Springplank,Groeneweg,60,3911 PG,RHENEN,0340,RHENEN,0317620144,primary
Utrecht,Christelijke Basisschool Wilhelmina,Gasthuisstraat,7,3958 BL,AMERONGEN,1581,UTRECHTSE HEUVELRUG,0343451268,primary
Utrecht,Christelijke Basisschool De Regenboog,Pr Beatrixlaan,34,3958 XK,AMERONGEN,1581,UTRECHTSE HEUVELRUG,0343452466,primary
Utrecht,Basisschool Amerfoortse School Vereniging,Johan v Oldenbarneveltln,23,3818 HA,AMERSFOORT,0307,AMERSFOORT,0334613568,primary
Utrecht,Eben Haezerschool,Koerheuvelweg,1,3912 AA,RHENEN,0340,RHENEN,0317612659,primary
Utrecht,Basisschool Comenius,Zinzendorflaan,2-B,3703 CG,ZEIST,0355,ZEIST,0306917285,primary
Utrecht,P.C. basisschool De Parkschool,Raadhoven,2,3813 LW,AMERSFOORT,0307,AMERSFOORT,0334330270,primary
Utrecht,P.C. basisschool Prins Willem Alexanderschool,F v Blankenheymstr,61,3817 AE,AMERSFOORT,0307,AMERSFOORT,0334617352,primary
Utrecht,P.C. basisschool 't Anker,Dollardstraat,123,3812 EV,AMERSFOORT,0307,AMERSFOORT,0334617284,primary
Utrecht,P.C. basisschool De Windroos,Wiekslag,102,3815 GS,AMERSFOORT,0307,AMERSFOORT,0334790450,primary
Utrecht,P.C. basisschool De Bolster,Van Effenlaan,10,3818 RL,AMERSFOORT,0307,AMERSFOORT,0334617970,primary
Utrecht,P.C. basisschool De Berkenschool,Berkenlaan,29-31,3828 BN,HOOGLAND,0307,AMERSFOORT,0334802122,primary
Utrecht,P.C. basisschool De Zonnewijzer,Trombonestraat,62,3822 CH,AMERSFOORT,0307,AMERSFOORT,0334559939,primary
Utrecht,P.C. basisschool De Wonderboom,Waterkers,1,3824 EH,AMERSFOORT,0307,AMERSFOORT,0334565539,primary
Utrecht,P.C. basisschool De Vuurvogel,Zwartsluiskade,2,3826 EG,AMERSFOORT,0307,AMERSFOORT,0332530707,primary
Utrecht,P.C. basisschool Kon-Tiki,Oceaan,6,3825 WC,AMERSFOORT,0307,AMERSFOORT,0334766404,primary
Utrecht,Oecumenische Basisschool De Ladder,Breeschotenlaan,26,3951 VL,MAARN,1581,UTRECHTSE HEUVELRUG,0343442358,primary
Utrecht,School v/d Stichting Hindoe Onderwijs Shri Krishna school,Van Lawick van Pabstlaan,3,3453 RA,DE MEERN,0344,UTRECHT,0302006440,primary
Utrecht,Basisschool Bilal,Fahrenheitstraat,50,3817 WE,AMERSFOORT,0307,AMERSFOORT,0334617889,primary
Utrecht,IBS El Boukhari,Populierstraat,2,4142 EB,LEERDAM,1961,VIJFHEERENLANDEN,0345631316,primary
Utrecht,Basisschool Sirat,Essenlaan,1,3442 JE,WOERDEN,0632,WOERDEN,0628682828,primary
Utrecht,Ref BS De Wartburg,Laan 1940-1945,33,3931 CR,WOUDENBERG,0351,WOUDENBERG,0332866103,primary
Utrecht,De Vuurvlinder,Boerenzwaluw,19,3905 SG,VEENENDAAL,0345,VEENENDAAL,0318527745,primary
Utrecht,Cunera-School voor Basisonderwijs,Stationsweg,6,3911 AM,RHENEN,0340,RHENEN,0317614119,primary
Utrecht,Johannes Calvijnschool,Buizerdstraat,1,4143 BA,LEERDAM,1961,VIJFHEERENLANDEN,0345612802,primary
Utrecht,Drie Koningenschool,Pastoor Boelenslaan,10,3454 AB,DE MEERN,0344,UTRECHT,0306662489,primary
Utrecht,Willibrordschool,Pastoor Ohllaan,28,3451 CC,VLEUTEN,0344,UTRECHT,0306771618,primary
Utrecht,Het Veldhuis,Keerderberg,23,3453 RD,DE MEERN,0344,UTRECHT,0306666601,primary
Utrecht,Blink,Kweektuinlaan,11,3452 SR,VLEUTEN,0344,UTRECHT,0306668052,primary
Utrecht,IKC De Fonkeling,Doyenneperenlaan,1,3452 EC,VLEUTEN,0344,UTRECHT,0302027600,primary
Utrecht,Basisschool met de Bijbel Het Kompas,Joop Westerweelstraat,18,3417 EN,MONTFOORT,0335,MONTFOORT,0348472121,primary
Utrecht,Basisschool Agatha Snellen,Nicolaasdwarsstraat,3,3512 XG,UTRECHT,0344,UTRECHT,0302313219,primary
Utrecht,Basisschool Oud Zandbergen,Prins Alexanderweg,1-A,3712 AD,HUIS TER HEIDE UT,0355,ZEIST,0306931819,primary
Utrecht,Ichthusschool voor Basisonderwijs,De Genestetlaan,19,3705 BT,ZEIST,0355,ZEIST,0306959512,primary
Utrecht,Basisschool Nye Kroost,Kroostweg,74-A,3704 EG,ZEIST,0355,ZEIST,0306956085,primary
Utrecht,Kerckeboschschool,Oranje Nassaulaan,5,3708 GA,ZEIST,0355,ZEIST,0306914074,primary
Utrecht,Basisschool De Wegwijzer,Willem Schmidtlaan,2,3705 LW,ZEIST,0355,ZEIST,0306956585,primary
Utrecht,Christelijke Basisschool Beurthonk,Salamander,53,3984 MB,ODIJK,0312,BUNNIK,0306562949,primary
Utrecht,Basisschool de Sluis,Koppelweg,131,3704 GG,ZEIST,0355,ZEIST,0306992232,primary
Utrecht,Montessori School,Rembrandtplein,1,3723 CH,BILTHOVEN,0310,DE BILT,0302280818,primary
Utrecht,Vereniging Nieuwe Baarnsche School,Vondellaan,2,3743 HZ,BAARN,0308,BAARN,0355422315,primary
Utrecht,W Teellinckschool voor Basisonderwijs,Ruiterpad,83,3911 SK,RHENEN,0340,RHENEN,0317614388,primary
Utrecht,Byzonder Neutrale Montessori School,Duivenwal-west,300,3905 AV,VEENENDAAL,0345,VEENENDAAL,0318540339,primary
Utrecht,Jenaplan Basisschool Vlinderbos,Veenweg,117-A,3648 HB,WILNIS,0736,DE RONDE VENEN,0297257800,primary
Utrecht,Montessori Basisschool Houten,Hefbrug,9,3991 LB,HOUTEN,0321,HOUTEN,0306340629,primary
Utrecht,Mariaschool,Vierkante Bosje,35,3755 BE,EEMNES,0317,EEMNES,0356460088,primary
Utrecht,De Hobbitstee,Aartseveen,70,3755 VE,EEMNES,0317,EEMNES,0355389891,primary
Utrecht,Rooms Katholieke Basisschool Sint Jozef,De Cope,28,3421 XL,OUDEWATER,0589,OUDEWATER,0348561209,primary
Utrecht,Mariaschool voor Rooms Katholiek Basisonderwijs,Nieuwstraat,9-11,3421 BT,OUDEWATER,0589,OUDEWATER,0348561652,primary
Utrecht,Gereformeerde Basisschool De Plantage,Zoete Inval,8,3901 SM,VEENENDAAL,0345,VEENENDAAL,0318548122,primary
Utrecht,Gereformeerde Basisschool De Regenboog,Reinaartpad,1,3813 KM,AMERSFOORT,0307,AMERSFOORT,0334767883,primary
Utrecht,GBS Het Christal,De Biezenkamp,286,3831 JA,LEUSDEN,0327,LEUSDEN,0332048790,primary
Utrecht,Gereformeerde Basisschool Het Zwaluwnest,Darthuizerberg,133,3825 BN,AMERSFOORT,0307,AMERSFOORT,0334720820,primary
Utrecht,Gereformeerde Basisschool De Horizon,Sportlaan,14,3828 AZ,HOOGLAND,0307,AMERSFOORT,0334809347,primary
Utrecht,Christelijk NAT Basisschool Abcoude,Blomswaard,2,1391 VC,ABCOUDE,0736,DE RONDE VENEN,0294283742,primary
Utrecht,Protestants Christelijke Basisschool De Schepershoek,Schepersweg,8-A,3621 JK,BREUKELEN,1904,STICHTSE VECHT,0346261627,primary
Utrecht,Basisschool Podium,Hoflaan,2,3632 BT,LOENEN AAN DE VECHT,1904,STICHTSE VECHT,0294231298,primary
Utrecht,Basisschool  de Verbinding,Petersburg,56,1393 PT,NIGTEVECHT,1904,STICHTSE VECHT,0294251782,primary
Utrecht,Protestants Christelijke Basisschool Ichthus,Dorpsstraat,4,1396 KJ,BAAMBRUGGE,0736,DE RONDE VENEN,0294291367,primary
Utrecht,'t Kompas School met de Bijbel,Prinses Christinastraat,4,3615 AG,WESTBROEK,0310,DE BILT,0346281475,primary
Utrecht,Rooms Katholieke Basisschool Sint Antonius,De Hoef Oostzijde,33,1426 AE,DE HOEF,0736,DE RONDE VENEN,0297593385,primary
Utrecht,De Optimist,Tuinderslaantje,1-3,3645 EX,VINKEVEEN,0736,DE RONDE VENEN,0297261450,primary
Utrecht,Christelijke Nationale School De Bijenschans,Kerkplein,14-A,3621 BA,BREUKELEN,1904,STICHTSE VECHT,0346261349,primary
Utrecht,Kids College,Veenweg,118-A,3648 HC,WILNIS,0736,DE RONDE VENEN,0297283295,primary
Utrecht,Christelijke Basisschool De Klaroen,M A de Ruyterstr,2,3601 TJ,MAARSSEN,1904,STICHTSE VECHT,0346561862,primary
Utrecht,Roomskatholieke Basisschool De Windroos,Proostdijstraat,39,3641 AT,MIJDRECHT,0736,DE RONDE VENEN,0297256393,primary
Utrecht,De Zilvermaan,Bloemstede,225,3608 TA,MAARSSEN,1904,STICHTSE VECHT,0346564871,primary
Utrecht,Rooms Katholieke Basisschool Hofland,Kogger,2-B,3641 MK,MIJDRECHT,0736,DE RONDE VENEN,0297256153,primary
Utrecht,Christelijke Nationale Basisschool J.C. van der Wal,Zwanenkamp,1305,3607 NZ,MAARSSEN,1904,STICHTSE VECHT,0346572935,primary
Utrecht,Basisschool De Fontein,Johan van Renessestraat,14,3641 KN,MIJDRECHT,0736,DE RONDE VENEN,0297257459,primary
Utrecht,Het Kompas,Buitenweg,308,3602 ZK,MAARSSEN,1904,STICHTSE VECHT,0346550159,primary
Utrecht,Katholieke Brede School Carolus,Kerkweg,20,3945 BN,COTHEN,0352,WIJK BIJ DUURSTEDE,0343561773,primary
Utrecht,Basisschool Floris Radewijnsz,Drossaardslaan,64,4143 BD,LEERDAM,1961,VIJFHEERENLANDEN,0345616964,primary
Utrecht,Basisschool De Ceder,Larikslaan,1-A,3904 LA,VEENENDAAL,0345,VEENENDAAL,0318510093,primary
Utrecht,Basisschool De Burcht,Margaretha Turnorlaan,5,3903 WK,VEENENDAAL,0345,VEENENDAAL,0318555562,primary
Utrecht,School JUUL,Karel Fabritiusstraat,1,3904 TG,VEENENDAAL,0345,VEENENDAAL,0318511168,primary
Utrecht,Het Baken II,De Reede,71,3904 NT,VEENENDAAL,0345,VEENENDAAL,0318515613,primary
Utrecht,Het Baken I,'t Kofschip,2,3904 RS,VEENENDAAL,0345,VEENENDAAL,0318510935,primary
Utrecht,Het Erf,Ronde Erf,2-4,3902 CZ,VEENENDAAL,0345,VEENENDAAL,0318514414,primary
Utrecht,Protestants Christelijke Basisschool de Grondtoon,Componistensingel,26,3906 BW,VEENENDAAL,0345,VEENENDAAL,0318528741,primary
Utrecht,Tamim,Spiesheem,54,3907 NJ,VEENENDAAL,0345,VEENENDAAL,0318769141,primary
Utrecht,'t Speel-Kwartier,Ruiterijweg,1,3902 JA,VEENENDAAL,0345,VEENENDAAL,0318651901,primary
Utrecht,Immanuelschool,Kluwen,5,3421 KW,OUDEWATER,0589,OUDEWATER,0348561614,primary
Utrecht,Montessori Basisschool Pallas Athene,Heinsiuslaan,1,3818 JE,AMERSFOORT,0307,AMERSFOORT,0334617134,primary
Utrecht,Montessorischool De Vleugel,Mozartplantsoen,1,3438 AG,NIEUWEGEIN,0356,NIEUWEGEIN,0306045789,primary
Utrecht,Montessori Basisschool Rhenen,Lijsterberg,113,3911 DJ,RHENEN,0340,RHENEN,0317612976,primary
Utrecht,Montessorischool Arcade,Pauwoogvlinder,12,3544 DB,UTRECHT,0344,UTRECHT,0306705244,primary
Utrecht,Amalia Astroschool voor Christelijk Basisonderwijs,Parkstraat,30,3743 EE,BAARN,0308,BAARN,0355413287,primary
Utrecht,Protestants Christelijke Basisschool De Postiljon,Generaal Winkelmanstraat,111,3769 EC,SOESTERBERG,0342,SOEST,0346351518,primary
Utrecht,Protestants Christelijke Basisschool Koningin Wilhelmina,Dalweg,11,3741 AT,BAARN,0308,BAARN,0355429698,primary
Utrecht,Protestants Christelijke Basisschool Guido De Bres,Begoniastraat,2,3742 TG,BAARN,0308,BAARN,0355415497,primary
Utrecht,PCBS Gaspard de Coligny,De Oude Werf,5-A,3741 CS,BAARN,0308,BAARN,0355426470,primary
Utrecht,De Werveling Basisschool,Oude Utrechtseweg,24,3768 CC,SOEST,0342,SOEST,0356016422,primary
Utrecht,Da Costa Basisschool,Spoorstraat,3,3761 AJ,SOEST,0342,SOEST,0356035399,primary
Utrecht,Insingerbasisschool,Insingerstraat,57,3766 MA,SOEST,0342,SOEST,0356017309,primary
Utrecht,Basisschool De Bron,Sweelinckstraat,2,3766 ED,SOEST,0342,SOEST,0356021376,primary
Utrecht,De Nieuwe Wiel,Juliana van Stolberglaan,65,3411 XB,LOPIK,0331,LOPIK,0348551513,primary
Utrecht,De Fontein,Hendriklaan,5,3481 VR,HARMELEN,0632,WOERDEN,0348441730,primary
Utrecht,Timotheusschool,Laan van Rapijnen,38,3461 GH,LINSCHOTEN,0335,MONTFOORT,0348409227,primary
Utrecht,Graaf Jan van Montfoort,Parklaan,4-A,3417 VA,MONTFOORT,0335,MONTFOORT,0348473390,primary
Utrecht,Christelijke Constantijnschool,Botter,2,3448 KA,WOERDEN,0632,WOERDEN,0348422567,primary
Utrecht,Willem van Oranje,Goudenregenstraat,2-A,3442 HG,WOERDEN,0632,WOERDEN,0348416079,primary
Utrecht,PCB De Bloesem,Aalberse-lanen,56-A,3445 TC,WOERDEN,0632,WOERDEN,0348415735,primary
Utrecht,Willem Alexanderschool,Anton Mauvestraat,1,3443 CV,WOERDEN,0632,WOERDEN,0348412687,primary
Utrecht,Wilhelminaschool,Oostsingel,4,3441 GB,WOERDEN,0632,WOERDEN,0348412432,primary
Utrecht,Johan Frisoschool,Het Spaarne,7-B,3448 DX,WOERDEN,0632,WOERDEN,0348418509,primary
Utrecht,Margrietschool,Alpenstraat,3,3446 DR,WOERDEN,0632,WOERDEN,0348431791,primary
Utrecht,Vrije School Amersfoort,Romeostraat,74,3816 SE,AMERSFOORT,0307,AMERSFOORT,0334727622,primary
Utrecht,Koningin Julianaschool,Ekris,25,3931 PT,WOUDENBERG,0351,WOUDENBERG,0332862950,primary
Utrecht,Openbare Basisschool De Zuidwend,Vierkante Bosje,39,3755 BG,EEMNES,0317,EEMNES,0355383855,primary
Utrecht,Graaf Florisschool,'t Rond,22,3632 BP,LOENEN AAN DE VECHT,1904,STICHTSE VECHT,0294233207,primary
Utrecht,Koningin Wilhelminaschool,Drossaardslaan,70,4143 BD,LEERDAM,1961,VIJFHEERENLANDEN,0345632361,primary
Utrecht,Christelijke Basisschool Klim Op,Keramieklaan,3,4142 BL,LEERDAM,1961,VIJFHEERENLANDEN,0345613731,primary
Utrecht,Christelijke Basisschool Juliana,Koningin Emmalaan,45,4141 EA,LEERDAM,1961,VIJFHEERENLANDEN,0345614317,primary
Utrecht,Kees Valkensteinschool voor Openbaar Basisonderwijs,Kortland,23,3451 VD,VLEUTEN,0344,UTRECHT,0306775563,primary
Utrecht,Openbare Montessori basisschool de Meander,Centrumlaan,1,3454 CX,DE MEERN,0344,UTRECHT,0306662681,primary
Utrecht,Apollo II school voor Openbaar Basisonderwijs,Ten Veldestraat,98,3454 EN,DE MEERN,0344,UTRECHT,0306662577,primary
Utrecht,Openbare Basisschool de Cirkel,Prinses Margrietstraat,124,3554 GJ,UTRECHT,0344,UTRECHT,0302440498,primary
Utrecht,Basisschool Prinses Margriet,Prinses Margrietstraat,20,3554 GE,UTRECHT,0344,UTRECHT,0302441550,primary
Utrecht,OBS Rietendakschool,Laan van Chartroise,160,3552 EZ,UTRECHT,0344,UTRECHT,0302448657,primary
Utrecht,Basisschool Jules Verne,Mariendaalstraat,21,3551 XH,UTRECHT,0344,UTRECHT,0302442388,primary
Utrecht,Openbare Basisschool Overvecht,Eufraatdreef,1,3564 XZ,UTRECHT,0344,UTRECHT,0302617118,primary
Utrecht,OBS Tuindorp,Prof. van Bemmelenlaan,34,3571 EN,UTRECHT,0344,UTRECHT,0302730233,primary
Utrecht,Witte Vrouwen-School Jenaplan-School,Poortstraat,73,3572 HD,UTRECHT,0344,UTRECHT,0302715526,primary
Utrecht,Openbare Basisschool De Koekoek,Koekoeksplein,1-A,3514 TT,UTRECHT,0344,UTRECHT,0302719672,primary
Utrecht,Basisschool Dr D Bos,Nolenslaan,33,3515 VB,UTRECHT,0344,UTRECHT,0302719056,primary
Utrecht,Prof. Kohnstammschool,Marislaan,1,3582 HD,UTRECHT,0344,UTRECHT,0302512187,primary
Utrecht,Openbare Basisschool De Hoge Raven,Wijnesteinlaan,6,3525 AL,UTRECHT,0344,UTRECHT,0302801112,primary
Utrecht,Basisschool Anne Frank,Van Bijnkershoeklaan,280,3527 XL,UTRECHT,0344,UTRECHT,0302934564,primary
Utrecht,ODBS Pieterskerkhof,Pieterskerkhof,10,3512 JR,UTRECHT,0344,UTRECHT,0302311751,primary
Utrecht,Basisschool De Klim Werkkring,Eifel,26-28,3524 HH,UTRECHT,0344,UTRECHT,0302888788,primary
Utrecht,Daltonschool Rijnsweerd,Jan Muschlaan,24,3584 GV,UTRECHT,0344,UTRECHT,0302523172,primary
Utrecht,De Kaleidoskoop,Columbuslaan,40,3526 EP,UTRECHT,0344,UTRECHT,0302883643,primary
Utrecht,Openbare Basisschool De Kleine Dichter,Heycopplein,1,3521 EX,UTRECHT,0344,UTRECHT,0302963585,primary
Utrecht,Openbare Montessorischool Oog in Al,Victor Hugoplantsoen,34,3533 CJ,UTRECHT,0344,UTRECHT,0302930036,primary
Utrecht,Openbare Basisschool Voordorp,Che Guevarastraat,15,3573 BK,UTRECHT,0344,UTRECHT,0302719011,primary
Utrecht,"Obs De Klimroos, samen de wereld in",Langerakbaan,231,3544 RK,UTRECHT,0344,UTRECHT,0306620004,primary
Utrecht,Pantarijn,Van Lawick van Pabstlaan,1,3453 RA,DE MEERN,0344,UTRECHT,0306663750,primary
Utrecht,Vleuterweide,Passiebloemweg,7,3452 CZ,VLEUTEN,0344,UTRECHT,0306666406,primary
Utrecht,Waterrijk,Musicallaan,102,3543 BT,UTRECHT,0344,UTRECHT,0306700339,primary
Utrecht,OBS Het Zand,Pauwoogvlinder,18,3544 DB,UTRECHT,0344,UTRECHT,0306704650,primary
Utrecht,Johan de Witt,Beethovenplein,2,3533 EW,UTRECHT,0344,UTRECHT, ,primary
Utrecht,Kindcentrum Rijnvliet,Pecanlaan,50,3545 CJ,UTRECHT,0344,UTRECHT,0302006721,primary
Utrecht,Openbare Basisschool De Hobbitstee,G van Damstraat,83-B,3417 WD,MONTFOORT,0335,MONTFOORT,0348472620,primary
Utrecht,Openbare School Prins Claus,Laan van Rapijnen,26,3461 GH,LINSCHOTEN,0335,MONTFOORT,0348415652,primary
Utrecht,Openbare Basisschool Oudewater,Kluwen,3,3421 KW,OUDEWATER,0589,OUDEWATER,0348563112,primary
Utrecht,CBS Eben-Haezer,Oranje-Nassaustraat,12,3405 XK,BENSCHOP,0331,LOPIK,0348451407,primary
Utrecht,CBS Het Fundament,Verduinstraat,8,4243 JZ,NIEUWLAND,1961,VIJFHEERENLANDEN,0183352224,primary
Utrecht,CBS Het Kompas,Gregoriuslaan,40,4128 SZ,LEXMOND,1961,VIJFHEERENLANDEN,0347341237,primary
Utrecht,CBS Herédium,Schoolstraat,3,4122 GA,ZIJDERVELD,1961,VIJFHEERENLANDEN,0345641767,primary
Utrecht,CBS De Rank,Blommendaal,6,4231 DC,MEERKERK,1961,VIJFHEERENLANDEN,0183351387,primary
Utrecht,CBS Eben-Haezer,Hr Willem van Egmondstr,1,3415 PW,POLSBROEK,0331,LOPIK,0182309248,primary
Utrecht,Noachschool,Kerkweg,3-A,4145 MP,SCHOONREWOERD,1961,VIJFHEERENLANDEN,0345641515,primary
Utrecht,CBS Immanuel,Kapelsepad,20-A,3412 KM,LOPIKERKAPEL,0331,LOPIK,0306881733,primary
Utrecht,SmdB De Kandelaar,Liesveldweg,65,4233 HG,AMEIDE,1961,VIJFHEERENLANDEN,0183601601,primary
Utrecht,CBS De Regenboog,Emmalaan,66,3411 XJ,LOPIK,0331,LOPIK,0348551406,primary
Utrecht,CBS De Ontdekking,Pleinstraat,13-A,4126 RT,HEI- EN BOEICOP,1961,VIJFHEERENLANDEN,0345641312,primary
Utrecht,CBS Samuël,Noordzijdseweg,221-A,3415 RE,POLSBROEK,0331,LOPIK,0182309622,primary
Utrecht,Openbare Daltonschool Rhenen-Elst,De Spijlen,1,3921 EK,ELST UT,0340,RHENEN,0318471788,primary
Utrecht,De Uitkijck,Margrietstraat,2,3742 RC,BAARN,0308,BAARN,0355414413,primary
Utrecht,Basisschool Kruisrak,Vogelpad,1,3752 KV,BUNSCHOTEN-SPAKENBURG,0313,BUNSCHOTEN,0332984260,primary
Utrecht,Jan Ligthartschool,Frans Halslaan,4,3931 LJ,WOUDENBERG,0351,WOUDENBERG,0332862067,primary
Utrecht,Griftschool,Van Speijklaan,30,3931 AB,WOUDENBERG,0351,WOUDENBERG,0334804264,primary
Utrecht,Openbare basisschool De Egelantier,Smitsweg,311,3765 CJ,SOEST,0342,SOEST,0356099270,primary
Utrecht,obs De Startbaan,Oude Tempellaan,9-A,3769 JA,SOESTERBERG,0342,SOEST,0346353058,primary
Utrecht,CJS De Kring,Sparrenlaan,29,3971 PV,DRIEBERGEN-RIJSENBURG,1581,UTRECHTSE HEUVELRUG,0343514459,primary
Utrecht,Basisschool De Zonheuvel,Burgemeesterpark,29,3971 CV,DRIEBERGEN-RIJSENBURG,1581,UTRECHTSE HEUVELRUG,0343513290,primary
Utrecht,Basisschool De Uilenburcht,Jagersdreef,145,3972 XD,DRIEBERGEN-RIJSENBURG,1581,UTRECHTSE HEUVELRUG,0343516475,primary
Utrecht,Basisschool De Wegwijzer,Karolingersweg,147,3962 AD,WIJK BIJ DUURSTEDE,0352,WIJK BIJ DUURSTEDE,0343572672,primary
Utrecht,De Regenboog,Dukdalf,28,3961 LA,WIJK BIJ DUURSTEDE,0352,WIJK BIJ DUURSTEDE,0343575793,primary
Utrecht,De Sterrenboog,Tromplaan,1,3941 VR,DOORN,1581,UTRECHTSE HEUVELRUG,0343413183,primary
Utrecht,De Wijngaard,Abrikozengaard,18,3941 LL,DOORN,1581,UTRECHTSE HEUVELRUG,0343415012,primary
Utrecht,WereldKidz Kockenest,Drie Stammenweg,2,3628 BW,KOCKENGEN,1904,STICHTSE VECHT,0346241773,primary
Utrecht,WereldKidz Meander,Burg W Martenslaan,29,3958 GR,AMERONGEN,1581,UTRECHTSE HEUVELRUG,0343451554,primary
Utrecht,WereldKidz Bontenest,Spechtenkamp,232,3607 KN,MAARSSEN,1904,STICHTSE VECHT,0346578369,primary
Utrecht,WereldKidz Dolfijn,Horstlaan,2,3971 LC,DRIEBERGEN-RIJSENBURG,1581,UTRECHTSE HEUVELRUG,0343513216,primary
Utrecht,WereldKidz Anne Frankschool,Camminghalaan,27-E,3981 GD,BUNNIK,0312,BUNNIK,0306561557,primary
Utrecht,WereldKidz Bongerd,Rijneiland,1,3984 MA,ODIJK,0312,BUNNIK,0306561200,primary
Utrecht,WereldKidz De vlieger,De Bongerd,3,3901 KC,VEENENDAAL,0345,VEENENDAAL,0318526333,primary
Utrecht,WereldKidz Montessori Zeist,Sumatralaan,1,3705 XL,ZEIST,0355,ZEIST,0306958361,primary
Utrecht,WereldKidz Op Dreef,Laan van Vollenhove,1457,3706 EW,ZEIST,0355,ZEIST,0306959033,primary
Utrecht,WereldKidz Achtbaan,Boerenzwaluw,19,3905 SG,VEENENDAAL,0345,VEENENDAAL,0318516324,primary
Utrecht,WereldKidz Triangel,Zwanenkamp,1303,3607 NZ,MAARSSEN,1904,STICHTSE VECHT,0346556390,primary
Utrecht,WereldKidz Tweesprong,Fazantenkamp,160,3607 CH,MAARSSEN,1904,STICHTSE VECHT,0346556013,primary
Utrecht,WereldKidz Het Spoor,Slotlaan,330,3701 GX,ZEIST,0355,ZEIST,0306918615,primary
Utrecht,WereldKidz Kameleon,Van Der Leelaan,1,3941 RN,DOORN,1581,UTRECHTSE HEUVELRUG,0343413322,primary
Utrecht,WereldKidz Meent,Trompplein,3,3951 CR,MAARN,1581,UTRECHTSE HEUVELRUG,0343442602,primary
Utrecht,WereldKidz Merseberch,Van Beuningenlaan,28-A,3953 BR,MAARSBERGEN,1581,UTRECHTSE HEUVELRUG,0343431676,primary
Utrecht,WereldKidz Palet,Buitenweg,310,3602 ZK,MAARSSEN,1904,STICHTSE VECHT,0346556163,primary
Utrecht,De Ontdekkingsreis,Jagerspad,7,3972 XL,DRIEBERGEN-RIJSENBURG,1581,UTRECHTSE HEUVELRUG,0343521711,primary
Utrecht,Wereldkidz Bolenstein,Harmonieweg,6,3603 BN,MAARSSEN,1904,STICHTSE VECHT,0346561432,primary
Utrecht,De Magneet,Maasstraat,2,3812 HS,AMERSFOORT,0307,AMERSFOORT,0334617197,primary
Utrecht,ikc Vlinderslag,Evertsenstraat,39,3814 SG,AMERSFOORT,0307,AMERSFOORT,0334701202,primary
Utrecht,Kindcentrum De Kei,Abraham Blankaartsingel,67,3813 PA,AMERSFOORT,0307,AMERSFOORT,0334330695,primary
Utrecht,obs De Wijde Wereld,Wiekslag,102-A,3815 GS,AMERSFOORT,0307,AMERSFOORT,0334720950,primary
Utrecht,Kindcentrum Het Scala,Ariaweg,115,3816 HJ,AMERSFOORT,0307,AMERSFOORT,0334720221,primary
Utrecht,Openbare Basischool J Vd Vondel,Huijgenslaan,41,3818 WB,AMERSFOORT,0307,AMERSFOORT,0334617997,primary
Utrecht,Openbare Basisschool De Bieshaar,Kraailandhof,3,3828 JN,HOOGLAND,0307,AMERSFOORT,0334801414,primary
Utrecht,Openbare Basisschool De Achtbaan,Luiterf,2,3822 CD,AMERSFOORT,0307,AMERSFOORT,0334551133,primary
Utrecht,Montessori Basisschool De Kosmos,De Bovenkruier,1,3828 AR,HOOGLAND,0307,AMERSFOORT,0334807515,primary
Utrecht,Openbare Basisschool de Meander,Het Avontuur,45,3823 DW,AMERSFOORT,0307,AMERSFOORT,0334562099,primary
Utrecht,De Gondelier,Zwartsluiskade,2,3826 EG,AMERSFOORT,0307,AMERSFOORT,0332530401,primary
Utrecht,Atlantis,Oceaan,4,3825 WC,AMERSFOORT,0307,AMERSFOORT,0334948840,primary
Utrecht,Jenaplanschool De Kring,Jan Steenstraat,102,3443 GZ,WOERDEN,0632,WOERDEN,0348481851,primary
Utrecht,obs De Achtsprong,Stromenlaan,128-A,3448 CH,WOERDEN,0632,WOERDEN,0348410005,primary
Utrecht,Bs De Horizon,Hendriklaan,3,3481 VR,HARMELEN,0632,WOERDEN,0348442410,primary
Utrecht,Basisschool Andersenschool,Andersenhof,2,3446 BS,WOERDEN,0632,WOERDEN,0348415836,primary
Utrecht,Basisschool De Ark,Populierstraat,43,4131 AR,VIANEN UT,1961,VIJFHEERENLANDEN,0347373342,primary
Utrecht,Protestants Christelijke Basisschool De Schakel,Weth.De Langelaan,1,3956 GL,LEERSUM,1581,UTRECHTSE HEUVELRUG,0343452928,primary
Utrecht,Basisschool De Rank,'t Wed,14-16,4132 CC,VIANEN UT,1961,VIJFHEERENLANDEN,0347371477,primary
Utrecht,Christelijke Basisschool De Hoeksteen,Burg vd Boschlaan,22,3956 DC,LEERSUM,1581,UTRECHTSE HEUVELRUG,0343452901,primary
Utrecht,Basisschool De Voorhof,De Looch,3-5,4133 DK,VIANEN UT,1961,VIJFHEERENLANDEN,0347373527,primary
Utrecht,Het Mozaïek,Glazeniersgilde,18,3994 BM,HOUTEN,0321,HOUTEN,0306343757,primary
Utrecht,De Pijler,Sint Petersburglaan,33,3404 CV,IJSSELSTEIN,0353,IJSSELSTEIN,0306874094,primary
Utrecht,Kon Julianaschool,Aert de Gelderhage,5,3437 KB,NIEUWEGEIN,0356,NIEUWEGEIN,0306038483,primary
Utrecht,Koningin Beatrixschool,Bendienlaan,27-29,3431 RA,NIEUWEGEIN,0356,NIEUWEGEIN,0306014710,primary
Utrecht,Prinses Margrietschool,Aardbeigaarde,4,3436 GB,NIEUWEGEIN,0356,NIEUWEGEIN,0306038005,primary
Utrecht,De Zandbloem,Lupinestraat,23,3434 HA,NIEUWEGEIN,0356,NIEUWEGEIN,0306065165,primary
Utrecht,Mauritsschool,Kastanjestraat,4,3434 CA,NIEUWEGEIN,0356,NIEUWEGEIN,0306062026,primary
Utrecht,De Trompetvogel,Groenling,11,3435 BZ,NIEUWEGEIN,0356,NIEUWEGEIN,0306038529,primary
Utrecht,Wereldwijs,Guldenslag,131,3991 WE,HOUTEN,0321,HOUTEN,0306343217,primary
Utrecht,Basisschool De Fontein,Bronmos,2,3994 KA,HOUTEN,0321,HOUTEN,0306361065,primary
Utrecht,Prot. Christelijke basisschool De Zonnewijzer,Zonnehout,1,3991 MV,HOUTEN,0321,HOUTEN,0302421063,primary
Utrecht,Het Avontuur,De Brink,6,4125 TR,HOEF EN HAAG,1961,VIJFHEERENLANDEN,0347215005,primary
Utrecht,Willem Alexanderschool Vreeswijk,Koninginnenlaan,5,3433 CT,NIEUWEGEIN,0356,NIEUWEGEIN,0306060525,primary
Utrecht,Eben-Haëzer school,Madridstraat,3,3541 DZ,UTRECHT,0344,UTRECHT,0302937037,primary
Utrecht,Johannes Bogermanschool,Tuibrug,10,3991 LC,HOUTEN,0321,HOUTEN,0306372100,primary
Utrecht,School Met De Bijbel,Doude van Troostwijkstr,22,3626 AV,NIEUWER TER AA,1904,STICHTSE VECHT,0294233686,primary
Utrecht,Rehobothschool voor Reformatorisch Onderwijs,Gerrit Jan vd Veenlaan,2,3705 PE,ZEIST,0355,ZEIST,0306918858,primary
Utrecht,Johannes Calvijnschool,Waterdaal,3,3817 GV,AMERSFOORT,0307,AMERSFOORT,0334614713,primary
Utrecht,Daniëlschool,Smitsweg,46,3765 CT,SOEST,0342,SOEST,0356017230,primary
Utrecht,Openbare Basisschool Twister,Molenwiek,48,3642 BS,MIJDRECHT,0736,DE RONDE VENEN,0297281275,primary
Utrecht,Openbare Basisschool Wereldwijs Mijdrecht,Eendracht,7,3641 ML,MIJDRECHT,0736,DE RONDE VENEN,0297285586,primary
Utrecht,Openbare Basisschool Willespoort,Vossestaart,1,3648 HP,WILNIS,0736,DE RONDE VENEN,0297286630,primary
Utrecht,De Pijlstaart,Pijlstaartlaan,7,3645 GR,VINKEVEEN,0736,DE RONDE VENEN,0297261633,primary
Utrecht,Basisschool De Wegwijzer,Haarweg,23,3959 AM,OVERBERG,1581,UTRECHTSE HEUVELRUG,0343481375,primary
Utrecht,CBS Het Visnet,De Spijlen,5,3921 EK,ELST UT,0340,RHENEN,0318471336,primary
Utrecht,Christelijke Basisschool de Borgwal,De Hokhorst,2,3927 GX,RENSWOUDE,0339,RENSWOUDE,0318572014,primary
Utrecht,Christelijke Basisschool De Stifthorst,Oude Holleweg,17,3927 CK,RENSWOUDE,0339,RENSWOUDE,0318571956,primary
Utrecht,De Olijfboom,John F. Kennedylaan,6,3931 XK,WOUDENBERG,0351,WOUDENBERG,0332862983,primary
Utrecht,obs De Vlindertuin,Liesveldweg,65,4233 HG,AMEIDE,1961,VIJFHEERENLANDEN,0183601502,primary
Utrecht,Basisschool De Wilgenhoek,Keramieklaan,1,4142 BL,LEERDAM,1961,VIJFHEERENLANDEN,0345632101,primary
Utrecht,Openbare Basisschool De Springplank,Burgemeester Sloblaan,14,4231 AB,MEERKERK,1961,VIJFHEERENLANDEN,0183351788,primary
Utrecht,OBS De Sterrenkijker,Drossaardslaan,72,4143 BD,LEERDAM,1961,VIJFHEERENLANDEN,0345614880,primary
Utrecht,Openbare Basisschool Prinses Wilhelmina,Gregoriuslaan,42,4128 SZ,LEXMOND,1961,VIJFHEERENLANDEN,0347341499,primary
Utrecht,Basisschool Hobbitstee,Prinses Irenelaan,2-A,4141 ES,LEERDAM,1961,VIJFHEERENLANDEN,0345614977,primary
Utrecht,Basisschool Het Mozaiek,Tiendweg,90,4142 EM,LEERDAM,1961,VIJFHEERENLANDEN,0345639580,primary
Utrecht,Kindcentrum Werelds,Het Slyk,7,4133 EA,VIANEN UT,1961,VIJFHEERENLANDEN,0347375254,primary
Utrecht,Basisschool Tijl Uilenspiegel,Grote Geusplein,2,4131 GZ,VIANEN UT,1961,VIJFHEERENLANDEN,0347343410,primary
Utrecht,De Wissel,Oortlaan,1,3572 ZM,UTRECHT,0344,UTRECHT,0302717436,primary
Utrecht,De Triangel Houten,Jukveld,2,3993 GA,HOUTEN,0321,HOUTEN,0306352308,primary
Utrecht,De Tandem,Planetenbaan,40,3402 HP,IJSSELSTEIN,0353,IJSSELSTEIN,0306883760,primary
Utrecht,OBS 't Kasteel,Johan Willem Frisolaan,2,3401 AX,IJSSELSTEIN,0353,IJSSELSTEIN,0306881821,primary
Utrecht,De Toonladder,Lohengrinhof,11-13,3438 RA,NIEUWEGEIN,0356,NIEUWEGEIN,0306037361,primary
Utrecht,De Meander,Morelgaarde,13-15,3436 GE,NIEUWEGEIN,0356,NIEUWEGEIN,0306046920,primary
Utrecht,De Veldrakker,Heemraadsweide,5-7,3437 CA,NIEUWEGEIN,0356,NIEUWEGEIN,0306035935,primary
Utrecht,Basisschool De Torenuil,Sint Petersburglaan,29,3404 CV,IJSSELSTEIN,0353,IJSSELSTEIN,0306874090,primary
Utrecht,Martin Luther Kingschool,Nachtegaallaan,38,3738 EB,MAARTENSDIJK,0310,DE BILT,0346212545,primary
Utrecht,Basisschool St Michael,Kerklaan,33,3731 EE,DE BILT,0310,DE BILT,0302201214,primary
Utrecht,Rooms Katholieke Basisschool St Theresia,Gregoriuslaan,4,3723 KR,BILTHOVEN,0310,DE BILT,0302286556,primary
Utrecht,Patioschool De Kleine Prins,Weltevreden,8,3731 AL,DE BILT,0310,DE BILT,0302203945,primary
Utrecht,Wereldwijs voor basisonderwijs,Planetenplein,2,3721 LH,BILTHOVEN,0310,DE BILT,0303031717,primary
Utrecht,Basisschool de Regenboog,Aeolusweg,8,3731 XG,DE BILT,0310,DE BILT,0302211088,primary
Utrecht,Groen van Prinsterer Basisschool,Groen van Prinstererweg,2,3731 HB,DE BILT,0310,DE BILT,0302204652,primary
Utrecht,De Rietakker,Abt Ludolfweg,109,3732 AN,DE BILT,0310,DE BILT,0302763355,primary
Utrecht,Julianaschool,Julianalaan,52,3722 GR,BILTHOVEN,0310,DE BILT,0302287130,primary
Utrecht,Van Dijckschool,Van Dijcklaan,4,3723 CG,BILTHOVEN,0310,DE BILT,0302282736,primary
Utrecht,Al Amana Zuilen,Marnixlaan,362,3552 HM,UTRECHT,0344,UTRECHT,0302440720,primary
Utrecht,Al Amana Leidsche Rijn,Eerste Oosterparklaan,88,3544 AK,UTRECHT,0344,UTRECHT,0302006188,primary
Utrecht,Al Amana Zeist,De Clomp,2006,3704 KC,ZEIST,0355,ZEIST,0302027007,primary
Utrecht,Al Amana Overvecht,Winterboeidreef,10,3561 HX,UTRECHT,0344,UTRECHT,0303030628,primary
Utrecht,Al Amana Veenendaal,Zoete Inval,10,3901 SM,VEENENDAAL,0345,VEENENDAAL,0318248100,primary
Utrecht,Piet Mondriaan,Broekzijdselaan,46-A,1391 XL,ABCOUDE,0736,DE RONDE VENEN,0294281900,primary
Utrecht,Openbare Basisschool De Regenboog,Heycoplaan,13-15,3621 WS,BREUKELEN,1904,STICHTSE VECHT,0346262211,primary
Utrecht,Openbare basisschool De Velduil,Korenmolen,2,3995 AH,HOUTEN,0321,HOUTEN,0306342620,primary
Utrecht,Openbare Basisschool De Bijenkorf,Riddersborch,143,3992 BK,HOUTEN,0321,HOUTEN,0306353515,primary
Utrecht,Openbare Basisschool Ridderspoor,Horigenland,50,3994 TK,HOUTEN,0321,HOUTEN,0306361066,primary
Utrecht,Openbare Daltonbasisschool De Plantage,Plantagepolder,1,3991 ZE,HOUTEN,0321,HOUTEN,0302436894,primary
Utrecht,Basisschool Het Kompas,De Meent,3,3833 EA,LEUSDEN,0327,LEUSDEN,0334943175,primary
Utrecht,Ontmoetingsschool Atlas,De Biezenkamp,290,3831 JA,LEUSDEN,0327,LEUSDEN,0334941360,primary
Utrecht,Basisschool 't Palet,Willem Alexanderhof,6,3832 JN,LEUSDEN,0327,LEUSDEN,0334940473,primary
Utrecht,Samenwerkingsschool Wereldwijs,Berkelwijk,35,3831 MN,LEUSDEN,0327,LEUSDEN,0334943262,primary
Utrecht,Basisschool de Bongerd,Asschatterweg,36-B,3831 JT,LEUSDEN,0327,LEUSDEN,0334940128,primary
Utrecht,Basisschool de Loysderhoek,Willem Alexanderhof,8,3832 JN,LEUSDEN,0327,LEUSDEN,0334944438,primary
Utrecht,Basisschool de Hobbit,De Meent,3,3833 EA,LEUSDEN,0327,LEUSDEN,0334942131,primary
Utrecht,Taalschool Voila,Lingewijk,13,3831 LE,LEUSDEN,0327,LEUSDEN,0334942131,primary
Utrecht,"Basisschool ""Kla4""",Asschatterweg,36-B,3831 JT,LEUSDEN,0327,LEUSDEN,0334941719,primary
Utrecht,'t Startblok,Jan van Arkelweg,2,3791 AC,ACHTERVELD,0327,LEUSDEN, ,primary
Utrecht,Basisschool Gisbertus Voetius,Bloemengaard,69,3941 TB,DOORN,1581,UTRECHTSE HEUVELRUG,0343415108,primary
Utrecht,OBS De Toermalijn,Overrijnseveld,1,3945 GH,COTHEN,0352,WIJK BIJ DUURSTEDE,0343430741,primary
Utrecht,De Werkschuit,Notengaard,17,3962 JD,WIJK BIJ DUURSTEDE,0352,WIJK BIJ DUURSTEDE,0343592016,primary
Utrecht,Brede school Het Anker,Hordenweg,7,3961 KA,WIJK BIJ DUURSTEDE,0352,WIJK BIJ DUURSTEDE,0343792000,primary
Utrecht,OBS Piet de Springer,Prinsenplein,1,3947 PG,LANGBROEK,0352,WIJK BIJ DUURSTEDE,0343562303,primary
Utrecht,De Horn,Overloop,2,3961 KE,WIJK BIJ DUURSTEDE,0352,WIJK BIJ DUURSTEDE,0343597066,primary
Utrecht,Eben-Haezerschool,Schoolstraat,2,4245 LH,LEERBROEK,1961,VIJFHEERENLANDEN,0345599567,primary
Utrecht,School Met De Bijbel Eemdijk,Vaartweg,5,3754 NA,EEMDIJK,0313,BUNSCHOTEN,0332981428,primary
Utrecht,Christelijke Basisschool De Ark,Rembrandt van Rijnstraat,16,3751 VK,BUNSCHOTEN-SPAKENBURG,0313,BUNSCHOTEN,0332981437,primary
Utrecht,Christelijke Basisschool Het Sterrenlicht,Prins Clausstraat,2,3751 DN,BUNSCHOTEN-SPAKENBURG,0313,BUNSCHOTEN,0332981395,primary
Utrecht,Christelijke Basisschool de Grondtoon,Jan Zwartplantsoen,20,3752 VG,BUNSCHOTEN-SPAKENBURG,0313,BUNSCHOTEN,0332983804,primary
Utrecht,Christelijke Basisschool de Wegwijzer,Idenburgstraat,9,3752 AN,BUNSCHOTEN-SPAKENBURG,0313,BUNSCHOTEN,0332983055,primary
Utrecht,Dr H Bavinckschool,Flevolaan,9,3752 DA,BUNSCHOTEN-SPAKENBURG,0313,BUNSCHOTEN,0332986520,primary
Utrecht,Calvijnschool,Prinses Margrietstraat,17,3751 CP,BUNSCHOTEN-SPAKENBURG,0313,BUNSCHOTEN,0332981731,primary
Utrecht,Mr Gr van Prinstererschool,Jan Zwartplantsoen,22,3752 VG,BUNSCHOTEN-SPAKENBURG,0313,BUNSCHOTEN,0332980714,primary
Utrecht,CKC Het Talent,Rembrandt van Rijnstraat,16,3751 VK,BUNSCHOTEN-SPAKENBURG,0313,BUNSCHOTEN,0332983305,primary
Utrecht,Christelijke Basisschool de Vlucht,Huismus,1,3752 MA,BUNSCHOTEN-SPAKENBURG,0313,BUNSCHOTEN,0332982204,primary
Utrecht,Basisschool Dr C Steenblok,Zoete Inval,10,3901 SM,VEENENDAAL,0345,VEENENDAAL,0318511011,primary
Utrecht,Jan De Bakker School,Irisstraat,2,3442 XH,WOERDEN,0632,WOERDEN,0348416036,primary
Utrecht,Basisschool De Boogerd,Beusichemseweg,118,3997 ML,'T GOY,0321,HOUTEN,0306011614,primary
Utrecht,Camminghaschool,Camminghalaan,27-D,3981 GD,BUNNIK,0312,BUNNIK,0306563659,primary
Utrecht,De Vonk Basisschool,Rijneiland,2,3984 MA,ODIJK,0312,BUNNIK,0306563030,primary
Utrecht,Pastoor Dr Delteykschool voor Rooms Katholiek Basisonderwijs,De Curtis,7-E,3985 LK,WERKHOVEN,0312,BUNNIK,0343551295,primary
Utrecht,Rooms Katholieke School voor Basisonderwijs Barbaraschool,Rijnzichtlaan,3,3981 BS,BUNNIK,0312,BUNNIK,0306561805,primary
Utrecht,Katholieke Basisschool St Michiel,Lagedijk,17,3998 KA,SCHALKWIJK,0321,HOUTEN,0306011953,primary
Utrecht,'t Schoolhuys,Tappersgilde,22,3994 CG,HOUTEN,0321,HOUTEN,0306374614,primary
Utrecht,Van Harte School,Loerikseweg,11-A,3991 AA,HOUTEN,0321,HOUTEN,0306371418,primary
Utrecht,Katholieke daltonschool De Zevensprong,Scherpencamp,2,3992 RD,HOUTEN,0321,HOUTEN,0306374563,primary
Utrecht,RK Basisschool De Vlinder,Bloesemtuin,17,3994 PB,HOUTEN,0321,HOUTEN,0306361064,primary
Utrecht,Rooms Katholieke Basisschool De Stek,Torenmuur,1,3991 SW,HOUTEN,0321,HOUTEN,0306365363,primary
Utrecht,Katholieke Basisschool Aventurijn,Raaigras,101-D,3994 MB,HOUTEN,0321,HOUTEN,0302745809,primary
Utrecht,Utrechtse Schoolvereniging,Frans Halsstraat,22-A,3583 BP,UTRECHT,0344,UTRECHT,0302511435,primary
Utrecht,Franciscusschool,Zwanenkamp,1304,3607 NZ,MAARSSEN,1904,STICHTSE VECHT,0346562629,primary
Utrecht,De Pionier,Thorbeckelaan,2,3601 BM,MAARSSEN,1904,STICHTSE VECHT,0346562120,primary
Utrecht,De Wilde Wingerd,Bloemstede,2,3608 TK,MAARSSEN,1904,STICHTSE VECHT,0346564576,primary
Utrecht,Basisschool de Kameleon,Duivenkamp,549-550,3607 BL,MAARSSEN,1904,STICHTSE VECHT,0346567697,primary
Utrecht,Marimba,Wildenburglaan,4,3744 MK,BAARN,0308,BAARN, ,primary
Utrecht,Vrije School Driebergen,Faunalaan,250,3972 PS,DRIEBERGEN-RIJSENBURG,1581,UTRECHTSE HEUVELRUG,0343513856,primary
Utrecht,2e Marnixschool Christelijk Basisonderwijs,Dantelaan,2-A,3533 VD,UTRECHT,0344,UTRECHT,0302933832,primary
Utrecht,Torenpleinschool,Schoolstraat,7,3451 AA,VLEUTEN,0344,UTRECHT,0306771282,primary
Utrecht,Koningin Beatrixschool,Laan 1954,6,3454 CR,DE MEERN,0344,UTRECHT,0306662679,primary
Utrecht,De Boemerang,Amandelstraat,12,3552 CC,UTRECHT,0344,UTRECHT,0302441718,primary
Utrecht,Protestants Christelijke Basisschool De Schakel,Bangkokdreef,4,3564 SC,UTRECHT,0344,UTRECHT,0302610651,primary
Utrecht,Kindercampus Molenpark,Van Riebeeckstraat,40,3531 EJ,UTRECHT,0344,UTRECHT,0302932631,primary
Utrecht,Pc Basisschool Op Dreef,Dianadreef,27,3561 AA,UTRECHT,0344,UTRECHT,0302611424,primary
Utrecht,Blauwe Aventurijn,Ridderlaan,4,3523 HT,UTRECHT,0344,UTRECHT,0302881655,primary
Utrecht,De Regenboog,Regentesselaan,70,3571 CG,UTRECHT,0344,UTRECHT,0302713888,primary
Utrecht,De Kleine Vliegenier,Thorbeckelaan,5,3551 BR,UTRECHT,0344,UTRECHT,0302441991,primary
Utrecht,Asch van Wijckschool,Louis Couperusstraat,85,3532 CX,UTRECHT,0344,UTRECHT,0302930156,primary
Utrecht,De Wereldwijzer,Lingestraat,2-A,3522 TM,UTRECHT,0344,UTRECHT,0302881443,primary
Utrecht,Christelijke Basisschool De Brug,Laan van Nieuw-Guinea,20,3531 JJ,UTRECHT,0344,UTRECHT,0302930619,primary
Utrecht,Christelijke Basisschool De Fakkel,Nolenslaan,33-A,3515 VB,UTRECHT,0344,UTRECHT,0302718101,primary
Utrecht,PCB Buurtschool Hart van Noord,Trumanlaan,60-D,3527 BR,UTRECHT,0344,UTRECHT,0302935140,primary
Utrecht,Op Avontuur,Eifel,20,3524 HH,UTRECHT,0344,UTRECHT,0302888789,primary
Utrecht,Da Costa Basisschool Hoograven,Duurstedelaan,16,3525 AR,UTRECHT,0344,UTRECHT,0302880558,primary
Utrecht,Protestants Christelijke Basisschool De Boomgaard,Akkrumerraklaan,101,3544 TT,UTRECHT,0344,UTRECHT,0306702230,primary
Utrecht,De Krullevaar,Keerderberg,27,3453 RD,DE MEERN,0344,UTRECHT,0306776147,primary
Utrecht,Jenaplanschool Zonnewereld,Passiebloemweg,3,3452 CZ,VLEUTEN,0344,UTRECHT,0306668579,primary
Utrecht,De Ridderhof,Emile Hullebroeckstraat,66,3543 BZ,UTRECHT,0344,UTRECHT,0620345230,primary
Utrecht,De Oase,Belcampostraat,9,3544 NE,UTRECHT,0344,UTRECHT,0306705453,primary
Utrecht,De Odyssee,Homeruslaan,40,3581 MJ,UTRECHT,0344,UTRECHT,0302318839,primary
Utrecht,Kindcentrum Leeuwesteyn,Tweede Muntmeesterslaan,2,3541 GV,UTRECHT,0344,UTRECHT,0307605730,primary
Utrecht,St Jozef School,Walter van Amersfoortstr,38,3791 AR,ACHTERVELD,0327,LEUSDEN,0342451956,primary
Utrecht,Basisschool Valkenheuvel,Jagerspad,4,3972 XL,DRIEBERGEN-RIJSENBURG,1581,UTRECHTSE HEUVELRUG,0343536000,primary
Utrecht,Daltonschool Nicolaas,IJskelderlaan,2,3941 HS,DOORN,1581,UTRECHTSE HEUVELRUG,0343413253,primary
Utrecht,Basisschool Windroos,Karolingersweg,147-A,3962 AD,WIJK BIJ DUURSTEDE,0352,WIJK BIJ DUURSTEDE,0343574258,primary
Utrecht,Jenaplanschool Montini,De Oude Werf,5-B,3741 CS,BAARN,0308,BAARN,0355426212,primary
Utrecht,Basissch St Aloysius,Kerkstraat,32,3741 AK,BAARN,0308,BAARN,0355412641,primary
Utrecht,De Damiaanschool,Rozenstraat,21,3702 VM,ZEIST,0355,ZEIST,0306918394,primary
Utrecht,Basisschool de Griffel,De Clomp,2002,3704 KC,ZEIST,0355,ZEIST,0306992119,primary
Utrecht,De Kameleon,Schroeder van der Kolkln,1,3734 VH,DEN DOLDER,0355,ZEIST,0302258566,primary
Utrecht,KBs Pius,Broekzijdselaan,3,1391 XL,ABCOUDE,0736,DE RONDE VENEN,0294281314,primary
Utrecht,Bs Ridderhof,Niftarlakelaan,7,3633 CA,VREELAND,1904,STICHTSE VECHT,0294233395,primary
Utrecht,KBs Willibrordus,G Splinter v Ruwielln,1,3621 XD,BREUKELEN,1904,STICHTSE VECHT,0346261832,primary
Utrecht,KBs St. Ludgerus,Prinses Margrietlaan,7,3632 EA,LOENEN AAN DE VECHT,1904,STICHTSE VECHT,0294237591,primary
Utrecht,KBs De Notenbalk,Hendriklaan,9,3481 VR,HARMELEN,0632,WOERDEN,0348444000,primary
Utrecht,KBs Paulus,Koppeldijk,30,1391 CZ,ABCOUDE,0736,DE RONDE VENEN,0294283661,primary
Utrecht,KBs St Bavo,Schoollaan,6,3481 GH,HARMELEN,0632,WOERDEN,0348441326,primary
Utrecht,KBs de Howiblo,Parklaan,4-B,3417 VA,MONTFOORT,0335,MONTFOORT,0348472963,primary
Utrecht,KBs De Heeswijk,Jonker Fransstraat,1-A,3417 AV,MONTFOORT,0335,MONTFOORT,0348471769,primary
Utrecht,KBs Franciscus,Pinksterbloemweide,15,3448 TH,WOERDEN,0632,WOERDEN,0348421430,primary
Utrecht,KBs De Molenwiek,Stromenlaan,145-147,3448 CD,WOERDEN,0632,WOERDEN,0348417873,primary
Utrecht,KBs De Schakel,Van Hogendorplaan,30,3445 CJ,WOERDEN,0632,WOERDEN,0348414801,primary
Utrecht,KBs De Regenboog,Kallameer,2,3446 JG,WOERDEN,0632,WOERDEN,0348431039,primary
Utrecht,De Bron,Spiesheem,54,3907 NJ,VEENENDAAL,0345,VEENENDAAL,0318522810,primary
Utrecht,Basisschool TOV,Pr Willem-Alexanderpark,602,3905 DR,VEENENDAAL,0345,VEENENDAAL,0318522807,primary
Utrecht,Patrimoniumschool,Karel Fabritiusstraat,1,3904 TG,VEENENDAAL,0345,VEENENDAAL,0318510531,primary
Utrecht,Rehoboth school,Koninginnelaan,46,3905 GJ,VEENENDAAL,0345,VEENENDAAL,0318511097,primary
Utrecht,Basisschool De Langenoord,Kerklaan,7,3828 EA,HOOGLAND,0307,AMERSFOORT,0334801263,primary
Utrecht,School op de Berg,Tollenslaan,2,3818 VG,AMERSFOORT,0307,AMERSFOORT,0334617110,primary
Utrecht,Basisschool De Biezen,Kraailandhof,1,3828 JN,HOOGLAND,0307,AMERSFOORT,0334802028,primary
Utrecht,Rooms Katholieke Basisschool Sint Josephschool,Disselplein,10,3829 MD,HOOGLANDERVEEN,0307,AMERSFOORT,0332571205,primary
Utrecht,Rooms Katholieke Basisschool Aloysius,Dupontplein,14,3817 DV,AMERSFOORT,0307,AMERSFOORT,0334617191,primary
Utrecht,Rooms Katholieke Basisschool de Kubus,Spaarnestraat,2,3812 HG,AMERSFOORT,0307,AMERSFOORT,0334617221,primary
Utrecht,Rooms Katholieke Basisschool Sint Caecilia,Rossinistraat,1,3816 LZ,AMERSFOORT,0307,AMERSFOORT,0334790021,primary
Utrecht,Talentum,Koning Karelpad,12,3813 HC,AMERSFOORT,0307,AMERSFOORT,0334720634,primary
Utrecht,Rooms Katholieke Basisschool De Kinderhof,Furglerplein,6,3815 KZ,AMERSFOORT,0307,AMERSFOORT,0334728843,primary
Utrecht,Basisschool Sint Joris,Schimmelpenninckkade,2,3813 AD,AMERSFOORT,0307,AMERSFOORT,0334721907,primary
Utrecht,St Carolusschool,Christiaan Huygenslaan,4,3769 XW,SOESTERBERG,0342,SOEST,0346351337,primary
Utrecht,Ludgerusschool,Vosseveldlaan,24-A,3768 GM,SOEST,0342,SOEST,0356018697,primary
Utrecht,Rooms Katholieke Basisschool de Driesprong Dalton-School,St. Theresiastraat,16,3762 CZ,SOEST,0342,SOEST,0355885914,primary
Utrecht,Basisschool de Wegwijzer,Willaertstraat,41-43,3766 CP,SOEST,0342,SOEST,0356020947,primary
Utrecht,Rooms Katholieke Montessori-School,Gaesbeekerhof,57,3764 DK,SOEST,0342,SOEST,0356013603,primary
Utrecht,Basisschool de Achtbaan,Van Hamelstraat,97-99,3762 JC,SOEST,0342,SOEST,0356029446,primary
Utrecht,Rooms Katholieke Basisschool Kameleon,Stradivariusstraat,159,3822 DP,AMERSFOORT,0307,AMERSFOORT,0334550488,primary
Utrecht,Basisschool de Breede Hei,Dopheide,40,3823 HL,AMERSFOORT,0307,AMERSFOORT,0334564138,primary
Utrecht,Rooms Katholieke Basisschool De Malelande,Juttepeergaarde,2,3824 BE,AMERSFOORT,0307,AMERSFOORT,0334564410,primary
Utrecht,de Marke,Wezeperberg,4,3825 DJ,AMERSFOORT,0307,AMERSFOORT,0332530343,primary
Utrecht,DOK12,Laakboulevard,412,3825 KL,AMERSFOORT,0307,AMERSFOORT,0333010077,primary
Utrecht,Nieuwe Regentesseschool,Kruisdwarsstraat,6,3581 GL,UTRECHT,0344,UTRECHT,0302317488,primary
Utrecht,Vrije School Utrecht,Hieronymusplantsoen,3,3512 KV,UTRECHT,0344,UTRECHT,0302319209,primary
Utrecht,Vrije School Leidsche Rijn,Componistenlaan,8,3451 SX,VLEUTEN,0344,UTRECHT,0307370905,primary
Utrecht,Protestants Christelijke Basisschool Bosbergschool,Dennenlaan,59-61,3739 KM,HOLLANDSCHE RADING,0310,DE BILT,0355771660,primary
Utrecht,De 7 - Sprong,Schoolpad,1,3755 TK,EEMNES,0317,EEMNES,0355386921,primary
Utrecht,Werkplaats Kindergemeenschap,Kees Boekelaan,10,3723 BA,BILTHOVEN,0310,DE BILT,0302282842,primary
Utrecht,Basisschool Cleophas Jenaplan-School,Teun de Jagerdreef,1-C,3561 JK,UTRECHT,0344,UTRECHT,0302614568,primary
Utrecht,Rooms Katholieke Basisschool Joannes XXIII,Neckardreef,115,3562 CM,UTRECHT,0344,UTRECHT,0302615578,primary
Utrecht,Basisschool de Beiaard,Van Loonlaan,46,3571 XV,UTRECHT,0344,UTRECHT,0302713531,primary
Utrecht,Kathedrale Koorschool,Plompetorengracht,5,3512 CA,UTRECHT,0344,UTRECHT,0302319456,primary
Utrecht,KBS Marcus,Mayadreef,1,3563 XC,UTRECHT,0344,UTRECHT,0302615807,primary
Utrecht,KBS St. Dominicus,Handelstraat,51,3533 GH,UTRECHT,0344,UTRECHT,0302933592,primary
Utrecht,KBS Johannes,Eufraatdreef,3,3564 XZ,UTRECHT,0344,UTRECHT,0302610616,primary
Utrecht,KBS Wijzer aan de Vecht,Jan van Ransdorpstraat,32,3554 VZ,UTRECHT,0344,UTRECHT,0302441202,primary
Utrecht,KBS Montessori Buiten Wittevrouwen,Pallaesstraat,3,3581 RP,UTRECHT,0344,UTRECHT,0302340530,primary
Utrecht,KBS Paulus,Prof. van Bemmelenlaan,51-B,3571 EL,UTRECHT,0344,UTRECHT,0302711395,primary
Utrecht,KBS Ariëns,Duurstedelaan,18,3525 AR,UTRECHT,0344,UTRECHT,0302880642,primary
Utrecht,KBS De Spits,Eifel,8,3524 HH,UTRECHT,0344,UTRECHT,0302888790,primary
Utrecht,KBS St. Jan de Doper,Rijnhuizenlaan,2,3523 JA,UTRECHT,0344,UTRECHT,0302882375,primary
Utrecht,KBS Het Schateiland,Fernandezlaan,100,3526 GW,UTRECHT,0344,UTRECHT,0302883515,primary
Utrecht,KBS Gertrudis,Amaliadwarsstraat,2,3522 AR,UTRECHT,0344,UTRECHT,0302885371,primary
Utrecht,KBS Ludger,St.-Bonifaciusstraat,8,3553 SR,UTRECHT,0344,UTRECHT,0302441393,primary
Utrecht,KBS De Pijlstaart,Amsterdamsestraatweg,1,3513 AA,UTRECHT,0344,UTRECHT,0302316062,primary
Utrecht,KBS De Catharijnepoort,Staringstraat,1,3532 VM,UTRECHT,0344,UTRECHT,0302932860,primary
Utrecht,KBS Stepping Stones,Notebomenlaan,137,3582 CJ,UTRECHT,0344,UTRECHT,0306776712,primary
Utrecht,KBS De Achtbaan,Akkrumerraklaan,121,3544 TT,UTRECHT,0344,UTRECHT,0306702201,primary
Utrecht,KBS Hof ter Weide,Musicallaan,108,3543 BT,UTRECHT,0344,UTRECHT,0306772960,primary
Utrecht,KBS Op De Groene Alm,Derde Oosterparklaan,71,3541 SC,UTRECHT,0344,UTRECHT,0306701996,primary
Utrecht,KBS Onder De Bogen,Madridstraat,1,3541 DZ,UTRECHT,0344,UTRECHT,0302427610,primary
Utrecht,Agora HUB030,Vleutenseweg,515,3532 HK,UTRECHT,0344,UTRECHT,0302020030,primary
Utrecht,Sint Victor Victorschool,Koningin Julianasingel,1,3405 XA,BENSCHOP,0331,LOPIK,0348451630,primary
Utrecht,Basisschool De Wegwijzer,De Looch,13,4133 DK,VIANEN UT,1961,VIJFHEERENLANDEN,0347372673,primary
Utrecht,Katholieke Basisschool Jan Bunnik,Wagenmaker,1,3411 WN,LOPIK,0331,LOPIK,0348551820,primary
Utrecht,Egbertusschool school voor Basisonderwijs,Achterstraat,30,4132 VE,VIANEN UT,1961,VIJFHEERENLANDEN,0347371764,primary
Utrecht,Basisschool Gerardus Majella,Cabauwsekade,51-A,3411 ED,LOPIK,0331,LOPIK,0348551428,primary
Utrecht,Kindcentrum-Wij,Europalaan,1,3402 TZ,IJSSELSTEIN,0353,IJSSELSTEIN,0306882725,primary
Utrecht,Kindcentrum De Minstreel,Lagebiezen,4-6,3401 NG,IJSSELSTEIN,0353,IJSSELSTEIN,0306881898,primary
Utrecht,Agnesschool,Zomerdijk,43,3402 MJ,IJSSELSTEIN,0353,IJSSELSTEIN,0306881362,primary
Utrecht,Lucas Batau,Heemraadsweide,9-11,3437 CA,NIEUWEGEIN,0356,NIEUWEGEIN,0306032228,primary
Utrecht,Vroonestein,Lohengrinhof,15-17,3438 RA,NIEUWEGEIN,0356,NIEUWEGEIN,0306037291,primary
Utrecht,De Tweeklank,Lupinestraat,21,3434 HA,NIEUWEGEIN,0356,NIEUWEGEIN,0306066117,primary
Utrecht,De Schouw,Dintherseschans,30,3432 XV,NIEUWEGEIN,0356,NIEUWEGEIN,0306019500,primary
Utrecht,Basisschool De Opstap,Heemradenlaan,30-32,3401 GX,IJSSELSTEIN,0353,IJSSELSTEIN,0306883423,primary
Utrecht,De Ark,Aalbersestraat,2,3404 JS,IJSSELSTEIN,0353,IJSSELSTEIN,0306880997,primary
Utrecht,Lucas-Galecop,Aert de Gelderhage,1,3437 KB,NIEUWEGEIN,0356,NIEUWEGEIN,0306037749,primary
Utrecht,Montessori Basisschool 't Ronde,Uilenhoeve,39,3831 TX,LEUSDEN,0327,LEUSDEN,0334940574,primary
Utrecht,Groenekanse Schoolvereniging De Nijepoort,Versteeglaan,144,3737 XC,GROENEKAN,0310,DE BILT,0346211944,primary
Utrecht,Zeister Vrije School,Socrateslaan,22,3707 GL,ZEIST,0355,ZEIST,0306915670,primary
Utrecht,het Zonnewiel Vrijeschool De Bilt,Weltevreden,6,3731 AL,DE BILT,0310,DE BILT,0302210430,primary
Utrecht,Zeister Vrije School,Burg. Van Tuyll-laan,35,3707 CV,ZEIST,0355,ZEIST,0306924053,primary
Utrecht,Christelijke Basisschool Coolsma,Coolsmalaan,5,3971 KW,DRIEBERGEN-RIJSENBURG,1581,UTRECHTSE HEUVELRUG,0343513735,primary
Utrecht,Protestants Christelijke Basisschool De Schakel,Pijlstaartlaan,1,3645 GR,VINKEVEEN,0736,DE RONDE VENEN,0297263392,primary
Utrecht,Christelijke Basisschool Eben Haezer,Overstek,2-E,3471 EJ,KAMERIK,0632,WOERDEN,0348401375,primary
Utrecht,School Met De Bijbel Jorai,Nieuwstraat,9,3474 JL,ZEGVELD,0632,WOERDEN,0348691488,primary
Utrecht,School met de Bijbel De Wegwijzer,Schoolweg,1,3628 BG,KOCKENGEN,1904,STICHTSE VECHT,0346241418,primary
Utrecht,Koningin Julianaschool,Stationsweg,7,3648 AN,WILNIS,0736,DE RONDE VENEN,0297281614,primary
Utrecht,School Met De Bijbel,Prinses Irenelaan,14,3738 VK,MAARTENSDIJK,0310,DE BILT,0346211765,primary
Utrecht,School met de Bijbel,Kerkeland,55,3947 MV,LANGBROEK,0352,WIJK BIJ DUURSTEDE,0343561250,primary
Utrecht,Joh Calvynschool,Geerseweg,2,3905 AS,VEENENDAAL,0345,VEENENDAAL,0318553733,primary
Utrecht,1e Van der Huchtschool voor Basisonderwijs,Paulus Potterlaan,13,3761 AT,SOEST,0342,SOEST,0356037459,primary
Utrecht,2e van der Huchtschool voor Basisonderwijs,Libel,56,3766 HH,SOEST,0342,SOEST,0356015415,primary
Utrecht,3e van de Huchtschool voor Basisonderwijs,Valeriaanstraat,169-A,3765 EN,SOEST,0342,SOEST,0356012145,primary
Utrecht,Zeister Schoolvereniging,Verlengde Slotlaan,13,3707 CA,ZEIST,0355,ZEIST,0306922532,primary
Zeeland,DS J Bogermanschool,Weelstraat,1,4307 BR,OOSTERLAND,1676,SCHOUWEN-DUIVELAND,0111642303,primary
Zeeland,Basisschool Eben Haezer,Abraham Beeckmanlaan,28,4691 JZ,THOLEN,0716,THOLEN,0166603309,primary
Zeeland,Basisschool Dr A Comrie,Marconistraat,16,4416 DE,KRUININGEN,0703,REIMERSWAAL,0113382674,primary
Zeeland,Julianabasisschool,Scoudestraat,19,4413 AH,KRABBENDIJKE,0703,REIMERSWAAL,0113501846,primary
Zeeland,Joos v Larenschool,Clasinastraat,3,4341 ER,ARNEMUIDEN,0687,MIDDELBURG,0118601986,primary
Zeeland,DS Pieter v Dijkeschool,Stenenpad,3,4311 AJ,BRUINISSE,1676,SCHOUWEN-DUIVELAND,0111482202,primary
Zeeland,Algemene Basisschool te Middelburg,Zuidsingel,17,4331 RR,MIDDELBURG,0687,MIDDELBURG,0118613508,primary
Zeeland,Ds G H Kerstenschool,Cleeuwendamme,1,4454 BX,BORSSELE,0654,BORSELE,0113351370,primary
Zeeland,RK Basisschool Sint Anthonius,Burg Versluijsstraat,20,4698 AS,OUD-VOSSEMEER,0716,THOLEN,0166672471,primary
Zeeland,Basisschool De Wereldboom,Sportlaan,18,4561 KZ,HULST,0677,HULST,0114319130,primary
Zeeland,Basisschool Molenbolwerk,Verlengde Molenstraat,1,4515 AT,IJZENDIJKE,1714,SLUIS,0117301542,primary
Zeeland,Rooms Katholieke Basisschool Sint Jozef,Kerkstraat,1,4529 GE,EEDE,1714,SLUIS,0117491422,primary
Zeeland,Basisschool De Oostvogel,Pastoor Willemsstraat,15,4586 AJ,LAMSWAARDE,0677,HULST,0114690492,primary
Zeeland,Ter Doest,Jacintastraat,1,4569 AP,GRAAUW,0677,HULST,0114635675,primary
Zeeland,Basisschool Sint Bernardus,Koningin Julianastraat,41,4567 CA,CLINGE,0677,HULST,0114370200,primary
Zeeland,Rooms Katholieke Basisschool Het Mozaiëk,Spoorstraat,40,4541 AL,SLUISKIL,0715,TERNEUZEN,0115477136,primary
Zeeland,Basisschool de Warande Protestants Christelijk Onderwijs,Burchtlaan,7,4571 HR,AXEL,0715,TERNEUZEN,0115562115,primary
Zeeland,Sint Antoniusschool,Oud-Oosteinde,2,4571 DE,AXEL,0715,TERNEUZEN,0115530226,primary
Zeeland,Rooms Katholieke Basisschool De Vlaswiek,Eikenlaan,22,4576 BL,KOEWACHT,0715,TERNEUZEN,0114361624,primary
Zeeland,Basisschool Sint Jozef,Cuwaertstraat,2,4568 BH,NIEUW NAMEN,0677,HULST,0114345430,primary
Zeeland,Rooms Katholieke Basisschool De Kreeke,Vlietstraat,2,4554 BZ,WESTDORPE,0715,TERNEUZEN,0115451275,primary
Zeeland,Basisschool De Meerstromen,Monnikenstraat,3,4503 AT,GROEDE,1714,SLUIS,0117371783,primary
Zeeland,Prinses Marijkeschool,Marijkestraat,1,4571 VW,AXEL,0715,TERNEUZEN,0115561806,primary
Zeeland,RK Basisschool De Kameleon,Leliestraat,26,4537 RJ,TERNEUZEN,0715,TERNEUZEN,0115613010,primary
Zeeland,Basisschool Heidepoort,Margrietstraat,2,4566 AN,HEIKANT,0677,HULST,0114311719,primary
Zeeland,St Willibrordus,Princebolwerk,2,4561 EN,HULST,0677,HULST,0114370541,primary
Zeeland,Basisschool Sint Bavo,Breijdelstraat,4,4501 CT,OOSTBURG,1714,SLUIS,0117452342,primary
Zeeland,Nobelhorst,Vondelstraat,1,4561 LN,HULST,0677,HULST,0114370537,primary
Zeeland,De Molenkreek,Prinses Irenestraat,14,4507 BC,SCHOONDIJKE,1714,SLUIS,0117401777,primary
Zeeland,Basisschool De Torenberg,Brouwerijstraat,5,4543 CX,ZAAMSLAG,0715,TERNEUZEN,0115431976,primary
Zeeland,Moerschans,Liniestraat,100,4561 ZX,HULST,0677,HULST,0114370083,primary
Zeeland,Christelijke Basisschool de Parel,Schelpenlaan,1-C,4533 DW,TERNEUZEN,0715,TERNEUZEN,0115431799,primary
Zeeland,De Twijn,Prof. Zeemanstraat,216,4532 JM,TERNEUZEN,0715,TERNEUZEN,0115613041,primary
Zeeland,Basisschool De Steiger,Merwedelaan,13,4535 EV,TERNEUZEN,0715,TERNEUZEN,0115696768,primary
Zeeland,Kindcentrum Stelle-Zeemeeuw,Wagnerhof,3,4536 BP,TERNEUZEN,0715,TERNEUZEN,0115694341,primary
Zeeland,De Irisschool,Schelpenlaan,1-A,4533 DW,TERNEUZEN,0715,TERNEUZEN,0115431646,primary
Zeeland,Prins Willem van Oranjeschool,Leeuwenlaan,29,4532 AE,TERNEUZEN,0715,TERNEUZEN,0115648830,primary
Zeeland,De Driesprong,Narcissenlaan,37,4542 BS,HOEK,0715,TERNEUZEN,0115441671,primary
Zeeland,De Oude Vaart,Tamarindestraat,4,4537 XH,TERNEUZEN,0715,TERNEUZEN,0115648840,primary
Zeeland,Openbare basisschool t Geuzennest,Braakmanlaan,14,4521 AA,BIERVLIET,0715,TERNEUZEN,0115481683,primary
Zeeland,Basisschool de Schakel,Populierenstraat,39,4581 BR,VOGELWAARDE,0677,HULST,0114672392,primary
Zeeland,Basisschool Op Dreef,Hennequinstraat,1,4527 CD,AARDENBURG,1714,SLUIS,0117491206,primary
Zeeland,Inghelosenberghe-School,Badhuisweg,11,4564 AH,SINT JANSTEEN,0677,HULST,0114314380,primary
Zeeland,Basisschool De Statie,Canadalaan,2-B,4551 AL,SAS VAN GENT,0715,TERNEUZEN,0115460054,primary
Zeeland,'t Getij,Oosthof,1,4587 EP,KLOOSTERZANDE,0677,HULST,0114684878,primary
Zeeland,Basisschool Laureyn,Mosselbank,22,4553 CH,PHILIPPINE,0715,TERNEUZEN,0115497040,primary
Zeeland,Basisschool de Wegwijzer,Wilgenlaan,12,4353 AN,SEROOSKERKE GEM VEERE,0717,VEERE,0118596106,primary
Zeeland,Basissch De Goede Polder,Nieuwstraat,37-39,4354 AV,VROUWENPOLDER,0717,VEERE,0118596099,primary
Zeeland,SVS De Magdalon,Wijngaardstraat,8,4351 AP,VEERE,0717,VEERE,0118506021,primary
Zeeland,'T Paalhoofd,Westkapelseweg,24-A,4374 BB,ZOUTELANDE,0717,VEERE,0118566116,primary
Zeeland,De Bergpadschool,Bergpad,1,4364 BZ,GRIJPSKERKE,0717,VEERE,0118596116,primary
Zeeland,Basisschool Onderdak,Voorhof,3,4373 DA,BIGGEKERKE,0717,VEERE,0118556133,primary
Zeeland,School met de bijbel De Lichtstraal,Europaplein,10,4361 CP,WESTKAPELLE,0717,VEERE,0118576025,primary
Zeeland,C B S de Kamperschouw,Nieuwstraat,32,4493 BD,KAMPERLAND,1695,NOORD-BEVELAND,0113376116,primary
Zeeland,Christelijke Basisschool T Klinket,Tramstraat,36,4371 BX,KOUDEKERKE,0717,VEERE,0118556126,primary
Zeeland,Openbare Basisschool Duiveland,Weststraat,26,4306 CN,NIEUWERKERK,1676,SCHOUWEN-DUIVELAND,0111641913,primary
Zeeland,Brede School Noorderpolder Theo Thijssenschool,Emil Sandstromweg,6,4301 NW,ZIERIKZEE,1676,SCHOUWEN-DUIVELAND,0111413482,primary
Zeeland,Openbare Basisschool de Oosterburcht,Dokter Schutterstraat,1,4307 BP,OOSTERLAND,1676,SCHOUWEN-DUIVELAND,0111641953,primary
Zeeland,Basisschool 'T Kofschip,Scheldestraat,9,4301 VA,ZIERIKZEE,1676,SCHOUWEN-DUIVELAND,0111412410,primary
Zeeland,Openbare Basisschool De Schoener,Schuitkade,2,4318 EH,BROUWERSHAVEN,1676,SCHOUWEN-DUIVELAND,0111691945,primary
Zeeland,Openbare Basisschool Binnen de Veste,Raamstraat,3,4301 BP,ZIERIKZEE,1676,SCHOUWEN-DUIVELAND,0111413071,primary
Zeeland,Openbare Basisschool Stapelhof,Mauritsweg,10,4325 AH,RENESSE,1676,SCHOUWEN-DUIVELAND,0111461543,primary
Zeeland,Openbare Basisschool De Klimop,Nieuwe Schoolstraat,4-6,4315 AW,DREISCHOR,1676,SCHOUWEN-DUIVELAND,0111401589,primary
Zeeland,Openbare Basisschool De Kirreweie,Julianastraat,47,4328 AR,BURGH-HAAMSTEDE,1676,SCHOUWEN-DUIVELAND,0111651902,primary
Zeeland,Openbare Basisschool De Meerpaal,Dreef,4,4311 AK,BRUINISSE,1676,SCHOUWEN-DUIVELAND,0111481742,primary
Zeeland,Openbare Basisschool De Vliete,Julianastraat,30,4491 GB,WISSENKERKE,1695,NOORD-BEVELAND,0113371463,primary
Zeeland,De Poeljeugd,Plein,15,4472 AT,'S-HEER HENDRIKSKINDEREN,0664,GOES,0113270491,primary
Zeeland,Christelijke Basisschool Het Kompas,Moerplein,2,4401 HZ,YERSEKE,0703,REIMERSWAAL,0113571743,primary
Zeeland,Basisschool De Regenboog,Prinses Irenestraat,1,4455 AT,NIEUWDORP,0654,BORSELE,0113670810,primary
Zeeland,Christelijke Basisschool Het Samenspel,Van Der Baanstraat,26,4471 BR,WOLPHAARTSDIJK,0664,GOES,0113586048,primary
Zeeland,Protestants Christelijke Basisschool De Wegwijzer,Mr Dr Meslaan,2,4451 AK,HEINKENSZAND,0654,BORSELE,0113568810,primary
Zeeland,CBS De Rank,Egelantierstraat,7,4431 EP,'S-GRAVENPOLDER,0654,BORSELE,0113316810,primary
Zeeland,Basisschool De Welle,Slotstraat,87,4416 AT,KRUININGEN,0703,REIMERSWAAL,0113381473,primary
Zeeland,De Zevensprong,Appelstraat,2,4413 ET,KRABBENDIJKE,0703,REIMERSWAAL,0113506210,primary
Zeeland,Prinses Beatrixschool,Elvis Presleylaan,103,4462 LB,GOES,0664,GOES,0113270245,primary
Zeeland,IKC Wemeldinge,Bierweg,1-A,4424 EL,WEMELDINGE,0678,KAPELLE,0113621626,primary
Zeeland,Openbare Basisschool de Moolhoek,Vroonlandseweg,49-C,4421 BW,KAPELLE,0678,KAPELLE,0113342196,primary
Zeeland,Prinses Ireneschool,Kamperfoeliestraat,63,4461 NK,GOES,0664,GOES,0113270493,primary
Zeeland,Chr Basisschool t Honk,Vroonlandseweg,49-D,4421 BW,KAPELLE,0678,KAPELLE,0113330262,primary
Zeeland,P.C.B. 't Noorderlicht,Johnsonlaan,54-A,4463 GW,GOES,0664,GOES,0113270790,primary
Zeeland,Christelijke Basisschool de Linge,Noordstraat,5,4421 JS,KAPELLE,0678,KAPELLE,0113343368,primary
Zeeland,Openbare Basisschool Prof. Dr. Kohnstamm,Reigerstraat,1,4461 RE,GOES,0664,GOES,0113214568,primary
Zeeland,Openbare Basischool de Zuidwesthoek,Elvis Presleylaan,107,4462 LB,GOES,0664,GOES,0113270207,primary
Zeeland,Openbare Basisschool Schengehof,Deestraat,3,4458 AJ,'S-HEER ARENDSKERKE,0664,GOES,0113561935,primary
Zeeland,Integraal Kindcentrum Kloetinge,Zomerweg,2,4481 CB,KLOETINGE,0664,GOES,0113214519,primary
Zeeland,Stamperiusschool,I G J van den Boschstr,2,4475 AL,WILHELMINADORP,0664,GOES,0113214521,primary
Zeeland,Openbare Basisschool De Tweemaster,Kuyperlaan,29,4463 SH,GOES,0664,GOES,0113213050,primary
Zeeland,Openbare Basisschool De Zuidvliet,Stadspolderlaan,6,4484 DG,KORTGENE,1695,NOORD-BEVELAND,0113301611,primary
Zeeland,Openbare Basisschool Het Stelleplankier,Hovenierstraat,1,4486 CK,COLIJNSPLAAT,1695,NOORD-BEVELAND,0113695423,primary
Zeeland,Christelijke Basisschool Het Kompas,Steintjeskreek,2,4675 RZ,SINT PHILIPSLAND,0716,THOLEN,0167573173,primary
Zeeland,School met de Bijbel De Ark,Burg Versluijsstraat,14,4698 AS,OUD-VOSSEMEER,0716,THOLEN,0166672508,primary
Zeeland,De Morgenster,Vloedstraat,15,4321 AM,KERKWERVE,1676,SCHOUWEN-DUIVELAND,0111412937,primary
Zeeland,Helcherseeschool,Carlstraat,11,4322 BA,SCHARENDIJKE,1676,SCHOUWEN-DUIVELAND,0111672134,primary
Zeeland,J W v d Doelschool,Kabbelaarsbank,2,4301 XB,ZIERIKZEE,1676,SCHOUWEN-DUIVELAND,0111414133,primary
Zeeland,Jenaplanschool met de Bijbel,Schoolstraat,6,4693 BG,POORTVLIET,0716,THOLEN,0166612768,primary
Zeeland,Basisschool Onder De Wieken,Julianastraat,45,4328 AR,BURGH-HAAMSTEDE,1676,SCHOUWEN-DUIVELAND,0111651782,primary
Zeeland,Protestants Christelijke Basisschool Joh Louis de Jonge,Vrije,32,4301 JZ,ZIERIKZEE,1676,SCHOUWEN-DUIVELAND,0111413644,primary
Zeeland,CNS De Regenboog,Abraham Beeckmanlaan,16,4691 JZ,THOLEN,0716,THOLEN,0166603310,primary
Zeeland,Openbare Basisschool De Zeemeeuw,Ghistelkerke,1-D,4511 JB,BRESKENS,1714,SLUIS,0117381678,primary
Zeeland,Openbare Basisschool De Kustschool,Badhuisweg,36,4506 BC,CADZAND,1714,SLUIS,0117391470,primary
Zeeland,Openbare Basisschool de Berenburcht,Langestraat,5,4501 BR,OOSTBURG,1714,SLUIS,0117453148,primary
Zeeland,Openbare Basisschool de Schuttershoek,Schuttersstraat,27,4515 EA,IJZENDIJKE,1714,SLUIS,0117301617,primary
Zeeland,Basisschool de Nieuwe van Dale,Kloosterstraat,30,4524 BL,SLUIS,1714,SLUIS,0117461712,primary
Zeeland,De Wingerd,Hilleweg,3,4464 JA,GOES,0664,GOES,0612079857,primary
Zeeland,De Sterrenpracht,Karel Doormanlaan,2,4571 TV,AXEL,0715,TERNEUZEN,0612079857,primary
Zeeland,Regenboogschool,Gen Hakewill Smithlaan,3,4333 BW,MIDDELBURG,0687,MIDDELBURG,0118629341,primary
Zeeland,OBS Parelmoer,Moerplein,4,4401 HZ,YERSEKE,0703,REIMERSWAAL,0113576150,primary
Zeeland,Basisschool De Reigersberg,Hoofdweg,50-A,4411 AR,RILLAND,0703,REIMERSWAAL,0113556066,primary
Zeeland,Basisschool Voorhoute,Voorhoute,3,4416 BS,KRUININGEN,0703,REIMERSWAAL,0113320095,primary
Zeeland,Basisschool De Klimroos,Hinkelingestraat,8,4413 AG,KRABBENDIJKE,0703,REIMERSWAAL,0113506122,primary
Zeeland,Basisschool De Eendracht,Eendracht,3,4417 CA,HANSWEERT,0703,REIMERSWAAL,0113320090,primary
Zeeland,Openbare Basisschool De Luyster,Plataanstraat,3,4675 AW,SINT PHILIPSLAND,0716,THOLEN,0167573133,primary
Zeeland,Openbare basisschool Ter Tolne,Abraham Beeckmanlaan,20,4691 JZ,THOLEN,0716,THOLEN,0166602162,primary
Zeeland,Openbare basisschool NOVA,Julianastraat,1,4693 ED,POORTVLIET,0716,THOLEN,0166617016,primary
Zeeland,Oosterschelde-School,Watertorenstraat,6,4694 AZ,SCHERPENISSE,0716,THOLEN,0166667110,primary
Zeeland,Openbare Basisschool De Rieburch,Oosterscheldestraat,3,4695 EN,SINT-MAARTENSDIJK,0716,THOLEN,0166662498,primary
Zeeland,Openbare basisschool De Schalm,Schoolstraat,3,4696 CK,STAVENISSE,0716,THOLEN,0166692606,primary
Zeeland,De Casembroot-School,Schoolstraat,38,4697 CL,SINT-ANNALAND,0716,THOLEN,0166657044,primary
Zeeland,Iqra,Pablo Picassoplein,120-126,4382 KB,VLISSINGEN,0718,VLISSINGEN, ,primary
Zeeland,De Golfslag,Juffr van de Putteplein,3,4357 EN,DOMBURG,0717,VEERE,0118581964,primary
Zeeland,Basisschool De Sprong,Biggekerksestraat,2,4371 EZ,KOUDEKERKE,0717,VEERE,0118551918,primary
Zeeland,Samenwerkingsschool Veerse Stijl De Lispeltuut,Torenstraat,29,4356 BG,OOSTKAPELLE,0717,VEERE,0118586191,primary
Zeeland,De Stroming,Keetenstraat,4,4335 TH,MIDDELBURG,0687,MIDDELBURG,0118614517,primary
Zeeland,Openbare Basisschool Theo Thijssen,Troelstraweg,471,4384 PA,VLISSINGEN,0718,VLISSINGEN,0118490245,primary
Zeeland,Het Element,Hooge Meestraat,4,4337 VM,MIDDELBURG,0687,MIDDELBURG,0118627620,primary
Zeeland,Openbare Basisschool Tweemaster-Kameleon,Roerstraat,27,4388 RV,OOST-SOUBURG,0718,VLISSINGEN,0118490187,primary
Zeeland,het Talent,Gen Hakewill Smithlaan,15,4333 BW,MIDDELBURG,0687,MIDDELBURG,0118650408,primary
Zeeland,De Omnibus,Slangenburg,1-3,4385 HT,VLISSINGEN,0718,VLISSINGEN,0118490330,primary
Zeeland,Magistraal,Baljuwlaan,4,4336 GL,MIDDELBURG,0687,MIDDELBURG,0118611633,primary
Zeeland,Openbare Basisschool De Branding,Bouwen Ewoutstraat,51,4381 PP,VLISSINGEN,0718,VLISSINGEN,0118441111,primary
Zeeland,Openbare Basisschool Ravenstein,Pablo Picassoplein,122,4382 KB,VLISSINGEN,0718,VLISSINGEN,0118441100,primary
Zeeland,Basisschool De Lichtboei,Koudorpstraat,18,4361 BT,WESTKAPELLE,0717,VEERE,0118571391,primary
Zeeland,Basisschool T Vierschip,Oostgat,15,4341 LE,ARNEMUIDEN,0687,MIDDELBURG,0118602857,primary
Zeeland,Omnis school de Linden,Egelantierstraat,5,4431 EP,'S-GRAVENPOLDER,0654,BORSELE,0113316010,primary
Zeeland,Omnis school de Reiger,Mr Dr Meslaan,6,4451 AK,HEINKENSZAND,0654,BORSELE,0113568110,primary
Zeeland,Omnis school de Schakel,Vanderbijlparkstraat,3,4436 AC,OUDELANDE,0654,BORSELE,0113544110,primary
Zeeland,OKC De Regenboog,Oostendestraat,4-A,4433 AK,HOEDEKENSKERKE,0654,BORSELE,0113644110,primary
Zeeland,Palmenhof,Noordweg,442,4333 KL,MIDDELBURG,0687,MIDDELBURG,0118650202,primary
Zeeland,De Parelburcht,Van Visvlietstraat,7,4388 CT,OOST-SOUBURG,0718,VLISSINGEN,0118461720,primary
Zeeland,Oleanderhof,Pereboomweie,1,4341 LV,ARNEMUIDEN,0687,MIDDELBURG,0118606081,primary
Zeeland,Het Vlot,Pablo Picassoplein,123,4382 KB,VLISSINGEN,0718,VLISSINGEN,0118412208,primary
Zeeland,Louise de Coligny,Alexander Gogelweg,65,4384 EV,VLISSINGEN,0718,VLISSINGEN,0118465261,primary
Zeeland,De Wissel,Flamingoweg,53,4386 DT,VLISSINGEN,0718,VLISSINGEN,0118460344,primary
Zeeland,Christelijke Basisschool Het Kompas,Kroonjuweel,5,4388 MD,OOST-SOUBURG,0718,VLISSINGEN,0118422401,primary
Zeeland,De Aventurijn,Henry Dunantlaan,6,4334 BA,MIDDELBURG,0687,MIDDELBURG,0118650214,primary
Zeeland,Basisschool Cypressenhof,Rentmeesterlaan,245,4336 EL,MIDDELBURG,0687,MIDDELBURG,0118650305,primary
Zeeland,Wilgenhof,Torenhofstraat,4,4337 JV,MIDDELBURG,0687,MIDDELBURG,0118650245,primary
Zeeland,Acaciahof,Gen Hakewill Smithlaan,9,4333 BW,MIDDELBURG,0687,MIDDELBURG,0118650655,primary
Zeeland,Koelmanschool,Merellaan,1,4461 RH,GOES,0664,GOES,0113228057,primary
Zeeland,Graaf Jan van Nassau School voor Basisonderwijs,Van Doornlaan,40,4386 AK,VLISSINGEN,0718,VLISSINGEN,0118462476,primary
Zeeland,Christelijke Basisschool De Bornput,Moerdamme,26,4415 AP,OOSTDIJK,0703,REIMERSWAAL,0113502168,primary
Zeeland,Christelijke Basisschool d'n Akker,Groene Kruisstraat,12,4414 AL,WAARDE,0703,REIMERSWAAL,0113503042,primary
Zeeland,Johannes Calvijn-School,Gardenierhof,31,4471 CN,WOLPHAARTSDIJK,0664,GOES,0113581124,primary
Zeeland,Eben Haezerschool,Vlaamse Gaai,2,4356 DC,OOSTKAPELLE,0717,VEERE,0118583989,primary
Zeeland,Reformatorische Basisschool De Zandbaan,Swaanhilstraat,15,4411 BL,RILLAND,0703,REIMERSWAAL,0113551597,primary
Zeeland,H Faukelius Basisschool,Kuipers-Rietbergkwartier,33,4333 EK,MIDDELBURG,0687,MIDDELBURG,0118614448,primary
Zeeland,Basisschool Juliana van Stolberg,Zonnebloemstraat,3,4695 EX,SINT-MAARTENSDIJK,0716,THOLEN,0166662610,primary
Zeeland,Basisschool Groen van Prinsterer,Watertorenstraat,10,4694 AZ,SCHERPENISSE,0716,THOLEN,0166662471,primary
Zeeland,Juliana van Stolbergschool,Kerkplein,15,4421 AA,KAPELLE,0678,KAPELLE,0113342494,primary
Zeeland,School Met De Bijbel,Schoolstraat,36,4697 CL,SINT-ANNALAND,0716,THOLEN,0166652670,primary
Zeeland,Koningin Julianaschool,Hazelaarstraat,5,4431 DT,'S-GRAVENPOLDER,0654,BORSELE,0113311645,primary
Zeeland,School Met De Bijbel,Schoolstraat,34,4306 CH,NIEUWERKERK,1676,SCHOUWEN-DUIVELAND,0111641452,primary
Zeeland,Petrus Immensschool,Schoutstraat,5,4336 HN,MIDDELBURG,0687,MIDDELBURG,0118611270,primary
Zeeland,Dominee G.H. Kerstenschool,Jolstraat,1,4401 JC,YERSEKE,0703,REIMERSWAAL,0113571678,primary
Zeeland,Ds. D. L. Aangeenbrugschool,Willem Andriessenlaan,4,4536 CA,TERNEUZEN,0715,TERNEUZEN,0115612977,primary
Zeeland,JHR Willem Versluijsschool,Brouwerijweg,3-C,4363 NK,AAGTEKERKE,0717,VEERE,0118582693,primary
Zeeland,Boazschool,Valkenburgstraat,10,4365 AC,MELISKERKE,0717,VEERE,0118561649,primary
Zeeland,Dr. C. Steenblokschool,Zuidvlietstraat,140,4461 HB,GOES,0664,GOES,0113211984,primary
Zeeland,De Aquamarijn Waldorfonderwijs,Willem Arondeusstraat,59,4333 DD,MIDDELBURG,0687,MIDDELBURG,0118612102,primary
Zeeland,Montessori Basisschool De Kraal,Zoekweg,1-A,4691 HT,THOLEN,0716,THOLEN,0166604465,primary
Zeeland,Montessorischool,Frambozestraat,29,4462 EK,GOES,0664,GOES,0113216707,primary
Zeeland,RK Basisschool Sint Willibrordus,Hoge Molenstraat,41,4301 KB,ZIERIKZEE,1676,SCHOUWEN-DUIVELAND,0111450165,primary
Zeeland,Basisschool Don Bosco,Deken Tomaslaan,35,4453 AK,'S-HEERENHOEK,0654,BORSELE,0113350877,primary
Zeeland,M G R Heyligersschool,Sportweg,2,4434 AE,KWADENDAMME,0654,BORSELE,0113649384,primary
Zeeland,School der Vlissingse Schoolvereniging,Govert Flincklaan,1,4383 WB,VLISSINGEN,0718,VLISSINGEN,0118467591,primary
Zeeland,De Horizon,Cromvlietstraat,9,4411 AE,RILLAND,0703,REIMERSWAAL,0113556152,primary
Zeeland,RK Basisschool Bisschop Ernst,Bergweg,43,4461 LX,GOES,0664,GOES,0113270482,primary
Zeeland,RK Basisschool Schuttevaer,Keeten,2,4417 CD,HANSWEERT,0703,REIMERSWAAL,0113381945,primary
Zeeland,De Leeuwerik,Zandkreekstraat,35,4456 AL,LEWEDORP,0654,BORSELE,0113670039,primary
Zeeland,RK Basisschool Holtkamp,Joseph Lunslaan,5,4463 CV,GOES,0664,GOES,0113270587,primary
Zeeland,RK Basisschool Franciscus,Westmede,71,4337 AL,MIDDELBURG,0687,MIDDELBURG,0118650456,primary
Zeeland,RK Basisschool Jozef,Pablo Picassoplein,121,4382 KB,VLISSINGEN,0718,VLISSINGEN,0118440223,primary
Zeeland,Basisschool de Zandplaat,Mr Dr Messtraat,1,4441 AV,OVEZANDE,0654,BORSELE,0113653008,primary
Zeeland,Jan van Schengenschool,Mr Dr Meslaan,8,4451 AK,HEINKENSZAND,0654,BORSELE,0113562172,primary
Zeeland,Rehobothschool,Pilootweg,2,4696 RJ,STAVENISSE,0716,THOLEN,0166692800,primary
Zeeland,Stichting voor basisonderwijs op GG,Achterstraat,2-A,4675 BW,SINT PHILIPSLAND,0716,THOLEN,0167573134,primary
Zeeland,Christelijke Basisschool Op Dreef,Molenstraat,46,4311 ED,BRUINISSE,1676,SCHOUWEN-DUIVELAND,0111481593,primary
Zuid-Holland,Gevers Deutz Terwee,Terweeweg,106,2341 CV,OEGSTGEEST,0579,OEGSTGEEST,0715652432,primary
Zuid-Holland,Openbare Montessorischool Oegstgeest,Lange Voort,261-C,2343 CE,OEGSTGEEST,0579,OEGSTGEEST,0715177060,primary
Zuid-Holland,OBS De Vogels,Jac. P. Thijsselaan,69,2341 PM,OEGSTGEEST,0579,OEGSTGEEST,0715280649,primary
Zuid-Holland,Daltonschool Oegstgeest,Jan Wolkerslaan,18,2343 BK,OEGSTGEEST,0579,OEGSTGEEST,0715651679,primary
Zuid-Holland,De ondernemende school Westland,Van Haemstedestraat,28,2678 TX,DE LIER,1783,WESTLAND, ,primary
Zuid-Holland,De Springplank,Groeneweg,127-A,2661 KV,BERGSCHENHOEK,1621,LANSINGERLAND, ,primary
Zuid-Holland,Rehoboth Basisschool,Anna van Burenlaan,24,2404 GM,ALPHEN AAN DEN RIJN,0484,ALPHEN AAN DEN RIJN,0172472352,primary
Zuid-Holland,"De Bron, basisschool bij de Bijbel",Vronkenlaan,46,2352 EP,LEIDERDORP,0547,LEIDERDORP,0715891910,primary
Zuid-Holland,Nederlands Hervormde Basisschool Bethel,Lindengaarde,17-A,2742 TP,WADDINXVEEN,0627,WADDINXVEEN,0182617811,primary
Zuid-Holland,Rehobothschool,Sperwerhoek,4,2743 GC,WADDINXVEEN,0627,WADDINXVEEN,0182617846,primary
Zuid-Holland,BaO Aquamarijn,Donker Curtiusstraat,4,2555 XW,'S-GRAVENHAGE,0518,S GRAVENHAGE,0703232483,primary
Zuid-Holland,De Drie Linden,2e Braamstraat,5,2563 HJ,'S-GRAVENHAGE,0518,S GRAVENHAGE,0703255286,primary
Zuid-Holland,Montessori Kindcentrum John F. Kennedy,Gradaland,5,2591 HB,'S-GRAVENHAGE,0518,S GRAVENHAGE,0703853390,primary
Zuid-Holland,Rooms Katholieke Basisschool De Parkiet,Parkietlaan,1,2566 XT,'S-GRAVENHAGE,0518,S GRAVENHAGE,0703631369,primary
Zuid-Holland,KC Koos Meinderts,C.A. van Beverenstraat,48,2552 HW,'S-GRAVENHAGE,0518,S GRAVENHAGE,0703971756,primary
Zuid-Holland,Rooms Katholieke Protestants Christelijke Samenwerkingsschool Emmaus,Leenkamp,15,2264 KW,LEIDSCHENDAM,1916,LEIDSCHENDAM-VOORBURG,0703278018,primary
Zuid-Holland,KC Trampoline,De Haar,200-A,2261 ZB,LEIDSCHENDAM,1916,LEIDSCHENDAM-VOORBURG,0703201234,primary
Zuid-Holland,Kindcentrum Cascade,Delflandlaan,6,2273 CS,VOORBURG,1916,LEIDSCHENDAM-VOORBURG,0703865323,primary
Zuid-Holland,Katholieke Basisschool De Jonge Wereld,Den Helderstraat,250,2547 ST,'S-GRAVENHAGE,0518,S GRAVENHAGE,0704480310,primary
Zuid-Holland,Basisschool Grote Beer,Guntersteinweg,60,2531 JZ,'S-GRAVENHAGE,0518,S GRAVENHAGE,0703947173,primary
Zuid-Holland,Protestants Christelijke Basisschool De Zonnewijzer,Rijnlandstraat,159,2265 WB,LEIDSCHENDAM,1916,LEIDSCHENDAM-VOORBURG,0703274119,primary
Zuid-Holland,Carolusschool,Westeinde,103-A,2512 GW,'S-GRAVENHAGE,0518,S GRAVENHAGE,0703801420,primary
Zuid-Holland,KC Toermalijn,Weimarstraat,300,2562 HS,'S-GRAVENHAGE,0518,S GRAVENHAGE,0703648681,primary
Zuid-Holland,Christelijke Basisschool De Vijverhof,De Oude Bleijk,4,2266 CK,LEIDSCHENDAM,1916,LEIDSCHENDAM-VOORBURG,0703865408,primary
Zuid-Holland,Protestants Christelijke Basisschool Groen van Prinsterer,Paradijsstraat,51,2275 EK,VOORBURG,1916,LEIDSCHENDAM-VOORBURG,0703860512,primary
Zuid-Holland,Onze Wereld,Brandtstraat,87,2572 CC,'S-GRAVENHAGE,0518,S GRAVENHAGE,0703459300,primary
Zuid-Holland,Prins Mauritsschool,Kerklaan,144,2282 CN,RIJSWIJK ZH,0603,RIJSWIJK,0703077829,primary
Zuid-Holland,Paschalisschool,Bisschopstraat,3,2596 XH,'S-GRAVENHAGE,0518,S GRAVENHAGE,0703281557,primary
Zuid-Holland,IC Basisschool Statenkwartier,Van Beverningkstraat,29,2582 VB,'S-GRAVENHAGE,0518,S GRAVENHAGE,0703553805,primary
Zuid-Holland,Kindcentrum Snijders,Willem van Rijswijckstr,13,2282 HA,RIJSWIJK ZH,0603,RIJSWIJK,0703077867,primary
Zuid-Holland,Kindcentrum Bamboe,Bentelostraat,53,2545 NV,'S-GRAVENHAGE,0518,S GRAVENHAGE,0703662011,primary
Zuid-Holland,CBS Melodie,Admiraal Helfrichsingel,20,2287 BS,RIJSWIJK ZH,0603,RIJSWIJK,0703944246,primary
Zuid-Holland,Jeroen,Guido Gezellestraat,51,2524 CK,'S-GRAVENHAGE,0518,S GRAVENHAGE,0703939493,primary
Zuid-Holland,Het Kristal,Henri Dunantlaan,90,2286 GE,RIJSWIJK ZH,0603,RIJSWIJK,0703931872,primary
Zuid-Holland,De Regenboog,Linnaeusstraat,12,2522 GR,'S-GRAVENHAGE,0518,S GRAVENHAGE,0703905049,primary
Zuid-Holland,Het Lichtbaken,Georges Bizetstraat,21,2551 ZC,'S-GRAVENHAGE,0518,S GRAVENHAGE,0703239522,primary
Zuid-Holland,Basisschool 't Palet,Vaillantlaan,230,2526 HR,'S-GRAVENHAGE,0518,S GRAVENHAGE,0703803632,primary
Zuid-Holland,Kindcentrum Speleon,'s-Gravenzandelaan,262,2512 JT,'S-GRAVENHAGE,0518,S GRAVENHAGE,0704023522,primary
Zuid-Holland,Diamant,Diamanthorst,181-A,2592 GD,'S-GRAVENHAGE,0518,S GRAVENHAGE,0703859839,primary
Zuid-Holland,Liduina,Amalia van Solmsstraat,157,2595 TA,'S-GRAVENHAGE,0518,S GRAVENHAGE,0703859922,primary
Zuid-Holland,De Triangel,Mr. de Bruinplein,3,2515 BZ,'S-GRAVENHAGE,0518,S GRAVENHAGE,0703894072,primary
Zuid-Holland,Nutsbasisschool Morgenstond,Zweeloostraat,61,2545 VC,'S-GRAVENHAGE,0518,S GRAVENHAGE,0703663445,primary
Zuid-Holland,Nutsbasisschool M.M. Boldingh,Verhulstplein,21,2517 SC,'S-GRAVENHAGE,0518,S GRAVENHAGE,0703450422,primary
Zuid-Holland,Nutsbasisschool Laan van Poot,Laan van Poot,355,2566 DA,'S-GRAVENHAGE,0518,S GRAVENHAGE,0703257547,primary
Zuid-Holland,Nutsbasisschool Bezuidenhout,Merkusstraat,19,2593 TL,'S-GRAVENHAGE,0518,S GRAVENHAGE,0703851430,primary
Zuid-Holland,Nutsbasisschool Zorgvliet,Adriaan Goekooplaan,13,2517 JX,'S-GRAVENHAGE,0518,S GRAVENHAGE,0703557920,primary
Zuid-Holland,Nutsbasisschool Woonstede,Woonstede,98,2543 VR,'S-GRAVENHAGE,0518,S GRAVENHAGE,0703667717,primary
Zuid-Holland,Prot Chr Basisschool De Vlieger,Frits Diepenlaan,43,2497 DN,'S-GRAVENHAGE,0518,S GRAVENHAGE,0703906732,primary
Zuid-Holland,Rooms Katholieke Basisschool De Fontein,Laan van Wateringse Veld,462,2548 CK,'S-GRAVENHAGE,0518,S GRAVENHAGE,0703965050,primary
Zuid-Holland,KC Balans,Klaverveld,5,2492 MA,'S-GRAVENHAGE,0518,S GRAVENHAGE,0703175214,primary
Zuid-Holland,Rooms Katholieke Basisschool De Waterwilg,De Poort,4,2631 PT,NOOTDORP,1926,PIJNACKER-NOOTDORP,0153105300,primary
Zuid-Holland,Rooms Katholieke Basisschool De Paradijsvogel,Weidevogellaan,201,2496 MT,'S-GRAVENHAGE,0518,S GRAVENHAGE,0153106112,primary
Zuid-Holland,RKBS De Bras,Oeverwallaan,104,2498 BZ,'S-GRAVENHAGE,0518,S GRAVENHAGE,0153698243,primary
Zuid-Holland,Kindcentrum Buitenrijck,Metelerkampstraat,105,2286 WH,RIJSWIJK ZH,0603,RIJSWIJK,0158876014,primary
Zuid-Holland,KC De Binck,St. Barbaraweg,4,2516 BT,'S-GRAVENHAGE,0518,S GRAVENHAGE, ,primary
Zuid-Holland,Basisschool Sint Jozef,Schoolplein,2,2636 GB,SCHIPLUIDEN,1842,MIDDEN-DELFLAND,0153808529,primary
Zuid-Holland,basisschool De Achtsprong,Sportlaan,47,2678 VG,DE LIER,1783,WESTLAND,0174528459,primary
Zuid-Holland,WSKO Waalcampus,Dijckerwaal,20,2691 PK,'S-GRAVENZANDE,1783,WESTLAND,0174413776,primary
Zuid-Holland,WSKO Basisschool BLINK!,Obrechtlaan,12,2692 BV,'S-GRAVENZANDE,1783,WESTLAND,0174414944,primary
Zuid-Holland,WSKO De Zeester,Kloosterlaan,4,2681 LB,MONSTER,1783,WESTLAND,0174280337,primary
Zuid-Holland,Basisschool De Nieuwe Weg,Bernardolaan,18,2685 WB,POELDIJK,1783,WESTLAND,0174247166,primary
Zuid-Holland,Rooms Katholieke Basisschool de Verburchhof,De Ruijtbaan,81,2685 RS,POELDIJK,1783,WESTLAND,0174210410,primary
Zuid-Holland,Rooms katholieke Basisschool 't Startblok,Veilingweg,1-A,2675 BR,HONSELERSDIJK,1783,WESTLAND,0174630610,primary
Zuid-Holland,Rooms katholieke Basisschool Bernadette,De Gouwe,10,2673 BK,NAALDWIJK,1783,WESTLAND,0174625562,primary
Zuid-Holland,Rooms Katholieke Basisschool Joannes,Wollegras,39,2671 ZZ,NAALDWIJK,1783,WESTLAND,0174631017,primary
Zuid-Holland,Rooms katholieke Basisschool Het Tweespan,Tuindersweg,52,2676 BJ,MAASDIJK,1783,WESTLAND,0174514355,primary
Zuid-Holland,Katholieke Basisschool De Hofvilla,Dr Schaepmanstraat,2,2291 SX,WATERINGEN,1783,WESTLAND,0174292093,primary
Zuid-Holland,Basisschool St Jozef,Groentelaan,29,2292 AD,WATERINGEN,1783,WESTLAND,0174293348,primary
Zuid-Holland,Katholieke Basisschool Maria,Koningsspil,47,2291 MB,WATERINGEN,1783,WESTLAND,0174292981,primary
Zuid-Holland,Basisschool Andreashof,Leeuwerik,11,2295 PE,KWINTSHEUL,1783,WESTLAND,0174294193,primary
Zuid-Holland,De Regenboog Basisschool,Aalbersestraat,47,2672 DR,NAALDWIJK,1783,WESTLAND,0174622870,primary
Zuid-Holland,De Olijfboom,Pelikaanweg,4,2903 ER,CAPELLE AAN DEN IJSSEL,0502,CAPELLE AAN DEN IJSSEL,0104500921,primary
Zuid-Holland,Rehobothschool,Verlengde Kerkweg,23,2985 AZ,RIDDERKERK,0597,RIDDERKERK,0180423525,primary
Zuid-Holland,De Regenboog,Warmoezenierstraat,36,3123 EN,SCHIEDAM,0606,SCHIEDAM,0104709392,primary
Zuid-Holland,De Vlinder,Stockholm,3,3124 SG,SCHIEDAM,0606,SCHIEDAM,0104717036,primary
Zuid-Holland,IKC Vindingrijk,Burg. Wesselinkstraat,8,3145 SB,MAASSLUIS,0556,MAASSLUIS,0105914637,primary
Zuid-Holland,Christelijke Basisschool De Wieken,Westfrankelandsestraat,152,3117 AZ,SCHIEDAM,0606,SCHIEDAM,0104261885,primary
Zuid-Holland,IKC Blink,De Wildestraat,38-40,3119 PM,SCHIEDAM,0606,SCHIEDAM,0104738570,primary
Zuid-Holland,IKC 't Palet,Gedempte Biersloot,3-D,3131 HJ,VLAARDINGEN,0622,VLAARDINGEN,0104342697,primary
Zuid-Holland,Sint Willibrordusschool,Dwarsstraat,2,3114 LC,SCHIEDAM,0606,SCHIEDAM,0104262847,primary
Zuid-Holland,Kaleidoscoop,Van Swindensingel,66,3112 RK,SCHIEDAM,0606,SCHIEDAM,0104265630,primary
Zuid-Holland,De Hoeksteen,Olmendreef,100-102,3137 CR,VLAARDINGEN,0622,VLAARDINGEN,0102499280,primary
Zuid-Holland,Sint Jozefschool,Nassaulaan,42,3116 EX,SCHIEDAM,0606,SCHIEDAM,0104263900,primary
Zuid-Holland,Sint Bernardus,Bosboomlaan,5,3116 JB,SCHIEDAM,0606,SCHIEDAM,0104265810,primary
Zuid-Holland,Avonturijn,Van Hogendorplaan,1027,3135 BK,VLAARDINGEN,0622,VLAARDINGEN,0104708516,primary
Zuid-Holland,’t Palet Holy,Kraanvogellaan,99,3136 JB,VLAARDINGEN,0622,VLAARDINGEN,0104749688,primary
Zuid-Holland,Basisschool De Akker,Schoolstraat,11-A,2161 HB,LISSE,0553,LISSE,0252413099,primary
Zuid-Holland,Petrus Datheenschool,Biezenkreek,15,3079 SK,ROTTERDAM,0599,ROTTERDAM,0104821730,primary
Zuid-Holland,De Rozenhorst,Jan Tooropstraat,1-3-5,3181 HE,ROZENBURG ZH,0599,ROTTERDAM,0181212565,primary
Zuid-Holland,St. Michael,Mahlersingel,9,3055 SJ,ROTTERDAM,0599,ROTTERDAM,0104181017,primary
Zuid-Holland,Stephanus,Asserweg,360,3052 AJ,ROTTERDAM,0599,ROTTERDAM,0104184727,primary
Zuid-Holland,Het Octaaf,Da Capo,4,2925 BH,KRIMPEN AAN DEN IJSSEL,0542,KRIMPEN AAN DEN IJSSEL,0180515573,primary
Zuid-Holland,De Wingerd,Van Beethovenlaan,35,2912 VK,NIEUWERKERK AD IJSSEL,1892,ZUIDPLAS,0180314040,primary
Zuid-Holland,Dr. Schaepmanschool,Marijkesingel,30,2991 BK,BARENDRECHT,0489,BARENDRECHT,0180690279,primary
Zuid-Holland,De Oosthoek,IJsvogellaan,14,2665 ES,BLEISWIJK,1621,LANSINGERLAND,0105212006,primary
Zuid-Holland,De Klimophoeve,Hoefweg,49,2665 CB,BLEISWIJK,1621,LANSINGERLAND,0105299999,primary
Zuid-Holland,Pieter Bas,Dakotaweg,65-67,2905 AB,CAPELLE AAN DEN IJSSEL,0502,CAPELLE AAN DEN IJSSEL,0104500869,primary
Zuid-Holland,De Contrabas,Gong,3,2907 GG,CAPELLE AAN DEN IJSSEL,0502,CAPELLE AAN DEN IJSSEL,0104519408,primary
Zuid-Holland,Jozef,Planciusstraat,34-36,3151 BT,HOEK VAN HOLLAND,0599,ROTTERDAM,0174382763,primary
Zuid-Holland,Don Bosco,Havendam,4,3161 XB,RHOON,0613,ALBRANDSWAARD,0105015426,primary
Zuid-Holland,De Vliedberg,Korne,180,3068 GN,ROTTERDAM,0599,ROTTERDAM,0104214668,primary
Zuid-Holland,De Schakel,Cloese,4,3191 ED,HOOGVLIET ROTTERDAM,0599,ROTTERDAM,0104163965,primary
Zuid-Holland,Mr van Eijck,Ruimersdijk,100,3079 HK,ROTTERDAM,0599,ROTTERDAM,0104833222,primary
Zuid-Holland,Agnes,Persoonsdam,18,3071 EE,ROTTERDAM,0599,ROTTERDAM,0102909912,primary
Zuid-Holland,Meester Baars,Koninginneweg,228,3078 GS,ROTTERDAM,0599,ROTTERDAM,0104831828,primary
Zuid-Holland,De Regenboog,Gronsvelderf,105,3077 SB,ROTTERDAM,0599,ROTTERDAM,0104820463,primary
Zuid-Holland,Theresia,Strevelsweg,155,3073 DZ,ROTTERDAM,0599,ROTTERDAM,0104840680,primary
Zuid-Holland,Sterrenschool De Globetrotter,Afrikaanderplein,5,3072 EA,ROTTERDAM,0599,ROTTERDAM,0104843790,primary
Zuid-Holland,Paus Joannes,Stuart Millpad,82,3076 RK,ROTTERDAM,0599,ROTTERDAM,0104199622,primary
Zuid-Holland,Christophoor,Schere,39-41,3085 DT,ROTTERDAM,0599,ROTTERDAM,0104808838,primary
Zuid-Holland,Elisabeth,Carnissedreef,292,3084 NN,ROTTERDAM,0599,ROTTERDAM,0104817244,primary
Zuid-Holland,De Klinker,Chopinstraat,77,3208 RC,SPIJKENISSE,1930,NISSEWAARD,0181637370,primary
Zuid-Holland,De Pionier,Valenciadreef,6-8,3067 WL,ROTTERDAM,0599,ROTTERDAM,0104550111,primary
Zuid-Holland,Minister Marga Klompé,Robert Kochplaats,346-348,3068 JD,ROTTERDAM,0599,ROTTERDAM,0104206661,primary
Zuid-Holland,De Horizon,Goudkruid,105,3068 SV,ROTTERDAM,0599,ROTTERDAM,0104212886,primary
Zuid-Holland,Albert Schweitzer,Baanweg,20,3042 AB,ROTTERDAM,0599,ROTTERDAM,0104159303,primary
Zuid-Holland,Tarcisius,Johan de Wittlaan,5-9,3051 HE,ROTTERDAM,0599,ROTTERDAM,0104229590,primary
Zuid-Holland,Fatima,Larikslaan,192,3053 LG,ROTTERDAM,0599,ROTTERDAM,0104188005,primary
Zuid-Holland,De Bavokring,Willem Ruyslaan,17,3061 TT,ROTTERDAM,0599,ROTTERDAM,0104116881,primary
Zuid-Holland,Hildegardis,Verbraakstraat,7,3036 MR,ROTTERDAM,0599,ROTTERDAM,0104656840,primary
Zuid-Holland,Imelda,Veurstraat,3-7,3037 BN,ROTTERDAM,0599,ROTTERDAM,0104652632,primary
Zuid-Holland,Dominicus,Noorderhavenkade,45-D,3039 RG,ROTTERDAM,0599,ROTTERDAM,0104432500,primary
Zuid-Holland,Mariaschool Schietbaanlaan,Schietbaanlaan,90,3021 LN,ROTTERDAM,0599,ROTTERDAM,0104258686,primary
Zuid-Holland,Emmaus,Tidemanstraat,59,3022 SE,ROTTERDAM,0599,ROTTERDAM,0104258312,primary
Zuid-Holland,Mariaschool Taandersplein,Taandersplein,3,3027 CN,ROTTERDAM,0599,ROTTERDAM,0102457081,primary
Zuid-Holland,Valentijn,Gijsingstraat,51,3026 RH,ROTTERDAM,0599,ROTTERDAM,0104761184,primary
Zuid-Holland,Nicolaas,Schiedamseweg,227,3026 AN,ROTTERDAM,0599,ROTTERDAM, ,primary
Zuid-Holland,De Provenier,Harddraverstraat,7,3033 XG,ROTTERDAM,0599,ROTTERDAM,0104658308,primary
Zuid-Holland,Oscar Romero,Isaac Hubertstraat,151,3034 CS,ROTTERDAM,0599,ROTTERDAM,0104127318,primary
Zuid-Holland,Augustinus,Josephstraat,12-14,3014 TP,ROTTERDAM,0599,ROTTERDAM,0104364378,primary
Zuid-Holland,Willibrord,Nieuwstraat,15,3011 GM,ROTTERDAM,0599,ROTTERDAM,0102409541,primary
Zuid-Holland,De Wegwijzer,Vlinderveen,219,3205 EB,SPIJKENISSE,1930,NISSEWAARD,0181640203,primary
Zuid-Holland,Paus Johannes,Galileilaan,9,3204 AK,SPIJKENISSE,1930,NISSEWAARD,0181616152,primary
Zuid-Holland,Mgr Bekkers,Eikenlaan,88-B,3203 BM,SPIJKENISSE,1930,NISSEWAARD,0181614445,primary
Zuid-Holland,De Akkers,Noordakker,2,3206 TC,SPIJKENISSE,1930,NISSEWAARD,0181633918,primary
Zuid-Holland,De Maasoever,Emmy Belinfantestraat,1,3207 HA,SPIJKENISSE,1930,NISSEWAARD,0181635180,primary
Zuid-Holland,De Kleine Prins,Clara Egginkstraat,4,3066 JG,ROTTERDAM,0599,ROTTERDAM,0104202099,primary
Zuid-Holland,De Trinoom,Olmenwede,1,2993 GG,BARENDRECHT,0489,BARENDRECHT,0180623770,primary
Zuid-Holland,Het Tangram,Marcel Duchampplein,801,3059 RD,ROTTERDAM,0599,ROTTERDAM,0107076500,primary
Zuid-Holland,Montessorischool Capelle,Reigerlaan,64,2903 LL,CAPELLE AAN DEN IJSSEL,0502,CAPELLE AAN DEN IJSSEL,0102847484,primary
Zuid-Holland,De Grote Reis,Binnengracht,2,3162 WD,RHOON,0613,ALBRANDSWAARD,0102033690,primary
Zuid-Holland,Park16Hoven,Tinbergenlaan,52,3045 BJ,ROTTERDAM,0599,ROTTERDAM,0103032550,primary
Zuid-Holland,Globetrotter Katendrecht,Maashavenkade,225,3072 ES,ROTTERDAM,0599,ROTTERDAM,0104842437,primary
Zuid-Holland,Jacobus Koelmanschool,Vijverlaan,513,2925 VH,KRIMPEN AAN DEN IJSSEL,0542,KRIMPEN AAN DEN IJSSEL,0180520560,primary
Zuid-Holland,Johannes Calvynschool,Buys Ballotsingel,45,2922 HG,KRIMPEN AAN DEN IJSSEL,0542,KRIMPEN AAN DEN IJSSEL,0180515078,primary
Zuid-Holland,Admiraal De Ruyterschool,Kerkdreef,1-A,2922 BG,KRIMPEN AAN DEN IJSSEL,0542,KRIMPEN AAN DEN IJSSEL,0180513141,primary
Zuid-Holland,Prins Mauritsschool,Nassaulaan,54-56,2628 GJ,DELFT,0503,DELFT,0152568251,primary
Zuid-Holland,Samenwerkingsschool MeerWaarde,Prinses Margrietstraat,2,2396 XD,KOUDEKERK AAN DEN RIJN,0484,ALPHEN AAN DEN RIJN,0713412836,primary
Zuid-Holland,Openbare Basisschool De Springplank,Sportparklaan,5,2391 AX,HAZERSWOUDE-DORP,0484,ALPHEN AAN DEN RIJN,0172589890,primary
Zuid-Holland,O.B.S. Groeiwijs,Joseph Haydnlaan,1,2394 GJ,HAZERSWOUDE-RIJNDIJK,0484,ALPHEN AAN DEN RIJN,0713412742,primary
Zuid-Holland,Rooms Katholieke Basisschool Spinnewiel,Klepperman,9-11,2401 GH,ALPHEN AAN DEN RIJN,0484,ALPHEN AAN DEN RIJN,0172421552,primary
Zuid-Holland,Katholieke Basisschool Het Spectrum,Honingzwam,6,2403 HN,ALPHEN AAN DEN RIJN,0484,ALPHEN AAN DEN RIJN,0172422790,primary
Zuid-Holland,Samenwerkingsschool Vivace,Liszthof,92,2402 GS,ALPHEN AAN DEN RIJN,0484,ALPHEN AAN DEN RIJN,0172420794,primary
Zuid-Holland,Rooms Katholieke Basisschool Sint Bonifacius Roncalli,Paradijslaan,11,2405 CC,ALPHEN AAN DEN RIJN,0484,ALPHEN AAN DEN RIJN,0172474389,primary
Zuid-Holland,Het Palet,Javastraat,5,2405 CS,ALPHEN AAN DEN RIJN,0484,ALPHEN AAN DEN RIJN,0172472380,primary
Zuid-Holland,De Hobbitburcht - Spectrum,Batenstein,18,2403 PH,ALPHEN AAN DEN RIJN,0484,ALPHEN AAN DEN RIJN,0172437748,primary
Zuid-Holland,De Hobbitburcht,Havixhorst,252,2402 MZ,ALPHEN AAN DEN RIJN,0484,ALPHEN AAN DEN RIJN,0172442868,primary
Zuid-Holland,Bentwijzer,Ploegerf,5,2731 HJ,BENTHUIZEN,0484,ALPHEN AAN DEN RIJN,0793318422,primary
Zuid-Holland,Basisschool De Zilveren Maan,Ladderhaak,1,2421 NK,NIEUWKOOP,0569,NIEUWKOOP,0172520065,primary
Zuid-Holland,Basisschool de Meridiaan,De Oude Wereld,54,2408 JV,ALPHEN AAN DEN RIJN,0484,ALPHEN AAN DEN RIJN,0172425445,primary
Zuid-Holland,De Wereldwijzer,De Oude Wereld,59,2408 NV,ALPHEN AAN DEN RIJN,0484,ALPHEN AAN DEN RIJN,0172424404,primary
Zuid-Holland,Het Vianova,Vroonhoevelaan,8,2408 ST,ALPHEN AAN DEN RIJN,0484,ALPHEN AAN DEN RIJN,0172499423,primary
Zuid-Holland,Reformatorische Basisschool,Kreupeleweg,4,3286 BC,KLAASWAAL,1963,HOEKSCHE WAARD,0186573594,primary
Zuid-Holland,RBS De Fontein,Wilgenlaan,15,3297 BW,PUTTERSHOEK,1963,HOEKSCHE WAARD,0786767373,primary
Zuid-Holland,Reformatorische Basisschool Eben Haezer,Laningpad,3,3262 JS,OUD-BEIJERLAND,1963,HOEKSCHE WAARD,0186615923,primary
Zuid-Holland,School Met De Bijbel,Koningin Julianastraat,25,3267 AK,GOUDSWAARD,1963,HOEKSCHE WAARD,0186692526,primary
Zuid-Holland,School Met De Bijbel,Nieuwe Veer,90,2959 AM,STREEFKERK,1978,MOLENLANDEN,0184681120,primary
Zuid-Holland,De Horizon,Singel,441,3311 HH,DORDRECHT,0505,DORDRECHT,0788905550,primary
Zuid-Holland,IKC De Bavinck,Singel,140,3311 PE,DORDRECHT,0505,DORDRECHT,0788905500,primary
Zuid-Holland,Pr Julianasch,Prinses Julianaweg,2,3314 KT,DORDRECHT,0505,DORDRECHT,0788905575,primary
Zuid-Holland,De Repelaer,Standhasenstraat,47,3312 LN,DORDRECHT,0505,DORDRECHT,0788905650,primary
Zuid-Holland,De Fontein,Matthijs Marisstraat,33,3314 TN,DORDRECHT,0505,DORDRECHT,0788905600,primary
Zuid-Holland,De Regenboog,Noordendijk,250,3311 RR,DORDRECHT,0505,DORDRECHT,0788905625,primary
Zuid-Holland,Prins Bernhardschool,Brouwersdijk,111,3314 GJ,DORDRECHT,0505,DORDRECHT,0788905525,primary
Zuid-Holland,Sterrekijker,Boogschutter,71,3328 KC,DORDRECHT,0505,DORDRECHT,0788905800,primary
Zuid-Holland,CBS Het Kristal,Heimerstein,35-36,3328 ME,DORDRECHT,0505,DORDRECHT,0788905675,primary
Zuid-Holland,Evangelische basisschool Eden,Willem de Zwijgerlaan,2,3314 NX,DORDRECHT,0505,DORDRECHT,0788905590,primary
Zuid-Holland,Shri Vishnu School,Abraham van Beyerenstr,56,2525 TH,'S-GRAVENHAGE,0518,S GRAVENHAGE,0703656900,primary
Zuid-Holland,Shri Saraswatie School,Schiedamseweg,282,3025 AS,ROTTERDAM,0599,ROTTERDAM,0104779494,primary
Zuid-Holland,Al-Ghazali,Van Lennepstraat,17,3027 SP,ROTTERDAM,0599,ROTTERDAM,0104152167,primary
Zuid-Holland,Ibn i-Sina,Zegenstraat,120,3082 XZ,ROTTERDAM,0599,ROTTERDAM,0104282590,primary
Zuid-Holland,Ikra,Spirea,3,3317 JP,DORDRECHT,0505,DORDRECHT,0786390151,primary
Zuid-Holland,Noen,Paradijsplein,1,3034 SL,ROTTERDAM,0599,ROTTERDAM,0102409046,primary
Zuid-Holland,Risala,Hollandsestraat,74,3074 TM,ROTTERDAM,0599,ROTTERDAM,0104848750,primary
Zuid-Holland,Isra,Wilgenlei,149,3053 CG,ROTTERDAM,0599,ROTTERDAM,0107660080,primary
Zuid-Holland,Hiraa,Kromhoutstraat,1-7,3067 AE,ROTTERDAM,0599,ROTTERDAM,0107660042,primary
Zuid-Holland,Hilal,Hans Lipperheystraat,1,3331 EM,ZWIJNDRECHT,0642,ZWIJNDRECHT, ,primary
Zuid-Holland,Al-Hikma,Palmentuin,10,3078 KJ,ROTTERDAM,0599,ROTTERDAM, ,primary
Zuid-Holland,Eerste Westlandse Montessorischool,Madeweg,34-A,2681 PM,MONSTER,1783,WESTLAND,0174280821,primary
Zuid-Holland,Gisbertus Voetiusschool,Louise de Colignylaan,1,2224 VT,KATWIJK ZH,0537,KATWIJK,0714016729,primary
Zuid-Holland,Kievietschool voor Basisonderwijs,Buurtweg,16,2244 AD,WASSENAAR,0629,WASSENAAR,0705179252,primary
Zuid-Holland,Ds Joannes Beukelmanschool,Rembrandtlaan,100,2951 PL,ALBLASSERDAM,0482,ALBLASSERDAM,0786914778,primary
Zuid-Holland,Ds Petrus van de Veldenschool,Mattenbies,2,2957 RJ,NIEUW-LEKKERLAND,1978,MOLENLANDEN,0184684991,primary
Zuid-Holland,El Furkan Basisschool,Eduard van Beinumlaan,61,3122 TK,SCHIEDAM,0606,SCHIEDAM,0104716562,primary
Zuid-Holland,IBS Ababil,Dr Kuyperlaan,12,3118 RR,SCHIEDAM,0606,SCHIEDAM,0104716562,primary
Zuid-Holland,De Nieuwe Maan,J.J. Slauerhofflaan,273,2624 JZ,DELFT,0503,DELFT,0153011064,primary
Zuid-Holland,De Reiziger,Dr. Jan Schoutenlaan,3,3145 SX,MAASSLUIS,0556,MAASSLUIS, ,primary
Zuid-Holland,De Kubus,Galileistraat,86,3112 PJ,SCHIEDAM,0606,SCHIEDAM,0103230007,primary
Zuid-Holland,De Walvis,Philips de Goedestraat,162,3132 XT,VLAARDINGEN,0622,VLAARDINGEN, ,primary
Zuid-Holland,Islamitische Basisschool An Noer,Polluxstraat,2,2402 BT,ALPHEN AAN DEN RIJN,0484,ALPHEN AAN DEN RIJN,0172439937,primary
Zuid-Holland,Islamitische Basisschool Al Qalam,Calslaan,99,2804 RT,GOUDA,0513,GOUDA,0172439937,primary
Zuid-Holland,Delftse Montessorischool voor Basisonderwijs,Jacoba van Beierenlaan,166,2613 JK,DELFT,0503,DELFT,0152124800,primary
Zuid-Holland,Duinoord-Basisschool Protestants Christelijk Onderwijs,Prins Mauritslaan,8,2582 LR,'S-GRAVENHAGE,0518,S GRAVENHAGE,0703544323,primary
Zuid-Holland,Christelijke Basisschool Rehoboth,Windvaan,8,2751 ES,MOERKAPELLE,1892,ZUIDPLAS,0795931284,primary
Zuid-Holland,Basisschool Joris De Witte,Jan Wolkerslaan,16,2343 BK,OEGSTGEEST,0579,OEGSTGEEST,0715175410,primary
Zuid-Holland,Basisschool De Wegwijzer School met de Bijbel,Planetenlaan,32,2957 SN,NIEUW-LEKKERLAND,1978,MOLENLANDEN,0184682765,primary
Zuid-Holland,School met de Bijbel,Korenbloemplaats,4,2971 BH,BLESKENSGRAAF CA,1978,MOLENLANDEN,0184691595,primary
Zuid-Holland,De Zaaier,Dorpsstraat,32-A,3366 BD,WIJNGAARDEN,1978,MOLENLANDEN,0184410139,primary
Zuid-Holland,School Met De Bijbel De Schakel,Jacob van Oudenhovenstr,1,2957 KE,NIEUW-LEKKERLAND,1978,MOLENLANDEN,0184682864,primary
Zuid-Holland,Christelijke Basisschool de Fakkel,Noordzijde,47,2977 XA,GOUDRIAAN,1978,MOLENLANDEN,0183581210,primary
Zuid-Holland,Basisschool Eben Haezer,B,115,2975 BK,OTTOLAND,1978,MOLENLANDEN,0184642202,primary
Zuid-Holland,Graaf Jan van Nassauschool,Steijnpad,1,2805 JE,GOUDA,0513,GOUDA,0182512691,primary
Zuid-Holland,Koningin Beatrixschool,Saenredamstraat,4,2525 TN,'S-GRAVENHAGE,0518,S GRAVENHAGE,0703808494,primary
Zuid-Holland,Tamarschool,Fluitenbergstraat,6,2545 NL,'S-GRAVENHAGE,0518,S GRAVENHAGE,0703099066,primary
Zuid-Holland,Johannes Calvijn-School,Dreef,200,2803 HE,GOUDA,0513,GOUDA,0182513555,primary
Zuid-Holland,Protestants Christelijke Basisschool Livingstone,Livingstonelaan,60,2803 EL,GOUDA,0513,GOUDA,0182510112,primary
Zuid-Holland,Prinses Julianaschool,Burg Martenssingel,38,2806 CV,GOUDA,0513,GOUDA,0182514581,primary
Zuid-Holland,Haanstra Basisschool,Rapenburg,129-131,2311 GM,LEIDEN,0546,LEIDEN,0715133631,primary
Zuid-Holland,Hofdyckschool,Hazenboslaan,1,2341 SE,OEGSTGEEST,0579,OEGSTGEEST,0715237614,primary
Zuid-Holland,School met de Bijbel,Marktveld,11,3264 AL,NIEUW-BEIJERLAND,1963,HOEKSCHE WAARD,0186691842,primary
Zuid-Holland,CBS De Klimop,Mr. Treubstraat,3,2982 VN,RIDDERKERK,0597,RIDDERKERK,0180414543,primary
Zuid-Holland,Christelijke Basisschool De Wingerd,P.C. Hooftstraat,2,2985 BK,RIDDERKERK,0597,RIDDERKERK,0180422576,primary
Zuid-Holland,CBS de Regenboog,Reijerweg,60,2983 AT,RIDDERKERK,0597,RIDDERKERK,0180486111,primary
Zuid-Holland,Christelijke Basisschool de Bongerd,Patrijs,28-29,2986 CA,RIDDERKERK,0597,RIDDERKERK,0180425857,primary
Zuid-Holland,De Fontein School voor Christelijk Basisonderwijs,Scheldeplein,4,2987 EL,RIDDERKERK,0597,RIDDERKERK,0180411989,primary
Zuid-Holland,Basisschool De Hoeksteen,Kruidentuin,6-A,2991 RK,BARENDRECHT,0489,BARENDRECHT,0180613938,primary
Zuid-Holland,Potestants Christelijke Basisschool Het Kompas,Hoefslag,20,2992 VH,BARENDRECHT,0489,BARENDRECHT,0180615225,primary
Zuid-Holland,Basisschool Gr van Prinsterer,Stellingmolen,10,2992 DN,BARENDRECHT,0489,BARENDRECHT,0180612557,primary
Zuid-Holland,Protestants Christelijke Basisschool De Ark,Klipper,108-109,2991 KM,BARENDRECHT,0489,BARENDRECHT,0180616998,primary
Zuid-Holland,Protestants Christelijke Basisschool Smitshoek,Riederhof,37,2993 XJ,BARENDRECHT,0489,BARENDRECHT,0180627878,primary
Zuid-Holland,CBS De Vrijenburg,Vrijenburglaan,61,2994 CD,BARENDRECHT,0489,BARENDRECHT,0180531794,primary
Zuid-Holland,Groen van Prinsterer,Schoolstraat,20,2969 BG,OUD-ALBLAS,1978,MOLENLANDEN,0184699999,primary
Zuid-Holland,Willem de Zwijgerschool,IJdenhove,238,3341 RL,HENDRIK-IDO-AMBACHT,0531,HENDRIK-IDO-AMBACHT,0786816529,primary
Zuid-Holland,Stadhouder Willem de Derde School,Sandelingenstraat,17,3342 BL,HENDRIK-IDO-AMBACHT,0531,HENDRIK-IDO-AMBACHT,0786816399,primary
Zuid-Holland,Vereniging Nutsschool Wassenaar,Zijllaan,39,2242 CA,WASSENAAR,0629,WASSENAAR,0705114461,primary
Zuid-Holland,Islamitische Basisschool Er Riseleh,Stadhouderslaan,1-B,2313 AB,LEIDEN,0546,LEIDEN,0715128850,primary
Zuid-Holland,Basisschool de Wissel voor Interconfessioneel Basisonderwijs,Spoorweghaven,174,3071 ZG,ROTTERDAM,0599,ROTTERDAM,0104841493,primary
Zuid-Holland,Islamitische Basisschool Yunus Emre,Mandelaplein,2,2572 HT,'S-GRAVENHAGE,0518,S GRAVENHAGE,0703895376,primary
Zuid-Holland,Islamitische Basisschool Yunus Emre,Beresteinlaan,629,2542 JR,'S-GRAVENHAGE,0518,S GRAVENHAGE,0707830001,primary
Zuid-Holland,Yunus Emre,Van Damstraat,7,2512 PG,'S-GRAVENHAGE,0518,S GRAVENHAGE,0703050441,primary
Zuid-Holland,Yunus Emre,Carry van Bruggenhove,2,2717 XV,ZOETERMEER,0637,ZOETERMEER,0797810011,primary
Zuid-Holland,Islamitische Basisschool,De Savornin Lohmanstraat,1,2672 BB,NAALDWIJK,1783,WESTLAND, ,primary
Zuid-Holland,Christelijke Basisschool De Burcht,Broekweg,32,2235 BK,VALKENBURG ZH,0537,KATWIJK,0714074467,primary
Zuid-Holland,Ds G H Kerstenschool,Margriete van Comenestr,2,2982 PH,RIDDERKERK,0597,RIDDERKERK,0180428862,primary
Zuid-Holland,Daltonschool de Vliegers,Kastanjelaan,3,3241 BH,MIDDELHARNIS,1924,GOEREE-OVERFLAKKEE,0187482980,primary
Zuid-Holland,Rooms Katholieke Basisschool De Touwladder,Velddreef,328,2727 CV,ZOETERMEER,0637,ZOETERMEER,0793413033,primary
Zuid-Holland,Rooms Katholieke Basisschool de Spelevaert,Irisvaart,2-4,2724 TT,ZOETERMEER,0637,ZOETERMEER,0793318004,primary
Zuid-Holland,Rooms Katholieke Basisschool de Elzenhoek,Broekwegzijde,192-194,2725 PE,ZOETERMEER,0637,ZOETERMEER,0793316321,primary
Zuid-Holland,IKC De Buytenkans,Busken Huethove,6,2717 XK,ZOETERMEER,0637,ZOETERMEER,0793290190,primary
Zuid-Holland,Koningin Wilhelminaschool,Willem-Alexanderplnts,1,2713 VM,ZOETERMEER,0637,ZOETERMEER,0793310988,primary
Zuid-Holland,de Jacobsvlinder,Schoutenhoek,160,2722 EK,ZOETERMEER,0637,ZOETERMEER,0793311167,primary
Zuid-Holland,Rooms Katholieke Basisschool De Regenboog,Kerkenbos,12,2715 RP,ZOETERMEER,0637,ZOETERMEER,0793211592,primary
Zuid-Holland,IKC Stella Nova,Willem-Alexanderplnts,2,2713 VM,ZOETERMEER,0637,ZOETERMEER,0793169184,primary
Zuid-Holland,Rooms Katholieke Basisschool Paulus,Dr. J. W. Paltelaan,5,2712 RN,ZOETERMEER,0637,ZOETERMEER,0793164834,primary
Zuid-Holland,Noordeinde,Bijvoetplan,43-45,2728 DC,ZOETERMEER,0637,ZOETERMEER,0793319620,primary
Zuid-Holland,Rooms Katholieke Basisschool De Achtsprong,Rakkersveld,257,2722 BN,ZOETERMEER,0637,ZOETERMEER,0793313129,primary
Zuid-Holland,KC De Entree,Overwater,1,2715 BT,ZOETERMEER,0637,ZOETERMEER,0793213293,primary
Zuid-Holland,Basisschool De Hofvijver,Forelsloot,3,2724 CA,ZOETERMEER,0637,ZOETERMEER,0793315481,primary
Zuid-Holland,Prinses Margrietschool,Antigoneschouw,12,2726 KE,ZOETERMEER,0637,ZOETERMEER,0793315443,primary
Zuid-Holland,Rooms Katholieke Basisschool Het Palet,Marsgeel,14,2718 BZ,ZOETERMEER,0637,ZOETERMEER,0793610082,primary
Zuid-Holland,Protestants Christelijke Basisschool Prins Clausschool,Straspad,1,2719 VG,ZOETERMEER,0637,ZOETERMEER,0793616009,primary
Zuid-Holland,RK Basisschool De Floriant,Florasingel,17,2719 HP,ZOETERMEER,0637,ZOETERMEER,0793615607,primary
Zuid-Holland,Protestants Christelijke Basisschool Prins Florisschool,Hazerswoudestraat,250,2729 CN,ZOETERMEER,0637,ZOETERMEER,0793315022,primary
Zuid-Holland,Rooms Katholieke Basisschool De Oostwijzer,Sumatra,15,2721 GG,ZOETERMEER,0637,ZOETERMEER,0793460169,primary
Zuid-Holland,Oranjerie,Sumatra,11,2721 GG,ZOETERMEER,0637,ZOETERMEER,0793434277,primary
Zuid-Holland,Al Qoeba,Terwestenstraat,105,2525 GG,'S-GRAVENHAGE,0518,S GRAVENHAGE,0703887915,primary
Zuid-Holland,Gr v Prinsterer-School,Piet Heinlaan,3,2224 SZ,KATWIJK ZH,0537,KATWIJK,0714016917,primary
Zuid-Holland,Basisschool De Farel,Koninginneweg,38,2225 HK,KATWIJK ZH,0537,KATWIJK,0714015117,primary
Zuid-Holland,Christelijke Opleidingsschool,Nolensstraat,1,2221 CE,KATWIJK ZH,0537,KATWIJK,0714013567,primary
Zuid-Holland,Basisschool Marnix,Schimmelpenninckstraat,2,2221 EP,KATWIJK ZH,0537,KATWIJK,0714080215,primary
Zuid-Holland,Het Noorderlicht,Jan Tooropstraat,30-A,2225 XV,KATWIJK ZH,0537,KATWIJK,0714016919,primary
Zuid-Holland,Mr. J.J.L. van der Brugghenschool,Schimmelpenninckstraat,8,2221 EP,KATWIJK ZH,0537,KATWIJK,0714081969,primary
Zuid-Holland,Rehoboth School,Poolster,4,2221 NT,KATWIJK ZH,0537,KATWIJK,0714081019,primary
Zuid-Holland,Christelijke Basisschool de Duinroos,Prinses Irenelaan,49,2224 XA,KATWIJK ZH,0537,KATWIJK,0714078228,primary
Zuid-Holland,W. van Veenschool,Huetingstraat,17,2223 BM,KATWIJK ZH,0537,KATWIJK,0714029106,primary
Zuid-Holland,Sjaloomschool,Stadhoudersdreef,65,2224 BP,KATWIJK ZH,0537,KATWIJK,0714015768,primary
Zuid-Holland,Christelijke Basisschool Oranje Nassau,Buitendorpstraat,1,2471 AW,ZWAMMERDAM,0484,ALPHEN AAN DEN RIJN,0172613803,primary
Zuid-Holland,PC Basissch Rehoboth,Rozenlaan,39,2771 DB,BOSKOOP,0484,ALPHEN AAN DEN RIJN,0172217338,primary
Zuid-Holland,Immanuelschool,Boomgaard,2,2771 PC,BOSKOOP,0484,ALPHEN AAN DEN RIJN,0172214143,primary
Zuid-Holland,Basisschool de Rank,Lauraplein,1,2406 BB,ALPHEN AAN DEN RIJN,0484,ALPHEN AAN DEN RIJN,0172474130,primary
Zuid-Holland,Protestants Christelijke Basisschool Groen van Prinsterer,Jan Nieuwenhuijzenstraat,26,2405 VG,ALPHEN AAN DEN RIJN,0484,ALPHEN AAN DEN RIJN,0172474131,primary
Zuid-Holland,Protestants Christelijke Basisschool Samen Op Weg,Jan Pieterszoon Coenlaan,1-B,2404 AL,ALPHEN AAN DEN RIJN,0484,ALPHEN AAN DEN RIJN,0172474132,primary
Zuid-Holland,Protestants Christelijke Basisschool De Windroos,Zaalbergstraat,1,2405 XA,ALPHEN AAN DEN RIJN,0484,ALPHEN AAN DEN RIJN,0172493269,primary
Zuid-Holland,Protestants Christelijke Basisschool JP Sweelinck,Groenoord,247,2401 AR,ALPHEN AAN DEN RIJN,0484,ALPHEN AAN DEN RIJN,0172421995,primary
Zuid-Holland,Protestants Christelijke Basisschool De Stromen,Lupinesingel,11,2403 CM,ALPHEN AAN DEN RIJN,0484,ALPHEN AAN DEN RIJN,0172421846,primary
Zuid-Holland,Protestants Christelijke Basisschool De Mare,Schelfhorst,2,2402 LG,ALPHEN AAN DEN RIJN,0484,ALPHEN AAN DEN RIJN,0172435736,primary
Zuid-Holland,Protestants Christelijke Basisschool Het Baken,Klepperman,1,2401 GH,ALPHEN AAN DEN RIJN,0484,ALPHEN AAN DEN RIJN,0172436468,primary
Zuid-Holland,Protestants Christelijke Basisschool de Fontein,De Oude Wereld,52,2408 JV,ALPHEN AAN DEN RIJN,0484,ALPHEN AAN DEN RIJN,0172424825,primary
Zuid-Holland,Het Mozaïek,Vroonhoevelaan,10-12,2408 ST,ALPHEN AAN DEN RIJN,0484,ALPHEN AAN DEN RIJN,0172497704,primary
Zuid-Holland,Oranje Nassau-School,Bilwijkerweg,6-A,2821 SB,STOLWIJK,1931,KRIMPENERWAARD,0182341448,primary
Zuid-Holland,Het Kompas,Kuyperbrink,10,2253 VX,VOORSCHOTEN,0626,VOORSCHOTEN,0715763579,primary
Zuid-Holland,Dominee Fortgensschool,Van Beethovenlaan,10-A,2253 BE,VOORSCHOTEN,0626,VOORSCHOTEN,0715612995,primary
Zuid-Holland,Gevers Deynootschool,Burg Van der Haarplein,7,2251 CT,VOORSCHOTEN,0626,VOORSCHOTEN,0715612497,primary
Zuid-Holland,Algemene Hindoeschool,Mackaystraat,6,2571 AR,'S-GRAVENHAGE,0518,S GRAVENHAGE,0703841924,primary
Zuid-Holland,Basisschool de Vink,Kuyperbrink,12,2253 VX,VOORSCHOTEN,0626,VOORSCHOTEN,0715763580,primary
Zuid-Holland,School op Algemeen Bijzondere Grondslag,Salamanderveen,352,3205 TG,SPIJKENISSE,1930,NISSEWAARD,0181635634,primary
Zuid-Holland,Rooms Katholieke Basisschool De Krullevaar,Doelenplein,26,2871 CV,SCHOONHOVEN,1931,KRIMPENERWAARD,0182384221,primary
Zuid-Holland,Zevensprong,Snijdelwijklaan,4-C,2771 SX,BOSKOOP,0484,ALPHEN AAN DEN RIJN,0172213886,primary
Zuid-Holland,Samenwerkingsschool De Pelikaan,Grote Haven,2-D,2851 BM,HAASTRECHT,1931,KRIMPENERWAARD,0182501597,primary
Zuid-Holland,IKC Sterrenwijzer,Vincent van Goghstraat,18,2391 VB,HAZERSWOUDE-DORP,0484,ALPHEN AAN DEN RIJN,0172589869,primary
Zuid-Holland,RK Basisschool De Bijenkorf,Aalberseplein,6,2805 EG,GOUDA,0513,GOUDA,0182516675,primary
Zuid-Holland,RK Basisschool De Bron,Drielingschouw,1,2811 LP,REEUWIJK,1901,BODEGRAVEN-REEUWIJK,0182393234,primary
Zuid-Holland,Basisschool De Hortus,Populierenhof,2,2771 DG,BOSKOOP,0484,ALPHEN AAN DEN RIJN,0172215912,primary
Zuid-Holland,Basisschool De Regenboog,Willem de Zwijgerlaan,55,2741 DB,WADDINXVEEN,0627,WADDINXVEEN,0182613707,primary
Zuid-Holland,Rooms Katholieke Basisschool De Goudakker,Reigerstraat,37,2802 EM,GOUDA,0513,GOUDA,0182515657,primary
Zuid-Holland,Rooms Katholieke Basisschool Speel en Werkhoeve,Leeuwerik,1,2411 KR,BODEGRAVEN,1901,BODEGRAVEN-REEUWIJK,0172611608,primary
Zuid-Holland,KC de KAS,Zuidplashof,1,2743 CR,WADDINXVEEN,0627,WADDINXVEEN,0182619856,primary
Zuid-Holland,Integraal Kind Centrum Schatrijk,Eendrachtsweg,30,2411 VL,BODEGRAVEN,1901,BODEGRAVEN-REEUWIJK,0172613405,primary
Zuid-Holland,Rooms Katholieke Basisschool  Willibrord-Miland,Dronenplein,1-B,2411 HE,BODEGRAVEN,1901,BODEGRAVEN-REEUWIJK,0172614591,primary
Zuid-Holland,RK Basisschool De Triangel,Coniferensingel,22,2803 JH,GOUDA,0513,GOUDA,0182530225,primary
Zuid-Holland,RK Basisschool De Cirkel,Rijnlust,42,2804 LC,GOUDA,0513,GOUDA,0182533560,primary
Zuid-Holland,Rooms Katholieke Basisschool Sint Jozef,Oudersvrucht,3,2841 LN,MOORDRECHT,1892,ZUIDPLAS,0182372600,primary
Zuid-Holland,RK Basisschool 't Carillon,Geerpolderweg,32-34,2807 LS,GOUDA,0513,GOUDA,0182524818,primary
Zuid-Holland,rk basisschool St. Aloysius,Spieringstraat,18,2801 ZM,GOUDA,0513,GOUDA,0182515338,primary
Zuid-Holland,KC Koningskwartier,Ryckevelde,1,2761 KZ,ZEVENHUIZEN ZH,1892,ZUIDPLAS,0180740016,primary
Zuid-Holland,Hildegaertschool,Debussylaan,11,3055 TE,ROTTERDAM,0599,ROTTERDAM,0104180049,primary
Zuid-Holland,Heybergschool Molenwiek,Heijbergstraat,2-4,3055 PP,ROTTERDAM,0599,ROTTERDAM,0104182199,primary
Zuid-Holland,Emmaschool,Hilleniussingel,23,3054 EX,ROTTERDAM,0599,ROTTERDAM,0104189053,primary
Zuid-Holland,IKC Wonderwijs,Kastanjeplein,6,3053 CD,ROTTERDAM,0599,ROTTERDAM,0104189579,primary
Zuid-Holland,Rooms Katholieke Petrusschool voor Basisonderwijs,Johan Brouwerstraat,2,2286 RL,RIJSWIJK ZH,0603,RIJSWIJK,0703930960,primary
Zuid-Holland,Sint Jozef Basisschool,Sportparkweg,6-8,2631 GA,NOOTDORP,1926,PIJNACKER-NOOTDORP,0153109654,primary
Zuid-Holland,Rooms Katholieke Basisschool De Zuidwester,Marterrade,312,2544 ME,'S-GRAVENHAGE,0518,S GRAVENHAGE,0703660484,primary
Zuid-Holland,Rosa-School,Nijkerklaan,7,2573 BA,'S-GRAVENHAGE,0518,S GRAVENHAGE,0703457726,primary
Zuid-Holland,Basisschool Pius X,De Goudwinde,1,2661 KZ,BERGSCHENHOEK,1621,LANSINGERLAND,0105213460,primary
Zuid-Holland,Rooms Katholieke Basisschool De Buutplaats,Hoefkade,677,2525 LE,'S-GRAVENHAGE,0518,S GRAVENHAGE,0703801982,primary
Zuid-Holland,Rooms Katholieke Basisschool Petrus Donders,Ambachtsgaarde,5,2542 ED,'S-GRAVENHAGE,0518,S GRAVENHAGE,0703671214,primary
Zuid-Holland,Basisschool De Piramide,P.C. Boutenslaan,2,2283 GT,RIJSWIJK ZH,0603,RIJSWIJK,0703938929,primary
Zuid-Holland,Mariaschool voor Katholiek Basisonderwijs,Van Vredenburchweg,75,2282 SE,RIJSWIJK ZH,0603,RIJSWIJK,0703954050,primary
Zuid-Holland,Godfried Bomansschool,Wijnandt van Elststraat,1,2282 HH,RIJSWIJK ZH,0603,RIJSWIJK,0703904426,primary
Zuid-Holland,Gabrielschool,Michiel ten Hovestraat,9,2613 VX,DELFT,0503,DELFT,0152134615,primary
Zuid-Holland,Rooms Katholieke Basisschool de Oostpoort,Oosteinde,6,2611 SN,DELFT,0503,DELFT,0152130856,primary
Zuid-Holland,Cornelis Musiusschool,Prins Mauritsstraat,37,2628 SR,DELFT,0503,DELFT,0152568365,primary
Zuid-Holland,Bernadette Mariaschool,Aan 't Verlaat,30,2612 XZ,DELFT,0503,DELFT,0152134617,primary
Zuid-Holland,Monseigneur Bekkersschool,Frederik van Eedenlaan,12,2624 VH,DELFT,0503,DELFT,0152561318,primary
Zuid-Holland,Titus Brandsmaschool,Van Rijslaan,6,2625 KX,DELFT,0503,DELFT,0152563929,primary
Zuid-Holland,Regenboog-School,Kraanvogelstraat,2,2623 MZ,DELFT,0503,DELFT,0152610357,primary
Zuid-Holland,De Bonte Pael,Bikolaan,113,2622 EE,DELFT,0503,DELFT,0152617660,primary
Zuid-Holland,De Wilgenhoek,Pastoor Velthuijsestraat,4,2651 GR,BERKEL EN RODENRIJS,1621,LANSINGERLAND,0105112696,primary
Zuid-Holland,De Kwakel,Chrysantenhof,20,2651 XK,BERKEL EN RODENRIJS,1621,LANSINGERLAND,0105199555,primary
Zuid-Holland,De Poolster,Esdoornlaan,13,2651 RC,BERKEL EN RODENRIJS,1621,LANSINGERLAND,0105115598,primary
Zuid-Holland,Maria Basisschool,Oranje-Nassauplein,27,2635 HX,DEN HOORN ZH,1842,MIDDEN-DELFLAND,0152615430,primary
Zuid-Holland,RK Basisschool Willibrord,Stampioendreef,9,2661 SR,BERGSCHENHOEK,1621,LANSINGERLAND,0105299368,primary
Zuid-Holland,RK Basisschool Christoffel,Madurolaan,25,2496 RH,'S-GRAVENHAGE,0518,S GRAVENHAGE,0651740087,primary
Zuid-Holland,Rooms Katholieke Basisschool Het Baken,Oudelandselaan,139,2652 CJ,BERKEL EN RODENRIJS,1621,LANSINGERLAND,0105190620,primary
Zuid-Holland,R.K. Basisschool De Gouden Griffel,Annie M.G. Schmidtlaan,2,2652 HJ,BERKEL EN RODENRIJS,1621,LANSINGERLAND,0105114731,primary
Zuid-Holland,IKC Het  Avontuur,Zuiderparklaan,45,2662 AD,BERGSCHENHOEK,1621,LANSINGERLAND, ,primary
Zuid-Holland,Basisschool De Lisbloem,Orion,2,2163 AJ,LISSE,0553,LISSE,0252413468,primary
Zuid-Holland,Basisschool De Avonturier,Jacoba van Beierenweg,53-D,2215 KV,VOORHOUT,1525,TEYLINGEN,0252210264,primary
Zuid-Holland,Rooms Katholieke Basisschool De Horizon,Mgr Bekkersstraat,1-B,2223 AP,KATWIJK ZH,0537,KATWIJK,0714029196,primary
Zuid-Holland,De Schapendel,Stakman Bossestraat,73,2203 GH,NOORDWIJK ZH,0575,NOORDWIJK,0713613477,primary
Zuid-Holland,Montessorischool Noordwijk,Jan de Ridderstraat,6,2201 DN,NOORDWIJK ZH,0575,NOORDWIJK,0713610662,primary
Zuid-Holland,Basisschool De Buitenplaats,De Krogt,6,2361 GT,WARMOND,1525,TEYLINGEN,0713010568,primary
Zuid-Holland,Rooms Katholieke Basisschool Andreas,Rembrandtlaan,14,2215 CK,VOORHOUT,1525,TEYLINGEN,0252213178,primary
Zuid-Holland,De Fontein,Willem de Rijkelaan,13,2181 TA,HILLEGOM,0534,HILLEGOM,0252516031,primary
Zuid-Holland,Rooms Katholieke Basisschool De Bronckhorst,Bronckhorststraat,32,2201 KW,NOORDWIJK ZH,0575,NOORDWIJK,0713613441,primary
Zuid-Holland,Rooms Katholieke Basisschool De Giraf,Guido Gezellelaan,3,2182 WB,HILLEGOM,0534,HILLEGOM,0252519097,primary
Zuid-Holland,Basisschool De Klarinet,Handelstraat,34-36,2162 AG,LISSE,0553,LISSE,0252414408,primary
Zuid-Holland,Johannesschool,Mariastraat,30,2181 CT,HILLEGOM,0534,HILLEGOM,0252517938,primary
Zuid-Holland,Kindercampus Joseph,Achterweg,7-7A,2161 GA,LISSE,0553,LISSE,0252414416,primary
Zuid-Holland,IKC Vossepark,Weerlaan,22,2181 HH,HILLEGOM,0534,HILLEGOM,0252518353,primary
Zuid-Holland,Basisschool Sint Willibrordusschool,Oranjelaan,96,2161 KH,LISSE,0553,LISSE,0252414101,primary
Zuid-Holland,Basisschool de Overplaats,Willibrorduslaan,71,2171 VB,SASSENHEIM,1525,TEYLINGEN,0252223080,primary
Zuid-Holland,Kind Centrum Op Zee,Hoogwakersbosstraat,22,2202 SP,NOORDWIJK ZH,0575,NOORDWIJK,0713611314,primary
Zuid-Holland,Rooms Katholieke Basisschool de Springplank,Kagerplein,30,2172 EA,SASSENHEIM,1525,TEYLINGEN,0252223184,primary
Zuid-Holland,Het Sterrenwerk,Knorrenburgerlaan,2,2171 AZ,SASSENHEIM,1525,TEYLINGEN,0252223113,primary
Zuid-Holland,Basisschool Hoffenne,Invaltij,17,2201 WN,NOORDWIJK ZH,0575,NOORDWIJK,0713614091,primary
Zuid-Holland,Rooms Katholieke Basisschool De Egelantier,Hafkenscheidtlaan,2,2191 BP,DE ZILK,0575,NOORDWIJK,0252520787,primary
Zuid-Holland,Rooms Katholieke Basisschool Prinsenhof,Langevelderweg,27-A,2211 AB,NOORDWIJKERHOUT,0575,NOORDWIJK,0252372445,primary
Zuid-Holland,Rooms Katholieke Basisschool St Victor,Pilarenlaan,33,2211 LH,NOORDWIJKERHOUT,0575,NOORDWIJK,0252372699,primary
Zuid-Holland,Rooms Kahtolieke Basisschool De Startbaan,Smirnoffstraat,15,2171 NZ,SASSENHEIM,1525,TEYLINGEN,0252232875,primary
Zuid-Holland,Protestants Christelijke Basisschool De Regenboog,Distelweg,60,2215 DZ,VOORHOUT,1525,TEYLINGEN,0252233307,primary
Zuid-Holland,Rooms Katholieke Basisschool Emmaus,Bonekruidstraat,11,2215 BG,VOORHOUT,1525,TEYLINGEN,0252223313,primary
Zuid-Holland,RKBS De Kiem,Schoolplein,1,2371 EK,ROELOFARENDSVEEN,1884,KAAG EN BRAASSEM,0713314359,primary
Zuid-Holland,Elckerlyc,Rembrandt van Rijnsingel,19,2371 RE,ROELOFARENDSVEEN,1884,KAAG EN BRAASSEM,0713312735,primary
Zuid-Holland,Basisschool De Kinderbrug,Oud Adeselaan,50,2375 XE,RIJPWETERING,1884,KAAG EN BRAASSEM,0715018421,primary
Zuid-Holland,Rooms Katholiek Basisschool de Roelevaer,Lupinestraat,2,2371 NK,ROELOFARENDSVEEN,1884,KAAG EN BRAASSEM,0713313632,primary
Zuid-Holland,Basisschool De Klimboom,Rembrandt van Rijnsingel,17,2371 RE,ROELOFARENDSVEEN,1884,KAAG EN BRAASSEM,0713313039,primary
Zuid-Holland,RKB Sint Antonius,Anemonenstraat,1,2431 XB,NOORDEN,0569,NIEUWKOOP,0172408257,primary
Zuid-Holland,Samenwerkingsschool De Veenvogel,Hazeweg,3,2441 AD,NIEUWVEEN,0569,NIEUWKOOP,0172538854,primary
Zuid-Holland,Daltonschool De Diamant,Vrijenhoek,29,2435 XV,ZEVENHOVEN,0569,NIEUWKOOP,0172538237,primary
Zuid-Holland,Samenwerkingsschool De Wereldweide,Cornelis Kempenaarlaan,2-4,2481 XB,WOUBRUGGE,1884,KAAG EN BRAASSEM,0172518371,primary
Zuid-Holland,KB Aeresteijn,Sportlaan,19-21,2461 NK,TER AAR,0569,NIEUWKOOP,0172602548,primary
Zuid-Holland,IKC De Lei,Larikslaan,2,2451 BV,LEIMUIDEN,1884,KAAG EN BRAASSEM,0172509295,primary
Zuid-Holland,PCB Johannes Post,Sportparklaan,1,2391 AX,HAZERSWOUDE-DORP,0484,ALPHEN AAN DEN RIJN,0172589766,primary
Zuid-Holland,PCB Maranatha,Ladderhaak,7,2421 NK,NIEUWKOOP,0569,NIEUWKOOP,0172520055,primary
Zuid-Holland,IKC Het Woud,Herenweg,165,2465 AH,RIJNSATERWOUDE,1884,KAAG EN BRAASSEM,0172508165,primary
Zuid-Holland,KB De Rietkraag,Ladderhaak,9,2421 NK,NIEUWKOOP,0569,NIEUWKOOP,0172520050,primary
Zuid-Holland,RKB Ter Does,Schoollaan,4,2355 BS,HOOGMADE,1884,KAAG EN BRAASSEM,0715018496,primary
Zuid-Holland,Basisschool De Vaart,Beverlanderhof,28,2461 BT,TER AAR,0569,NIEUWKOOP,0172602939,primary
Zuid-Holland,RKB De Tweeklank,da Costasingel,42,2394 BL,HAZERSWOUDE-RIJNDIJK,0484,ALPHEN AAN DEN RIJN,0713413162,primary
Zuid-Holland,Prinses Margrietschool,Spaanseweg,40,3028 HW,ROTTERDAM,0599,ROTTERDAM,0104371800,primary
Zuid-Holland,Prinses Julianaschool,Snellemanstraat,47,3035 WK,ROTTERDAM,0599,ROTTERDAM,0104661551,primary
Zuid-Holland,KC Talma,Vaandrigstraat,15,3034 PX,ROTTERDAM,0599,ROTTERDAM,0104136676,primary
Zuid-Holland,Nieuwe Park Rozenburgschool,Hoflaan,113,3062 JE,ROTTERDAM,0599,ROTTERDAM,0102430140,primary
Zuid-Holland,IKC De Driemaster,Hoekse Hillweg,115,3151 CB,HOEK VAN HOLLAND,0599,ROTTERDAM,0174383834,primary
Zuid-Holland,De Fontein,Hoyledestraat,25,3036 LP,ROTTERDAM,0599,ROTTERDAM,0104659366,primary
Zuid-Holland,KC Het Oude Westen,Van Speykstraat,109,3014 VG,ROTTERDAM,0599,ROTTERDAM,0104363836,primary
Zuid-Holland,Basisschool voor Christelijk Onderwijs Onze Wereld,Cornelis Danckertsstraat,34,3067 XG,ROTTERDAM,0599,ROTTERDAM,0104205293,primary
Zuid-Holland,CBS De Regenboog,Delftweg,46,3043 CH,ROTTERDAM,0599,ROTTERDAM,0104371016,primary
Zuid-Holland,IKC Nova,Bertrand Russellplaats,7-9,3069 CA,ROTTERDAM,0599,ROTTERDAM,0104205629,primary
Zuid-Holland,IKC Albert Plesmanschool voor Protestants Christelijk Basisonderwijs,Nieuwe Ommoordseweg,99,3068 BS,ROTTERDAM,0599,ROTTERDAM,0104215313,primary
Zuid-Holland,IKC Cornelis Haak,Algiersstraat,6,3067 MZ,ROTTERDAM,0599,ROTTERDAM,0104552883,primary
Zuid-Holland,IKC De Buskes,Ben Websterstraat,3-11,3069 XJ,ROTTERDAM,0599,ROTTERDAM,0104552940,primary
Zuid-Holland,CBS Mozaiek,Jaap Valkhoffplein,5,3023 PV,ROTTERDAM,0599,ROTTERDAM,0102440891,primary
Zuid-Holland,IKC de Ark,Nozemanstraat,16,3023 TN,ROTTERDAM,0599,ROTTERDAM,0104256394,primary
Zuid-Holland,KC De Vlinder,Albregt-Engelmanstraat,34,3025 BH,ROTTERDAM,0599,ROTTERDAM,0104765521,primary
Zuid-Holland,Waalse School,Goudseweg,25,3031 XH,ROTTERDAM,0599,ROTTERDAM,0104130405,primary
Zuid-Holland,IKC De Lis,Bieslandstraat,61,3037 LB,ROTTERDAM,0599,ROTTERDAM,0104669961,primary
Zuid-Holland,Arentschool,Jaffahof,75,3061 KZ,ROTTERDAM,0599,ROTTERDAM,0104520766,primary
Zuid-Holland,Juliana van Stolbergschool,Rodenrijselaan,74,3037 XH,ROTTERDAM,0599,ROTTERDAM,0102439957,primary
Zuid-Holland,Koningin Wilhelminaschool,Koepelstraat,10,3031 VB,ROTTERDAM,0599,ROTTERDAM,0102130296,primary
Zuid-Holland,KC De Stelberg,Clazina Kouwenbergzoom,130,3065 KC,ROTTERDAM,0599,ROTTERDAM,0102020224,primary
Zuid-Holland,IKC Het Spectrum,Robert van 't Hoffstraat,10,3059 PN,ROTTERDAM,0599,ROTTERDAM,0102222842,primary
Zuid-Holland,Basisschool Nieuw Vreugd en Rust,Montessoristraat,1,2273 AC,VOORBURG,1916,LEIDSCHENDAM-VOORBURG,0703860561,primary
Zuid-Holland,Montessorischool Leidschenveen,Cicerostrook,1,2493 ZL,'S-GRAVENHAGE,0518,S GRAVENHAGE,0703271123,primary
Zuid-Holland,Protestants Christelijke Basisschool De Wegwijzer,Koningin Wilhelminastr,7,3265 BH,PIERSHIL,1963,HOEKSCHE WAARD,0186692572,primary
Zuid-Holland,Protestants Christelijke Basisschool De Schelp,Wilgenlaan,16,3297 BW,PUTTERSHOEK,1963,HOEKSCHE WAARD,0786761661,primary
Zuid-Holland,Christelijke Basisschool De Vliet,Berkenlaan,16,3286 XC,KLAASWAAL,1963,HOEKSCHE WAARD,0186572419,primary
Zuid-Holland,Protestants Christelijke Basisschool De Molenwiek,Beatrixplein,4,3271 BA,MIJNSHEERENLAND,1963,HOEKSCHE WAARD,0186601598,primary
Zuid-Holland,BasisschoolDe Weerklank,Beatrixlaan,2-A,3273 AB,WESTMAAS,1963,HOEKSCHE WAARD,0186571416,primary
Zuid-Holland,Christelijke Basisschool De Regenboog,Johan Berkstraat,35,3284 XD,ZUID-BEIJERLAND,1963,HOEKSCHE WAARD,0186661343,primary
Zuid-Holland,Christelijke Basisschool De Bouwsteen,Vlasakker,3,3295 SH,'S-GRAVENDEEL,1963,HOEKSCHE WAARD,0786733260,primary
Zuid-Holland,Christelijke Basisschool De Regenboog,Heyne van Althenastraat,4,3274 CD,HEINENOORD,1963,HOEKSCHE WAARD,0186601983,primary
Zuid-Holland,Basisschool De Parel,Leeuwerikstraat,5,3291 XJ,STRIJEN,1963,HOEKSCHE WAARD,0786742496,primary
Zuid-Holland,Christelijke Basisschool De Bron,Roerdompsingel,2,3281 JH,NUMANSDORP,1963,HOEKSCHE WAARD,0186652736,primary
Zuid-Holland,Sabina van Egmond,Sportlaan,1-B,3261 AT,OUD-BEIJERLAND,1963,HOEKSCHE WAARD,0186614018,primary
Zuid-Holland,De Kriekenhof,W. van Vlietstraat,2-B,3262 GM,OUD-BEIJERLAND,1963,HOEKSCHE WAARD,0186613638,primary
Zuid-Holland,Keuchenius,Weegpad,4,3262 CL,OUD-BEIJERLAND,1963,HOEKSCHE WAARD,0186618246,primary
Zuid-Holland,De Hoeksteen,Zilvermeeuw,2,3263 BP,OUD-BEIJERLAND,1963,HOEKSCHE WAARD,0186616418,primary
Zuid-Holland,School Muhring,Vrieseweg,92,3311 NZ,DORDRECHT,0505,DORDRECHT,0786135064,primary
Zuid-Holland,Basisschool Vest,Blekersdijk,94,3311 LG,DORDRECHT,0505,DORDRECHT,0786390120,primary
Zuid-Holland,Basisschool De Morgenster,Grote Haven,2-B,2851 BM,HAASTRECHT,1931,KRIMPENERWAARD,0182501534,primary
Zuid-Holland,De Regenboog,Greidweide,1,2811 JK,REEUWIJK,1901,BODEGRAVEN-REEUWIJK,0182394149,primary
Zuid-Holland,Basisschool De Eendragt Christelijk Nationaal Onderwijs,De Lente,1,2761 VL,ZEVENHUIZEN ZH,1892,ZUIDPLAS,0180631819,primary
Zuid-Holland,Basisschool De Wegwijzer,Meidoornlaan,17,3465 TK,DRIEBRUGGEN,1901,BODEGRAVEN-REEUWIJK,0348501254,primary
Zuid-Holland,PCB Meester Lalleman,Middelweg,62,2841 LC,MOORDRECHT,1892,ZUIDPLAS,0182375495,primary
Zuid-Holland,Protestants Christelijke BasisschoolDe Nessevliet,Wollefoppenweg,40,2761 DP,ZEVENHUIZEN ZH,1892,ZUIDPLAS,0104550269,primary
Zuid-Holland,Basisschool Prins Willem-Alexander,Prinses Maximalaan,1,3466 LP,WAARDER,1901,BODEGRAVEN-REEUWIJK,0348501661,primary
Zuid-Holland,Da Costaschool,Laan van Turkenburg,2,2411 VM,BODEGRAVEN,1901,BODEGRAVEN-REEUWIJK,0172611897,primary
Zuid-Holland,Westerschool voor Protestants Christelijk Basisonderwijs,Jacob van Lennepkade,2-4,2802 LH,GOUDA,0513,GOUDA,0182514324,primary
Zuid-Holland,Prinses Beatrixschool,Dronenplein,7,2411 HE,BODEGRAVEN,1901,BODEGRAVEN-REEUWIJK,0172612878,primary
Zuid-Holland,KC Wereldweijde,Cortenhoeve,51,2411 JL,BODEGRAVEN,1901,BODEGRAVEN-REEUWIJK,0172611286,primary
Zuid-Holland,Plaswyckschool voor Protestants Christelijk Basisonderwijs,Weerestein,37-39,2804 GG,GOUDA,0513,GOUDA,0182534118,primary
Zuid-Holland,Koning Willem-Alexander-school,Willem de Zwijgerlaan,53,2741 DB,WADDINXVEEN,0627,WADDINXVEEN,0182743008,primary
Zuid-Holland,Christelijke Basisschool TOV,Parklaan,7,2742 MG,WADDINXVEEN,0627,WADDINXVEEN,0182619862,primary
Zuid-Holland,KC Goejanverwelle,Chopinstraat,10,2807 PS,GOUDA,0513,GOUDA,0182580075,primary
Zuid-Holland,Montessorischool Nieuwerkerk aan den Ijssel,Schoolstraat,4,2912 CR,NIEUWERKERK AD IJSSEL,1892,ZUIDPLAS,0180313900,primary
Zuid-Holland,Montessori Basisschool Houtwijk,Architect Berlagelaan,125,2552 ZE,'S-GRAVENHAGE,0518,S GRAVENHAGE,0703979792,primary
Zuid-Holland,Christelijke Montessorischool De Abeel,Abeelstraat,30,2565 XP,'S-GRAVENHAGE,0518,S GRAVENHAGE,0703607053,primary
Zuid-Holland,Montessori Basisschool,Preludeweg,15,2402 HB,ALPHEN AAN DEN RIJN,0484,ALPHEN AAN DEN RIJN,0172444990,primary
Zuid-Holland,Montessorisch Maassluis,Richard Hollaan,4,3144 BB,MAASSLUIS,0556,MAASSLUIS,0105917410,primary
Zuid-Holland,CBS De Brug,Brandschouwer,2,2415 CC,NIEUWERBRUG AAN DEN RIJN,1901,BODEGRAVEN-REEUWIJK,0348688352,primary
Zuid-Holland,Protestants Christelijk Basisonderwijs De Meent,Korte Meentweg,13,3652 LG,WOERDENSE VERLAAT,0569,NIEUWKOOP,0172408510,primary
Zuid-Holland,De Toermalijn Vrije School voor de Bollenstreek,Abellalaan,74,2182 TZ,HILLEGOM,0534,HILLEGOM,0252524899,primary
Zuid-Holland,Protestants Christelijke Basisschool Willem de Zwijger,Bernhardstraat,1,2351 GG,LEIDERDORP,0547,LEIDERDORP,0715895659,primary
Zuid-Holland,Protestants Christelijke Basisschool Kastanjelaan,Kastanjelaan,6,2351 ND,LEIDERDORP,0547,LEIDERDORP,0715820081,primary
Zuid-Holland,Protestants Christelijke Basisschool 't Bolwerk,Klerkenhof,1,2353 WB,LEIDERDORP,0547,LEIDERDORP,0715893838,primary
Zuid-Holland,Basisschool Elckerlyc,Klimopzoom,41,2353 RE,LEIDERDORP,0547,LEIDERDORP,0715892945,primary
Zuid-Holland,Passe Partout Montessori School,Saturnusgeel,64,2718 CT,ZOETERMEER,0637,ZOETERMEER,0793612793,primary
Zuid-Holland,IKC  Kethel,Vlaardingseweg,23,3121 JM,SCHIEDAM,0606,SCHIEDAM,0104712219,primary
Zuid-Holland,IKC De Regenboog,Zwaluwstraat,15,3145 NG,MAASSLUIS,0556,MAASSLUIS,0105914791,primary
Zuid-Holland,IKC Ichthus,Steenen Dijck,1,3146 BX,MAASSLUIS,0556,MAASSLUIS,0105914605,primary
Zuid-Holland,IKC De Kindertuin,Guido Gezellestraat,30,3141 BH,MAASSLUIS,0556,MAASSLUIS,0105928880,primary
Zuid-Holland,De Groene Hoek,Dennendal,141,3142 LC,MAASSLUIS,0556,MAASSLUIS,0105920075,primary
Zuid-Holland,Het Anker,Kruidenpad,5-6,3137 WD,VLAARDINGEN,0622,VLAARDINGEN,0104744150,primary
Zuid-Holland,IKC De Ark,Lissabonweg,6-8,3137 LR,VLAARDINGEN,0622,VLAARDINGEN,0104741665,primary
Zuid-Holland,IKC Ambacht,Chrysantstraat,7,3135 HG,VLAARDINGEN,0622,VLAARDINGEN,0104352399,primary
Zuid-Holland,IKC Het Spectrum,Boslaan,1,3134 XC,VLAARDINGEN,0622,VLAARDINGEN,0104356608,primary
Zuid-Holland,De Schakel,Van Boisotstraat,20-22,3132 XM,VLAARDINGEN,0622,VLAARDINGEN,0104353396,primary
Zuid-Holland,Dr H Bavinckschool,Da Costastraat,26,3131 GC,VLAARDINGEN,0622,VLAARDINGEN,0104353695,primary
Zuid-Holland,KC Het Visnet,Stationsstraat,117,3131 PS,VLAARDINGEN,0622,VLAARDINGEN,0104356709,primary
Zuid-Holland,IKC Van Kampen,Paterstraat,1,3131 CS,VLAARDINGEN,0622,VLAARDINGEN,0104356696,primary
Zuid-Holland,Prins Willem Alexandersch,Gansfoortstraat,1,3132 EM,VLAARDINGEN,0622,VLAARDINGEN,0104341414,primary
Zuid-Holland,Openbare Basisschool Het Bolwerk,Menneweg,12,2172 HD,SASSENHEIM,1525,TEYLINGEN,0252222615,primary
Zuid-Holland,De Tweemaster,Nassaupark,80,2161 KL,LISSE,0553,LISSE,0252410304,primary
Zuid-Holland,Openbare Basisschool De Dubbelburg,Luit Katlaan,5,2235 SN,VALKENBURG ZH,0537,KATWIJK,0714013963,primary
Zuid-Holland,De Witte School voor Openbaar Onderwijs,Van Panhuysstraat,19,2203 JN,NOORDWIJK ZH,0575,NOORDWIJK,0713615000,primary
Zuid-Holland,Daltonschool Klaverweide,Jan de Ridderstraat,4,2201 DN,NOORDWIJK ZH,0575,NOORDWIJK,0713610089,primary
Zuid-Holland,De Regenboog,Ambachtsweg,1,2211 JN,NOORDWIJKERHOUT,0575,NOORDWIJK,0252374333,primary
Zuid-Holland,Daltonschool Hillegom,Prinses Irenelaan,32,2181 CZ,HILLEGOM,0534,HILLEGOM,0252530065,primary
Zuid-Holland,Daltonschool Katwijk,Van Lierestraat,2,2221 SC,KATWIJK ZH,0537,KATWIJK,0714082550,primary
Zuid-Holland,obs Wereldwijs,Alk,82,2201 XP,NOORDWIJK ZH,0575,NOORDWIJK,0713621554,primary
Zuid-Holland,obs De Achtbaan,Distelweg,56,2215 DZ,VOORHOUT,1525,TEYLINGEN,0252217410,primary
Zuid-Holland,obs De Achtbaan - Cluster,Pieter v Slingerlandstr,40,2215 SZ,VOORHOUT,1525,TEYLINGEN,0252223574,primary
Zuid-Holland,Jenaplanschool Gorkum,Traverse,18,4207 GG,GORINCHEM,0512,GORINCHEM,0183690571,primary
Zuid-Holland,Merwedeschool voor Openbaar Basisonderwijs,Hobbemastraat,3,3372 XG,HARDINXVELD-GIESSENDAM,0523,HARDINXVELD-GIESSENDAM,0184613942,primary
Zuid-Holland,Openbare Basisschool de Driemaster,Pietersweer,32,3371 PN,HARDINXVELD-GIESSENDAM,0523,HARDINXVELD-GIESSENDAM,0184614313,primary
Zuid-Holland,BS De Tweemaster,Oude Lombardstraat,21,4201 HR,GORINCHEM,0512,GORINCHEM,0183631703,primary
Zuid-Holland,BS Graaf Reinald,Top Naeffstraat,26,4207 MT,GORINCHEM,0512,GORINCHEM,0183699029,primary
Zuid-Holland,"Meander, locatie JP Waale",Herman de Ruijterstraat,34,4206 ZM,GORINCHEM,0512,GORINCHEM,0183620536,primary
Zuid-Holland,IKC Merweplein,Merwe Donk,4,4207 XB,GORINCHEM,0512,GORINCHEM,0183681100,primary
Zuid-Holland,IKC De Gaerde,Moerbeigaarde,58,2723 AG,ZOETERMEER,0637,ZOETERMEER,0793437828,primary
Zuid-Holland,IKC De Kasteeltuyn,Rakkersveld,137,2722 BN,ZOETERMEER,0637,ZOETERMEER,0793311169,primary
Zuid-Holland,Het Zwanenbos,Kerkenbos,24-26,2716 PH,ZOETERMEER,0637,ZOETERMEER,0793517688,primary
Zuid-Holland,IKC De Piramide,Fivelingo,86,2716 BG,ZOETERMEER,0637,ZOETERMEER,0793211055,primary
Zuid-Holland,IKC De Watersnip,Cesar Franckrode,70,2717 BG,ZOETERMEER,0637,ZOETERMEER,0793515723,primary
Zuid-Holland,IKC Het Plankier,Wedekindzijde,1,2725 PG,ZOETERMEER,0637,ZOETERMEER,0793460047,primary
Zuid-Holland,IKC De Tjalk,Kadelaan,208,2725 BR,ZOETERMEER,0637,ZOETERMEER,0793460060,primary
Zuid-Holland,IKC De Springplank,Irisvaart,6-8,2724 TT,ZOETERMEER,0637,ZOETERMEER,0793460064,primary
Zuid-Holland,IKC De Baanbreker,Lijnbaan,319,2728 AG,ZOETERMEER,0637,ZOETERMEER,0793421495,primary
Zuid-Holland,IKC De Saffier,Electrablauw,5,2718 JT,ZOETERMEER,0637,ZOETERMEER,0793610311,primary
Zuid-Holland,IKC De Waterlelie,Goudenregenzoom,73,2719 HE,ZOETERMEER,0637,ZOETERMEER,0793615711,primary
Zuid-Holland,IKC De Trinoom,Nieuwlandstraat,241,2729 EB,ZOETERMEER,0637,ZOETERMEER,0793431733,primary
Zuid-Holland,IKC Florence Nightingale,Zanzibarplein,90,2721 GE,ZOETERMEER,0637,ZOETERMEER,0793319754,primary
Zuid-Holland,Basisschool de Tamboerijn,Westerstraat,3,4201 GT,GORINCHEM,0512,GORINCHEM,0183632465,primary
Zuid-Holland,Samen Onderweg,Stalkaarsen,17-A,4205 PG,GORINCHEM,0512,GORINCHEM,0183622856,primary
Zuid-Holland,CBS De Regenboog,Albertine Kehrerstraat,7,4207 MV,GORINCHEM,0512,GORINCHEM,0183620541,primary
Zuid-Holland,Openbare Basisschool De Sterrenboom,Bilwijkerweg,6-B,2821 SB,STOLWIJK,1931,KRIMPENERWAARD,0182341720,primary
Zuid-Holland,Basisschool Flora,Baken,19,2931 RP,KRIMPEN AAN DE LEK,1931,KRIMPENERWAARD,0180521928,primary
Zuid-Holland,Basisschool De Kromme Draai,Den Hoeff,49,2865 XR,AMMERSTOL,1931,KRIMPENERWAARD,0182352607,primary
Zuid-Holland,Koningin Emmaschool,Jan Kortlandstraat,9,2871 DA,SCHOONHOVEN,1931,KRIMPENERWAARD,0182383105,primary
Zuid-Holland,Basisschool Prinses Irene,Klaverstraat,1,2931 TL,KRIMPEN AAN DE LEK,1931,KRIMPENERWAARD,0180516956,primary
Zuid-Holland,De Schakel,Kerkweg,82,2935 AK,OUDERKERK AAN DEN IJSSEL,1931,KRIMPENERWAARD,0180681994,primary
Zuid-Holland,Openbare Basisschool De Vlieger,Voltastraat,2,2871 ZN,SCHOONHOVEN,1931,KRIMPENERWAARD,0182380978,primary
Zuid-Holland,De Kranepoort,J. Huurmanlaan,8,2831 XT,GOUDERAK,1931,KRIMPENERWAARD,0182372855,primary
Zuid-Holland,Openbare Basisschool de Polsstok,Prins Bernhardstraat,40,2825 BE,BERKENWOUDE,1931,KRIMPENERWAARD,0182362540,primary
Zuid-Holland,Basisschool Koningin Wilhelmina,Koninginneweg,7,2941 XH,LEKKERKERK,1931,KRIMPENERWAARD,0180661763,primary
Zuid-Holland,Het Schateiland,Jan Ligthartstraat,96,2941 SE,LEKKERKERK,1931,KRIMPENERWAARD,0180662616,primary
Zuid-Holland,Basisschool Kiezel en Kei,Bloemengaarde,41,2861 VM,BERGAMBACHT,1931,KRIMPENERWAARD,0182351480,primary
Zuid-Holland,Christelijke Basisschool Samen Op Weg,Dirk IV-plein,33,4223 NJ,HOORNAAR,1978,MOLENLANDEN,0183589205,primary
Zuid-Holland,Christelijke Basisschool De Hoeksteen,Johan de Kreijstraat,2,3381 DG,GIESSENBURG,1978,MOLENLANDEN,0184652731,primary
Zuid-Holland,Rehobothschool,Schoolstraat,4,3371 AW,HARDINXVELD-GIESSENDAM,0523,HARDINXVELD-GIESSENDAM,0184612942,primary
Zuid-Holland,SmdB De Regenboog,Steek,2,3372 XX,HARDINXVELD-GIESSENDAM,0523,HARDINXVELD-GIESSENDAM,0184612345,primary
Zuid-Holland,Basisschool De Wegwijzer,Schoolstraat,3-D,4221 LR,HOOGBLOKLAND,1978,MOLENLANDEN,0183562057,primary
Zuid-Holland,Ichthusschool,Pauwtjesmolen,55-A,3371 RL,HARDINXVELD-GIESSENDAM,0523,HARDINXVELD-GIESSENDAM,0184613929,primary
Zuid-Holland,Basisschool 't Prisma,Daniel Catterwijckstraat,6,2282 HM,RIJSWIJK ZH,0603,RIJSWIJK,0703907149,primary
Zuid-Holland,Basisschool Steenvoorde,Dr Poelslaan,4,2285 VD,RIJSWIJK ZH,0603,RIJSWIJK,0703940760,primary
Zuid-Holland,Wethouder Brederodeschool,Goedendorplaan,3,2286 MV,RIJSWIJK ZH,0603,RIJSWIJK,0703931745,primary
Zuid-Holland,Parkschool,Poptahof Noord,448,2624 RZ,DELFT,0503,DELFT,0152612195,primary
Zuid-Holland,Freinetschool Delft,Loevesteinplaats,8,2613 LE,DELFT,0503,DELFT,0152132674,primary
Zuid-Holland,IKC De Eglantier Voorhof,Ina Boudier-Bakkerstraat,2,2624 NX,DELFT,0503,DELFT,0152564208,primary
Zuid-Holland,Montessorischool De Delftse Tuin,Maria Duystlaan,2,2612 SR,DELFT,0503,DELFT,0152134603,primary
Zuid-Holland,Basisschool SpringWijs,Fuutlaan,13,2623 MX,DELFT,0503,DELFT,0152610409,primary
Zuid-Holland,De Eglantier Buiten,Van Rijslaan,8,2625 KX,DELFT,0503,DELFT,0152561928,primary
Zuid-Holland,Basisschool Kronenburgh,Broekslootkade,95-97,2281 TC,RIJSWIJK ZH,0603,RIJSWIJK,0702210382,primary
Zuid-Holland,Openbare Basisschool De Schelf,Vlasstraat,3,3295 TM,'S-GRAVENDEEL,1963,HOEKSCHE WAARD,0786731813,primary
Zuid-Holland,Het Talent,Kreekstraat,1,3293 AB,MOOKHOEK,1963,HOEKSCHE WAARD,0786731249,primary
Zuid-Holland,OBS De Meerwaarde,Diepenhorstweg,1-A,3291 GJ,STRIJEN,1963,HOEKSCHE WAARD,0786742344,primary
Zuid-Holland,IKC De Wereld,W. van Vlietstraat,2,3262 GM,OUD-BEIJERLAND,1963,HOEKSCHE WAARD,0186614705,primary
Zuid-Holland,Basisschool de Blieken,Klaverbladstraat,1,3286 VR,KLAASWAAL,1963,HOEKSCHE WAARD,0186579220,primary
Zuid-Holland,De Eendragt,Johan Berkstraat,31,3284 XD,ZUID-BEIJERLAND,1963,HOEKSCHE WAARD,0186661404,primary
Zuid-Holland,Basisschool De Dubbeldekker,Buttervliet,2,3281 LK,NUMANSDORP,1963,HOEKSCHE WAARD,0186681363,primary
Zuid-Holland,'t Kraaienest,Koningin Wilhelminastr,5,3265 BH,PIERSHIL,1963,HOEKSCHE WAARD,0186691661,primary
Zuid-Holland,Basisschool de Takkenbosse,Roerdompsingel,6,3281 JH,NUMANSDORP,1963,HOEKSCHE WAARD,0186652355,primary
Zuid-Holland,Openbare Basisschool de Tandem,Weegpad,13,3262 CL,OUD-BEIJERLAND,1963,HOEKSCHE WAARD,0186618314,primary
Zuid-Holland,Onder de Wieken,Achterstraat,5,3264 AB,NIEUW-BEIJERLAND,1963,HOEKSCHE WAARD,0186692208,primary
Zuid-Holland,De Gouwaert,Nicolaas van Puttenstr,20,3267 AN,GOUDSWAARD,1963,HOEKSCHE WAARD,0186691400,primary
Zuid-Holland,Het Anker,Heyne van Althenastraat,2,3274 CD,HEINENOORD,1963,HOEKSCHE WAARD,0186602255,primary
Zuid-Holland,Burgemeester van Bommelschool,Van Galenstraat,9,3274 LV,HEINENOORD,1963,HOEKSCHE WAARD,0186603130,primary
Zuid-Holland,IKC De Boomgaard,Beatrixplein,5,3271 BA,MIJNSHEERENLAND,1963,HOEKSCHE WAARD,0186602760,primary
Zuid-Holland,Het Driespan,Singel,3,3297 BS,PUTTERSHOEK,1963,HOEKSCHE WAARD,0786763807,primary
Zuid-Holland,De Vlashoek,Van Koetsveldlaan,19,3273 AL,WESTMAAS,1963,HOEKSCHE WAARD,0186571236,primary
Zuid-Holland,Openbare Basisschool de Pijler,Fazant,1,3299 BS,MAASDAM,1963,HOEKSCHE WAARD,0786761445,primary
Zuid-Holland,De Klinker,Polderlaan,9,3261 ZA,OUD-BEIJERLAND,1963,HOEKSCHE WAARD,0186626477,primary
Zuid-Holland,Rooms Katholieke Basisschool De Regenboog,Rouboslaan,12,2252 TR,VOORSCHOTEN,0626,VOORSCHOTEN,0715615743,primary
Zuid-Holland,Basisschool Essesteijn,Elzendreef,4,2272 EB,VOORBURG,1916,LEIDSCHENDAM-VOORBURG,0703873527,primary
Zuid-Holland,Nutsbasisschool Voorschoten,Elstlaan,6,2252 LC,VOORSCHOTEN,0626,VOORSCHOTEN,0715614097,primary
Zuid-Holland,KC de Telescoop,Heeswijkstraat,2,2275 EE,VOORBURG,1916,LEIDSCHENDAM-VOORBURG,0703904104,primary
Zuid-Holland,Basisschool De Lusthof,Lusthofstraat,11,2271 XV,VOORBURG,1916,LEIDSCHENDAM-VOORBURG,0703860872,primary
Zuid-Holland,Rooms Katholieke Basisschool Emmaus,Elstlaan,4,2252 LC,VOORSCHOTEN,0626,VOORSCHOTEN,0715615451,primary
Zuid-Holland,Basisschool St Maartens,Wijkerlaan,10,2271 EP,VOORBURG,1916,LEIDSCHENDAM-VOORBURG,0703861352,primary
Zuid-Holland,Openbare Basisschool de Margriet,Dobbelaan,9,2262 EA,LEIDSCHENDAM,1916,LEIDSCHENDAM-VOORBURG,0703273823,primary
Zuid-Holland,MMiXX,De Tol,251,2266 EE,LEIDSCHENDAM,1916,LEIDSCHENDAM-VOORBURG,0703275243,primary
Zuid-Holland,Openbare Dalton Basisschool de Tandem,Leenkamp,7-9,2264 KW,LEIDSCHENDAM,1916,LEIDSCHENDAM-VOORBURG,0703279315,primary
Zuid-Holland,Professor Casimirschool,Van Deventerlaan,16,2271 TX,VOORBURG,1916,LEIDSCHENDAM-VOORBURG,0703008304,primary
Zuid-Holland,De Parachute,Van Lodensteijnstraat,6,2274 TZ,VOORBURG,1916,LEIDSCHENDAM-VOORBURG,0703850739,primary
Zuid-Holland,IKEC De Waterlelie,Prinsenhof,4-B,2263 EV,LEIDSCHENDAM,1916,LEIDSCHENDAM-VOORBURG,0703276225,primary
Zuid-Holland,Roomskatholieke Basisschool Maria Bernadette,Van Ruysdaellaan,91,2264 TA,LEIDSCHENDAM,1916,LEIDSCHENDAM-VOORBURG,0703274014,primary
Zuid-Holland,De Walvis,Eendenplein,5,2492 NZ,'S-GRAVENHAGE,0518,S GRAVENHAGE,0703206705,primary
Zuid-Holland,Brede School Het Dok,Rustenburgerpad,8,2342 BT,OEGSTGEEST,0579,OEGSTGEEST,0715177066,primary
Zuid-Holland,Protestants Christelijke Basisschool Pieter van der Plas School,Pieter van der Plasstr,22,2291 SE,WATERINGEN,1783,WESTLAND,0174292303,primary
Zuid-Holland,Christelijke Basisschool De Hoeksteen,Fazantlaan,4,2675 XT,HONSELERSDIJK,1783,WESTLAND,0174624402,primary
Zuid-Holland,Basisschool Het Kompas,Trompstraat,5,2676 XH,MAASDIJK,1783,WESTLAND,0174512628,primary
Zuid-Holland,Christelijke Basisschool Rehoboth,Hoefblad,13,2671 WX,NAALDWIJK,1783,WESTLAND,0174625271,primary
Zuid-Holland,Basisschool De Groene Oase,Doelstraat,48,3155 AJ,MAASLAND,1842,MIDDEN-DELFLAND,0105911033,primary
Zuid-Holland,De Blinkerd,Poelenburgh,1,2681 NW,MONSTER,1783,WESTLAND,0174212449,primary
Zuid-Holland,Christelijke Basisschool de Ouverture,Sibelius,1,2671 VV,NAALDWIJK,1783,WESTLAND,0174628927,primary
Zuid-Holland,De Liereling,Kweektuin,1,2678 XE,DE LIER,1783,WESTLAND,0174514395,primary
Zuid-Holland,Koningin Julianaschool,Abel Tasmanlaan,1,2678 ER,DE LIER,1783,WESTLAND,0174513748,primary
Zuid-Holland,Prins Mauritsschool,Frankenthaler,1,2678 WE,DE LIER,1783,WESTLAND,0174514625,primary
Zuid-Holland,Christelijke Basisschool de Wegwijzer,Prins Bernhardstraat,28,2691 VK,'S-GRAVENZANDE,1783,WESTLAND,0174412018,primary
Zuid-Holland,De Kameleon Christelijke Basisschool,Eikenlaan,50,2691 EE,'S-GRAVENZANDE,1783,WESTLAND,0174412587,primary
Zuid-Holland,Prins Willem Alexanderschool,Wagenmakerstraat,51,2694 BW,'S-GRAVENZANDE,1783,WESTLAND,0174416242,primary
Zuid-Holland,De Schutse,Meester Postlaan,1,3155 BM,MAASLAND,1842,MIDDEN-DELFLAND,0105918857,primary
Zuid-Holland,Basisschool Het Galjoen,Achterdijkshoorn,7,2635 MK,DEN HOORN ZH,1842,MIDDEN-DELFLAND,0152562561,primary
Zuid-Holland,Openbare Basisschool De Vlieten,Anjer,2,2678 PB,DE LIER,1783,WESTLAND,0174514258,primary
Zuid-Holland,Willemsschool,Zilvermeeuwstraat,1,2681 TT,MONSTER,1783,WESTLAND,0174212646,primary
Zuid-Holland,Basisschool De Kijckert,Lange Spruit,88,2291 LC,WATERINGEN,1783,WESTLAND,0174293116,primary
Zuid-Holland,Openbare Basisschool De Driekleur,Van Der Kest Wittensstr,3,2691 XD,'S-GRAVENZANDE,1783,WESTLAND,0174526060,primary
Zuid-Holland,De Hoogvlieger,Hoogwerf,9-A,2671 MJ,NAALDWIJK,1783,WESTLAND,0174623913,primary
Zuid-Holland,Openbare Basisschool Valckesteyn,Emmastraat,46-44,3171 AH,POORTUGAAL,0613,ALBRANDSWAARD,0105060703,primary
Zuid-Holland,Openbare Basisschool Rhoon,Hovenier,2,3161 LG,RHOON,0613,ALBRANDSWAARD,0105018669,primary
Zuid-Holland,Basisschool Boterdorp,De Zilverspar,14,2661 AP,BERGSCHENHOEK,1621,LANSINGERLAND,0105214555,primary
Zuid-Holland,Christelijke Basisschool De Wiekslag,Dorpsstraat,44,2665 BJ,BLEISWIJK,1621,LANSINGERLAND,0105212635,primary
Zuid-Holland,Prins Johan Friso Basisschool,Oudelandselaan,147,2652 ER,BERKEL EN RODENRIJS,1621,LANSINGERLAND,0105112521,primary
Zuid-Holland,Christelijke Basisschool De Regenboog,Eiberplein,3,2661 BP,BERGSCHENHOEK,1621,LANSINGERLAND,0105214017,primary
Zuid-Holland,Prins Willem Alexanderschool,Chrysantenhof,18,2651 XK,BERKEL EN RODENRIJS,1621,LANSINGERLAND,0105112043,primary
Zuid-Holland,PC BS De Acker,Stampioendreef,5,2661 SR,BERGSCHENHOEK,1621,LANSINGERLAND,0105211555,primary
Zuid-Holland,Christelijke Basisschool Prinses Maxima,Annie M.G. Schmidtlaan,6,2652 HJ,BERKEL EN RODENRIJS,1621,LANSINGERLAND,0105190786,primary
Zuid-Holland,Het Palet,Zuiderparklaan,45,2662 AD,BERGSCHENHOEK,1621,LANSINGERLAND, ,primary
Zuid-Holland,basisschool Omnia,De Poort,6,2631 PT,NOOTDORP,1926,PIJNACKER-NOOTDORP,0153105310,primary
Zuid-Holland,'t Reigerbos,Zaagmolenpad,1,2761 TL,ZEVENHUIZEN ZH,1892,ZUIDPLAS,0180638333,primary
Zuid-Holland,Basisschool Anne Frank,Lijsterlaan,8,2665 TK,BLEISWIJK,1621,LANSINGERLAND,0105299440,primary
Zuid-Holland,Keijzerschool,Windvaan,4,2751 ES,MOERKAPELLE,1892,ZUIDPLAS,0795931788,primary
Zuid-Holland,Openbare Basisschool De Tweemaster,Blauwe Kiekendieflande,1,2641 MM,PIJNACKER,1926,PIJNACKER-NOOTDORP,0153693041,primary
Zuid-Holland,Basisschool Prins Willem Alexander,Goudmos,67-B,2914 AG,NIEUWERKERK AD IJSSEL,1892,ZUIDPLAS,0180315939,primary
Zuid-Holland,Basisschool de Terp,Dorpsstraat,6,2912 CB,NIEUWERKERK AD IJSSEL,1892,ZUIDPLAS,0180313907,primary
Zuid-Holland,OBS Vuurvogel,De Zilverspar,14,2661 AP,BERGSCHENHOEK,1621,LANSINGERLAND,0105214161,primary
Zuid-Holland,Openbare Basisschool IXIEJE,Oudersvrucht,1,2841 LN,MOORDRECHT,1892,ZUIDPLAS,0182372406,primary
Zuid-Holland,Openbare basisschool Groenehoek,Stampioendreef,7,2661 SR,BERGSCHENHOEK,1621,LANSINGERLAND,0105211242,primary
Zuid-Holland,Openbare Basisschool De Bonte Tol,Gantellaan,5,2642 JK,PIJNACKER,1926,PIJNACKER-NOOTDORP,0153699256,primary
Zuid-Holland,Basisschool De Klipper,Oudelandselaan,141,2652 ER,BERKEL EN RODENRIJS,1621,LANSINGERLAND,0105113280,primary
Zuid-Holland,Openbare Basisschool De Meander,Florijnstraat,3,2645 HH,DELFGAUW,1926,PIJNACKER-NOOTDORP,0152564159,primary
Zuid-Holland,Katholieke Basisschool Mariëngaarde,Schepenenstraat,1,4204 BL,GORINCHEM,0512,GORINCHEM,0183633969,primary
Zuid-Holland,Katholieke Basisschool de Toermalijn,Schaepmanlaan,23,3332 HW,ZWIJNDRECHT,0642,ZWIJNDRECHT,0786122323,primary
Zuid-Holland,Katholieke Basisschool Pius 10,Brouwersdijk,4,3314 GR,DORDRECHT,0505,DORDRECHT,0786142562,primary
Zuid-Holland,Katholieke Jenaplanschool de Klimboom,Elstar,31,3341 JH,HENDRIK-IDO-AMBACHT,0531,HENDRIK-IDO-AMBACHT,0786812007,primary
Zuid-Holland,Katholieke Basisschool Don Bosco,Nolensweg,2,3317 LE,DORDRECHT,0505,DORDRECHT,0786172234,primary
Zuid-Holland,Katholieke Basisschool Geert Groote,Van den Broek-erf,7,3315 SB,DORDRECHT,0505,DORDRECHT,0786166330,primary
Zuid-Holland,Openbare Basisschool Mondriaan,Jacob Marisstraat,80,3314 TK,DORDRECHT,0505,DORDRECHT,0786130936,primary
Zuid-Holland,Kennedyschool,Bosstraat,1,3317 KM,DORDRECHT,0505,DORDRECHT,0786176070,primary
Zuid-Holland,Basisschool Dubbeldam,Eikenlaan,25,3319 SC,DORDRECHT,0505,DORDRECHT,0786160151,primary
Zuid-Holland,De Keerkring,Ockenburg,44,3328 TG,DORDRECHT,0505,DORDRECHT,0786170123,primary
Zuid-Holland,De Meridiaan,Kinkelenburg,19,3328 AE,DORDRECHT,0505,DORDRECHT,0786179547,primary
Zuid-Holland,De Griffioen,Rudyard Kipling-erf,123-124,3315 AE,DORDRECHT,0505,DORDRECHT,0786164202,primary
Zuid-Holland,Staten-School,Hofstraat,5,3311 XH,DORDRECHT,0505,DORDRECHT,0786137397,primary
Zuid-Holland,MKC Mozaïek,Nassauweg,250,3314 JR,DORDRECHT,0505,DORDRECHT,0786173806,primary
Zuid-Holland,De Albatros,Douwe Aukesstraat,1,3317 AM,DORDRECHT,0505,DORDRECHT,0786185045,primary
Zuid-Holland,De Driehoek,Driehoek,40,3328 KG,DORDRECHT,0505,DORDRECHT,0786173613,primary
Zuid-Holland,Openbare Basisschool de Bever,Chico Mendesring,188,3315 MB,DORDRECHT,0505,DORDRECHT,0786213088,primary
Zuid-Holland,Landelijk Onderwijs aan Varende Kinderen,Papeterspad,5,3311 WT,DORDRECHT,0505,DORDRECHT,0610990227,primary
Zuid-Holland,De Carrousel,Scholenpad,4,2804 RW,GOUDA,0513,GOUDA,0182546744,primary
Zuid-Holland,Openbare Basisschool 't Vogelnest,Leeuwerik,3,2411 KR,BODEGRAVEN,1901,BODEGRAVEN-REEUWIJK,0172614330,primary
Zuid-Holland,OBS Wereldwijs,Wilsonplein,3,2806 JM,GOUDA,0513,GOUDA,0182678032,primary
Zuid-Holland,De Kas,2e E J Potgieterstraat,2,2802 VA,GOUDA,0513,GOUDA,0182519739,primary
Zuid-Holland,De Venen,Hooiweide,2,2811 JE,REEUWIJK,1901,BODEGRAVEN-REEUWIJK,0182393873,primary
Zuid-Holland,Basisschool Theo Thijssen,Kerkweg-Oost,230,2741 HA,WADDINXVEEN,0627,WADDINXVEEN,0182614421,primary
Zuid-Holland,Basisschool Dick Bruna School,Parklaan,3,2742 MG,WADDINXVEEN,0627,WADDINXVEEN,0182614406,primary
Zuid-Holland,Het Palet,Knipmolenweg,2,2807 DC,GOUDA,0513,GOUDA,0182526304,primary
Zuid-Holland,De Wegwijzer,Admiraal de Ruyterstraat,1,2931 AA,KRIMPEN AAN DE LEK,1931,KRIMPENERWAARD,0180512453,primary
Zuid-Holland,Christelijke Basisschool De Ark,Bloemengaarde,41,2861 VM,BERGAMBACHT,1931,KRIMPENERWAARD,0182357075,primary
Zuid-Holland,De Bron,J. Huurmanlaan,10,2831 XT,GOUDERAK,1931,KRIMPENERWAARD,0182372575,primary
Zuid-Holland,Eben Haezer-School,Lorentzweg,60,2941 VE,LEKKERKERK,1931,KRIMPENERWAARD,0180661134,primary
Zuid-Holland,Koningin Wilhelmina School,Willem de Zwijgerstraat,1,2935 XT,OUDERKERK AAN DEN IJSSEL,1931,KRIMPENERWAARD,0180681617,primary
Zuid-Holland,Koningin Julianaschool,Hoge Molenwerf,1,2935 CB,OUDERKERK AAN DEN IJSSEL,1931,KRIMPENERWAARD,0180681992,primary
Zuid-Holland,Protestants Christelijke Basisschool Ichthus,Merellaan,1,2872 AM,SCHOONHOVEN,1931,KRIMPENERWAARD,0182383552,primary
Zuid-Holland,De Rank,Pasteurweg,93,2871 JM,SCHOONHOVEN,1931,KRIMPENERWAARD,0182384789,primary
Zuid-Holland,Nederlands Hervormde Basisschool De Lelie,Burg Doormanstraat,26,3465 KE,DRIEBRUGGEN,1901,BODEGRAVEN-REEUWIJK,0348502104,primary
Zuid-Holland,Verhoeff-Rollmanschool,Dronenpark,1,2411 HC,BODEGRAVEN,1901,BODEGRAVEN-REEUWIJK,0172614676,primary
Zuid-Holland,Jenaplan Vlaardingen Basisschool,Van Hogendorplaan,1023,3135 BK,VLAARDINGEN,0622,VLAARDINGEN,0104712914,primary
Zuid-Holland,IKC Startpunt,Dennendal,145,3142 LC,MAASSLUIS,0556,MAASSLUIS,0105913714,primary
Zuid-Holland,IKC de Westhoek,Dr. Jan Schoutenlaan,36,3145 SZ,MAASSLUIS,0556,MAASSLUIS,0105914870,primary
Zuid-Holland,IKC Erasmus,Huijgensstraat,64,3131 WN,VLAARDINGEN,0622,VLAARDINGEN,0104349968,primary
Zuid-Holland,IKC de Wereldwijzer,Erasmusplein,1,3132 EL,VLAARDINGEN,0622,VLAARDINGEN,0104347904,primary
Zuid-Holland,IKC Jan Ligthart,Plein Emaus,6,3135 JN,VLAARDINGEN,0622,VLAARDINGEN,0104347007,primary
Zuid-Holland,OBS de Singel,Kruidenpad,1,3137 WD,VLAARDINGEN,0622,VLAARDINGEN,0104746379,primary
Zuid-Holland,Openbare Basisschool Klim Op,Lijstersingel,22-A,2902 JD,CAPELLE AAN DEN IJSSEL,0502,CAPELLE AAN DEN IJSSEL,0104502459,primary
Zuid-Holland,Kindcentrum Ontdekrijk,Rogaland,31,2905 AP,CAPELLE AAN DEN IJSSEL,0502,CAPELLE AAN DEN IJSSEL,0104500550,primary
Zuid-Holland,De Catamaran,Maria Danneels erf,22-24,2907 BD,CAPELLE AAN DEN IJSSEL,0502,CAPELLE AAN DEN IJSSEL,0104512336,primary
Zuid-Holland,Openbare Basisschool de Tweemaster,Aleoeten,37,2904 VA,CAPELLE AAN DEN IJSSEL,0502,CAPELLE AAN DEN IJSSEL,0104500012,primary
Zuid-Holland,West,Berliozstraat,11,2901 GA,CAPELLE AAN DEN IJSSEL,0502,CAPELLE AAN DEN IJSSEL,0102022044,primary
Zuid-Holland,Kortland,Jozef Israelsstraat,2,2923 CH,KRIMPEN AAN DEN IJSSEL,0542,KRIMPEN AAN DEN IJSSEL,0180512477,primary
Zuid-Holland,Openbare Basisschool de Groeiplaneet,Populierenlaan,1-A,2925 CP,KRIMPEN AAN DEN IJSSEL,0542,KRIMPEN AAN DEN IJSSEL,0180513835,primary
Zuid-Holland,Montessorischool,Vredehofweg,21,3062 EK,ROTTERDAM,0599,ROTTERDAM,0104527360,primary
Zuid-Holland,Montessorischool,Essenburgsingel,25-C,3021 AN,ROTTERDAM,0599,ROTTERDAM,0104775767,primary
Zuid-Holland,OBS De Wilgen,Valkweg,4,3362 GH,SLIEDRECHT,0610,SLIEDRECHT,0184413788,primary
Zuid-Holland,OBS Henri Dunantschool,Kerkstraat,15,3361 BP,SLIEDRECHT,0610,SLIEDRECHT,0184413933,primary
Zuid-Holland,De Knotwilg,Moerbeihof,1,3355 AJ,PAPENDRECHT,0590,PAPENDRECHT,0786440283,primary
Zuid-Holland,De Viermaster,Van Der Palmpad,2,3351 GZ,PAPENDRECHT,0590,PAPENDRECHT,0786426068,primary
Zuid-Holland,OBS Anne Frank,Rozenstraat,36,3353 VH,PAPENDRECHT,0590,PAPENDRECHT,0786151582,primary
Zuid-Holland,OBS 't Kofschip,Zuidkil,57,3356 DA,PAPENDRECHT,0590,PAPENDRECHT,0786441550,primary
Zuid-Holland,Basisschool de Peperklip,Fahrenheitstraat,2-4,3112 ZM,SCHIEDAM,0606,SCHIEDAM,0104152685,primary
Zuid-Holland,Basisschool de Singel,Singel,5,3112 GH,SCHIEDAM,0606,SCHIEDAM,0104268878,primary
Zuid-Holland,Montessori Schiedam,Anthonie Muysstraat,2,3117 LD,SCHIEDAM,0606,SCHIEDAM,0102730020,primary
Zuid-Holland,OBS Het Kleurrijk,Frans Halsplein,33,3117 WE,SCHIEDAM,0606,SCHIEDAM,0104269661,primary
Zuid-Holland,Het Startblok,Burg Van Haarenlaan,871,3119 GD,SCHIEDAM,0606,SCHIEDAM,0104737889,primary
Zuid-Holland,De Taaltuin,Thorbeckesingel,4,3118 RW,SCHIEDAM,0606,SCHIEDAM,0104709641,primary
Zuid-Holland,Het Windas,Nachtegaallaan,2,3121 XP,SCHIEDAM,0606,SCHIEDAM,0104700245,primary
Zuid-Holland,Basisschool Loep,Peter van Anrooylaan,1,3122 TA,SCHIEDAM,0606,SCHIEDAM,0104707079,primary
Zuid-Holland,De Violier,Stockholm,1,3124 SG,SCHIEDAM,0606,SCHIEDAM,0104714603,primary
Zuid-Holland,Basisschool de Klinker,Bernardus IJzerdraatsngl,1,3123 CC,SCHIEDAM,0606,SCHIEDAM,0104709501,primary
Zuid-Holland,Sint Leonardus,Gooteplein,2,3232 DA,BRIELLE,1992,VOORNE AAN ZEE,0181415922,primary
Zuid-Holland,Christelijke Basisschool Anker,Gooteplein,4,3232 DA,BRIELLE,1992,VOORNE AAN ZEE,0181414244,primary
Zuid-Holland,Protestants Christelijke Basisschool De Aanwas,Dr W Dreesstraat,25,3214 XE,ZUIDLAND,1930,NISSEWAARD,0881454520,primary
Zuid-Holland,CNS De Nieuwe Weg,Nieuweweg,12,3233 BK,OOSTVOORNE,1992,VOORNE AAN ZEE,0881454525,primary
Zuid-Holland,Rooms Katholieke Basisschool Hendrik Boogaard,Rie Mastenbroekplein,2,3223 KJ,HELLEVOETSLUIS,1992,VOORNE AAN ZEE,0181313194,primary
Zuid-Holland,Basisschool De Rank,Jan van Goyenstraat,4,3181 HE,ROZENBURG ZH,0599,ROTTERDAM,0181214972,primary
Zuid-Holland,De Regenboog basisschool,Perengaarde,1,3181 PV,ROZENBURG ZH,0599,ROTTERDAM,0181212485,primary
Zuid-Holland,Openbare Basisschool De Bosrand,Mildenburglaan,6,3233 AS,OOSTVOORNE,1992,VOORNE AAN ZEE,0181482799,primary
Zuid-Holland,Obs 't Want,Martinusplein,1,3238 AJ,ZWARTEWAAL,1992,VOORNE AAN ZEE,0181663258,primary
Zuid-Holland,Openbare Basisschool Het Overbos,Polderslaan,1,3233 VL,OOSTVOORNE,1992,VOORNE AAN ZEE,0181487094,primary
Zuid-Holland,Basisschool de Regenboog,Kreeft,37,3225 AC,HELLEVOETSLUIS,1992,VOORNE AAN ZEE,0881454540,primary
Zuid-Holland,Openbare Basisschool de Tiende Penning,H W Croeslaan,31,3237 AN,VIERPOLDERS,1992,VOORNE AAN ZEE,0181415372,primary
Zuid-Holland,De Bron,Plataanlaan,6,3224 TT,HELLEVOETSLUIS,1992,VOORNE AAN ZEE,0881454535,primary
Zuid-Holland,Basisschool de Zeewinde,Hoogvlietlaan,28,3235 BL,ROCKANJE,1992,VOORNE AAN ZEE,0181402500,primary
Zuid-Holland,Openbare Basisschool De Vliegerdt,Achterweg ZZ,2-C,3216 AB,ABBENBROEK,1930,NISSEWAARD,0181662559,primary
Zuid-Holland,Openbare Basisschool Branding,Gooteplein,3,3232 DA,BRIELLE,1992,VOORNE AAN ZEE,0181414277,primary
Zuid-Holland,Openbare Basisschool Markenburg,Markenburglaan,1,3211 AV,GEERVLIET,1930,NISSEWAARD,0181669424,primary
Zuid-Holland,Basisschool de Ravelinde,Bloemendaele,4,3218 XA,HEENVLIET,1930,NISSEWAARD,0881454530,primary
Zuid-Holland,Informele samenwerkingsschool Brielse Veste,M H Trompstraat,24-B,3231 XP,BRIELLE,1992,VOORNE AAN ZEE,0181412086,primary
Zuid-Holland,Openbare Basisschool De Hoorn,Molenweg,12,3227 AR,OUDENHOORN,1992,VOORNE AAN ZEE,0181461755,primary
Zuid-Holland,Openbare Basisschool de Wateringe,Bremstraat,1,3222 XA,HELLEVOETSLUIS,1992,VOORNE AAN ZEE,0181312155,primary
Zuid-Holland,Basisschool De Vlasbloem,Zoetemanring,55-A,3214 GA,ZUIDLAND,1930,NISSEWAARD,0181451860,primary
Zuid-Holland,Openbare basisschool Het Palet,Jachthoornpad,1,3223 HR,HELLEVOETSLUIS,1992,VOORNE AAN ZEE,0181315766,primary
Zuid-Holland,Openbare Basisschool 't Schrijverke,P A de Genestetlaan,2,3221 VP,HELLEVOETSLUIS,1992,VOORNE AAN ZEE,0181313506,primary
Zuid-Holland,Openbare Basisschool de Kring,Kasteelpad,4,3223 GE,HELLEVOETSLUIS,1992,VOORNE AAN ZEE,0181318759,primary
Zuid-Holland,Samenwerkingsschool De Brandaris,Branding,55,3224 GA,HELLEVOETSLUIS,1992,VOORNE AAN ZEE,0181315404,primary
Zuid-Holland,Openbare Basisschool de Houthoeffe,Kreeft,35,3225 AC,HELLEVOETSLUIS,1992,VOORNE AAN ZEE,0181319993,primary
Zuid-Holland,De Ravense Poort,Rode Kruislaan,3,3223 MA,HELLEVOETSLUIS,1992,VOORNE AAN ZEE,0181313985,primary
Zuid-Holland,De Kleine Keizer,Alphons Diepenbrockhof,79,2551 KK,'S-GRAVENHAGE,0518,S GRAVENHAGE,0703972832,primary
Zuid-Holland,Basisschool Archipel,Atjehstraat,31,2585 VG,'S-GRAVENHAGE,0518,S GRAVENHAGE,0703508027,primary
Zuid-Holland,Dalton KC Helen Parkhurst,Baambruggestraat,2-4,2546 SK,'S-GRAVENHAGE,0518,S GRAVENHAGE,0703664493,primary
Zuid-Holland,De Spoorzoeker,Busken Huetstraat,22-24,2524 TT,'S-GRAVENHAGE,0518,S GRAVENHAGE,0703944997,primary
Zuid-Holland,Obs Dr Willem Drees,Bresterstraat,15,2523 XC,'S-GRAVENHAGE,0518,S GRAVENHAGE,0703937689,primary
Zuid-Holland,Basisschool Valkenbos Montessori-School,Cederstraat,29,2565 JM,'S-GRAVENHAGE,0518,S GRAVENHAGE,0703600377,primary
Zuid-Holland,Basisschool Bohemen Kijkduin,Daltonplantsoen,6,2555 SB,'S-GRAVENHAGE,0518,S GRAVENHAGE,0703681338,primary
Zuid-Holland,Benoordenhout,Dreibholtzstraat,2-4,2596 XG,'S-GRAVENHAGE,0518,S GRAVENHAGE,0703242976,primary
Zuid-Holland,De Baanbreker,Elboogstraat,68,2516 PV,'S-GRAVENHAGE,0518,S GRAVENHAGE,0703995406,primary
Zuid-Holland,P.C. Hooft-School,Escamplaan,65,2547 GA,'S-GRAVENHAGE,0518,S GRAVENHAGE,0703236232,primary
Zuid-Holland,Startpunt International,Suze Robertsonstraat,103,2526 WS,'S-GRAVENHAGE,0518,S GRAVENHAGE,0703803935,primary
Zuid-Holland,Galvani-School,Galvanistraat,43,2517 RA,'S-GRAVENHAGE,0518,S GRAVENHAGE,0703607495,primary
Zuid-Holland,Maria Montessorischool,Zevenwoudenlaan,197,2548 NT,'S-GRAVENHAGE,0518,S GRAVENHAGE,0703099335,primary
Zuid-Holland,Basisschool Anne Frank,Beresteinlaan,267,2542 JG,'S-GRAVENHAGE,0518,S GRAVENHAGE,0703664406,primary
Zuid-Holland,De Zonnebloem,Hyacinthweg,5,2565 RE,'S-GRAVENHAGE,0518,S GRAVENHAGE,0703251503,primary
Zuid-Holland,Annie MG Schmidtschool,Jacob de Graefflaan,10,2517 JM,'S-GRAVENHAGE,0518,S GRAVENHAGE,0703451265,primary
Zuid-Holland,De Klimop,Cartesiusstraat,2-4,2562 SK,'S-GRAVENHAGE,0518,S GRAVENHAGE,0703654086,primary
Zuid-Holland,De Kameleon,Ketelstraat,101,2516 VN,'S-GRAVENHAGE,0518,S GRAVENHAGE,0704152531,primary
Zuid-Holland,Openbare Basisschool Max Velthuijs,Da Costastraat,40,2513 RP,'S-GRAVENHAGE,0518,S GRAVENHAGE,0703655010,primary
Zuid-Holland,Openbare basisschool Houtwijk,Mari Andriessenstraat,42-44,2552 KN,'S-GRAVENHAGE,0518,S GRAVENHAGE,0702181375,primary
Zuid-Holland,Houtrustschool,Nachtegaalplein,19-A,2566 JP,'S-GRAVENHAGE,0518,S GRAVENHAGE,0703647549,primary
Zuid-Holland,Openbare Basisschool De Gelderlandschool,Nijkerklaan,9,2573 BA,'S-GRAVENHAGE,0518,S GRAVENHAGE,0703459307,primary
Zuid-Holland,De Drentse Hoek,Oosterhesselenstraat,586,2545 SL,'S-GRAVENHAGE,0518,S GRAVENHAGE,0703661515,primary
Zuid-Holland,Van Ostadeschool,Van Ostadestraat,245,2526 EV,'S-GRAVENHAGE,0518,S GRAVENHAGE,0703806773,primary
Zuid-Holland,Erasmusschool,Ambachtsgaarde,1,2542 ED,'S-GRAVENHAGE,0518,S GRAVENHAGE,0703097073,primary
Zuid-Holland,Openbare Basisschool Prins Willem Alexander,Laakweg,199,2521 SG,'S-GRAVENHAGE,0518,S GRAVENHAGE,0703991868,primary
Zuid-Holland,Springbok International,Pretoriusstraat,123,2571 VD,'S-GRAVENHAGE,0518,S GRAVENHAGE,0703458605,primary
Zuid-Holland,De Kleine Wereld,Van Ruysbroekstraat,7,2531 TG,'S-GRAVENHAGE,0518,S GRAVENHAGE,0704020188,primary
Zuid-Holland,De La Reyschool,De la Reyweg,212,2571 GH,'S-GRAVENHAGE,0518,S GRAVENHAGE,0703617017,primary
Zuid-Holland,Het Volle Leven,Rijslag,17-23,2587 BB,'S-GRAVENHAGE,0518,S GRAVENHAGE,0703558454,primary
Zuid-Holland,Jan Ligthartschool,Slicherstraat,5-7,2515 GE,'S-GRAVENHAGE,0518,S GRAVENHAGE,0703882951,primary
Zuid-Holland,De Wissel,Steenwijklaan,10,2541 RL,'S-GRAVENHAGE,0518,S GRAVENHAGE,0703663606,primary
Zuid-Holland,Het Galjoen,Anna Blamanplein,15,2525 ZV,'S-GRAVENHAGE,0518,S GRAVENHAGE,0703803416,primary
Zuid-Holland,De Tweemaster,Tesselsestraat,75-A,2583 JH,'S-GRAVENHAGE,0518,S GRAVENHAGE,0703558619,primary
Zuid-Holland,Basisschool De Voorsprong,Ruijsdaelstraat,11,2525 AA,'S-GRAVENHAGE,0518,S GRAVENHAGE,0703805157,primary
Zuid-Holland,De Vlierboom,Vlierboomstraat,366,2564 JJ,'S-GRAVENHAGE,0518,S GRAVENHAGE,0703231215,primary
Zuid-Holland,Kindcentrum Kansrijk,Walenburg,25,2591 BR,'S-GRAVENHAGE,0518,S GRAVENHAGE,0703856563,primary
Zuid-Holland,Prinses Marijkeschool,Abraham van Beyerenstr,1-C,2525 TA,'S-GRAVENHAGE,0518,S GRAVENHAGE,0703884035,primary
Zuid-Holland,Zuidwalschool,Lepelstraat,6,2512 CW,'S-GRAVENHAGE,0518,S GRAVENHAGE,0703633650,primary
Zuid-Holland,De Vijver,Kikkerbeetlaan,27,2548 WJ,'S-GRAVENHAGE,0518,S GRAVENHAGE,0703967588,primary
Zuid-Holland,Openbare Dalton Basisschool Waterland,Eendenplein,1,2492 NZ,'S-GRAVENHAGE,0518,S GRAVENHAGE,0703278335,primary
Zuid-Holland,Openbare Basisschool De Notenkraker,Eksterhof,2,2496 HS,'S-GRAVENHAGE,0518,S GRAVENHAGE,0153106060,primary
Zuid-Holland,Prinses Catharina-Amaliaschool,Cicerostrook,9,2493 ZL,'S-GRAVENHAGE,0518,S GRAVENHAGE,0703019586,primary
Zuid-Holland,De Noordwijkse School,Hoogwakersbosstraat,14,2202 SP,NOORDWIJK ZH,0575,NOORDWIJK,0713619800,primary
Zuid-Holland,De Stapsteen,Lindenstraat,3,2971 AR,BLESKENSGRAAF CA,1978,MOLENLANDEN,0184691875,primary
Zuid-Holland,Basisschool De Lingewaard,Harpstraat,13,4241 CA,ARKEL,1978,MOLENLANDEN,0183562412,primary
Zuid-Holland,Basisschool De Ammers,Lijsterstraat,35-B,2964 CC,GROOT-AMMERS,1978,MOLENLANDEN,0184661228,primary
Zuid-Holland,Basisschool De Knotwilg,Waterlinie,2,2965 CC,NIEUWPOORT,1978,MOLENLANDEN,0184601729,primary
Zuid-Holland,Basisschool Het Tweespan,Giessenlaan,26,3381 AM,GIESSENBURG,1978,MOLENLANDEN,0184652515,primary
Zuid-Holland,Openbare Basisschool de Tuimelaar,Raadhuisplein,1,2957 RK,NIEUW-LEKKERLAND,1978,MOLENLANDEN,0184820994,primary
Zuid-Holland,Basisschool Den Beemd,Schoolstraat,3-E,4221 LR,HOOGBLOKLAND,1978,MOLENLANDEN,0183562212,primary
Zuid-Holland,Basisschool De Boomgaard,Kerklaan,11,2959 BR,STREEFKERK,1978,MOLENLANDEN,0184689350,primary
Zuid-Holland,Openbare Basisschool Klim-Op,Dirk IV-plein,35,4223 NJ,HOORNAAR,1978,MOLENLANDEN,0183582076,primary
Zuid-Holland,Protestants Christelijke Basisschool de Rank,Lisstraat,15,3202 JG,SPIJKENISSE,1930,NISSEWAARD,0181613294,primary
Zuid-Holland,Basisschool De Duif,Salamanderveen,354,3205 TG,SPIJKENISSE,1930,NISSEWAARD,0181640678,primary
Zuid-Holland,Basisschool Op Dreef,Vlasdreef,2,3204 GS,SPIJKENISSE,1930,NISSEWAARD,0181630782,primary
Zuid-Holland,Jan Campert,Slauerhoffstraat,2,3202 VV,SPIJKENISSE,1930,NISSEWAARD,0181612624,primary
Zuid-Holland,Marimba Groenewoud,Eikenlaan,88-A,3203 BM,SPIJKENISSE,1930,NISSEWAARD,0181616543,primary
Zuid-Holland,De Veenvlinder,Vlinderveen,221,3205 EB,SPIJKENISSE,1930,NISSEWAARD,0181640087,primary
Zuid-Holland,PC Basissch de Hoeksteen,Gangesstraat,13,3207 AC,SPIJKENISSE,1930,NISSEWAARD,0181622741,primary
Zuid-Holland,"De Vuurvogel, Openbare Daltonschool Spijkenisse",Zwanenhoek,41,3201 HT,SPIJKENISSE,1930,NISSEWAARD,0181624186,primary
Zuid-Holland,De Wereldreiziger,Jagerskreek,65,3206 HJ,SPIJKENISSE,1930,NISSEWAARD,0181632553,primary
Zuid-Holland,De Vogelenzang,J. Wagenaarstraat,2,3208 AK,SPIJKENISSE,1930,NISSEWAARD,0181636296,primary
Zuid-Holland,Protestants Christelijke School Het Anker,M Rutgers-Hoitsemastr,4,3207 EJ,SPIJKENISSE,1930,NISSEWAARD,0181643434,primary
Zuid-Holland,Marimba Sterrenkwartier,Galileilaan,9-C,3204 AK,SPIJKENISSE,1930,NISSEWAARD,0181616543,primary
Zuid-Holland,Piramide Elementen,Rijnlaan,25,3207 PE,SPIJKENISSE,1930,NISSEWAARD,0181611121,primary
Zuid-Holland,WereldWijs,Kerkenbos,28,2716 PH,ZOETERMEER,0637,ZOETERMEER,0793516148,primary
Zuid-Holland,De Morgenster,Oranjelaan,27,3201 CN,SPIJKENISSE,1930,NISSEWAARD,0104420074,primary
Zuid-Holland,De Parel,Westersingel,2,2651 CP,BERKEL EN RODENRIJS,1621,LANSINGERLAND,0102680732,primary
Zuid-Holland,Het Christal,Pompenburgsingel,30,3135 PS,VLAARDINGEN,0622,VLAARDINGEN,0104341249,primary
Zuid-Holland,De Triangel Capelle,Bongerd,4,2906 VK,CAPELLE AAN DEN IJSSEL,0502,CAPELLE AAN DEN IJSSEL,0104420074,primary
Zuid-Holland,Kleurrijk,Jacob Catslaan,3,2741 XL,WADDINXVEEN,0627,WADDINXVEEN,0182612341,primary
Zuid-Holland,Het Kompas,Spijkenissestraat,15,3081 SX,ROTTERDAM,0599,ROTTERDAM,0104855109,primary
Zuid-Holland,De Lichtwijzer,Van Houdringelaan,2-A,2341 BK,OEGSTGEEST,0579,OEGSTGEEST,0715173882,primary
Zuid-Holland,De Wonderwijzer,Tonneband,22,3371 JG,HARDINXVELD-GIESSENDAM,0523,HARDINXVELD-GIESSENDAM,0184614321,primary
Zuid-Holland,De Akker,Trompetstraat,3,2287 TK,RIJSWIJK ZH,0603,RIJSWIJK,0703944853,primary
Zuid-Holland,De Wegwijzer,Hoofdland,2,3332 RG,ZWIJNDRECHT,0642,ZWIJNDRECHT,0786129393,primary
Zuid-Holland,De Tamboerijn,Van Nesstraat,8,2404 AV,ALPHEN AAN DEN RIJN,0484,ALPHEN AAN DEN RIJN,0172424834,primary
Zuid-Holland,INOVA basisschool Hoek van Holland,Mercatorweg,155,3151 CJ,HOEK VAN HOLLAND,0599,ROTTERDAM,0174382346,primary
Zuid-Holland,Jan Prins,Nieuwstraat,15,3011 GM,ROTTERDAM,0599,ROTTERDAM,0104133111,primary
Zuid-Holland,Openbare Basisschool Het Landje,Schiedamsesingel,180,3012 BA,ROTTERDAM,0599,ROTTERDAM,0104123325,primary
Zuid-Holland,OBS Crooswijk,Goudseweg,15,3031 XH,ROTTERDAM,0599,ROTTERDAM,0104126573,primary
Zuid-Holland,De Phoenix,Bramenpad,1,3181 PX,ROZENBURG ZH,0599,ROTTERDAM,0181212943,primary
Zuid-Holland,Delfshaven,Pieter de Hoochstraat,52,3024 CS,ROTTERDAM,0599,ROTTERDAM,0108208987,primary
Zuid-Holland,De Boog,Kedoestraat,102,3029 CK,ROTTERDAM,0599,ROTTERDAM,0104780808,primary
Zuid-Holland,De Korf,Korfmakersstraat,80,3026 XJ,ROTTERDAM,0599,ROTTERDAM,0104371050,primary
Zuid-Holland,OBS Kasteel Spangen,Nicolaas Beetsstraat,4,3027 AR,ROTTERDAM,0599,ROTTERDAM,0104152770,primary
Zuid-Holland,obs Dakpark,Catharina Beersmansstr,80,3025 EJ,ROTTERDAM,0599,ROTTERDAM,0104760114,primary
Zuid-Holland,De Vierambacht,Nozemanstraat,75,3023 TM,ROTTERDAM,0599,ROTTERDAM,0104771883,primary
Zuid-Holland,OBS Mathenesse,Brigantijnstraat,46-48,3028 HH,ROTTERDAM,0599,ROTTERDAM,0104151130,primary
Zuid-Holland,Harbour IBSR,Coolhavenstraat,29,3024 TD,ROTTERDAM,0599,ROTTERDAM,0107371755,primary
Zuid-Holland,De Margriet,Nolensstraat,44,3039 PV,ROTTERDAM,0599,ROTTERDAM,0104663012,primary
Zuid-Holland,De Klimop,Rembrandtstraat,27,3035 LL,ROTTERDAM,0599,ROTTERDAM,0104666895,primary
Zuid-Holland,Jan Antonie Byloo,Rodaristraat,31,3066 LA,ROTTERDAM,0599,ROTTERDAM,0104200811,primary
Zuid-Holland,Openbare Daltonschool Overschie,2e Hogenbanweg,111,3042 AX,ROTTERDAM,0599,ROTTERDAM,0102450405,primary
Zuid-Holland,Openbare Montessori Basisschool Tuinstad Schiebroek/ Ter Bregge,Abeelweg,225,3053 PA,ROTTERDAM,0599,ROTTERDAM,0104180862,primary
Zuid-Holland,De Wilgenstam,Meidoornsingel,120,3052 BT,ROTTERDAM,0599,ROTTERDAM,0104185680,primary
Zuid-Holland,De Bergse Zonnebloem,Elektroweg,18-20,3051 NC,ROTTERDAM,0599,ROTTERDAM,0104181977,primary
Zuid-Holland,Eduard V Beinumschool,Bizetlaan,2,3055 SB,ROTTERDAM,0599,ROTTERDAM,0104226026,primary
Zuid-Holland,Jacob Maris-School,Jacob Marisplein,9,3055 BK,ROTTERDAM,0599,ROTTERDAM,0104182821,primary
Zuid-Holland,Basisschool Fridtjof Nansen Jenaplan Basisschool,Nansenplaats,4-6,3069 CV,ROTTERDAM,0599,ROTTERDAM,0104209048,primary
Zuid-Holland,Kruidenhoek Jenaplan Basisschool,Geelkruid,27-29,3068 SN,ROTTERDAM,0599,ROTTERDAM,0104211674,primary
Zuid-Holland,Prins Alexander,Curieplaats,20-22,3069 HA,ROTTERDAM,0599,ROTTERDAM,0104206022,primary
Zuid-Holland,Passe-Partout,Marcel Duchampplein,802,3059 RD,ROTTERDAM,0599,ROTTERDAM,0623229736,primary
Zuid-Holland,De Waterlelie,Veluwemeer,1,3068 KM,ROTTERDAM,0599,ROTTERDAM,0104211020,primary
Zuid-Holland,Globe,Zwartewaalstraat,38-B,3081 HZ,ROTTERDAM,0599,ROTTERDAM,0104848282,primary
Zuid-Holland,De Kameleon,Fazantstraat,105-107,3083 ZG,ROTTERDAM,0599,ROTTERDAM,0104817625,primary
Zuid-Holland,De Toermalijn,Hijkerveld,5,3085 PA,ROTTERDAM,0599,ROTTERDAM,0104803603,primary
Zuid-Holland,Charlois,Clemensstraat,117,3082 CE,ROTTERDAM,0599,ROTTERDAM,0104297320,primary
Zuid-Holland,Openbare Basisschool De Triangel,De Quackstraat,76,3082 VW,ROTTERDAM,0599,ROTTERDAM,0104290987,primary
Zuid-Holland,Basisschool over De Slinge,Krabbendijkestraat,243-245,3086 LR,ROTTERDAM,0599,ROTTERDAM,0104803552,primary
Zuid-Holland,De Mare,Grift,50,3075 SB,ROTTERDAM,0599,ROTTERDAM,0102917514,primary
Zuid-Holland,De Akkers,Jagerslaan,15,3075 AA,ROTTERDAM,0599,ROTTERDAM,0102907827,primary
Zuid-Holland,OBS De Bloementuin,Rozemarijnstraat,10,3073 EX,ROTTERDAM,0599,ROTTERDAM,0104849093,primary
Zuid-Holland,De Gouden Griffel,Slaghekstraat,5,3074 LA,ROTTERDAM,0599,ROTTERDAM,0104190730,primary
Zuid-Holland,Kindcentrum Blijvliet,Hillevliet,96,3074 KD,ROTTERDAM,0599,ROTTERDAM,0102908060,primary
Zuid-Holland,De Catamaran,Catullusweg,298,3076 KH,ROTTERDAM,0599,ROTTERDAM,0102916770,primary
Zuid-Holland,De Schalm,Katendrechtsestraat,61,3072 NS,ROTTERDAM,0599,ROTTERDAM,0104858393,primary
Zuid-Holland,Nelson Mandela,Jacominastraat,64,3072 SC,ROTTERDAM,0599,ROTTERDAM,0104841651,primary
Zuid-Holland,De Clipper,Laan op Zuid,1362,3071 AC,ROTTERDAM,0599,ROTTERDAM,0104850642,primary
Zuid-Holland,Kindcentrum IJsselmonde,Heindijk,20,3079 PM,ROTTERDAM,0599,ROTTERDAM,0104829188,primary
Zuid-Holland,De Plataan,Polluxstraat,12,3195 RH,PERNIS ROTTERDAM,0599,ROTTERDAM,0104161023,primary
Zuid-Holland,Basisschool Het Prisma,Nieuwe Wetering,251,3194 TB,HOOGVLIET ROTTERDAM,0599,ROTTERDAM,0102957416,primary
Zuid-Holland,De Notenkraker,Othelloweg,8,3194 GS,HOOGVLIET ROTTERDAM,0599,ROTTERDAM,0102957273,primary
Zuid-Holland,De Tuimelaar,Lengweg,146,3192 BM,HOOGVLIET ROTTERDAM,0599,ROTTERDAM,0104165392,primary
Zuid-Holland,De Barkentijn,De Haerestraat,17-19,3077 HD,ROTTERDAM,0599,ROTTERDAM,0104828485,primary
Zuid-Holland,Basisschool de Esch,Lage Filterweg,4,3063 SJ,ROTTERDAM,0599,ROTTERDAM,0104526822,primary
Zuid-Holland,Openbare Basisschool Plevier,Plevier,97-99,3191 GA,HOOGVLIET ROTTERDAM,0599,ROTTERDAM,0104160777,primary
Zuid-Holland,De Pijler,W.G. Witteveenplein,10,3071 MA,ROTTERDAM,0599,ROTTERDAM,0102900290,primary
Zuid-Holland,Pluspunt,Maria Wesselingstraat,14,3065 GA,ROTTERDAM,0599,ROTTERDAM,0102020534,primary
Zuid-Holland,OBS de Blijberg,Gordelweg,216-217,3039 GA,ROTTERDAM,0599,ROTTERDAM,0104669629,primary
Zuid-Holland,Park16Hoven,Tinbergenlaan,50-52,3045 BJ,ROTTERDAM,0599,ROTTERDAM,0103032550,primary
Zuid-Holland,Basisschool De Achtsprong,Kloosterstraat,31,3256 AH,ACHTHUIZEN,1924,GOEREE-OVERFLAKKEE,0187631246,primary
Zuid-Holland,Bloemcampschool,Bloemcamplaan,52,2244 EE,WASSENAAR,0629,WASSENAAR,0705179783,primary
Zuid-Holland,IBS el Enbiya,Schepenenstraat,5,4204 BL,GORINCHEM,0512,GORINCHEM, ,primary
Zuid-Holland,Basisschool Het Startblok,Van Halenstraat,1,3255 BN,OUDE-TONGE,1924,GOEREE-OVERFLAKKEE,0187642001,primary
Zuid-Holland,Ollie B Bommel,Nassaustraat,22,3258 AR,DEN BOMMEL,1924,GOEREE-OVERFLAKKEE,0187612007,primary
Zuid-Holland,OBS De Inktvis,Hondsgalgweg,5,3247 XW,DIRKSLAND,1924,GOEREE-OVERFLAKKEE,0187602783,primary
Zuid-Holland,Openbare Basisschool De Pannebakker,Koningin Julianastraat,13,3244 BE,NIEUWE-TONGE,1924,GOEREE-OVERFLAKKEE,0187652069,primary
Zuid-Holland,Openbare Basisschool De Regenboog,Weesmolenstraat,10,3257 XM,OOLTGENSPLAAT,1924,GOEREE-OVERFLAKKEE,0187632010,primary
Zuid-Holland,Openbare Basisschool Roxenisse,Julianaweg,4,3248 AN,MELISSANT,1924,GOEREE-OVERFLAKKEE,0187601951,primary
Zuid-Holland,Openbare Basisschool J.C. van Gent,Molenlaan,26,3245 CP,SOMMELSDIJK,1924,GOEREE-OVERFLAKKEE,0187482063,primary
Zuid-Holland,Openbare Basisschool de Molenvliet,Molendijk,8,3243 AM,STAD AAN 'T HARINGVLIET,1924,GOEREE-OVERFLAKKEE,0187611350,primary
Zuid-Holland,Basisschool Buten De Poorte,De Tuinen,2,3252 AH,GOEDEREEDE,1924,GOEREE-OVERFLAKKEE,0187492176,primary
Zuid-Holland,Openbare Basisschool De Westhoek,Dorpstienden,1,3253 AS,OUDDORP,1924,GOEREE-OVERFLAKKEE,0187681868,primary
Zuid-Holland,Basisschool Stellegors,Schoolstraat,2,3251 AZ,STELLENDAM,1924,GOEREE-OVERFLAKKEE,0187492212,primary
Zuid-Holland,CBS De Loofboom,Schoolstraat,32,2912 CR,NIEUWERKERK AD IJSSEL,1892,ZUIDPLAS,0180313747,primary
Zuid-Holland,Gideonschool,Kroonkruid,107-B,2914 TK,NIEUWERKERK AD IJSSEL,1892,ZUIDPLAS,0180316275,primary
Zuid-Holland,Elimschool,Van Beethovenlaan,31,2912 VK,NIEUWERKERK AD IJSSEL,1892,ZUIDPLAS,0180312706,primary
Zuid-Holland,Kon Julianaschool,Kom van Aaiweg,2,2351 NN,LEIDERDORP,0547,LEIDERDORP,0715420866,primary
Zuid-Holland,De Hobbit,Klerkenhof,5,2353 WB,LEIDERDORP,0547,LEIDERDORP,0715890385,primary
Zuid-Holland,De Morskring,Damlaan,1,2332 XG,LEIDEN,0546,LEIDEN,0715760852,primary
Zuid-Holland,Montessorischool Apollo,Strausspad,3,2324 BG,LEIDEN,0546,LEIDEN,0715765439,primary
Zuid-Holland,Leimundo,Hoflaan,80,2321 TA,LEIDEN,0546,LEIDEN,0715724242,primary
Zuid-Holland,Lucas V Leyden,Vliet,20,2311 RE,LEIDEN,0546,LEIDEN,0715121675,primary
Zuid-Holland,Brede School Merenwijk,Valkenpad,1,2317 AN,LEIDEN,0546,LEIDEN,0715213550,primary
Zuid-Holland,OBS Kwintijn,Broekplein,5,2318 TJ,LEIDEN,0546,LEIDEN,0715220243,primary
Zuid-Holland,De Dukdalf,Regenboogpad,7,2317 XK,LEIDEN,0546,LEIDEN,0715215507,primary
Zuid-Holland,De Viersprong,Bonaireplein,8,2315 HG,LEIDEN,0546,LEIDEN,0715221127,primary
Zuid-Holland,De Stevenshof,Antoinette Kleynstraat,4,2331 DV,LEIDEN,0546,LEIDEN,0715315109,primary
Zuid-Holland,Lorentz,Van Vollenhovenkade,17,2313 GG,LEIDEN,0546,LEIDEN,0715141777,primary
Zuid-Holland,Woutertje Pieterse,Houtlaan,60,2334 CL,LEIDEN,0546,LEIDEN,0715154903,primary
Zuid-Holland,Anne Frank,Zuster Meijboomstraat,2,2331 PD,LEIDEN,0546,LEIDEN,0715318388,primary
Zuid-Holland,Openbare Basisschool de Vos,Multatulilaan,92,2251 ZM,VOORSCHOTEN,0626,VOORSCHOTEN,0715610216,primary
Zuid-Holland,Basisschool Rehoboth,Roerdompstraat,29,2964 HD,GROOT-AMMERS,1978,MOLENLANDEN,0184661529,primary
Zuid-Holland,School Met De Bijbel Eben Haezer,Waterlinie,8,2965 CC,NIEUWPOORT,1978,MOLENLANDEN,0184601818,primary
Zuid-Holland,Basisschool Eben Haezer,Irenestraat,140,2964 BL,GROOT-AMMERS,1978,MOLENLANDEN,0184661223,primary
Zuid-Holland,Sol Krommeweg / Admiraal,Admiraal de Ruyterlaan,1,3342 TA,HENDRIK-IDO-AMBACHT,0531,HENDRIK-IDO-AMBACHT,0786840336,primary
Zuid-Holland,Sol Villa Ambacht,Jan Wissenslaan,9,3341 GG,HENDRIK-IDO-AMBACHT,0531,HENDRIK-IDO-AMBACHT,0786814418,primary
Zuid-Holland,Sol De Watervlinder,Druivengaarde,11,3344 PK,HENDRIK-IDO-AMBACHT,0531,HENDRIK-IDO-AMBACHT,0786822252,primary
Zuid-Holland,Eben Haezerschool,Paulus Buijsstraat,51,2582 CH,'S-GRAVENHAGE,0518,S GRAVENHAGE,0703225228,primary
Zuid-Holland,Reformatorische Basisschool Eben Haezer,Albert Klingstraat,24,2691 ZC,'S-GRAVENZANDE,1783,WESTLAND,0174415187,primary
Zuid-Holland,De Calvijnschool,Claudius Civilislaan,30,3132 JB,VLAARDINGEN,0622,VLAARDINGEN,0104346530,primary
Zuid-Holland,School met de Bijbel,Ploegerf,1,2731 HJ,BENTHUIZEN,0484,ALPHEN AAN DEN RIJN,0793313430,primary
Zuid-Holland,Casa tweetalige Montessorischool,Groen van Prinstererlaan,1,2641 CA,PIJNACKER,1926,PIJNACKER-NOOTDORP,0152010376,primary
Zuid-Holland,Bosseschool,Juliana van Stolberglaan,19-A,3241 GL,MIDDELHARNIS,1924,GOEREE-OVERFLAKKEE,0187484881,primary
Zuid-Holland,Prins Maurits,Begonia,1,3247 DV,DIRKSLAND,1924,GOEREE-OVERFLAKKEE,0187601729,primary
Zuid-Holland,Pr Johan Friso,Deltastraat,13,3249 AC,HERKINGEN,1924,GOEREE-OVERFLAKKEE,0187661011,primary
Zuid-Holland,Basisschool Het Kompas Nederlands Hervormd Onderwijs,Schoolstraat,19,3251 AX,STELLENDAM,1924,GOEREE-OVERFLAKKEE,0187492458,primary
Zuid-Holland,Protestants Christelijke Basisschool Het Kompas,Nassaustraat,24,3258 AR,DEN BOMMEL,1924,GOEREE-OVERFLAKKEE,0187612064,primary
Zuid-Holland,School Met De Bijbel De Regenboog,Beatrixlaan,6,3248 AB,MELISSANT,1924,GOEREE-OVERFLAKKEE,0187601806,primary
Zuid-Holland,Basisschool De Bron,Melkweg,75,3255 TE,OUDE-TONGE,1924,GOEREE-OVERFLAKKEE,0187642011,primary
Zuid-Holland,School Met De Bijbel,Sperwer,167,3245 VP,SOMMELSDIJK,1924,GOEREE-OVERFLAKKEE,0187482110,primary
Zuid-Holland,Groen van Prinsterer Basisschool,Emmalaan,26,3241 GH,MIDDELHARNIS,1924,GOEREE-OVERFLAKKEE,0187482486,primary
Zuid-Holland,Protestants Christelijke Basisschool Oranje Nassau,Korteweegje,7,3244 AK,NIEUWE-TONGE,1924,GOEREE-OVERFLAKKEE,0187652233,primary
Zuid-Holland,Albert Schweitzerschool,Aleijd van Puttenstraat,1,3243 BA,STAD AAN 'T HARINGVLIET,1924,GOEREE-OVERFLAKKEE,0187612260,primary
Zuid-Holland,Christelijke Nationale School voor Basisonderwijs Zomerland,Prinses Marijkestraat,30,3251 XP,STELLENDAM,1924,GOEREE-OVERFLAKKEE,0187491719,primary
Zuid-Holland,Protestants Christelijke Basisschool Eben Haezer,Blauwe Distelstraat,31,3252 LA,GOEDEREEDE,1924,GOEREE-OVERFLAKKEE,0187492535,primary
Zuid-Holland,IKC Het Palet,Van Eesterensingel,197,2951 AP,ALBLASSERDAM,0482,ALBLASSERDAM,0786914914,primary
Zuid-Holland,IKC 't Nokkenwiel,Boerenpad,1,2953 BA,ALBLASSERDAM,0482,ALBLASSERDAM,0786914892,primary
Zuid-Holland,Basisschool de Dolfijn,Perkstraat,55,3333 VE,ZWIJNDRECHT,0642,ZWIJNDRECHT,0786126506,primary
Zuid-Holland,Kindcentrum De Kade,Hoendersekade,1,3332 KW,ZWIJNDRECHT,0642,ZWIJNDRECHT,0786123033,primary
Zuid-Holland,De Bosweide,Grevelingenhof,1,2987 EB,RIDDERKERK,0597,RIDDERKERK,0180417728,primary
Zuid-Holland,Basisschool de Develhoek,Beethovenlaan,97,3335 BE,ZWIJNDRECHT,0642,ZWIJNDRECHT,0786102464,primary
Zuid-Holland,Integraal Kindcentrum BinnensteBuiten,Duivenvoorde,2,3334 EH,ZWIJNDRECHT,0642,ZWIJNDRECHT,0786123226,primary
Zuid-Holland,De Botter,Voorn,11,2986 JA,RIDDERKERK,0597,RIDDERKERK,0180426731,primary
Zuid-Holland,Kindcentrum de Noord,Bilderdijklaan,2-A,2985 XB,RIDDERKERK,0597,RIDDERKERK,0180422567,primary
Zuid-Holland,De Piramide,Burg de Zeeuwstraat,294,2981 AJ,RIDDERKERK,0597,RIDDERKERK,0180499010,primary
Zuid-Holland,Basisschool de Reijer,Prinsenstraat,74,2983 CL,RIDDERKERK,0597,RIDDERKERK,0180412503,primary
Zuid-Holland,KJS,Sportlaan,6-B,2995 VN,HEERJANSDAM,0642,ZWIJNDRECHT,0786774375,primary
Zuid-Holland,Basisschool De Tweemaster,Schoener,120,2991 JN,BARENDRECHT,0489,BARENDRECHT,0180616144,primary
Zuid-Holland,Openbare Basisschool De Draaimolen,Stellingmolen,12,2992 DN,BARENDRECHT,0489,BARENDRECHT,0180615895,primary
Zuid-Holland,De Openbare Dalton Basisschool De Zeppelin,Middeldijkerplein,3,2993 DL,BARENDRECHT,0489,BARENDRECHT,0180626317,primary
Zuid-Holland,Obs De Driehoek,Kouwenhoven-akker,14,2994 AS,BARENDRECHT,0489,BARENDRECHT,0180556847,primary
Zuid-Holland,IKC Cadans Berkel,Het Hoge Land,17-A,2652 EA,BERKEL EN RODENRIJS,1621,LANSINGERLAND,0850081959,primary
Zuid-Holland,Treehouse Tree of Infinity,Zuiderparklaan,45,2662 AD,BERGSCHENHOEK,1621,LANSINGERLAND,0626066702,primary
Zuid-Holland,KC De Ontdekkingsreizigers,Frederik Beuckelstraat,12,2809 TR,GOUDA,0513,GOUDA,0182206001,primary
Zuid-Holland,De Verwondering,Geuzenpark,4,3237 KN,VIERPOLDERS,1992,VOORNE AAN ZEE,0181201100,primary
Zuid-Holland,Ds. Abraham Hellenbroek,Swanendrift,78,3332 RN,ZWIJNDRECHT,0642,ZWIJNDRECHT,0786120899,primary
Zuid-Holland,Protestants Christelijke Basisschool de Wegwijzer,Hyacint,1-A,2925 EN,KRIMPEN AAN DEN IJSSEL,0542,KRIMPEN AAN DEN IJSSEL,0180580144,primary
Zuid-Holland,Groen van Prinsterer,Ericaplein,11,2906 CG,CAPELLE AAN DEN IJSSEL,0502,CAPELLE AAN DEN IJSSEL,0104507207,primary
Zuid-Holland,Protestants Christelijke Basisschool het Kompas,Patrijzenstraat,53,2922 GN,KRIMPEN AAN DEN IJSSEL,0542,KRIMPEN AAN DEN IJSSEL,0180599870,primary
Zuid-Holland,Protestants Christelijke Basisschool de Horizon,Roerdomplaan,88-A,2903 TJ,CAPELLE AAN DEN IJSSEL,0502,CAPELLE AAN DEN IJSSEL,0104505563,primary
Zuid-Holland,Het Baken,Maria Danneels erf,18,2907 BD,CAPELLE AAN DEN IJSSEL,0502,CAPELLE AAN DEN IJSSEL,0104503015,primary
Zuid-Holland,Christelijke Basisschool de Fontein,Jan de Geusrede,39-A,2901 CN,CAPELLE AAN DEN IJSSEL,0502,CAPELLE AAN DEN IJSSEL,0104582740,primary
Zuid-Holland,Rehoboth-School,Dorpsstraat,184,2992 AB,BARENDRECHT,0489,BARENDRECHT,0180615413,primary
Zuid-Holland,Prins Willem Alexander,Prof. van der Waalslaan,2,3362 SP,SLIEDRECHT,0610,SLIEDRECHT,0184416662,primary
Zuid-Holland,Christelijke Basisschool Anne De Vriesschool,Deltalaan,200,3363 AH,SLIEDRECHT,0610,SLIEDRECHT,0184418892,primary
Zuid-Holland,cbs Oranje-Nassau,Merwestraat,16,3361 HL,SLIEDRECHT,0610,SLIEDRECHT,0184415111,primary
Zuid-Holland,IKC Beatrix,Van Der Palmstraat,8,3351 HA,PAPENDRECHT,0590,PAPENDRECHT,0786152256,primary
Zuid-Holland,Prins Constantijn,Walmolen,2,3352 AN,PAPENDRECHT,0590,PAPENDRECHT,0786154954,primary
Zuid-Holland,Prins Floris,Moerbeihof,5,3355 AJ,PAPENDRECHT,0590,PAPENDRECHT,0786440330,primary
Zuid-Holland,Oranje Nassau,Leeuwerikstraat,7,3353 AT,PAPENDRECHT,0590,PAPENDRECHT,0786151499,primary
Zuid-Holland,Koningin Wilhelmina-School,Noordstraat,1,3371 SP,HARDINXVELD-GIESSENDAM,0523,HARDINXVELD-GIESSENDAM,0184614053,primary
Zuid-Holland,Basisschool De Bron,Dorpsstraat,13,2973 AB,MOLENAARSGRAAF,1978,MOLENLANDEN,0184641480,primary
Zuid-Holland,Rotterdamse Schoolvereniging 11,Stuart Millpad,84,3076 RK,ROTTERDAM,0599,ROTTERDAM,0104324297,primary
Zuid-Holland,Rotterdamse Schoolvereniging,Schiedamsesingel,155,3012 BB,ROTTERDAM,0599,ROTTERDAM,0104138999,primary
Zuid-Holland,1e Ned Montessorischool,Laan van Poot,353,2566 DA,'S-GRAVENHAGE,0518,S GRAVENHAGE,0715730910,primary
Zuid-Holland,Basisschool Het Open Venster,Catullusweg,440,3076 KH,ROTTERDAM,0599,ROTTERDAM,0104198722,primary
Zuid-Holland,Christelijke Basisschool Het Waterschip,Burgemeester Beyenstraat,81,3195 RB,PERNIS ROTTERDAM,0599,ROTTERDAM,0104381553,primary
Zuid-Holland,Christelijke Basisschool Beatrix,Herenoord,10,3079 JJ,ROTTERDAM,0599,ROTTERDAM,0104829652,primary
Zuid-Holland,Wilhelminaschool,Natersweg,7,3082 VA,ROTTERDAM,0599,ROTTERDAM,0104292138,primary
Zuid-Holland,Protestants Christelijke Het Middelpunt,Cromme Meth,70,3191 TG,HOOGVLIET ROTTERDAM,0599,ROTTERDAM,0104168762,primary
Zuid-Holland,Beatrixschool,Krabbendijkestraat,240,3086 LW,ROTTERDAM,0599,ROTTERDAM,0104802816,primary
Zuid-Holland,Protestants Christelijke Basisschool Zalmplaat,Aalreep,10,3192 SE,HOOGVLIET ROTTERDAM,0599,ROTTERDAM,0104161435,primary
Zuid-Holland,Steven Stemerdingschool voor Basisonderwijs,Slingeplein,10,3085 EZ,ROTTERDAM,0599,ROTTERDAM,0104808635,primary
Zuid-Holland,Oecomenische Basisschool de Hoeksteen,Kerkwervesingel,30,3086 HH,ROTTERDAM,0599,ROTTERDAM,0104801179,primary
Zuid-Holland,Chr Basissch De Klaver,Klaverstraat,44,3083 VH,ROTTERDAM,0599,ROTTERDAM,0104818340,primary
Zuid-Holland,Prins Willem Alexanderschool voor Basisonderwijs,Noorderhagen,80,3078 CK,ROTTERDAM,0599,ROTTERDAM,0104820600,primary
Zuid-Holland,Prinses Margrietschool voor Basisonderwijs,Sportlaan,80,3078 WR,ROTTERDAM,0599,ROTTERDAM,0104191489,primary
Zuid-Holland,Oranjeschool voor Basisonderwijs,Putselaan,184,3073 JM,ROTTERDAM,0599,ROTTERDAM,0104851907,primary
Zuid-Holland,Da Costaschool v BSO,Johannes-Brandstraat,3-7,3072 BD,ROTTERDAM,0599,ROTTERDAM,0104843534,primary
Zuid-Holland,Vreewijkschool,Groenezoom,156,3075 GK,ROTTERDAM,0599,ROTTERDAM,0104190630,primary
Zuid-Holland,Johan Bogermanschool voor Basisonderwijs,Stichtseplein,3,3074 TN,ROTTERDAM,0599,ROTTERDAM,0104192192,primary
Zuid-Holland,Prot. Chr. Basisschool De Parel,Molecatensingel,250,3077 SH,ROTTERDAM,0599,ROTTERDAM,0104825226,primary
Zuid-Holland,De Schakel,Sandelingplein,25,3075 AG,ROTTERDAM,0599,ROTTERDAM,0104844688,primary
Zuid-Holland,Christelijk Basisschool De Akker,Millinxstraat,33,3081 PE,ROTTERDAM,0599,ROTTERDAM,0104844687,primary
Zuid-Holland,Chr Basissch De Sleutel,Putseplein,18,3073 HT,ROTTERDAM,0599,ROTTERDAM,0104844691,primary
Zuid-Holland,Christelijke Basisschool Willem van Oranje,Hendrick Croesinckstraat,36,3074 PG,ROTTERDAM,0599,ROTTERDAM,0104195289,primary
Zuid-Holland,Dominee Johannes Bogermanschool,Prof. Waterinklaan,43,3312 KM,DORDRECHT,0505,DORDRECHT,0786141791,primary
Zuid-Holland,Dominee J Polyanderschool,Atmosfeerstraat,34,3328 GD,DORDRECHT,0505,DORDRECHT,0786181637,primary
Zuid-Holland,Aida,Elboogstraat,68,2516 PV,'S-GRAVENHAGE,0518,S GRAVENHAGE,0708201200,primary
Zuid-Holland,Dominee Koelmanschool,Tapperstraat,1,4204 TR,GORINCHEM,0512,GORINCHEM,0183621645,primary
Zuid-Holland,Enderun Hisar Rotterdam,Zwederstraat,54,3073 ZT,ROTTERDAM,0599,ROTTERDAM, ,primary
Zuid-Holland,RK Daltonschool De Leeuwerik,Leeuwerikstraat,2,2352 ER,LEIDERDORP,0547,LEIDERDORP,0715892824,primary
Zuid-Holland,St Bernardusschool,Laan van Meerburg,1,2382 EP,ZOETERWOUDE,0638,ZOETERWOUDE,0715421600,primary
Zuid-Holland,RK basisschool Het Avontuur,Het Veldboeket,1,2381 JK,ZOETERWOUDE,0638,ZOETERWOUDE,0715801505,primary
Zuid-Holland,Rooms Katholieke Basisschool De Schakel,Van Alphenplein,6,2353 BX,LEIDERDORP,0547,LEIDERDORP,0715890988,primary
Zuid-Holland,De Springplank,Bonaireplein,4,2315 HG,LEIDEN,0546,LEIDEN,0715221110,primary
Zuid-Holland,Zylwyk,Schaduwpad,1,2317 VX,LEIDEN,0546,LEIDEN,0715233424,primary
Zuid-Holland,PC De Ley,Kiljanpad,2,2321 SK,LEIDEN,0546,LEIDEN,0715722141,primary
Zuid-Holland,Basisschool De Wereldwijzer,Antoinette Kleynstraat,6,2331 DV,LEIDEN,0546,LEIDEN,0715314950,primary
Zuid-Holland,Roomskatholieke Basisschool De Tweemaster,Broekplein,1,2318 TJ,LEIDEN,0546,LEIDEN,0715220239,primary
Zuid-Holland,Roomskatholieke Basisschool Sint Joseph-School,Oppenheimstraat,8,2313 JE,LEIDEN,0546,LEIDEN,0715132263,primary
Zuid-Holland,KBS Pacelli,Damlaan,22,2332 XH,LEIDEN,0546,LEIDEN,0715760858,primary
Zuid-Holland,Roomskatholieke Basisschool De Singel,Bonaireplein,7,2315 HG,LEIDEN,0546,LEIDEN,0715218471,primary
Zuid-Holland,Basisschool Eben Haezer,Jac. P. Thijssestraat,30,2771 HT,BOSKOOP,0484,ALPHEN AAN DEN RIJN,0172214881,primary
Zuid-Holland,Chr Basisschool De Parel,Sleedoorn,40,3171 PN,POORTUGAAL,0613,ALBRANDSWAARD,0105015016,primary
Zuid-Holland,Protestants Christelijke Basisschool Juliana,Julianastraat,6,3161 AK,RHOON,0613,ALBRANDSWAARD,0105015819,primary
Zuid-Holland,Protestants-Christelijke Basisschool Het Lichtpunt,Binnengracht,4,3162 WD,RHOON,0613,ALBRANDSWAARD,0102033720,primary
Zuid-Holland,De Vrije School Widar,De Meesterstraat,2,2613 XB,DELFT,0503,DELFT,0152130330,primary
Zuid-Holland,Leeuwenhartschool,Jasmijnstraat,6,3261 BK,OUD-BEIJERLAND,1963,HOEKSCHE WAARD,0186612142,primary
Zuid-Holland,Dordtse Vrije School,Dubbelmondestraat,1,3312 NB,DORDRECHT,0505,DORDRECHT,0786140106,primary
Zuid-Holland,Rudolf Steiner School Rotterdam,Michelangelostraat,375,3066 NL,ROTTERDAM,0599,ROTTERDAM,0104564742,primary
Zuid-Holland,Vrije School Vredehof,Vredehofweg,30,3062 EP,ROTTERDAM,0599,ROTTERDAM,0104526519,primary
Zuid-Holland,Vrije School Wonnebald,Mozartlaan,189,2555 JK,'S-GRAVENHAGE,0518,S GRAVENHAGE,0703254818,primary
Zuid-Holland,Vrije School Rotterdam West,Velsenluststraat,7,3021 AW,ROTTERDAM,0599,ROTTERDAM,0103132490,primary
Zuid-Holland,Basisschool Aloysius,Meester Postlaan,5,3155 BM,MAASLAND,1842,MIDDEN-DELFLAND,0105917116,primary
Zuid-Holland,Rooms Katholieke Basisschool de Nobelaer,Julianastraat,13,3255 BG,OUDE-TONGE,1924,GOEREE-OVERFLAKKEE,0187642181,primary
Zuid-Holland,Basisschool Sint Jan Baptist,Anemonenweg,17,2241 XH,WASSENAAR,0629,WASSENAAR,0705115085,primary
Zuid-Holland,Sint Bonifacius-School,Kloosterland,5,2242 JS,WASSENAAR,0629,WASSENAAR,0705116379,primary
Zuid-Holland,Basisschool Sint Jozef,Thorbeckestraat,37,2241 KR,WASSENAAR,0629,WASSENAAR,0705113934,primary
Zuid-Holland,Augustinusschool,P.J. Troelstrastraat,98,3354 BN,PAPENDRECHT,0590,PAPENDRECHT,0786154167,primary
Zuid-Holland,Kath BS St Willibrordus,Frans Halsstraat,2,3262 HG,OUD-BEIJERLAND,1963,HOEKSCHE WAARD,0186613456,primary
Zuid-Holland,Chr. Basisschool De Elout,Copernicusstraat,159,2561 VT,'S-GRAVENHAGE,0518,S GRAVENHAGE,0703455056,primary
Zuid-Holland,Basisschool Bavinck,Acaciastraat,141,2565 JZ,'S-GRAVENHAGE,0518,S GRAVENHAGE,0703450369,primary
Zuid-Holland,Kindcentrum Vroondaal,Madepolderweg,76-78,2553 EG,'S-GRAVENHAGE,0518,S GRAVENHAGE,0707900120,primary
Zuid-Holland,Prof Mr A Anema Basisschool,Eindstede,4,2543 BL,'S-GRAVENHAGE,0518,S GRAVENHAGE,0703669672,primary
Zuid-Holland,Ds W E Den Hertog School,Luxemburgstraat,7,2552 RA,'S-GRAVENHAGE,0518,S GRAVENHAGE,0703979206,primary
Zuid-Holland,Christelijke Basisschool De Ark,Maarsbergenstraat,169-C,2546 SP,'S-GRAVENHAGE,0518,S GRAVENHAGE,0703292952,primary
Zuid-Holland,Protestants Christelijke Basisschool Prinsehaghe,Prinsegracht,182,2512 GG,'S-GRAVENHAGE,0518,S GRAVENHAGE,0703802098,primary
Zuid-Holland,Waalse Louise De Coligny School voor Christelijk Basisonderwijs,Ametisthorst,421,2592 HN,'S-GRAVENHAGE,0518,S GRAVENHAGE,0703854949,primary
Zuid-Holland,Oranje Nassauschool voor Christelijk Basisonderwijs,Weissenbruchstraat,119,2596 GD,'S-GRAVENHAGE,0518,S GRAVENHAGE,0703280647,primary
Zuid-Holland,O G Heldringsch Christelijke Basis Onderwijs,IJsvogelplein,10,2566 VS,'S-GRAVENHAGE,0518,S GRAVENHAGE,0703635403,primary
Zuid-Holland,V Hoogstratensch Christelijk Basisonderwijs,Spaarwaterstraat,21,2593 RM,'S-GRAVENHAGE,0518,S GRAVENHAGE,0703854972,primary
Zuid-Holland,Chr Basisschool Comenius,Colensostraat,6,2572 NR,'S-GRAVENHAGE,0518,S GRAVENHAGE,0703806700,primary
Zuid-Holland,Da Costa School Christelijke Basisonderwijs,Hollanderstraat,21,2517 HH,'S-GRAVENHAGE,0518,S GRAVENHAGE,0703451194,primary
Zuid-Holland,kindcentrum Leyenburg kindcentrum voor opvang en christelijk onderwijs (0-12),Edamstraat,2,2547 VR,'S-GRAVENHAGE,0518,S GRAVENHAGE,0703251978,primary
Zuid-Holland,Ds D.A. van den Boschschool voor Christelijk Basisonderwijs,Erasmusweg,68,2532 CR,'S-GRAVENHAGE,0518,S GRAVENHAGE,0703948687,primary
Zuid-Holland,"P Oosterleeschool, school voor Christelijk Basisonderwijs",Pieter Langendijkstraat,81,2533 TG,'S-GRAVENHAGE,0518,S GRAVENHAGE,0703801534,primary
Zuid-Holland,Dr J A Gerth V Wijksch voor Christelijk Basis Onderwijs,Withuysstraat,2,2523 GW,'S-GRAVENHAGE,0518,S GRAVENHAGE,0703944056,primary
Zuid-Holland,Christelijke Basisschool De Vliermeent,Vlierboomstraat,362,2564 HT,'S-GRAVENHAGE,0518,S GRAVENHAGE,0703250130,primary
Zuid-Holland,Ds Dj Karressch Christelijke Basisonderwijs,Naarderstraat,170,2574 PK,'S-GRAVENHAGE,0518,S GRAVENHAGE,0703235886,primary
Zuid-Holland,Paul Krugersch voor Christelijk Basisonderwijs,Fischerstraat,133,2572 PV,'S-GRAVENHAGE,0518,S GRAVENHAGE,0703888855,primary
Zuid-Holland,Christelijke Basisschool De Ontmoeting,Draaistraat,16,2516 KE,'S-GRAVENHAGE,0518,S GRAVENHAGE,0703995864,primary
Zuid-Holland,Jan V Nassauschool voor Protestants Christelijk Basisonderwijs,Zaanstraat,25,2515 TM,'S-GRAVENHAGE,0518,S GRAVENHAGE,0708200183,primary
Zuid-Holland,Pr Ireneschool voor Christelijk Basisonderwijs,Slicherstraat,6,2515 GE,'S-GRAVENHAGE,0518,S GRAVENHAGE,0703883716,primary
Zuid-Holland,Meester Schabergschool voor Christelijk Basisonderwijs,Sirtemastraat,400,2513 XX,'S-GRAVENHAGE,0518,S GRAVENHAGE,0703644622,primary
Zuid-Holland,Dr M M Den Hertogschool voor Christelijk Basis  Onderwijs,Amalia van Solmsstraat,5,2595 TA,'S-GRAVENHAGE,0518,S GRAVENHAGE,0703852552,primary
Zuid-Holland,De Horizon Christelijke School voor Basisonderwijs,Paets van Troostwijkstr,93,2522 DM,'S-GRAVENHAGE,0518,S GRAVENHAGE,0703993482,primary
Zuid-Holland,Protestants Christelijke Basisschool De Vuurtoren,Stevinstraat,65-E,2587 EB,'S-GRAVENHAGE,0518,S GRAVENHAGE,0703540031,primary
Zuid-Holland,Protestants Christelijke Basisschool De Oranjeschool,Westduinweg,127,2583 AA,'S-GRAVENHAGE,0518,S GRAVENHAGE,0703540457,primary
Zuid-Holland,De Gantel,Laan van Wateringse Veld,925,2548 BR,'S-GRAVENHAGE,0518,S GRAVENHAGE,0703967222,primary
Zuid-Holland,CBS De Waterlelie,Laantje van Salland,32,2548 NP,'S-GRAVENHAGE,0518,S GRAVENHAGE,0703099730,primary
Zuid-Holland,Protestants Christelijke Basisschool Willem de Zwijger,Gentsestraat,124,2587 HZ,'S-GRAVENHAGE,0518,S GRAVENHAGE,0703557484,primary
Zuid-Holland,School Met De Bijbel De Hoeksteen,Pieter Biggestraat,11,3257 AR,OOLTGENSPLAAT,1924,GOEREE-OVERFLAKKEE,0187631485,primary
Zuid-Holland,Basisschool Herenweg,Herenweg,4,2242 ES,WASSENAAR,0629,WASSENAAR,0705114223,primary
Zuid-Holland,Chr Basisschool De Wegwijzer,Prins Clausstraat,1,2825 BG,BERKENWOUDE,1931,KRIMPENERWAARD,0182362589,primary
Zuid-Holland,School Met De Bijbel Koningin Beatrix,Margrietweg,6,3253 BM,OUDDORP,1924,GOEREE-OVERFLAKKEE,0187682306,primary
Zuid-Holland,Rooms Katholieke Basisschool De Kring Jenaplan-School,Rembrandt van Rijnlaan,26,2343 SR,OEGSTGEEST,0579,OEGSTGEEST,0715177211,primary
Zuid-Holland,RK Bs Joseph,Acacialaan,8,2641 AC,PIJNACKER,1926,PIJNACKER-NOOTDORP,0153692694,primary
Zuid-Holland,RK Bs  Maria,Ru Paresingel,1,2642 CR,PIJNACKER,1926,PIJNACKER-NOOTDORP,0153692389,primary
Zuid-Holland,RK Bs Johannes,Duivestein,27,2641 LG,PIJNACKER,1926,PIJNACKER-NOOTDORP,0153693712,primary
Zuid-Holland,RK Bs Het Spectrum,Florijnstraat,5,2645 HH,DELFGAUW,1926,PIJNACKER-NOOTDORP,0152573621,primary
Zuid-Holland,RK Bs De Keizerskroon,Zilverreigerdreef,101,2643 MC,PIJNACKER,1926,PIJNACKER-NOOTDORP,0153613005,primary
Zuid-Holland,Triangel,Florijnstraat,7,2645 HH,DELFGAUW,1926,PIJNACKER-NOOTDORP,0152562963,primary
Zuid-Holland,Kindcentrum Regenboog,Koningin Julianastraat,1,2631 BK,NOOTDORP,1926,PIJNACKER-NOOTDORP,0153109519,primary
Zuid-Holland,Vlinderboom,Zilverreigerdreef,115,2643 MC,PIJNACKER,1926,PIJNACKER-NOOTDORP,0153694106,primary
Zuid-Holland,Schatkaart,Groen van Prinstererlaan,5,2641 CA,PIJNACKER,1926,PIJNACKER-NOOTDORP,0153692183,primary
Zuid-Holland,Beatrix,Julianalaan,2,2641 HC,PIJNACKER,1926,PIJNACKER-NOOTDORP,0153698718,primary
Zuid-Holland,Fontein,Steenuillaan,2,2496 PN,'S-GRAVENHAGE,0518,S GRAVENHAGE,0153106066,primary
Zuid-Holland,Ackerweide,Gantellaan,7,2642 JK,PIJNACKER,1926,PIJNACKER-NOOTDORP,0153612304,primary
Zuid-Holland,Zonnestraal,Oeverwallaan,108,2498 BZ,'S-GRAVENHAGE,0518,S GRAVENHAGE,0153698244,primary
Zuid-Holland,Protestants Christelijke Basisschool de Wegwijzer,Koningin Julianalaan,2-A,2231 VD,RIJNSBURG,0537,KATWIJK,0714082759,primary
Zuid-Holland,Protestants Christelijke Basisschool de Schakel,Het Cappelrijeland,1-A,2231 ZD,RIJNSBURG,0537,KATWIJK,0714082428,primary
Zuid-Holland,Koningin Wilhelminaschool voor Protestants Christelijk Basisonderwijs,Kerkstraat,21,2231 CX,RIJNSBURG,0537,KATWIJK,0714082871,primary
Zuid-Holland,PC basisschool Oranje Nassau,Sandtlaan,98,2231 CE,RIJNSBURG,0537,KATWIJK,0714082347,primary
Zuid-Holland,Protestants Christelijke Basisschool Juliana,De Poel,2,2231 TK,RIJNSBURG,0537,KATWIJK,0714082215,primary
Zuid-Holland,Christelijk kindcentrum De Schalm,Kerkstraat,60,2951 GL,ALBLASSERDAM,0482,ALBLASSERDAM,0788200033,primary
Zuid-Holland,Christelijk kindcentrum De Twijn,Parallelweg,2,2951 BS,ALBLASSERDAM,0482,ALBLASSERDAM,0788200032,primary
Zuid-Holland,Christelijk kindcentrum De Meander,Witte de Withstraat,46,3342 TW,HENDRIK-IDO-AMBACHT,0531,HENDRIK-IDO-AMBACHT,0783030013,primary
Zuid-Holland,Christelijk kindcentrum De Tweestroom,Jan Wissenslaan,5,3341 GG,HENDRIK-IDO-AMBACHT,0531,HENDRIK-IDO-AMBACHT,0783030015,primary
Zuid-Holland,Christelijk Kindcentrum de Brink,Roerdompstraat,5,3334 AG,ZWIJNDRECHT,0642,ZWIJNDRECHT,0788200013,primary
Zuid-Holland,Christelijk Kindcentrum  Eigen-Wijs,Uilenvliet,41,3333 BS,ZWIJNDRECHT,0642,ZWIJNDRECHT,0788200012,primary
Zuid-Holland,Christelijk Kindcentrum Juliana,Juliana van Stolbergstr,30,3331 BJ,ZWIJNDRECHT,0642,ZWIJNDRECHT,0788200015,primary
Zuid-Holland,Christelijk kindcentrum Impuls,Talmaplantsoen,1-3,3332 CR,ZWIJNDRECHT,0642,ZWIJNDRECHT,0788200014,primary
Zuid-Holland,Kindcentrum De Notenbalk,Bazuinstraat,26,3335 DD,ZWIJNDRECHT,0642,ZWIJNDRECHT,0788200018,primary
Zuid-Holland,De Wijngaard,Druivengaarde,9,3344 PK,HENDRIK-IDO-AMBACHT,0531,HENDRIK-IDO-AMBACHT,0783030016,primary
Zuid-Holland,Protestants Christelijke Basisschool Het Kompas,Scheepsbouwplein,10,2953 XM,ALBLASSERDAM,0482,ALBLASSERDAM,0786912669,primary
Zuid-Holland,Jenaplanschool De Waterval,Judith Leijsterstraat,2,2162 JK,LISSE,0553,LISSE,0252418191,primary
Zuid-Holland,CBS Het Talent,Achterdijkshoorn,9,2635 MK,DEN HOORN ZH,1842,MIDDEN-DELFLAND,0152626285,primary
Zuid-Holland,Christelijke Basisschool De Ark,Sint Maartensregtplein,15,2636 GC,SCHIPLUIDEN,1842,MIDDEN-DELFLAND,0153808696,primary
Zuid-Holland,Christelijke Basisschool Het Mozaiek,Caspar Fagelstraat,65,2613 GV,DELFT,0503,DELFT,0152144263,primary
Zuid-Holland,Max Havelaar Kindcentrum ( afdeling Onderwijs),Drie Akersstraat,4,2611 JR,DELFT,0503,DELFT,0152134619,primary
Zuid-Holland,Christelijke Basisschool de Horizon,Brahmslaan,42,2625 BW,DELFT,0503,DELFT,0152562104,primary
Zuid-Holland,Christelijke Basisschool Rembrandt,Rooseveltlaan,49,2625 GM,DELFT,0503,DELFT,0152561988,primary
Zuid-Holland,CBS De Waterhof,Derde Werelddreef,29,2622 HB,DELFT,0503,DELFT,0152617670,primary
Zuid-Holland,Oranje Nassauschool,Selma Lagerlof-erf,164,3315 AT,DORDRECHT,0505,DORDRECHT,0786162904,primary
Zuid-Holland,Julianaschool,Goudenregenstraat,65,3319 TB,DORDRECHT,0505,DORDRECHT,0786160013,primary
Zuid-Holland,Beatrixschool,Van Schendelstraat,24,3319 RN,DORDRECHT,0505,DORDRECHT,0786161358,primary
Zuid-Holland,Protestants Christelijke Basisschool Johan Friso,Chico Mendesring,196,3315 MB,DORDRECHT,0505,DORDRECHT,0786213144,primary
Zuid-Holland,De Capelse Schoolvereniging,Duikerlaan,402,2903 AC,CAPELLE AAN DEN IJSSEL,0502,CAPELLE AAN DEN IJSSEL,0104505808,primary
Zuid-Holland,School Met De Bijbel,Noorderplein,2,4225 RT,NOORDELOOS,1978,MOLENLANDEN,0183581266,primary
Zuid-Holland,Johannes Calvijnschool,Scheldelaan,15,3363 CK,SLIEDRECHT,0610,SLIEDRECHT,0184412788,primary
Zuid-Holland,Delftsche Schoolvereniging,Koningsplein,83,2611 XG,DELFT,0503,DELFT,0152120628,primary
Zuid-Holland,Schoolvereniging voor Neutraal Bijzonder Onderwijs voor Gouda en omgeving,Groeneweg,27,2801 ZA,GOUDA,0513,GOUDA,0182519706,primary
Zuid-Holland,Schoolvereniging Wolters,Utenbroekestraat,2,2597 PH,'S-GRAVENHAGE,0518,S GRAVENHAGE,0703242630,primary
Zuid-Holland,Basisschool van de Stichting Haagsche School Vereniging,Nassaulaan,26,2514 JT,'S-GRAVENHAGE,0518,S GRAVENHAGE,0703638531,primary
Zuid-Holland,Willemspark,Frederikstraat,28,2514 LK,'S-GRAVENHAGE,0518,S GRAVENHAGE,0703464038,primary
Zuid-Holland,Montessorischool Waalsdorp,Utenbroekestraat,6,2597 PH,'S-GRAVENHAGE,0518,S GRAVENHAGE,0703247420,primary
Zuid-Holland,De Vrije School,Abbenbroekweg,7,2597 NT,'S-GRAVENHAGE,0518,S GRAVENHAGE,0703244300,primary
Zuid-Holland,Vuurvogel vrijeschool voor basisonderwijs,Schansbos,5-6,2716 GV,ZOETERMEER,0637,ZOETERMEER,0793517824,primary
Zuid-Holland,Basisschool De Ridderslag,Ridder van Catsweg,256-A,2805 BC,GOUDA,0513,GOUDA,0182537515,primary
Zuid-Holland,Vrije School Mareland,Maresingel,19,2316 HA,LEIDEN,0546,LEIDEN,0715219015,primary
Zuid-Holland,Vrije School Ridderspoor,Essenburg,24-26,2402 KP,ALPHEN AAN DEN RIJN,0484,ALPHEN AAN DEN RIJN,0172443009,primary
Zuid-Holland,Eerste Leidse Schoolvereniging,P.C. Hooftlaan,12,2332 AX,LEIDEN,0546,LEIDEN,0715765266,primary
Zuid-Holland,De Kralingsche School voor Basisonderwijs,Rozenburglaan,27,3062 EB,ROTTERDAM,0599,ROTTERDAM,0104526689,primary
Zuid-Holland,Basisschool Van Oldenbarneveltschool,Jagthuisstraat,14,3022 PR,ROTTERDAM,0599,ROTTERDAM,0102447125,primary
Zuid-Holland,Montessorischool,Zanderijpad,10,2242 GW,WASSENAAR,0629,WASSENAAR,0705113388,primary
Drenthe,School voor Praktijkonderwijs Assen,Zwartwatersweg,202,9406 NN,ASSEN,0106,ASSEN,0592340973,secondary
Drenthe,Christelijk Scholengemeenschap Vincent van Gogh Vwo Havo Mavo Vbo Lwoo,Selma Lagerloflaan,3,9406 KB,ASSEN,0106,ASSEN,0592390290,secondary
Drenthe,Openbare Scholengemeenschap Dr Nassau College voor Vwo Havo Mavo Vbo Lwoo,Mr Groen v Prinstererln,98,9402 KG,ASSEN,0106,ASSEN,0592390290,secondary
Drenthe,School voor Praktijkonderwijs De Meander,Wolfsbosstraat,7-A,7905 BZ,HOOGEVEEN,0118,HOOGEVEEN,0528266192,secondary
Drenthe,Regionale Scholengemeenschap Wolfsbos,Valkenlaan,1,7905 AA,HOOGEVEEN,0118,HOOGEVEEN,0528266192,secondary
Drenthe,Carmelcollege Emmen,Wendeling,59,7824 TB,EMMEN,0114,EMMEN,0591622870,secondary
Drenthe,Drenthe College Terra,Anne de Vriesstraat,70,9402 NT,ASSEN,0106,ASSEN,0881884444,secondary
Drenthe,Roelof van Echten College,Sportveldenweg,20,7902 NX,HOOGEVEEN,0118,HOOGEVEEN,0528358658,secondary
Drenthe,Hondsrug College Christelijke SGM voor LYC HAVO MAVO VBO LWOO,Emmalaan,25,7822 JB,EMMEN,0114,EMMEN,0591657979,secondary
Drenthe,Praktijkschool Emmen,Ullevi,22,7825 SE,EMMEN,0114,EMMEN,0591613310,secondary
Drenthe,Christelijke Scholengemeenschap Dingstede voor Mavo Havo en Atheneum,Gerard Doustraat,13,7944 HD,MEPPEL,0119,MEPPEL,0522700500,secondary
Drenthe,Stad & Esch Praktijkschool,Ezingerweg,54,7943 AZ,MEPPEL,0119,MEPPEL,0522253188,secondary
Drenthe,Regionale Scholengemeenschap Stad en Esch voor Lyceum Havo Mavo Vbo Lwoo,Ezingerweg,52,7943 AZ,MEPPEL,0119,MEPPEL,0522263275,secondary
Drenthe,Scholengemeenschap de Nieuwe Veste voor Lyceum Havo Mavo Vbo Lwoo,Van Heeckerenlaan,2,7742 AB,COEVORDEN,0109,COEVORDEN,0524593800,secondary
Drenthe,Openbare Scholengemeenschap voor Lyceum Havo Mavo Vbo Lwoo Esdal College,Oosterstraat,78,7822 HG,EMMEN,0114,EMMEN,0880009610,secondary
Flevoland,Waldorf Almere,Rooseveltweg,5,1314 SJ,ALMERE,0034,ALMERE,0646446410,secondary
Flevoland,De Steiger school voor Praktijkonderwijs,Griend 50,1,8225 TZ,LELYSTAD,0995,LELYSTAD,0320252254,secondary
Flevoland,Berechja College voor MAVO HAVO VBO,Waaiershoek,46,8321 BH,URK,0184,URK,0527681237,secondary
Flevoland,Aeres Praktijkonderwijs Emmeloord,Scandinavielaan,33-A,8303 GN,EMMELOORD,0171,NOORDOOSTPOLDER,0880205120,secondary
Flevoland,Aeres VMBO Almere,Heliumweg,1,1362 JA,ALMERE,0034,ALMERE,0880205400,secondary
Flevoland,St Bonifatius Mavo,Prof. Lorentzstraat,3,8302 AS,EMMELOORD,0171,NOORDOOSTPOLDER,0527613469,secondary
Flevoland,Openbare School voor voortgezet onderwijs Zuyderzee Lyceum,Prof. ter Veenstraat,5,8302 GA,EMMELOORD,0171,NOORDOOSTPOLDER,0527635950,secondary
Flevoland,PORTEUM 2 voor Atheneum havo mavo vbo en lwoo,De Campus,15,8233 GA,LELYSTAD,0995,LELYSTAD,0320752500,secondary
Flevoland,PORTEUM 1 voor Atheneum havo mavo vbo en lwoo,De Campus,11,8233 GA,LELYSTAD,0995,LELYSTAD,0320752500,secondary
Flevoland,PORTEUM 3 voor Atheneum havo mavo vbo en lwoo,De Campus,7,8233 GA,LELYSTAD,0995,LELYSTAD,0320752500,secondary
Flevoland,Openbare Scholengemeenschap Echnaton,Zwolleweg,1,1324 EL,ALMERE,0034,ALMERE,0365331220,secondary
Flevoland,Openbare Scholengemeenschap De Meergronden voor Vwo Havo Mavo Vmbo,Marktgracht,65,1353 AL,ALMERE,0034,ALMERE,0365472727,secondary
Flevoland,Praktijkonderwijs Almere-Bachweg,J.S. Bachweg,7,1323 BA,ALMERE,0034,ALMERE,0365338141,secondary
Flevoland,Oostvaarders College voor Lyceum Havo Mavo Vbo Lwoo,A. Boekenweg,3,1333 VD,ALMERE,0034,ALMERE,0365492492,secondary
Flevoland,Praktijkonderwijs Almere - Tom Poes,Tom Poesstraat,2,1336 AE,ALMERE,0034,ALMERE,0365494150,secondary
Flevoland,Praktijkonderwijs-Almere Koningsbeltweg,Koningsbeltstraat,4,1329 AL,ALMERE,0034,ALMERE,0365336194,secondary
Flevoland,Emelwerda College Christelijke Scholengemeenschap voor Lwoo Mavo Havo Vwo,Peppellaan,1,8302 AL,EMMELOORD,0171,NOORDOOSTPOLDER,0527634567,secondary
Flevoland,"Het Baken Almere, interconfessioneel voortgezet onderwijs VWO Havo Vmbo",Rooseveltweg,7,1314 SJ,ALMERE,0034,ALMERE,0365307207,secondary
Friesland,Burg Walda Scholengemeenschap voor VMBO,Ballumerweg,24,9163 GB,NES GEM AMELAND,0060,AMELAND,0519542066,secondary
Friesland,Burg Harmsma SGM voor VO Mavo Lhno en Lto,H. Ringenoldusstrjitte,3,8401 PV,GORREDIJK,0086,OPSTERLAND,0513463455,secondary
Friesland,Openbare Scholengemeenschap Singelland voor Lyceum Havo Mavo Vbo Lwoo,Van Haersmasingel,37,9201 KN,DRACHTEN,0090,SMALLINGERLAND,0512582345,secondary
Friesland,RSG Simon Vestdijk voor Ath Havo Mavo Vbo,Koningin Julianastraat,3,8862 TA,HARLINGEN,0072,HARLINGEN,0517432900,secondary
Friesland,Gemeentelijke Scholengemeenschap t Schylger Jouw voor vmbo,Zuid Midslandweg,8,8891 GH,MIDSLAND,0093,TERSCHELLING,0562448531,secondary
Friesland,Openbare Scholengemeenschap Piter Jelles voor Lyceum Havo Mavo Vbo Lwoo,Dr. Jacob Botkeweg,3,8935 AB,LEEUWARDEN,0080,LEEUWARDEN,0588801400,secondary
Friesland,Lauwers College Christelijk Scholengemeenschap voor Atheneum Havo Mavo Vbo,De Hoefslag,40,9285 RV,BUITENPOST,0059,ACHTKARSPELEN,0511542415,secondary
Friesland,Dockingacollege Chr SGS VMBO/HAVO/VWO,Parklaan,5,9103 ST,DOKKUM,1970,NOARDEAST-FRYSLAN,0519229610,secondary
Friesland,Christelijke Scholengemeenschap Liudger voor Lyceum Havo Mavo Vbo Lwoo Pro,Leerweg,2,9202 LC,DRACHTEN,0090,SMALLINGERLAND,0512305700,secondary
Friesland,Carmel Lyceum Hurdegaryp,Reidroas,12,9254 JR,HURDEGARYP,0737,TYTSJERKSTERADIEL,0511471712,secondary
Friesland,De Diken,Simmerdyk,1-A,8601 ZP,SNEEK,1900,SUDWEST-FRYSLAN,0515585801,secondary
Friesland,Christelijke Scholengemeenschap Bogerman voor Lyceum Havo Mavo Vbo Lwoo,Hemdijk,2,8601 XH,SNEEK,1900,SUDWEST-FRYSLAN,0515482482,secondary
Friesland,Marne College voor Atheneum Havo Mavo Vbo Lwoo,Schoolstraat,1,8701 DX,BOLSWARD,1900,SUDWEST-FRYSLAN,0515548222,secondary
Friesland,Stellingwerf College,Quadoelenweg,29,8431 LN,OOSTERWOLDE FR,0085,OOSTSTELLINGWERF,0516568500,secondary
Friesland,Linde College voor Atheneum Havo Mavo Vbo en Lwoo,Drafsportlaan,22,8472 AS,WOLVEGA,0098,WESTSTELLINGWERF,0561691700,secondary
Friesland,Comenius Christelijke Scholengemeenschap voor Atheneum Havo Vmbo Lwoo Pro,Achter de Hoven,118,8933 CR,LEEUWARDEN,0080,LEEUWARDEN,0582347670,secondary
Friesland,Christelijke Scholengemeenschap A.M. van Schurman voor Havo Mavo Vbo,Cort van der Lindenstr,1,8802 RX,FRANEKER,1949,WAADHOEKE,0517395900,secondary
Friesland,Christelijk Gymnasium Beyers Naude,Gymnasiumstraat,36,8932 GW,LEEUWARDEN,0080,LEEUWARDEN,0582124471,secondary
Friesland,Regionale Scholengemeenschap Magister Alvinus voor Vwo Havo Mavo Vbo,Almastraat,5,8601 EW,SNEEK,1900,SUDWEST-FRYSLAN,0515429760,secondary
Friesland,PRO Dokkum,Birdaarderstraatweg,82,9101 PK,DOKKUM,1970,NOARDEAST-FRYSLAN,0519294137,secondary
Friesland,"Openbare Scholengroep  voor VMBO, Havo, Atheneum en Gymnasium",Schans,100,8441 AE,HEERENVEEN,0074,HEERENVEEN,0513657310,secondary
Friesland,"Bornego College Chr. Scholengemeenschap voor VMBO, Havo, Atheneum en Gymnasium",Ds Kingweg,1,8446 KZ,HEERENVEEN,0074,HEERENVEEN,0513801800,secondary
Friesland,De Compagnie Praktijkonderwijs Sevenwolden,Ds Kingweg,10,8446 KZ,HEERENVEEN,0074,HEERENVEEN,0513654155,secondary
Gelderland,Candea College Atheneum Havo Mavo Vmbo,Saturnus,1,6922 LX,DUIVEN,0226,DUIVEN,0316367800,secondary
Gelderland,Olympuscollege PC RK SGM voor Lyceum Havo Mavo,Olympus,11,6832 EL,ARNHEM,0202,ARNHEM,0263202870,secondary
Gelderland,Symbion School voor Praktijkonderwijs,Hoge Witteveld,2,6942 RD,DIDAM,1955,MONTFERLAND,0316583880,secondary
Gelderland,Produs,Leidenweg,60,6843 LD,ARNHEM,0202,ARNHEM,0263208830,secondary
Gelderland,Liemers College SGM voor LYC HAVO MAVO VBO LWOO,Heerenmaten,6,6904 GZ,ZEVENAAR,0299,ZEVENAAR,0316583800,secondary
Gelderland,Stedelijk Gymnasium Arnhem,Thorbeckestraat,17,6828 TS,ARNHEM,0202,ARNHEM,0263209840,secondary
Gelderland,Lorentz Groep voor Vwo Havo Mavo Vbo Lwoo,Metamorfosenallee,100,6843 HX,ARNHEM,0202,ARNHEM,0263202850,secondary
Gelderland,"Openb. SGM. Arnhem Noord. voor lyceum, havo, mavo en vbo",Bernhardlaan,49,6824 LE,ARNHEM,0202,ARNHEM,0263209820,secondary
Gelderland,Regionale Scholengemeenschap Pantarijn voor Lyc Havo Mavo Vbo Pro Lwoo,Hollandseweg,11,6706 KN,WAGENINGEN,0289,WAGENINGEN,0317465855,secondary
Gelderland,Openbare Regionale Scholengemeenschap Lek en Linge voor atheneum havo vmbo lwoo,Multatulilaan,6,4103 NM,CULEMBORG,0216,CULEMBORG,0345512833,secondary
Gelderland,Vrije school Zutphen-Groningen,De IJsselhank,1,7206 DG,ZUTPHEN,0301,ZUTPHEN,0575538720,secondary
Gelderland,Rooms Katholieke Scholengemeenschap Marianum voor Lyc Havo Mavo Vbo Lwoo,Deken Hooijmansingel,1,7141 EA,GROENLO,1586,OOST GELRE,0544477070,secondary
Gelderland,Carmel College West Betuwe,Ossengang,45,4191 LR,GELDERMALSEN,1960,WEST BETUWE,0345525816,secondary
Gelderland,Christelijk College Nassau-Veluwe,Stationslaan,26,3842 LA,HARDERWIJK,0243,HARDERWIJK,0341436170,secondary
Gelderland,Corlaer College,ds. Kuypersstraat,3-5,3863 CA,NIJKERK,0267,NIJKERK,0334794040,secondary
Gelderland,Accent Praktijkonderwijs,ds. Kuypersstraat,1,3863 CA,NIJKERK,0267,NIJKERK,0332458819,secondary
Gelderland,Staring College Regionale Scholengemeenschap voor Ath Gymn Havo Vmbo,Zutphenseweg,108,7241 SE,LOCHEM,0262,LOCHEM,0573297297,secondary
Gelderland,"Montessori College voor Vwo, Havo, Vmbo",Kwakkenbergweg,27,6523 MJ,NIJMEGEN,0268,NIJMEGEN,0243283000,secondary
Gelderland,"Het Streek Lyceum, Christelijke School voor mavo, havo, vwo en gymnasium",Bovenbuurtweg,1,6717 XA,EDE,0228,EDE,0318477100,secondary
Gelderland,Het Streek College Christelijke school voor praktijkonderwijs,Zandlaan,25,6717 LN,EDE,0228,EDE,0318477100,secondary
Gelderland,Isendoorn College voor Mavo Havo en Atheneum,Lage Weide,1,7231 NN,WARNSVELD,0301,ZUTPHEN,0575760760,secondary
Gelderland,Aeres VMBO en Aeres MBO,Mansholtlaan,18,6708 PA,WAGENINGEN,0289,WAGENINGEN,0880207020,secondary
Gelderland,hét KWC voor Lyc Havo Mavo Vbo Pro en Lwoo,Beethovenlaan,1,4102 BM,CULEMBORG,0216,CULEMBORG,0345639050,secondary
Gelderland,Christelijk College De Noordgouw,Eperweg,34-A,8181 EW,HEERDE,0246,HEERDE,0578693411,secondary
Gelderland,Regionale Scholengemeenschap Het Rhedens voor Lyceum Havo Mavo Vbo,Kleiberglaan,1,6891 DK,ROZENDAAL,0277,ROZENDAAL,0313490900,secondary
Gelderland,De Tender School voor Praktijkonderwijs,Harderwijkerweg,1-B,6952 AA,DIEREN,0275,RHEDEN,0313422765,secondary
Gelderland,Zone.college,Hoeflingweg,9,7241 CJ,LOCHEM,0262,LOCHEM,0882620700,secondary
Gelderland,Lingecollege voor vwo havo mavo vmbo pro lwoo,Teisterbantlaan,2,4006 EB,TIEL,0281,TIEL,0344614341,secondary
Gelderland,Pro College Nijmegen/Bemmel voor Praktijkonderwijs,Dennenstraat,21,6543 JP,NIJMEGEN,0268,NIJMEGEN,0242210221,secondary
Gelderland,Pro College Wijchen voor praktijkonderwijs,Acaciastraat,68,6602 EN,WIJCHEN,0296,WIJCHEN,0246412817,secondary
Gelderland,Scholengemeenschap voor Voortgezet Vrije Schoolonderwijs,Wilhelminasingel,13-15,6524 AJ,NIJMEGEN,0268,NIJMEGEN,0242082800,secondary
Gelderland,Maaswaal College voor Gymnasium Atheneum Havo Vmbo Lwoo,Veenseweg,18,6603 AN,WIJCHEN,0296,WIJCHEN,0246487120,secondary
Gelderland,Canisius College Lyceum Havo Mavo Vbo Lwoo,Berg en Dalseweg,207,6522 BK,NIJMEGEN,0268,NIJMEGEN,0243816816,secondary
Gelderland,Kandinsky College voor Lyceum Havo Mavo Vbo Lwoo,Malderburchtstraat,11,6535 ND,NIJMEGEN,0268,NIJMEGEN,0243594422,secondary
Gelderland,NSG Groenewoud voor Vwo Havo en Mavo,Van Cranenborchstraat,7,6525 BM,NIJMEGEN,0268,NIJMEGEN,0243234455,secondary
Gelderland,Pax Christi College - scholengemeenschap voor vwo havo vmbo lwoo,Mr. van Coothstraat,34,6651 ZJ,DRUTEN,0225,DRUTEN,0487512403,secondary
Gelderland,Stedelijk Gymnasium Nijmegen,Kronenburgersingel,269,6511 AS,NIJMEGEN,0268,NIJMEGEN,0243220606,secondary
Gelderland,Stedelijke Scholengemeenschap Nijmegen,IJsbeerstraat,12,6531 PL,NIJMEGEN,0268,NIJMEGEN,0243563974,secondary
Gelderland,Mondial College,Leuvensbroek,3001,6546 TD,NIJMEGEN,0268,NIJMEGEN,0243786993,secondary
Gelderland,Citadel College voor vwo havo mavo vbo en lwoo,Dijkstraat,6,6663 AD,LENT,0268,NIJMEGEN,0243297740,secondary
Gelderland,Arentheem College Interconfessionele School voor Atheneum Gymnasium Havo Vmbo,Thomas a Kempislaan,25,6822 LR,ARNHEM,0202,ARNHEM,0264432113,secondary
Gelderland,Praktijkschool Arentheem,Laan van Presikhaaf,5,6826 HA,ARNHEM,0202,ARNHEM,0264432113,secondary
Gelderland,Sprengenbeek College Havo Mavo Vbo Lwoo,Albert Schweitzerlaan,2,8162 DS,EPE,0232,EPE,0578612094,secondary
Gelderland,Regionale Scholengemeenschap Slingerbos/Levant voor Ath Havo Mavo,Eisenhowerlaan,59,3844 AS,HARDERWIJK,0243,HARDERWIJK,0341414484,secondary
Gelderland,Christelijk Scholengemeenschap voor Atheneum Havo Mavo Vbo Lwoo,Mammoetstraat,3,6671 DL,ZETTEN,1734,OVERBETUWE,0488451544,secondary
Gelderland,Scholengemeenschap voor Vwo Dorenweerd College,Dalweg,5,6865 CZ,DOORWERTH,0274,RENKUM,0263397030,secondary
Gelderland,Over Betuwe College voor Ath Havo Mavo Vbo Lwoo,De Heister,1,6681 CV,BEMMEL,1705,LINGEWAARD,0481470555,secondary
Gelderland,De Meerwaarde,Rietberglaan,6,3771 RD,BARNEVELD,0203,BARNEVELD,0342404777,secondary
Gelderland,De Meerwaarde Praktijkonderwijs,Rietberglaan,6,3771 RD,BARNEVELD,0203,BARNEVELD,0342404777,secondary
Gelderland,Praktijkschool Apeldoorn,Fabianusstraat,2,7333 BM,APELDOORN,0200,APELDOORN,0555332544,secondary
Gelderland,De Brug School voor Praktijkonderwijs,Sportlaan,2,5301 PX,ZALTBOMMEL,0297,ZALTBOMMEL,0418540394,secondary
Gelderland,Stadspoort College Harderwijk,Kruithuis,4,3844 DH,HARDERWIJK,0243,HARDERWIJK,0341417419,secondary
Gelderland,Jacobus Fruijtier Scholengemeenschap v Lyceum Havo Mavo Vbo Lwoo,Anklaarseweg,71,7316 MB,APELDOORN,0200,APELDOORN,0555262300,secondary
Gelderland,Van Lodenstein College Reformatorische School voor Praktijkonderwijs,Verlengde Parkweg,49,6717 GL,EDE,0228,EDE,0854838008,secondary
Gelderland,Al Amana College Ede,Bovenbuurtweg,27,6717 XA,EDE,0228,EDE, ,secondary
Gelderland,Cambium College voor Atheneum Havo Mavo Vbo Lwoo,Courtine,2,5301 DH,ZALTBOMMEL,0297,ZALTBOMMEL,0418512500,secondary
Gelderland,Johannes Fontanus College Christelijk Scholengemeenschap voor Mavo Havo Atheneum,Wethouder Rebellaan,135,3771 KA,BARNEVELD,0203,BARNEVELD,0342491469,secondary
Gelderland,Pallas Athene College Openbare Scholengemeenschap voor Vwo Havo Mavo Vbo,Koekeltse Boslaan,21,6715 CW,EDE,0228,EDE,0318624500,secondary
Gelderland,Christelijk College Schaersvoorde voor Atheneum Havo Mavo Vbo Lwoo,Slingelaan,28,7122 AW,AALTEN,0197,AALTEN,0543491111,secondary
Gelderland,"Houtkamp College voor mavo, havo, ath, gym, vbo, lwoo",Ruimzichtlaan,155,7001 KD,DOETINCHEM,0222,DOETINCHEM,0314325248,secondary
Gelderland,Praktijkonderwijs Zutphen,Paulus Potterstraat,12-A,7204 CV,ZUTPHEN,0301,ZUTPHEN,0575515982,secondary
Gelderland,Almende College voor Gymnasium Atheneum Havo Mavo Vbo Lwoo,Terborgseveld,75,7064 AN,SILVOLDE,1509,OUDE IJSSELSTREEK,0315630000,secondary
Gelderland,Gerrit Komrij College Gemeentelijke Scholengemeenschap voor Vwo Havo Vmbo,Parallelweg,7,7102 DE,WINTERSWIJK,0294,WINTERSWIJK,0543551515,secondary
Gelderland,Panora Lyceum Scholengemeenschap voor Gymn Ath Havo Mavo,Holterweg,121,7001 EK,DOETINCHEM,0222,DOETINCHEM,0314727100,secondary
Gelderland,"Eligant Lyceum, scholengroep voor Lyceum Havo Mavo Vbo Lwoo",Isendoornstraat,3,7201 NJ,ZUTPHEN,0301,ZUTPHEN,0575590909,secondary
Gelderland,PRAKTICON,Spoorstraat,11-B,7003 DX,DOETINCHEM,0222,DOETINCHEM,0314389100,secondary
Gelderland,MaxX,Parallelweg,5,7161 AE,NEEDE,1859,BERKELLAND,0545294145,secondary
Gelderland,Pronova,Wielewaalstraat,2,7102 HB,WINTERSWIJK,0294,WINTERSWIJK,0543531574,secondary
Gelderland,Nuborgh College,Kruidenlaan,1,8082 CA,ELBURG,0230,ELBURG,0525688199,secondary
Gelderland,Katholieke Scholengemeenschap Veluws College voor Gymn Ath Havo Mavo en Vmbo,Waltersingel,130,7314 NX,APELDOORN,0200,APELDOORN,0553579825,secondary
Gelderland,Christelijk Voortgezet Onderwijs Apeldoorn voor Gymn Ath Havo Mavo en Vmbo,Heemradenlaan,125,7329 BZ,APELDOORN,0200,APELDOORN,0555779799,secondary
Gelderland,Openbare Scholengemeenschap Apeldoorn,Jhr Mr G W Molleruslaan,42,7316 AW,APELDOORN,0200,APELDOORN,0555212655,secondary
Gelderland,Gymnasium Apeldoorn,Kastanjelaan,10,7316 BN,APELDOORN,0200,APELDOORN,0555213024,secondary
Gelderland,Christelijk College Groevenbeek,Paul Krugerweg,44-50,3851 ZJ,ERMELO,0233,ERMELO,0341274950,secondary
Gelderland,Notre Dame Des Anges Havo,Kasteelselaan,50,6574 AJ,UBBERGEN,1945,BERG EN DAL,0243229337,secondary
Gelderland,De Boog Christelijk School voor Prak Vorm,Buizerdweg,17,7331 JD,APELDOORN,0200,APELDOORN,0555423193,secondary
Gelderland,Marnix College  Scholengemeenschap voor Gymnasium Atheneum Havo Mavo,Prins Bernhardlaan,30,6713 MC,EDE,0228,EDE,0318650035,secondary
Groningen,Openbare Scholengemeenschap Winkler Prins voor ATH HAVO MAVO VBO LWOO,Raadsgildenlaan,1,9646 AA,VEENDAM,0047,VEENDAM,0598364656,secondary
Groningen,Willem Lodewijkgymnasium,Verzetsstrijderslaan,220,9727 CK,GRONINGEN,0014,GRONINGEN,0505262094,secondary
Groningen,Maartenscollege voor Lyceum Havo Mavo,Hemmenlaan,2,9751 NS,HAREN GN,0014,GRONINGEN,0505375200,secondary
Groningen,Stichting bijzonder voortgezet onderwijs Ubbo Emmius voor Lyc Havo Mavo Vbo,Stationslaan,17,9503 CA,STADSKANAAL,0037,STADSKANAAL,0599631122,secondary
Groningen,School voor Praktijkonderwijs PrO Stadskanaal,Gelderselaan,1,9501 RA,STADSKANAAL,0037,STADSKANAAL,0599696020,secondary
Groningen,Dollard College PrO Winschoten,Bovenburen,11-A,9675 HA,WINSCHOTEN,1895,OLDAMBT,0597553195,secondary
Groningen,Dollard College Pontis Winschoten voor Lyc Havo Mavo Vbo Lwoo,Dr. J.H. Hommesplein,2,9671 CZ,WINSCHOTEN,1895,OLDAMBT,0597670200,secondary
Groningen,Christelijke Scholengemeenschap Groningen Vmbo Havo Atheneum,Heerdenpad,8,9731 BW,GRONINGEN,0014,GRONINGEN,0505742766,secondary
Groningen,Christelijkeschool voor praktijkonderwijs De Bolster,Multatulistraat,91,9721 NH,GRONINGEN,0014,GRONINGEN,0505250110,secondary
Groningen,rsg de Borgen voor Lyceum Havo Mavo Vbo Lwoo,Waezenburglaan,51-A,9351 HC,LEEK,1969,WESTERKWARTIER,0505292929,secondary
Groningen,Gomarus College voor Vwo Havo Mavo Vbo Lwoo,Vondelpad,1,9721 LX,GRONINGEN,0014,GRONINGEN,0505244500,secondary
Groningen,Regionale Scholengemeenschap Ter Apel voor Ath Havo Mavo Lhno,Oude Weg,41,9561 LB,TER APEL,1950,WESTERWOLDE,0599581226,secondary
Groningen,Reitdiepcollege voor Atheneum Havo Mavo Vbo Lwoo,Eikenlaan,286,9741 EW,GRONINGEN,0014,GRONINGEN,0503210610,secondary
Groningen,Heyerdahl College Openbare School voor Praktijkonderwijs,Kluiverboom,1-B,9732 KZ,GRONINGEN,0014,GRONINGEN,0505797999,secondary
Groningen,Praedinius Gymnasium,Turfsingel,82,9711 VX,GRONINGEN,0014,GRONINGEN,0503120559,secondary
Groningen,"H. N. Werkmancollege, school voor Atheneum, havo,mavo en vbo",Nieuwe Sint Jansstraat,11,9711 VG,GRONINGEN,0014,GRONINGEN,0503210500,secondary
Groningen,Zernike College voor ATHENEUM HAVO MAVO VBO,Helper Brink,30,9722 EP,GRONINGEN,0014,GRONINGEN,0503210580,secondary
Groningen,dr Aletta Jacobs College voor Lyc Havo Mavo Vbo Lwoo,Laan van de Sport,4,9603 TG,HOOGEZAND,1952,MIDDEN-GRONINGEN,0598350250,secondary
Groningen,VO Eemsdelta  praktijkonderwijs,Pastorielaan,4-A,9901 CE,APPINGEDAM,1979,EEMSDELTA,0596693693,secondary
Groningen,"VO Eemsdelta voor vwo, havo en vmbo",Pastorielaan,4,9901 CE,APPINGEDAM,1979,EEMSDELTA,0596693693,secondary
Groningen,Hogeland College voor Ath Havo Mavo Vbo Lwoo,A.G. Bellstraat,2,9989 AT,WARFFUM,1966,HET HOGELAND,0595425005,secondary
Limburg,Praktijkonderwijs Roermond,Heinsbergerweg,192,6045 CL,ROERMOND,0957,ROERMOND,0475323437,secondary
Limburg,Valuascollege Lyc Ath Havo Mavo Vbo Lwoo,Hogeweg,24,5911 EB,VENLO,0983,VENLO,0773590400,secondary
Limburg,College Den Hulster Scholengemeenschap voor ATH HAVO MAVO VBO LWOO,Hagerhofweg,15,5912 PN,VENLO,0983,VENLO,0773590300,secondary
Limburg,Blariacumcollege Scholengemeenschap voor Lyceum Havo Mavo Vbo Lwoo,Drie Decembersingel,40,5922 BD,VENLO,0983,VENLO,0773590200,secondary
Limburg,Atheneum van de Trevianum Scholengroep,Bradleystraat,25,6135 CV,SITTARD,1883,SITTARD-GELEEN,0464206900,secondary
Limburg,Gymnasium van de Trevianum Scholengroep,Bradleystraat,25,6135 CV,SITTARD,1883,SITTARD-GELEEN,0464206900,secondary
Limburg,HAVO van de Trevianum Scholengroep,Bradleystraat,25,6135 CV,SITTARD,1883,SITTARD-GELEEN,0464206900,secondary
Limburg,"Mundium College voor vwo, havo, mavo, vbo en lwoo",Heinsbergerweg,184,6045 CK,ROERMOND,0957,ROERMOND,0475345700,secondary
Limburg,Bisschop College Broekhin voor Lyceum Havo Mavo Vbo,Bob Boumanstraat,30,6042 EH,ROERMOND,0957,ROERMOND,0475346666,secondary
Limburg,Connect College voor vwo havo mavo vbo en lwoo,Populierlaan,1,6101 BA,ECHT,1711,ECHT-SUSTEREN,0475416111,secondary
Limburg,Rooms Katholieke Scholengemeenschap St Ursula voor Vwo Havo Vmbo Lwoo,Bergerweg,21,6085 AS,HORN,1640,LEUDAL,0475582121,secondary
Limburg,Sophianum Scholengemeenschap in het Heuvelland,Landsraderweg,3,6271 NT,GULPEN,1729,GULPEN-WITTEM,0434505310,secondary
Limburg,Grotiuscollege Stedelijke Scholengemeenschap voor Lyceum Havo Mavo,Akerstraat,117,6417 BM,HEERLEN,0917,HEERLEN,0455713952,secondary
Limburg,DaCapo College locatie Havikstraat voor Mavo Vbo Lwoo,Havikstraat,5,6135 ED,SITTARD,1883,SITTARD-GELEEN,0467820800,secondary
Limburg,Het College voor Lyc Havo Mavo Vbo lwoo,Parklaan,1-A,6006 NT,WEERT,0988,WEERT,0495657740,secondary
Limburg,Emmacollege voor Mavo Kbl en BBL,De Weggebekker,1,6413 NR,HEERLEN,0917,HEERLEN,0455224040,secondary
Limburg,DaCapo-College Einighauserweg,Einighauserweg,25,6163 AK,GELEEN,1883,SITTARD-GELEEN,0467820700,secondary
Limburg,Sint-Janscollege voor Vwo Havo,Amstenraderweg,122,6431 EN,HOENSBROEK,0917,HEERLEN,0455218666,secondary
Limburg,Scholengemeenschap Philips van Horne voor LYC HAVO MAVO VBO LWOO,Herenstraat,298,6004 XL,WEERT,0988,WEERT,0495431030,secondary
Limburg,Compass College voor Atheneum Havo en Mavo,Schoolstraat,16,6443 BT,BRUNSSUM,0899,BRUNSSUM,0455258616,secondary
Limburg,Graaf Huyn College voor LYC HAVO MAVO VBO LWOO,Jos Klijnenlaan,683,6164 AP,GELEEN,1883,SITTARD-GELEEN,0464236400,secondary
Limburg,Stella Maris College voor Lyc Havo Mavo Vbo Lwoo,Parallelweg,56,6231 CJ,MEERSSEN,0938,MEERSSEN,0433586100,secondary
Limburg,Scholengemeenschap Groenewald voor Vmbo Havo VWO,Kinskystraat,15,6171 LX,STEIN,0971,STEIN,0464332820,secondary
Limburg,Bouwens van der Boije College voor Lyceum Havo Mavo Lwoo Vbo,Min. Calsstraat,10,5981 VT,PANNINGEN,1894,PEEL EN MAAS,0773068888,secondary
Limburg,Raayland College RK SGM v Gymn Ath Havo Mavo Vmbo Pro,Leunseweg,6,5802 CH,VENRAY,0984,VENRAY,0478551155,secondary
Limburg,Dendroncollege RK SGM v Lyc Havo Mavo Vbo Lwoo,Gebr. van Doornelaan,124,5961 BE,HORST,1507,HORST AAN DE MAAS,0773970880,secondary
Limburg,Terra Nigra Praktijkonderwijs,Terra nigrastraat,5,6216 BK,MAASTRICHT,0935,MAASTRICHT,0433621079,secondary
Limburg,Porta Mosana College Vwo Havo Mavo Vbo,Oude Molenweg,130,6228 XW,MAASTRICHT,0935,MAASTRICHT,0432410410,secondary
Limburg,Sint-Maartenscollege,Bemelerweg,1,6226 NE,MAASTRICHT,0935,MAASTRICHT,0433526868,secondary
Limburg,Bonnefantencollege,Eenhoornsingel,100,6216 CW,MAASTRICHT,0935,MAASTRICHT,0433541234,secondary
Limburg,"Openbaar Buurtcollege Maas en Peel voor mavo, havo en vwo",Piushof,87,5981 VW,PANNINGEN,1894,PEEL EN MAAS, ,secondary
Limburg,Wildveld,Roerdompstraat,5,5912 BR,VENLO,0983,VENLO,0773542450,secondary
Limburg,Het Martin Buber,Marktstraat,6,6461 CX,KERKRADE,0928,KERKRADE,0618736513,secondary
Limburg,Montessori College Maastricht voor Atheneum en Gymnasium,Wilhelminasingel,80,6221 BL,MAASTRICHT,0935,MAASTRICHT, ,secondary
Limburg,Katholieke School voor Praktijkonderwijs,Sittarderweg,75,6412 CC,HEERLEN,0917,HEERLEN,0455615555,secondary
Limburg,Herlecollege Scholengemeenschap voor Vmbo,Heldevierlaan,5,6415 SB,HEERLEN,0917,HEERLEN,0455721010,secondary
Limburg,"Charlemagne College voor VWO (ath.-gymn.), havo, vmbo, vmbo-t, lwoo",Dormansberg,19,6371 XE,LANDGRAAF,0882,LANDGRAAF,0455315656,secondary
Limburg,VWO van het Bernardinuscollege,Sint Franciscusweg,38,6417 BD,HEERLEN,0917,HEERLEN,0455740150,secondary
Limburg,School voor Havo Mavo V H Bernardinuscollege,Akerstraat,95,6417 BK,HEERLEN,0917,HEERLEN,0455740150,secondary
Limburg,Sintermeertencollege Scholengemeenschap voor Lyceum Havo Mavo,Valkenburgerweg,219,6419 AT,HEERLEN,0917,HEERLEN,0455711664,secondary
Limburg,Openbare School voor Praktijkonderwijs,Sittarderweg,75,6412 CC,HEERLEN,0917,HEERLEN,0455615555,secondary
Noord-Brabant,Gymnasium Bernrode,Abdijstraat,36,5473 AG,HEESWIJK-DINTHER,1721,BERNHEZE,0413291342,secondary
Noord-Brabant,Stedelijk Gymnasium,Mercatorplein,2,5223 LL,'S-HERTOGENBOSCH,0796,S HERTOGENBOSCH,0736219068,secondary
Noord-Brabant,Novum Saeculum Tilburg,Wildstraat,1,5042 WZ,TILBURG,0855,TILBURG,0685478811,secondary
Noord-Brabant,Sam College,Schoonstraat,34,5384 AP,HEESCH,1721,BERNHEZE,0412724972,secondary
Noord-Brabant,KSE (Katholieke Scholengemeenschap Etten-Leur e.o.),Stijn Streuvelslaan,42,4873 EB,ETTEN-LEUR,0777,ETTEN-LEUR,0765015905,secondary
Noord-Brabant,Markland Oudenbosch Gymn Ath Havo Mavo Vmbo,Eikenlaan,18,4731 CR,OUDENBOSCH,1655,HALDERBERGE,0165390390,secondary
Noord-Brabant,Markland Zevenbergen,Vaandelweg,4,4761 BC,ZEVENBERGEN,1709,MOERDIJK, ,secondary
Noord-Brabant,Rooms Katholieke SGM Pius X voor Gymnasium Atheneum Havo Mavo Vbo Pro Lwoo,Tuinstraat,1,5531 GK,BLADEL,1728,BLADEL,0497361261,secondary
Noord-Brabant,Medina College,Jacob Oppenheimstraat,1,5652 HG,EINDHOVEN,0772,EINDHOVEN,0850520298,secondary
Noord-Brabant,"Reeshof College VMBO, VMBO LWOO",Warmondstraat,240,5036 BV,TILBURG,0855,TILBURG,0135784770,secondary
Noord-Brabant,"Campus 013, scholengemeenschap voor vbo en mavo, lwoo",Stappegoorweg,185,5022 DD,TILBURG,0855,TILBURG,0135397040,secondary
Noord-Brabant,Curio vmbo,Steenspil,46,4661 TZ,HALSTEREN,0748,BERGEN OP ZOOM,0765048000,secondary
Noord-Brabant,Curio praktijkschool Breda,Frankenthalerstraat,17,4816 KA,BREDA,0758,BREDA,0765048000,secondary
Noord-Brabant,"Curio VO, locatie prinsentuin van cooth vmbo",Tuinzigtlaan,10,4812 XN,BREDA,0758,BREDA,0765048000,secondary
Noord-Brabant,Curio,Trivium,74,4873 LP,ETTEN-LEUR,0777,ETTEN-LEUR,0765048000,secondary
Noord-Brabant,Curio,Trivium,74,4873 LP,ETTEN-LEUR,0777,ETTEN-LEUR,0765048000,secondary
Noord-Brabant,Christiaan Huygens College voor Lyceum Havo Mavo Vbo Lwoo,Rachmaninowlaan,2,5653 AT,EINDHOVEN,0772,EINDHOVEN,0402516221,secondary
Noord-Brabant,De Nassau Scholengemeenschap voor Gymn Ath Havo Mavo,Paul Krugerlaan,2,4818 BC,BREDA,0758,BREDA,0765330330,secondary
Noord-Brabant,Augustinianum Scholengemeenschap voor Vwo en Havo,Dirk Boutslaan,25,5613 LH,EINDHOVEN,0772,EINDHOVEN,0402111069,secondary
Noord-Brabant,Het Hooghuis,Molenstraat,30,5341 GD,OSS,0828,OSS,0412224180,secondary
Noord-Brabant,Dongemond College voor Atheneum Havo en Vmbo,Collegeweg,1,4942 VC,RAAMSDONKSVEER,0779,GEERTRUIDENBERG,0162513469,secondary
Noord-Brabant,Lorentz Casimir Lyceum,Celebeslaan,10-20,5641 AG,EINDHOVEN,0772,EINDHOVEN,0402909420,secondary
Noord-Brabant,Praktijkschool De Zwaaikom,Nassaustraat,10,4902 NA,OOSTERHOUT NB,0826,OOSTERHOUT,0162422827,secondary
Noord-Brabant,Het Kwadrant School voor Praktijk Onderwijs,Oberonstraat,2,4624 VM,BERGEN OP ZOOM,0748,BERGEN OP ZOOM,0164210199,secondary
Noord-Brabant,Elde College Schijndel voor VWO HAVO VMBO LWOO en PRO,Putsteeg,4,5481 XT,SCHIJNDEL,1948,MEIERIJSTAD,0738200400,secondary
Noord-Brabant,Udens College voor Lyceum Havo Mavo Vbo Lwoo,President Kennedylaan,22-B,5402 KD,UDEN,1991,MAASHORST,0413283000,secondary
Noord-Brabant,Stg ROC Summa College,Habsburglaan,1,5616 HV,EINDHOVEN,0772,EINDHOVEN,0402694000,secondary
Noord-Brabant,Delta vmbo,Deltaweg,205,5709 AB,HELMOND,0794,HELMOND,0492510306,secondary
Noord-Brabant,Willibrord Gymnasium,Beukenstraat,80,5753 GD,DEURNE,0762,DEURNE,0493314802,secondary
Noord-Brabant,Jan van Brabant College vestiging Molenstraat,Molenstraat,191,5701 KD,HELMOND,0794,HELMOND,0492522287,secondary
Noord-Brabant,Commanderij College voor gymnasium atheneum havo vmbo  en praktijkonderwijs,Sleutelbosch,2,5421 KZ,GEMERT,1652,GEMERT-BAKEL,0492371220,secondary
Noord-Brabant,Voortgezet Onderwijs Best-Oirschot,Willem de Zwijgerweg,150,5684 SL,BEST,0753,BEST,0499336231,secondary
Noord-Brabant,Ds. Pierson College voor Mavo Havo Atheneum,Geraert ter Borchstraat,1,5212 CZ,'S-HERTOGENBOSCH,0796,S HERTOGENBOSCH,0736442929,secondary
Noord-Brabant,"Pro College Boxmeer, school voor Praktijkonderwijs",Stationsweg,38-B,5831 CR,BOXMEER,1982,LAND VAN CUIJK,0485577459,secondary
Noord-Brabant,OMO Scholengroep Bergen op Zoom e.o. voor Lyceum Havo Mavo Vbo Lwoo,Bolwerk-Zuid,168,4611 DX,BERGEN OP ZOOM,0748,BERGEN OP ZOOM,0164213520,secondary
Noord-Brabant,"Maurick College Scholengemeenschap voor vmbo, havo, atheneum en gymnasium",Titus Brandsmalaan,1,5262 BS,VUGHT,0865,VUGHT,0736562302,secondary
Noord-Brabant,"Voortgezet Onderwijs Veghel voor vwo, havo, mavo, vbo en praktijkonderwijs",Pr W Alexander Sportprk,15,5461 XL,VEGHEL,1948,MEIERIJSTAD,0413366941,secondary
Noord-Brabant,Baanderherencollege Vmbo,Baanderherenweg,2,5282 RJ,BOXTEL,0757,BOXTEL,0411676924,secondary
Noord-Brabant,Munnikenheide College voor MAVO VBO LWOO,Trivium,60,4873 LP,ETTEN-LEUR,0777,ETTEN-LEUR,0765016152,secondary
Noord-Brabant,Rodenborch-College voor Atheneum Havo Mavo,Rietpad,4,5245 PE,ROSMALEN,0796,S HERTOGENBOSCH,0735219046,secondary
Noord-Brabant,Varendonck College voor Atheneum Gymnasium Havo Vmbo Lwoo Pro,Beatrixlaan,25,5721 LZ,ASTEN,0743,ASTEN,0493672672,secondary
Noord-Brabant,Roncalli Scholengemeenschap voor Ath Havo Mavo,Tuinderspad,6,4613 CA,BERGEN OP ZOOM,0748,BERGEN OP ZOOM,0164241050,secondary
Noord-Brabant,Sondervick College RK Scholengemeenschap voor Lyceum Havo Mavo Vbo Lwoo,Knegselseweg,30,5504 NC,VELDHOVEN,0861,VELDHOVEN,0402309444,secondary
Noord-Brabant,2College voor Lyceum Havo Mavo Vbo,Van Kemenadelaan,5,5061 EE,OISTERWIJK,0824,OISTERWIJK,0880232600,secondary
Noord-Brabant,Jacob-Roelandslyceum,Grote Beemd,3,5281 CC,BOXTEL,0757,BOXTEL,0411672219,secondary
Noord-Brabant,OMO Scholengroep De Langstraat voor vwo havo mavo vbo,Olympiaweg,8-B,5143 NA,WAALWIJK,0867,WAALWIJK,0416673930,secondary
Noord-Brabant,"Mezzo Scholen voor vwo, havo en vmbo",Bilderbeekstraat,27,5831 CW,BOXMEER,1982,LAND VAN CUIJK,0485572032,secondary
Noord-Brabant,Gymnasium Beekvliet,Beekvlietstraat,4,5271 SM,SINT-MICHIELSGESTEL,0845,SINT-MICHIELSGESTEL,0735512213,secondary
Noord-Brabant,Van Maerlant voor Mavo Vbo Lwoo,Onderwijsboulevard,1,5223 DE,'S-HERTOGENBOSCH,0796,S HERTOGENBOSCH,0736132931,secondary
Noord-Brabant,Instelling Voortgezet Onderwijs Deurne voor ATH GYM HAVO MAVO VBO LWOO PRO,Vloeieindsedreef,5,5753 SM,DEURNE,0762,DEURNE,0493353400,secondary
Noord-Brabant,Rythovius College Scholengemeenschap voor Lyc Havo Mavo,Bospoort,1,5521 CK,EERSEL,0770,EERSEL,0497513043,secondary
Noord-Brabant,Merletcollege Lyc Havo Mavo Vbo Lwoo,Katwijkseweg,2,5431 RX,CUIJK,1982,LAND VAN CUIJK,0485336336,secondary
Noord-Brabant,"Parmant Scholen voor vwo, havo, mavo, vbo, pro en lwoo",von Flotowlaan,1,5653 AD,EINDHOVEN,0772,EINDHOVEN,0402116090,secondary
Noord-Brabant,"Mill Hill College voor mavo, havo en vwo",Venneweg,42,5051 BP,GOIRLE,0785,GOIRLE,0135420538,secondary
Noord-Brabant,Van Maerlantlyceum,Jacob van Maerlantlaan,11,5615 JS,EINDHOVEN,0772,EINDHOVEN,0402513704,secondary
Noord-Brabant,Eckartcollege voor Lyc Havo Mavo Vbo Lwoo,Damocleslaan,3,5631 KC,EINDHOVEN,0772,EINDHOVEN,0402972222,secondary
Noord-Brabant,"OMO Scholengroep Helmond voor vwo, havo, mavo, vbo en praktijkonderwijs",Keizerin Marialaan,4,5702 NR,HELMOND,0794,HELMOND,0492792020,secondary
Noord-Brabant,Sint-Janslyceum School voor Gymnasium Atheneum Havo en Mavo,Sweelinckplein,3,5216 EG,'S-HERTOGENBOSCH,0796,S HERTOGENBOSCH,0736154780,secondary
Noord-Brabant,Maaslandcollege Scholengemeenschap voor Mavo Havo Vwo,Vianenstraat,1,5342 AJ,OSS,0828,OSS,0412667070,secondary
Noord-Brabant,"Scholengemeenschap Tongerlo voor lyceum, havo, mavo, vmbo, praktijkonderwijs",Bovendonk,1,4707 ZH,ROOSENDAAL,1674,ROOSENDAAL,0165792000,secondary
Noord-Brabant,Theresialyceum voor gymnasium atheneum en havo,Prof Cobbenhagenlaan,5,5037 DA,TILBURG,0855,TILBURG,0134673738,secondary
Noord-Brabant,Sint Odulphuslyceum Scholengemeenschap voor VWO en HAVO,Noordhoekring,99,5038 GC,TILBURG,0855,TILBURG,0135426652,secondary
Noord-Brabant,"Scholengemeenschap Were Di voor gymnasium, atheneum, havo, vmbo en lwoo",Merendreef,1,5553 CC,VALKENSWAARD,0858,VALKENSWAARD,0402074700,secondary
Noord-Brabant,Kwadrant Scholengroep  RK Regionale Scholengemeenschap voor Vwo Havo en Vmbo,Mgr. Schaepmanlaan,13,5103 BB,DONGEN,0766,DONGEN,0162372810,secondary
Noord-Brabant,Bossche Vakschool voor Mavo Vbo Lwoo,Hervensebaan,5,5232 JL,'S-HERTOGENBOSCH,0796,S HERTOGENBOSCH,0736443777,secondary
Noord-Brabant,Baanderherencollege Praktijkonderwijs,Baanderherenweg,2,5282 RJ,BOXTEL,0757,BOXTEL,0411676924,secondary
Noord-Brabant,De Nieuwste School voor vwo havo mavo,Professor Goossenslaan,1-02,5022 DM,TILBURG,0855,TILBURG,0135812066,secondary
Noord-Brabant,"De Rijzert, school voor Praktijkonderwijs",Hedikhuizerweg,3,5222 BC,'S-HERTOGENBOSCH,0796,S HERTOGENBOSCH,0736217623,secondary
Noord-Brabant,Regionale Scholengemeenschap 't Rijks School voor Lyceum Havo Mavo,Burg Stulemeijerlaan,24,4611 EG,BERGEN OP ZOOM,0748,BERGEN OP ZOOM,0164242150,secondary
Noord-Brabant,Jan Tinbergen College Openbare Scholengemeenschap voor Ath Havo Mavo,Burg Schneiderlaan,2,4706 EZ,ROOSENDAAL,1674,ROOSENDAAL,0165543871,secondary
Noord-Brabant,Scholengemeenschap De Rooi Pannen,Dr. Ahausstraat,1,5042 EK,TILBURG,0855,TILBURG,0135002100,secondary
Noord-Brabant,Koning Willem II College voor Lyc Havo Mavo,Tatraweg,80,5022 DS,TILBURG,0855,TILBURG,0135436631,secondary
Noord-Brabant,"Beatrix College voor Mavo, Havo, Atheneum",Ketelhavenstraat,3,5045 NG,TILBURG,0855,TILBURG,0135711725,secondary
Noord-Brabant,Strabrechtcollege Scholengemeenschap voor LYC HAVO MAVO,Grote Bos,2,5666 AZ,GELDROP,1771,GELDROP-MIERLO,0402867715,secondary
Noord-Brabant,Openbaar Stedelijk College Eindhoven voor Atheneum Havo Mavo Vbo Lwoo,Henegouwenlaan,2-2A,5628 WK,EINDHOVEN,0772,EINDHOVEN,0402645367,secondary
Noord-Brabant,SiNTLUCAS,Torenallee,75,5617 BB,EINDHOVEN,0772,EINDHOVEN,0402591391,secondary
Noord-Brabant,Sint-Oelbert vwo,Warandelaan,3,4904 PA,OOSTERHOUT NB,0826,OOSTERHOUT,0162447474,secondary
Noord-Brabant,Stedelijk Gymnasium Breda,Nassausingel,7,4811 DE,BREDA,0758,BREDA,0765225040,secondary
Noord-Brabant,Newmancollege Rooms Katholieke Scholengemeenschap voor Vwo Havo Mavo,Verviersstraat,4,4826 HT,BREDA,0758,BREDA,0765810450,secondary
Noord-Brabant,Onze Lieve Vrouwelyceum - Breda,Paul Windhausenweg,11,4818 TA,BREDA,0758,BREDA,0765224707,secondary
Noord-Brabant,Scholengemeenschap Breda voor Katholiek Lyceum Havo Mavo Vbo Lwoo,Emerweg,29,4814 NA,BREDA,0758,BREDA,0765601370,secondary
Noord-Brabant,Graaf Engelbrecht voor mavo/havo/vwo,Ganzerik,3,4822 RK,BREDA,0758,BREDA,0765421191,secondary
Noord-Brabant,Mgr Frencken College voor Atheneum en Havo,Slotlaan,40,4902 AE,OOSTERHOUT NB,0826,OOSTERHOUT,0162426355,secondary
Noord-Brabant,W v Oranje Coll Chr SGM v Ath Havo Mavo Vbo Lwoo,De Gaard,4,5146 AW,WAALWIJK,0867,WAALWIJK,0416333069,secondary
Noord-Brabant,MET Praktijkonderwijs Waalwijk,Koetshuislaan,1,5146 BA,WAALWIJK,0867,WAALWIJK,0416333146,secondary
Noord-Brabant,Praktijkcollege Tilburg,Brittendreef,9,5012 AE,TILBURG,0855,TILBURG,0134632296,secondary
Noord-Brabant,Altena College Christelijke Scholengemeenschap voor Atheneum Havo en Mavo,Rijksstraatweg,153,4254 XD,SLEEUWIJK,1959,ALTENA,0183302944,secondary
Noord-Holland,Regionale Scholengemeenschap Enkhuizen voor MAVO HAVO VWO,Boendersveld,3,1602 DK,ENKHUIZEN,0388,ENKHUIZEN,0228350800,secondary
Noord-Holland,Gymnasium Felisenum,Van Hogendorplaan,2,1981 EE,VELSEN-ZUID,0453,VELSEN,0255545710,secondary
Noord-Holland,Stedelijk Gymnasium,Prinsenhof,3,2011 TR,HAARLEM,0392,HAARLEM,0235125353,secondary
Noord-Holland,Barlaeus Gymnasium,Weteringschans,31,1017 RV,AMSTERDAM,0363,AMSTERDAM,0206263396,secondary
Noord-Holland,Vossius Gymnasium,Messchaertstraat,1,1077 WS,AMSTERDAM,0363,AMSTERDAM,0206620934,secondary
Noord-Holland,osg Willem Blaeu voor vwo havo mavo en vbo,Robonsbosweg,11,1816 MK,ALKMAAR,0361,ALKMAAR,0725122477,secondary
Noord-Holland,Focus school voor praktijkonderwijs,Umbriellaan,1,1702 AJ,HEERHUGOWAARD,1980,DIJK EN WAARD,0725400205,secondary
Noord-Holland,Berger Scholengemeenschap voor vwo havo en mavo,Rondelaan,34,1861 ED,BERGEN NH,0373,BERGEN NH,0725894118,secondary
Noord-Holland,rsg Wiringherlant voor vwo havo mavo en vbo,Dokter Tamsmalaan,1-A,1771 AB,WIERINGERWERF,1911,HOLLANDS KROON,0227513830,secondary
Noord-Holland,"De Viaan, school voor praktijkonderwijs",Havinghastraat,11,1817 DA,ALKMAAR,0361,ALKMAAR,0725115213,secondary
Noord-Holland,Stedelijk Dalton College Alkmaar voor vwo havo mavo en vbo,Arubastraat,4,1825 PV,ALKMAAR,0361,ALKMAAR,0725625000,secondary
Noord-Holland,Huygens College Heerhugowaard voor vwo havo mavo en vbo,Middenweg,68,1703 RD,HEERHUGOWAARD,1980,DIJK EN WAARD,0725765700,secondary
Noord-Holland,Murmellius Gymnasium,Bergerhout,1,1815 DA,ALKMAAR,0361,ALKMAAR,0725272072,secondary
Noord-Holland,Gemeentelijk Gymnasium,Vaartweg,54,1217 SV,HILVERSUM,0402,HILVERSUM,0356241181,secondary
Noord-Holland,CVO 't Gooi  voor Lyc Havo VMBO Lwoo,Bisonlaan,1,1217 GH,HILVERSUM,0402,HILVERSUM,0356215751,secondary
Noord-Holland,Kairos College,Buiksloterdijk,332,1034 ZG,AMSTERDAM,0363,AMSTERDAM,0639766819,secondary
Noord-Holland,Joodse Scholengemeenschap Maimonides voor Ath Mavo En Afd Havo,Noordbrabantstraat,17,1083 BE,AMSTERDAM,0363,AMSTERDAM,0206426161,secondary
Noord-Holland,Montessori Scholengemeenschap Amsterdam voor Lyceum Havo Mavo Vbo Lwoo,Pieter de Hoochstraat,59,1071 ED,AMSTERDAM,0363,AMSTERDAM,0206767855,secondary
Noord-Holland,Montessori Lyceum Terra Nova,Pampuslaan,1,1087 HP,AMSTERDAM,0363,AMSTERDAM,0203443000,secondary
Noord-Holland,Het Amsterdams Lyceum,Valeriusplein,15,1075 BJ,AMSTERDAM,0363,AMSTERDAM,0205747744,secondary
Noord-Holland,De Pijler school voor praktijk onderwijs,Drs. F. Bijlweg,232,1784 MC,DEN HELDER,0400,DEN HELDER,0883433300,secondary
Noord-Holland,Esprit Scholen voor Lyceum Havo Mavo Vbo Lwoo,Burg Hogguerstraat,2,1064 EB,AMSTERDAM,0363,AMSTERDAM,0205854811,secondary
Noord-Holland,Het 4e Gymnasium,Archangelweg,4,1013 ZZ,AMSTERDAM,0363,AMSTERDAM,0205854811,secondary
Noord-Holland,Erfgooiers College mavo havo vwo,Graaf Wichman,175,1276 KD,HUIZEN,0406,HUIZEN,0355248020,secondary
Noord-Holland,Vonk,Drechterwaard,10-A,1824 EX,ALKMAAR,0361,ALKMAAR,0725147666,secondary
Noord-Holland,"Alberdingk Thijm Scholen Vwo, Havo, Mavo, Vbo, LWOO",Emmastraat,56-58,1213 AL,HILVERSUM,0402,HILVERSUM,0356460088,secondary
Noord-Holland,Laar en Berg scholengemeenschap voor havo en vwo,Langsakker,4,1251 GB,LAREN NH,0417,LAREN, ,secondary
Noord-Holland,Aloysius College voor mavo en havo,Schapenkamp,200,1211 PB,HILVERSUM,0402,HILVERSUM, ,secondary
Noord-Holland,St Vituscollege Bussum/Naarden,Beerensteinerlaan,69,1406 NR,BUSSUM,1942,GOOISE MEREN,0356931153,secondary
Noord-Holland,Volantcollege voor mavo havo vwo,Nieuwe 's-Gravelandseweg,38,1405 HM,BUSSUM,1942,GOOISE MEREN,0356927600,secondary
Noord-Holland,Gooise Praktijkschool,Laapersboog,5,1213 VC,HILVERSUM,0402,HILVERSUM,0356264040,secondary
Noord-Holland,"Gooise Scholenfederatie vwo, havo, vmbo",Vossiuslaan,2-A,1401 RT,BUSSUM,1942,GOOISE MEREN,0356933294,secondary
Noord-Holland,Gooise Scholen Federatie Weesp,Amstellandlaan,1-A,1382 CD,WEESP,0363,AMSTERDAM,0294805250,secondary
Noord-Holland,St. Ignatiusgymnasium,Jan van Eijckstraat,47,1077 LH,AMSTERDAM,0363,AMSTERDAM,0206763868,secondary
Noord-Holland,Fons Vitae Lyceum voor havo en vwo,Reijnier Vinkeleskade,53,1071 SW,AMSTERDAM,0363,AMSTERDAM,0205712410,secondary
Noord-Holland,St. Nicolaaslyceum voor havo en vwo,Beethovenplein,2,1077 WM,AMSTERDAM,0363,AMSTERDAM,0206445151,secondary
Noord-Holland,"Da Vinci College School voor mavo/havo, havo, vwo, tweetalig ond. en technasium",Johanna Naberstraat,218,1442 BG,PURMEREND,0439,PURMEREND,0299413327,secondary
Noord-Holland,Scholen aan Zee voor vwo havo mavo vmbo lwoo,Drs. F. Bijlweg,6,1784 MC,DEN HELDER,0400,DEN HELDER,0223540315,secondary
Noord-Holland,Bonhoeffer College Scholengemeenschap voor Mavo Havo Vwo,Pieter Kieftstraat,20,1902 RA,CASTRICUM,0383,CASTRICUM,0251653165,secondary
Noord-Holland,Jac P Thijsse College voor Vwo Havo Mavo,De Bloemen,65,1902 GT,CASTRICUM,0383,CASTRICUM,0251652571,secondary
Noord-Holland,SVOK H-B Vmbo-Havo-Ath-Gym,Bullerlaan,2,1945 SR,BEVERWIJK,0375,BEVERWIJK,0251233070,secondary
Noord-Holland,Forta PRO,Jan van Kuikweg,12,1965 BB,HEEMSKERK,0396,HEEMSKERK,0251226601,secondary
Noord-Holland,Katholiek Scholengemeenschap Hoofddorp voor Lyceum HAVO en MAVO,Assumburg,10,2135 BA,HOOFDDORP,0394,HAARLEMMERMEER,0235677588,secondary
Noord-Holland,Scholengemeenschap Eerste Christelijk Lyceum Vwo en Havo,Zuider Emmakade,43,2012 KN,HAARLEM,0392,HAARLEM,0235311651,secondary
Noord-Holland,"Herbert Vissers College voor mavo, havo,  atheneum en gymnasium",Beurtschipper,200,2152 LG,NIEUW-VENNEP,0394,HAARLEMMERMEER,0252661566,secondary
Noord-Holland,Rooms Katholieke Scholengemeenschap Thamen voor Mavo Vbo Lwoo,Den Uyllaan,4,1421 NK,UITHOORN,0451,UITHOORN,0297563192,secondary
Noord-Holland,Haemstede Barger MAVO,Koediefslaan,73,2101 BT,HEEMSTEDE,0397,HEEMSTEDE,0235282380,secondary
Noord-Holland,Kaj Munk College voor Atheneum Havo Mavo,Kaj Munkweg,3,2131 RV,HOOFDDORP,0394,HAARLEMMERMEER,0235616198,secondary
Noord-Holland,Ir. Lely Lyceum voor Atheneum Havo Mavo Vmbo,Ravenswaaipad,3,1106 AW,AMSTERDAM,0363,AMSTERDAM,0205633050,secondary
Noord-Holland,Futuris Scholengemeenschap voor vmbo/mavo en ISK,Pandora,1,1183 KK,AMSTELVEEN,0362,AMSTELVEEN,0205032121,secondary
Noord-Holland,Scholengemeenschap voor Vwo Havo Mavo Het Hervormd Lyceum,Hemsterhuisstraat,79,1065 JX,AMSTERDAM,0363,AMSTERDAM,0206152780,secondary
Noord-Holland,Scholengemeenschap voor Atheneum en Havo Het Hervormd Lyceum Zuid,Geulstraat,9,1078 KW,AMSTERDAM,0363,AMSTERDAM,0206627983,secondary
Noord-Holland,H Wesselink College Christelijke Scholengemeenschap voor Vwo Havo Mavo,Startbaan,3,1185 XP,AMSTELVEEN,0362,AMSTELVEEN,0206459751,secondary
Noord-Holland,Chr Sgm Buitenveldert v Gymn Ath Havo en Mavo,De Cuserstraat,3,1081 CK,AMSTERDAM,0363,AMSTERDAM,0206423902,secondary
Noord-Holland,Vrije School Noord Holland voor Atheneum Havo Mavo,Fred. Roeskestraat,84,1076 ED,AMSTERDAM,0363,AMSTERDAM,0205745830,secondary
Noord-Holland,Dalton Scholengemeenschap Spinozalyceum voor Vwo Havo Mavo,Peter van Anrooystraat,8,1076 BH,AMSTERDAM,0363,AMSTERDAM,0205777444,secondary
Noord-Holland,Scholengroep Zaandam voor vwo havo mavo vmbo lwoo,Vincent van Goghweg,42,1506 JD,ZAANDAM,0479,ZAANSTAD,0756170055,secondary
Noord-Holland,Scholengroep Krommenie voor Vwo Havo Mavo Vbo Lwoo,Erasmusstraat,28,1561 KD,KROMMENIE,0479,ZAANSTAD,0756210426,secondary
Noord-Holland,Praktijkschool De Brug,Saenredamstraat,39,1566 KL,ASSENDELFT,0479,ZAANSTAD,0756210688,secondary
Noord-Holland,Zuiderzee College voor VMBO,Zuiderzee,200,1503 HZ,ZAANDAM,0479,ZAANSTAD,0756166069,secondary
Noord-Holland,"Noordzee Onderwijs Groep voor Gymnasium, Atheneum, Havo, Vmbo",Wolff en Dekenlaan,1,1985 HP,DRIEHUIS,0453,VELSEN,0255546400,secondary
Noord-Holland,Haarlem College Scholengemeenschap voor Mavo Vbo Lwoo,Broekweg,1,2035 LE,HAARLEM,0392,HAARLEM,0235311572,secondary
Noord-Holland,Montessori College voor Mavo Aerdenhout,Boekenroodeweg,5,2111 HJ,AERDENHOUT,0377,BLOEMENDAAL,0235246246,secondary
Noord-Holland,Noordzee Onderwijs Groep voor Praktijkonderwijs,Eenhoornstraat,4,1973 XT,IJMUIDEN,0453,VELSEN,0255516343,secondary
Noord-Holland,School voor Praktische Vorming Oost-ter-Hout,Oosterhoutlaan,19,2012 RA,HAARLEM,0392,HAARLEM,0235290350,secondary
Noord-Holland,Rietland College,Rietvoornlaan,5,2132 PG,HOOFDDORP,0394,HAARLEMMERMEER,0235612136,secondary
Noord-Holland,Hartenlustsch voor Mavo,Vijverweg,31,2061 GT,BLOEMENDAAL,0377,BLOEMENDAAL,0235251702,secondary
Noord-Holland,Solyvius College SGM voor Lyc Havo Mavo Vbo Lwoo,Baron De Coubertinlaan,2,2134 CG,HOOFDDORP,0394,HAARLEMMERMEER,0235631644,secondary
Noord-Holland,Openbare Scholengemeenschap Vellesan College Ath Havo Mavo Vbo Lwoo,Briniostraat,16,1971 HM,IJMUIDEN,0453,VELSEN,0255519001,secondary
Noord-Holland,Gem Schoter Scholengemeenschap voor Atheneum Havo en Mavo,Sportweg,9,2024 CN,HAARLEM,0392,HAARLEM,0235258491,secondary
Noord-Holland,Coornhertlyc Gem Scholengemeenschap Lyceum Havo Mavo,Lyceumlaan,1,2012 WT,HAARLEM,0392,HAARLEM,0235121616,secondary
Noord-Holland,Spaarne College Haarlem voor Mavo Vbo Lwoo,Badmintonpad,15,2023 BT,HAARLEM,0392,HAARLEM,0235415100,secondary
Noord-Holland,Praktijkschool Uithoorn,Legmeerplein,55,1422 RG,UITHOORN,0451,UITHOORN,0297267018,secondary
Noord-Holland,Haarlem College school voor havo,Broekweg,1,2035 LE,HAARLEM,0392,HAARLEM,0235311572,secondary
Noord-Holland,Calandlyceum voor Gymnasium Atheneum Havo Vmbo,Pieter Calandlaan,182,1068 NT,AMSTERDAM,0363,AMSTERDAM,0206675353,secondary
Noord-Holland,Hubertus & Berkhoff voor Vbo en Lwoo,Betuwestraat,29,1079 PR,AMSTERDAM,0363,AMSTERDAM,0205797190,secondary
Noord-Holland,"Cburg College voor Vbo, Lwoo en Praktijkonderwijs",Foekje Dillemastraat,116,1095 MK,AMSTERDAM,0363,AMSTERDAM,0205797130,secondary
Noord-Holland,Voortgezet Onderwijs van Amsterdam voor Lyceum Havo Mavo Vbo en Lwoo,Meeuwenlaan,132,1022 AM,AMSTERDAM,0363,AMSTERDAM,0205797111,secondary
Noord-Holland,Stichting Atlas College voor Lyceum Havo Mavo Vbo Lwoo,Bontekoestraat,3,1623 LL,HOORN NH,0405,HOORN,0229206020,secondary
Noord-Holland,Amstelveen College Opb Ssm voor Gymnasium Havo en Mavo,Sportlaan,27,1185 TB,AMSTELVEEN,0362,AMSTELVEEN,0203039999,secondary
Noord-Holland,Open Sgm Bylmer Vath Havo Mavo Lhno Lto Leao,Gulden Kruis,5,1103 BE,AMSTERDAM,0363,AMSTERDAM,0206909050,secondary
Noord-Holland,Scholengemeenschap ZAAM Zaanstad voor Vwo Havo Mavo Vbo,Pascalstraat,4,1503 DA,ZAANDAM,0479,ZAANSTAD,0207059600,secondary
Noord-Holland,Scholengemeenschap ZAAM Oost voor Vwo Havo Mavo Vbo,Nobelweg,6,1097 AR,AMSTERDAM,0363,AMSTERDAM,0207059600,secondary
Noord-Holland,Scholengemeenschap ZAAM West voor Vwo Havo Mavo Vbo,Jacob Geelstraat,38,1065 VT,AMSTERDAM,0363,AMSTERDAM,0207059600,secondary
Noord-Holland,Scholengemeenschap ZAAM Noord voor Vwo Havo Mavo Vbo,Rode Kruisstraat,83,1025 KM,AMSTERDAM,0363,AMSTERDAM,0207059600,secondary
Noord-Holland,Scholengemeenschap ZAAM Zuid voor Vwo Havo Mavo Vbo,Gerrit van der Veenstr,99,1077 DT,AMSTERDAM,0363,AMSTERDAM,0207059600,secondary
Noord-Holland,De Faam voor Praktijkonderwijs,Blooksven,21,1504 AN,ZAANDAM,0479,ZAANSTAD,0207059600,secondary
Noord-Holland,Praktijkschool Westfriesland locatie Hoorn,Gording,124,1628 JG,HOORN NH,0405,HOORN,0229219487,secondary
Noord-Holland,Praktijkschool West-Friesland locatie Stede Broec,Annie M.G. Schmidtweg,1,1613 MA,GROOTEBROEK,0532,STEDE BROEC,0228510350,secondary
Noord-Holland,Fiducie College,Derkinderenstraat,44,1062 BJ,AMSTERDAM,0363,AMSTERDAM,0202610952,secondary
Noord-Holland,De Amsterdamse Mavo & Havo,Linnaeushof,48,1098 KM,AMSTERDAM,0363,AMSTERDAM,0616293215,secondary
Noord-Holland,"Cornelius Haga Lyceum, Islamitische Scholengemeenschap voor mavo havo en vwo",Naritaweg,30,1043 BZ,AMSTERDAM,0363,AMSTERDAM,0203053828,secondary
Noord-Holland,Openbare Scholengemeensschap Texel voor Ath Havo Mavo Vbo Lwoo,Haffelderweg,40,1791 AS,DEN BURG,0448,TEXEL,0222312121,secondary
Noord-Holland,SGM Kennemer Lyc Bz Sch Alg Grondsl v Vwo Havo,Adriaan Stoopplein,7,2051 KA,OVERVEEN,0377,BLOEMENDAAL,0235221060,secondary
Noord-Holland,Martinus College Christelijke Scholengemeenschap voor LYC HAVO MAVO VBO LWOO,De Aanloop,6,1613 KW,GROOTEBROEK,0532,STEDE BROEC,0228510300,secondary
Noord-Holland,Stichting Media Amsterdam,Contactweg,36,1014 AN,AMSTERDAM,0363,AMSTERDAM,0208509500,secondary
Noord-Holland,Petrus Canisius College Scholengemeenschap voor VWO HAVO VMBO,Blekerskade,11,1814 CG,ALKMAAR,0361,ALKMAAR,0725353540,secondary
Noord-Holland,Keizer Karel College Vwo Havo,Elegast,5,1185 AA,AMSTELVEEN,0362,AMSTELVEEN,0206415700,secondary
Noord-Holland,Alkwin Kollege Rooms Katholieke Scholengemeenschap voor Vwo en Havo,Weegbree,55,1422 MT,UITHOORN,0451,UITHOORN,0297566903,secondary
Noord-Holland,Don Bosco College Atheneum Havo Vmbo Lwoo,Heideweg,2,1132 DB,VOLENDAM,0385,EDAM-VOLENDAM,0299399299,secondary
Noord-Holland,"Sancta Maria Lyceum voor Havo, Atheneum en Gymnasium",Van Limburg Stirumstraat,4,2012 MN,HAARLEM,0392,HAARLEM,0235316040,secondary
Noord-Holland,"Trinitas College RK scholengemeenschap voor ATHENEUM, HAVO, MAVO, VBO, LWOO",Beukenlaan,1,1701 DA,HEERHUGOWAARD,1980,DIJK EN WAARD,0725710144,secondary
Noord-Holland,"Regius College Schagen voor Gym, Ath, Havo,Vmbo tl, Vmbo basis/kader",Wilhelminalaan,4,1741 CN,SCHAGEN,0441,SCHAGEN,0224297841,secondary
Noord-Holland,Regius College Emmalaan Praktijkonderwijs,Emmalaan,2,1741 CX,SCHAGEN,0441,SCHAGEN,0224297841,secondary
Noord-Holland,Tabor College d'Ampte Hoorn voor Vwo Havo Mavo Vmbo Lwoo,Berkhouterweg,5,1624 NS,HOORN NH,0405,HOORN,0229283555,secondary
Noord-Holland,Jan Arentsz Christelijke Scholengemeenschap voor Lyceum Havo Mavo Vbo,Mandenmakerstraat,11,1825 BB,ALKMAAR,0361,ALKMAAR,0725187676,secondary
Noord-Holland,Kolom Praktijkcollege De Schakel,Sterrenpad,2,2023 BV,HAARLEM,0392,HAARLEM,0235316470,secondary
Noord-Holland,Kolom Praktijkcollege De Atlant,Teilingen,4,1082 JS,AMSTERDAM,0363,AMSTERDAM,0206447290,secondary
Noord-Holland,Kolom Praktijkcollege Het Plein,Jan de Louterpad,5,1063 ME,AMSTERDAM,0363,AMSTERDAM,0204801048,secondary
Noord-Holland,Kolom Praktijkcollege Noord,Oostzanerdijk,139,1035 EX,AMSTERDAM,0363,AMSTERDAM,0206301199,secondary
Noord-Holland,Kolom Praktijkcollege De Dreef,Alexander Dumaslaan,7,1102 WD,AMSTERDAM,0363,AMSTERDAM,0205195070,secondary
Noord-Holland,Rooms Katholieke Scholengemeenschap St Michaelcollege voor Atheneum en Havo,Leeghwaterweg,7,1509 BS,ZAANDAM,0479,ZAANSTAD,0756127474,secondary
Noord-Holland,Atheneum College Hageveld,Hageveld,15,2102 LM,HEEMSTEDE,0397,HEEMSTEDE,0235100100,secondary
Noord-Holland,Stichting Joodse Kindergemeenschap Cheider MAVO HAVO VWO,Zeelandstraat,11,1082 BV,AMSTERDAM,0363,AMSTERDAM,0206465564,secondary
Noord-Holland,Mendel College Interconfessionele Scholengemeenschap Voor Mavo Havo Vwo,Pim Mulierlaan,4-6,2024 BT,HAARLEM,0392,HAARLEM,0235258421,secondary
Overijssel,"Almere College, Ontmoetingsschool voor PRO LWOO VMBO HAVO VWO",Marinus Postlaan,1,8264 PB,KAMPEN,0166,KAMPEN,0383371230,secondary
Overijssel,De Waerdenborch Scholengemeenschap voor Atheneum Havo Mavo Vbo,Haarstraat,14,7451 CZ,HOLTEN,1742,RIJSSEN-HOLTEN,0548378383,secondary
Overijssel,Vernieuwingsonderwijs De UiterWaarden,Zutphenseweg,55,7418 AH,DEVENTER,0150,DEVENTER,0629333561,secondary
Overijssel,PrO Hardenberg school voorChristelijk Praktijkonderwijs,Verlengde Korte Steeg,18,7772 RZ,HARDENBERG,0160,HARDENBERG,0523267700,secondary
Overijssel,Scholengemeenschap Pieter Zandt voor Vwo Havo Vmbo Pro,Kamperstraatweg,1-A,8265 PA,KAMPEN,0166,KAMPEN,0388700800,secondary
Overijssel,Etty Hillesum Lyceum voor Gymnasium Atheneum Havo Vmbo Pro,Lebuinuslaan,1,7415 DM,DEVENTER,0150,DEVENTER,0570504700,secondary
Overijssel,Pius X College Scholengemeenschap voor Lyceum Havo Mavo Vbo Lwoo,Cesar Franckstraat,4,7604 JG,ALMELO,0141,ALMELO,0546540808,secondary
Overijssel,Carmel College Salland Katholieke Scholengemeenschap,Florens Radewijnsstraat,6,8101 BW,RAALTE,0177,RAALTE,0572348500,secondary
Overijssel,"Twents Carmel College voor Gymnasium, Atheneum, Havo, Vmbo, Pro",Potskampstraat,2,7573 CC,OLDENZAAL,0173,OLDENZAAL,0541572372,secondary
Overijssel,R.K. Scholengemeenschap  Canisius voor vmbo havo vwo,Slot,31,7608 ND,ALMELO,0141,ALMELO,0546488488,secondary
Overijssel,"Bonhoeffer College voor Gymnasium, Atheneum, Havo, VMBO, LWOO en PrO",Vlierstraat,75,7544 GG,ENSCHEDE,0153,ENSCHEDE,0537512000,secondary
Overijssel,Scholengroep Carmel Hengelo voor GYM ATH HAVO MAVO VBO,Woolderesweg,130,7555 LC,HENGELO OV,0164,HENGELO,0742555333,secondary
Overijssel,Het Assink lyceum voor Lyceum Havo Mavo Vbo Lwoo,Bouwmeester,10,7481 LP,HAAKSBERGEN,0158,HAAKSBERGEN,0535730707,secondary
Overijssel,Protestants Scholengemeenschap Het Noordik voor Lyceum Havo Mavo Vbo Lwoo,Noordikslaan,68,7602 CG,ALMELO,0141,ALMELO,0546484848,secondary
Overijssel,Reggesteyn Christelijke Scholengemeenschap voor Pro-Vmbo-Havo-Atheneum-Gymnasium,Noetselerbergweg,20,7441 BK,NIJVERDAL,0163,HELLENDOORN,0548533600,secondary
Overijssel,Vechtdal College Scholengemeenschap voor Atheneum Havo Mavo Vbo Lwoo,Burg Schuitestraat,3,7772 BS,HARDENBERG,0160,HARDENBERG,0523281428,secondary
Overijssel,Stichting Landstede,Rechterland,1,8024 AH,ZWOLLE,0193,ZWOLLE,0888508040,secondary
Overijssel,"de Passie, Evangelische school voor Vmbo-tl, Havo, Vwo",Esrand,2,7642 ZZ,WIERDEN,0189,WIERDEN,0883372820,secondary
Overijssel,Regionale Scholengemeenschap Tromp Meesters voor Lyc Havo Mavo Vbo Lwoo,Lijsterbesstraat,1,8331 NS,STEENWIJK,1708,STEENWIJKERLAND,0521514137,secondary
Overijssel,Christelijke Scholengemeenschap voor Mavo en Vbo Eekeringe,Oostwijkstraat,8,8331 ED,STEENWIJK,1708,STEENWIJKERLAND,0521513527,secondary
Overijssel,RSG Tromp Meesters Praktijkschool,Stationsstraat,40,8331 GK,STEENWIJK,1708,STEENWIJKERLAND,0521512220,secondary
Overijssel,Ichthus College Kampen,Jan Ligthartstraat,1,8265 CJ,KAMPEN,0166,KAMPEN,0888508008,secondary
Overijssel,Ichthus College Praktijkonderwijs,Flevoweg,68,8265 PL,KAMPEN,0166,KAMPEN,0888508008,secondary
Overijssel,Carolus Clusius College voor Lyceum Havo Mavo Vbo Lwoo,Kamperweg,1,8019 AV,ZWOLLE,0193,ZWOLLE,0888508008,secondary
Overijssel,Talentstad Praktijkonderwijs,Blaloweg,1-A,8041 AH,ZWOLLE,0193,ZWOLLE,0888508008,secondary
Overijssel,"Het Stedelijk Kottenpark praktijkonderwijs, vmbo, havo, atheneum en gymnasium",Lyceumlaan,30,7522 GK,ENSCHEDE,0153,ENSCHEDE,0534800000,secondary
Overijssel,Het Stedelijk Diekman praktijkonderwijs,J.J. van Deinselaan,32,7541 PE,ENSCHEDE,0153,ENSCHEDE,0534821501,secondary
Overijssel,Van der Capellen Scholengemeenschap voor ATH HAVO MAVO VBO LWOO,Lassuslaan,232,8031 XM,ZWOLLE,0193,ZWOLLE,0384262850,secondary
Overijssel,Praktijkschool Het Kwartiers,Russenweg,3,8041 AL,ZWOLLE,0193,ZWOLLE,0384262800,secondary
Overijssel,Gymnasium Celeanum,Zoom,37,8032 EM,ZWOLLE,0193,ZWOLLE,0384552820,secondary
Overijssel,Thorbecke Scholengemeenschap voor Ath Havo Mavo Vbo Lwoo,Dokter van Heesweg,1,8025 AB,ZWOLLE,0193,ZWOLLE,0384564560,secondary
Overijssel,Greijdanus School voor LWOO PRO VMBO HAVO VWO,Campus,5,8017 CB,ZWOLLE,0193,ZWOLLE,0384698698,secondary
Overijssel,Openbare Scholengemeenschap Erasmus Lyceum Havo Mavo Vbo Lwoo,Sluiskade Noordzijde,68,7602 HT,ALMELO,0141,ALMELO,0546480800,secondary
Overijssel,PrO Erasmus,Horstlaan,1,7602 AM,ALMELO,0141,ALMELO,0546492400,secondary
Overijssel,OSG Hengelo voor LYC HAVO MAVO VBO LWOO,Sloetsweg,155,7556 HM,HENGELO OV,0164,HENGELO,0742919860,secondary
Overijssel,T Genseler,Jasmijnstraat,15,7552 AH,HENGELO OV,0164,HENGELO,0742916257,secondary
Overijssel,School voor Praktijkonderwijs De Maat,Baron van Fridaghstraat,137-B,7731 DL,OMMEN,0175,OMMEN,0529451062,secondary
Utrecht,Minkema College voor Lwoo Vmbo Havo Atheneum Gymnasium,Minkemalaan,1,3446 GL,WOERDEN,0632,WOERDEN,0348484100,secondary
Utrecht,Katholiek Scholengemeenschap De Breul voor Gymnasium Atheneum Havo en Mavo,Arnhemse Bovenweg,98,3708 AG,ZEIST,0355,ZEIST,0306915604,secondary
Utrecht,Gereformeerde Scholengemeenschap Guido voor Lyceum HAVO MAVO VBO LWOO,Paladijnenweg,251,3813 DH,AMERSFOORT,0307,AMERSFOORT,0334792999,secondary
Utrecht,Amadeus Lyceum voor Vwo Havo Mavo,Burchtpoort,3,3452 MD,VLEUTEN,0344,UTRECHT,0306774338,secondary
Utrecht,"Kranenburg, School voor Praktijkonderwijs",Tamboersdijk,9,3582 TZ,UTRECHT,0344,UTRECHT,0302512492,secondary
Utrecht,"Sint Gregorius College SGS v Atheneum Havo Mavo, loc Waldorf Utrecht",Van Asch van Wijckskade,20,3512 VS,UTRECHT,0344,UTRECHT,0302371771,secondary
Utrecht,Scholengemeenschap St Bonifatius College Lyceum Havo,Burg Fockema Andreaelaan,7-9,3582 KA,UTRECHT,0344,UTRECHT,0302512315,secondary
Utrecht,Niftarlake College Christelijke Scholengemeenschap voor Atheneum Havo Mavo,Pauwenkamp,151,3607 GK,MAARSSEN,1904,STICHTSE VECHT,0346567772,secondary
Utrecht,"De Baanbreker, school voor praktijkonderwijs",Baden Powellweg,1,3401 RR,IJSSELSTEIN,0353,IJSSELSTEIN,0306886699,secondary
Utrecht,Gerrit Rietveld College,Eykmanlaan,1200,3571 KH,UTRECHT,0344,UTRECHT,0302712214,secondary
Utrecht,Christelijk Gymnasium,Koningsbergerstraat,2,3531 AJ,UTRECHT,0344,UTRECHT,0302843000,secondary
Utrecht,Oosterlicht College PC SGM V ATH HAVO MAVO VBO,Dieselbaan,10,3439 MV,NIEUWEGEIN,0356,NIEUWEGEIN,0306004800,secondary
Utrecht,"Globe College, brede school voor vmbo, basis, kader en theoretische leerweg",Bontekoelaan,1,3526 RA,UTRECHT,0344,UTRECHT,0305112000,secondary
Utrecht,Broeckland College voor Mavo Vbo Lwoo,Engel de Ruijterstraat,40,3621 CV,BREUKELEN,1904,STICHTSE VECHT,0364262408,secondary
Utrecht,Christelijk Lyceum Zeist voor VWO HAVO MAVO VMBO LWOO,Lindenlaan,23,3707 EP,ZEIST,0355,ZEIST,0343489911,secondary
Utrecht,Seyster College voor Praktijkonderwijs,Bergweg,97,3707 AC,ZEIST,0355,ZEIST,0343489911,secondary
Utrecht,Meerscholen - rk sg voor lyceum havo mavo vmbo,Daam Fockemalaan,12,3818 KG,AMERSFOORT,0307,AMERSFOORT,0334612984,secondary
Utrecht,Meerscholen - chr sg voor lyceum havo mavo vmbo,Paladijnenweg,101,3813 DC,AMERSFOORT,0307,AMERSFOORT,0334229020,secondary
Utrecht,PRO33 college (Accent Amersfoort),Wiekslag,50,3815 GS,AMERSFOORT,0307,AMERSFOORT,0334450333,secondary
Utrecht,"Kalsbeek College Christelijke Scholengemeenschap voor Vmbo, Havo, Ath. en Gymn.",Jozef Israelslaan,56,3443 CT,WOERDEN,0632,WOERDEN,0348417694,secondary
Utrecht,Protestants Christelijk Mavo Waldheim,Torenlaan,81,3742 CS,BAARN,0308,BAARN,0355429743,secondary
Utrecht,Christelijk College Griftland School voor Atheneum Havo en Mavo,Noorderweg,79,3761 EV,SOEST,0342,SOEST,0356098200,secondary
Utrecht,Het Nieuwe Lyceum Scholengemeenschap voor Gymnasium Atheneum en Havo,Jan Steenlaan,38,3723 BV,BILTHOVEN,0310,DE BILT,0302283060,secondary
Utrecht,Yuverta,De Molen,94,3995 AX,HOUTEN,0321,HOUTEN,0306345100,secondary
Utrecht,"de Passie, Evangelische School voor Vmbo-tl, Havo, Vwo",Zwarte Woud,211,3524 SG,UTRECHT,0344,UTRECHT,0883372800,secondary
Utrecht,Joh van Oldenbarnevelt Gymnasium,Thorbeckeplein,1,3818 JL,AMERSFOORT,0307,AMERSFOORT,0334613944,secondary
Utrecht,Openbaar lyceum De Amersfoortse Berg,Hugo de Grootlaan,25,3818 TA,AMERSFOORT,0307,AMERSFOORT,0334618845,secondary
Utrecht,Vallei College voor Ath Havo Mavo Vbo Lwoo,Paladijnenweg,611,3813 KD,AMERSFOORT,0307,AMERSFOORT,0334750184,secondary
Utrecht,Veenlanden College PC SGM v Mavo Havo Atheneum,Diamant,9,3641 XR,MIJDRECHT,0736,DE RONDE VENEN,0297283459,secondary
Utrecht,Het Perron voor VMBO en Praktijkonderwijs,Sportlaan,11-13,3905 AD,VEENENDAAL,0345,VEENENDAAL,0318509600,secondary
Utrecht,"Utrechts Stedelijk Gymnasium, openbare school voor vwo",Ina Boudier-Bakkerlaan,7,3582 VA,UTRECHT,0344,UTRECHT,0302122199,secondary
Utrecht,"NUOVO Scholen, openbaar vmbo, mavo, havo, vwo",Blikkenburgerlaan,2,3703 CV,ZEIST,0355,ZEIST,0306982140,secondary
Utrecht,Anna van Rijn College Openb. Scholengemeenschap voor Ath Havo Mavo,Albatros,1,3435 XA,NIEUWEGEIN,0356,NIEUWEGEIN,0306040900,secondary
Utrecht,"NUOVO Scholen, openbare scholengemeenschap voor praktijkonderwijs, vmbo en mavo",La Bohemedreef,7,3561 KW,UTRECHT,0344,UTRECHT,0302634690,secondary
Utrecht,"NUOVO Scholen, opb. vmbo, havo, vwo",Maartvlinder,1,3544 DA,UTRECHT,0344,UTRECHT,0302933360,secondary
Utrecht,UniC school voor vwo en havo,Van Bijnkershoeklaan,2,3527 XL,UTRECHT,0344,UTRECHT, ,secondary
Utrecht,Van Lodensteincollege Scholengemeenschap voor Lyceum Havo Mavo Vbo Lwoo,Utrechtseweg,228,3818 ET,AMERSFOORT,0307,AMERSFOORT,0334226400,secondary
Utrecht,Al Amana College Utrecht,Noordse Parklaan,4,3513 GV,UTRECHT,0344,UTRECHT,0850067230,secondary
Utrecht,Regionale Scholengemeenschap Broklede voor Atheneum en Havo,Schepersweg,6-A,3621 JK,BREUKELEN,1904,STICHTSE VECHT,0346258060,secondary
Utrecht,Mgr A E Rientjes Mavo,Valkenkamp,551,3607 MJ,MAARSSEN,1904,STICHTSE VECHT,0346561360,secondary
Utrecht,Rembrandt College Openbare Scholengemeenschap voor Mavo Havo Ath,Rembrandtlaan,2,3904 ZK,VEENENDAAL,0345,VEENENDAAL,0318509900,secondary
Utrecht,De Baander,Zangvogelweg,152,3815 DR,AMERSFOORT,0307,AMERSFOORT,0334723163,secondary
Utrecht,Cals College Roomskatholiek Scholengemeenschap voor Lyceum Havo Mavo Vbo,Vreeswijksestraatweg,6-A,3432 NA,NIEUWEGEIN,0356,NIEUWEGEIN,0306036604,secondary
Utrecht,College de Heemlanden School voor havo en atheneum,De Slinger,48,3995 DE,HOUTEN,0321,HOUTEN,0306379944,secondary
Utrecht,Houtens,Kruisboog,1,3994 AE,HOUTEN,0321,HOUTEN,0306344297,secondary
Utrecht,Focus College Amersfoort,Softwareweg,7,3821 BN,AMERSFOORT,0307,AMERSFOORT,0651051078,secondary
Utrecht,Heerenlanden College,Eksterlaan,48,4143 AC,LEERDAM,1961,VIJFHEERENLANDEN,0345613531,secondary
Utrecht,Ichthus College Scholengemeenschap voor Atheneum Havo Mavo,Vondellaan,4,3906 EA,VEENENDAAL,0345,VEENENDAAL,0318543210,secondary
Utrecht,Het Baarnsch Lyceum,Torenlaan,83,3742 CS,BAARN,0308,BAARN,0355416041,secondary
Utrecht,Werkplaats Kindergemeenschap,Kees Boekelaan,12,3723 BA,BILTHOVEN,0310,DE BILT,0302282841,secondary
Utrecht,Jordan Montessori Lyceum Utrecht havo/vwo,Jordanlaan,3,3706 TE,ZEIST,0355,ZEIST,0306954708,secondary
Utrecht,Futura College voor Praktijkonderwijs,Abeellaan,2,3442 JB,WOERDEN,0632,WOERDEN,0348457320,secondary
Utrecht,Christelijk Lyceum Scholengemeenschap voor Mavo Havo Lyceum,Kerkewijk,149,3904 JC,VEENENDAAL,0345,VEENENDAAL,0318500621,secondary
Zeeland,"Van de Perre voor Vmbo, Mavo, Havo, Atheneum en Gymnasium",Griffioenstraat,17,4334 BK,MIDDELBURG,0687,MIDDELBURG,0118652100,secondary
Zeeland,Scheldemond College,Weyevlietplein,7-13,4385 CH,VLISSINGEN,0718,VLISSINGEN,0118479400,secondary
Zeeland,NEHALENNIA Stedelijke Scholengemeenschap voor LYC HAVO MAVO VBO LWOO,Kruisweg,2,4335 CT,MIDDELBURG,0687,MIDDELBURG,0118479400,secondary
Zeeland,Het Bolwerk,Teresastraat,2-A,4336 LM,MIDDELBURG,0687,MIDDELBURG,0118627697,secondary
Zeeland,De Wissel,Bergweg,8,4461 NB,GOES,0664,GOES,0113221017,secondary
Zeeland,"De Sprong, hoofdlocatie",Evertsenlaan,84-A,4535 AD,TERNEUZEN,0715,TERNEUZEN,0115617287,secondary
Zeeland,Ostrea Lyceum voor Lyceum Havo Mavo Vbo Lwoo,Bergweg,4,4461 NB,GOES,0664,GOES,0113212020,secondary
Zeeland,Het Goese Lyceum,Oranjeweg,90,4461 LR,GOES,0664,GOES,0113216971,secondary
Zeeland,Praktiq VBO,Bergweg,14,4461 NB,GOES,0664,GOES,0113212930,secondary
Zeeland,Calvijn College voor Reformatorisch Vmbo Havo Vwo,Klein Frankrijk,19,4461 ZN,GOES,0664,GOES,0113211020,secondary
Zeeland,Zwin College Scholengemeenschap voor Vmbo Havo Atheneum Gymnasium,Nieuwstraat,50,4501 BE,OOSTBURG,1714,SLUIS,0117454555,secondary
Zeeland,Rooms Katholieke Scholengemeenschap Reynaert College Lyceum Havo Mavo Vbo Lwoo,Zoutestraat,61-A,4561 XA,HULST,0677,HULST,0114381818,secondary
Zeeland,Praktijkschool Hulst,Frederik Hendriklaan,16,4561 WE,HULST,0677,HULST,0114312132,secondary
Zeeland,Lodewijk College voor Vwo Havo Mavo Vmbo Lwoo,Zeldenrustlaan,2,4535 GZ,TERNEUZEN,0715,TERNEUZEN,0115694029,secondary
Zuid-Holland,Accent Praktijkonderwijs Centrum,Vijverhofstraat,97,3032 SH,ROTTERDAM,0599,ROTTERDAM,0104651036,secondary
Zuid-Holland,Accent Praktijkonderwijs Delfshaven,Japarastraat,4,3029 NA,ROTTERDAM,0599,ROTTERDAM,0104155828,secondary
Zuid-Holland,Marnix Gymnasium,Essenburgsingel,58,3022 EA,ROTTERDAM,0599,ROTTERDAM,0102445044,secondary
Zuid-Holland,"Portus Scholengroep vwo havo mavo vmbo lwoo, locatie Meridiem",Grift,30,3075 SB,ROTTERDAM,0599,ROTTERDAM,0104933366,secondary
Zuid-Holland,Melanchthon Christelijke Scholengroep voor gymnasium atheneum havo en vmbo,Van Bijnkershoekweg,97,3052 PB,ROTTERDAM,0599,ROTTERDAM,0104767300,secondary
Zuid-Holland,"Comenius Chr. Scholengrp v. vwo havo mavo vbo lwoo, vest. Capell a/d IJssel",Lijstersingel,2-18,2902 JD,CAPELLE AAN DEN IJSSEL,0502,CAPELLE AAN DEN IJSSEL,0104595959,secondary
Zuid-Holland,Portus Scholengroep Farelcollege vwo havo mavo vmbo Iwoo,Kastanjelaan,50,2982 CM,RIDDERKERK,0597,RIDDERKERK,0180411777,secondary
Zuid-Holland,Scholengroep Penta voor gymnasium atheneum havo mavo vmbo lwoo,Curieweg,25,3208 KJ,SPIJKENISSE,1930,NISSEWAARD,0181617588,secondary
Zuid-Holland,Accent Praktijkonderwijs Capelle,Wisselspoor,2,2908 AC,CAPELLE AAN DEN IJSSEL,0502,CAPELLE AAN DEN IJSSEL,0102271181,secondary
Zuid-Holland,Accent praktijkonderwijs Hoogvliet,Max Havelaarweg,53,3193 VA,HOOGVLIET ROTTERDAM,0599,ROTTERDAM,0102095503,secondary
Zuid-Holland,Melanchthon Christelijke Scholengroep voor gymnasium atheneum havo en vmbo,Hoekeindseweg,7-A,2665 KA,BLEISWIJK,1621,LANSINGERLAND,0104767300,secondary
Zuid-Holland,Scholengroep Penta voor gymnasium atheneum havo mavo vmbo lwoo,Fazantenlaan,2,3222 AM,HELLEVOETSLUIS,1992,VOORNE AAN ZEE,0181316866,secondary
Zuid-Holland,"Portus Scholengroep Groene Hart lwoo, vbo, mavo, havo en vwo",Haarspitwei,11,2992 ZB,BARENDRECHT,0489,BARENDRECHT,0180390393,secondary
Zuid-Holland,Zuider Gymnasium,Groene Hilledijk,493,3075 EA,ROTTERDAM,0599,ROTTERDAM,0104190077,secondary
Zuid-Holland,Melanchthon Christelijke Scholengroep voor gymnasium atheneum havo en vmbo,De Zijde,3,2662 EB,BERGSCHENHOEK,1621,LANSINGERLAND,0102492260,secondary
Zuid-Holland,Stanislascollege Delft voor RK vmbo havo atheneum en gymnasium,Westplantsoen,71,2613 GK,DELFT,0503,DELFT,0157506050,secondary
Zuid-Holland,"Christelijk College De Populier voor vwo, havo, mavo",Populierstraat,109,2565 MK,'S-GRAVENHAGE,0518,S GRAVENHAGE,0703648808,secondary
Zuid-Holland,Hofstede College voor bijzonder Praktijkonderwijs,Droogscheerdersgaarde,70,2542 BK,'S-GRAVENHAGE,0518,S GRAVENHAGE,0703676233,secondary
Zuid-Holland,Christelijk Lyceum Zandvliet voor Lyceum en Havo,Bezuidenhoutseweg,40,2594 AW,'S-GRAVENHAGE,0518,S GRAVENHAGE,0703851902,secondary
Zuid-Holland,"Hofstad VO voor bijzonder vwo, havo, mavo, vmbo",Albardastraat,13-S,2555 XP,'S-GRAVENHAGE,0518,S GRAVENHAGE,0703971541,secondary
Zuid-Holland,"Lucas VO Den Haag Zuid-West voor algemeen bijzonder vwo, havo, mavo, vmbo",Beresteinlaan,627,2542 JR,'S-GRAVENHAGE,0518,S GRAVENHAGE,0703089898,secondary
Zuid-Holland,Esloo VO voor bijzonder vwo havo mavo vmbo pro,Louis Couperusplein,33,2514 HP,'S-GRAVENHAGE,0518,S GRAVENHAGE,0707002600,secondary
Zuid-Holland,Interconfessionele Scholengroep Westland voor Lyceum Havo Mavo Vbo Lwoo PrO,Professor Holwerdalaan,54,2672 LD,NAALDWIJK,1783,WESTLAND,0174628961,secondary
Zuid-Holland,"Praktijkcollege Zoetermeer, voor openbaar praktijkonderwijs",Dr. J. W. Paltelaan,1,2712 RN,ZOETERMEER,0637,ZOETERMEER,0793512512,secondary
Zuid-Holland,Lucas Onderwijs Zoetermeer voor openbaar vwo havo mavo vbo lwoo,Paletsingel,38-C,2718 NT,ZOETERMEER,0637,ZOETERMEER,0793471700,secondary
Zuid-Holland,Stanislascollege Pijnacker – Rijswijk voor bijzonder pro vbo mavo havo vwo,Sportlaan,3-A,2641 AZ,PIJNACKER,1926,PIJNACKER-NOOTDORP,0157506050,secondary
Zuid-Holland,Scholengemeenschap Spieringshoek voor Gymnasium Atheneum en HAVO,Van der Brugghenlaan,2,3118 LA,SCHIEDAM,0606,SCHIEDAM,0104706422,secondary
Zuid-Holland,Laurens Lyceum voor Vwo en Havo,Voorhout,100,3055 ES,ROTTERDAM,0599,ROTTERDAM,0104180470,secondary
Zuid-Holland,WOW VO voor havo en vwo,Duivenpad,7,3055 VE,ROTTERDAM,0599,ROTTERDAM,0104537500,secondary
Zuid-Holland,Christelijk Scholengemeenschap voor Lyceum Havo Mavo Vbo Lwoo Insula College,Halmaheiraplein,5,3312 GH,DORDRECHT,0505,DORDRECHT,0788905400,secondary
Zuid-Holland,Hans Petri School,Anna van Saksenstraat,11,3314 NC,DORDRECHT,0505,DORDRECHT,0786324111,secondary
Zuid-Holland,Christelijke Scholengemeenschap De Lage Waard voor Ath Havo Mavo Vbo Lwoo,Vijzellaan,4,3352 VH,PAPENDRECHT,0590,PAPENDRECHT,0786442020,secondary
Zuid-Holland,DevelsteinCollege Christelijke Scholengemeenschap voor Voortgezet Onderwijs,Develsingel,5,3333 LD,ZWIJNDRECHT,0642,ZWIJNDRECHT,0786194566,secondary
Zuid-Holland,Scheepvaart en Transport College,Lloydstraat,300,3024 EA,ROTTERDAM,0599,ROTTERDAM,0883186000,secondary
Zuid-Holland,Lentiz onderwijsgroep,Schiedamsedijk,114,3134 KK,VLAARDINGEN,0622,VLAARDINGEN,0104349925,secondary
Zuid-Holland,Lentiz onderwijsgroep,Rotterdamseweg,55,3135 PT,VLAARDINGEN,0622,VLAARDINGEN,0104357000,secondary
Zuid-Holland,Lentiz Revius Lyceum,Reviusplein,8,3141 SV,MAASSLUIS,0556,MAASSLUIS,0105915883,secondary
Zuid-Holland,Christelijk Gymnasium Sorghvliet,Johan de Wittlaan,22,2517 JR,'S-GRAVENHAGE,0518,S GRAVENHAGE,0703451577,secondary
Zuid-Holland,Carmelcollege Gouda voor tto gym ath havo mavo vmbo lwoo eoa,Groen van Prinsterersngl,49,2805 TD,GOUDA,0513,GOUDA,0182513822,secondary
Zuid-Holland,Erasmuscollege voor Vwo Havo en Mavo,Van Doornenplantsoen,31,2722 ZA,ZOETERMEER,0637,ZOETERMEER,0793319204,secondary
Zuid-Holland,Het Vlietland College Scholengemeenschap voor Vwo Havo Mavo,Apollolaan,262,2324 BZ,LEIDEN,0546,LEIDEN,0715769243,secondary
Zuid-Holland,Christelijke Scholengemeenschap De Goudse Waarden Lyc Havo Mavo Vbo Lwoo Pro,Kanaalstraat,31,2801 SH,GOUDA,0513,GOUDA,0182516077,secondary
Zuid-Holland,Het Schoonhovens College,Albert Plesmanstraat,4,2871 HJ,SCHOONHOVEN,1931,KRIMPENERWAARD,0182385288,secondary
Zuid-Holland,Praktijkschool De Goudse Waarden,H.J. Nederhorststraat,2,2801 SC,GOUDA,0513,GOUDA,0182516077,secondary
Zuid-Holland,Christelijke Scholengemeenschap Willem van Oranje voor ATH HAVO MAVO,Randweg,2,3263 RA,OUD-BEIJERLAND,1963,HOEKSCHE WAARD,0186634343,secondary
Zuid-Holland,Oranje Nassau College Scholengemeenschap Ath Havo Mavo Vbo Lwoo,Parkdreef,282,2724 EZ,ZOETERMEER,0637,ZOETERMEER,0793208830,secondary
Zuid-Holland,"Ashram College KSG voor vwo, havo, mavo en vbo",Marsdiep,293,2401 XH,ALPHEN AAN DEN RIJN,0484,ALPHEN AAN DEN RIJN,0172430234,secondary
Zuid-Holland,"Chr. SGM Groene Hart voor vwo, havo, mavo, vbo",Prinses Beatrixlaan,4,2404 XC,ALPHEN AAN DEN RIJN,0484,ALPHEN AAN DEN RIJN,0172449500,secondary
Zuid-Holland,Groene Hart Pro College,Anna van Burenlaan,15,2404 GA,ALPHEN AAN DEN RIJN,0484,ALPHEN AAN DEN RIJN,0172473175,secondary
Zuid-Holland,Andreas College Christelijke Scholengemeenschap voor VWO Havo Vmbo,Louise de Colignylaan,2,2224 VT,KATWIJK ZH,0537,KATWIJK,0714013128,secondary
Zuid-Holland,Limes Praktijkonderwijs,Louise de Colignylaan,5,2224 VT,KATWIJK ZH,0537,KATWIJK,0714029990,secondary
Zuid-Holland,"Scholengroep Driestar-Wartburg - Guido de Brès, Vwo, Havo, Mavo, Vbo, LWOO, Pro",Smeetslandseweg,127,3079 CR,ROTTERDAM,0599,ROTTERDAM,0102923900,secondary
Zuid-Holland,"Scholengroep Driestar-Wartburg - Driestar Gouda Bèta, vwo, havo, vmbo, pro",Ronsseplein,1,2803 ZV,GOUDA,0513,GOUDA,0182691691,secondary
Zuid-Holland,Laurentius Praktijkschool,Kappeyne vd Coppellostr,28,2613 XP,DELFT,0503,DELFT,0152146523,secondary
Zuid-Holland,Unie Noord,Pieter de Hoochstraat,29,3024 CP,ROTTERDAM,0599,ROTTERDAM,0102443300,secondary
Zuid-Holland,Het Lyceum Rotterdam voor Vwo en Havo,Beukelsdijk,91,3021 AE,ROTTERDAM,0599,ROTTERDAM,0104770033,secondary
Zuid-Holland,Roncalli MAVO,Tattistraat,3,3066 CE,ROTTERDAM,0599,ROTTERDAM,0104205693,secondary
Zuid-Holland,Het Zuiderpark College voor Mavo Vbo en Lwoo,Montessoriweg,26,3083 AN,ROTTERDAM,0599,ROTTERDAM,0104848400,secondary
Zuid-Holland,Nova College,Veenoord,15,3079 NH,ROTTERDAM,0599,ROTTERDAM,0104832344,secondary
Zuid-Holland,Het Praktijkcollege Charlois,Talingstraat,170,3082 MH,ROTTERDAM,0599,ROTTERDAM,0104294946,secondary
Zuid-Holland,Het Praktijkcollege Zuidwijk,Schere,47,3085 DT,ROTTERDAM,0599,ROTTERDAM,0102974580,secondary
Zuid-Holland,Het Praktijkcollege Centrum,Schietbaanstraat,26,3014 ZX,ROTTERDAM,0599,ROTTERDAM,0104362821,secondary
Zuid-Holland,"de Passie Evangelische School voor Vmbo-tl, Havo, Atheneum, Gymnasium",Ulaanbaatarplein,6,3072 JP,ROTTERDAM,0599,ROTTERDAM,0883372730,secondary
Zuid-Holland,Het Waterland,Boerhaavelaan,345,2334 EM,LEIDEN,0546,LEIDEN,0715163636,secondary
Zuid-Holland,SGM Dalton College Voorburg voor Lyceum HAVO MAVO VBO LWOO,Loolaan,125,2271 TM,VOORBURG,1916,LEIDSCHENDAM-VOORBURG,0703007700,secondary
Zuid-Holland,Veurs Lyceum voor Atheneum Havo Mavo Vbo Lwoo,Burg Kolfschotenlaan,5,2262 EZ,LEIDSCHENDAM,1916,LEIDSCHENDAM-VOORBURG,0704199100,secondary
Zuid-Holland,Sint Maartenscollege Scholengemeenschap voor Vwo Havo en Mavo Voorburg,Aart van der Leeuwkade,14,2274 KX,VOORBURG,1916,LEIDSCHENDAM-VOORBURG,0703867272,secondary
Zuid-Holland,Gymnasium Novum,Aart van der Leeuwkade,1,2274 KX,VOORBURG,1916,LEIDSCHENDAM-VOORBURG,0703004110,secondary
Zuid-Holland,SGM Grotius College Delft voor Lyceum Havo Mavo Vbo Lwoo,Juniusstraat,8,2625 XZ,DELFT,0503,DELFT,0158000002,secondary
Zuid-Holland,"'s Gravendreef College voor vbo, mavo en havo",Klaas Voskuildreef,135,2492 JJ,'S-GRAVENHAGE,0518,S GRAVENHAGE,0703017755,secondary
Zuid-Holland,Scholengemeenschap Haags Montessori Lyceum voor Lyceum Havo Mavo Vbo,Nassau Bredastraat,5,2596 AK,'S-GRAVENHAGE,0518,S GRAVENHAGE,0703245418,secondary
Zuid-Holland,Maris College voor Mavo Vmbo Lwoo,Mgr. Nolenslaan,16,2555 XZ,'S-GRAVENHAGE,0518,S GRAVENHAGE,0703231334,secondary
Zuid-Holland,"Atlas Onderwijsgroep voor gymnasium, atheneum, havo, vmbo",Karmozijnstraat,2,2284 GA,RIJSWIJK ZH,0603,RIJSWIJK,0703364944,secondary
Zuid-Holland,School voor Speciaal Voortgezet Onderwijs De Einder,Spionkopstraat,9,2572 NK,'S-GRAVENHAGE,0518,S GRAVENHAGE,0704451616,secondary
Zuid-Holland,Gymnasium Haganum,Laan van Meerdervoort,57,2517 AG,'S-GRAVENHAGE,0518,S GRAVENHAGE,0703469243,secondary
Zuid-Holland,Scholengemeenschap het Segbroekcollege Vwo Havo Mavo,Klaverstraat,7,2565 BT,'S-GRAVENHAGE,0518,S GRAVENHAGE,0703634940,secondary
Zuid-Holland,Maerlant Lyceum met Afdeling Havo,Johannes Bildersstraat,11,2596 ED,'S-GRAVENHAGE,0518,S GRAVENHAGE,0703244529,secondary
Zuid-Holland,Dalton Den Haag gymnasium atheneum havo,Aronskelkweg,1,2555 GA,'S-GRAVENHAGE,0518,S GRAVENHAGE,0703689890,secondary
Zuid-Holland,Johan de Witt Scholengroep voor Vwo Havo Mavo Vmbo Pro Lwoo nieuwkomers,Zusterstraat,120,2512 TP,'S-GRAVENHAGE,0518,S GRAVENHAGE,0703120750,secondary
Zuid-Holland,Gemeentelijk Gymnasium Camphusianum,Vroedschapstraat,11,4204 AJ,GORINCHEM,0512,GORINCHEM,0183622388,secondary
Zuid-Holland,Merewade College Openbare Scholengemeenschap voor Ath Havo Mavo Vbo Lwoo,Wijdschildlaan,4,4207 EA,GORINCHEM,0512,GORINCHEM,0183656868,secondary
Zuid-Holland,Northgo College Openbare Scholengemeenschap voor Vmbo Havo Vwo,Duinwetering,107,2203 HM,NOORDWIJK ZH,0575,NOORDWIJK,0713681840,secondary
Zuid-Holland,De Noordhoek,Hoefslag,8,4205 NK,GORINCHEM,0512,GORINCHEM,0183625350,secondary
Zuid-Holland,Stedelijk Dalton Lyceum voor Lyceum Havo Mavo Vbo Lwoo,Overkampweg,125,3318 AN,DORDRECHT,0505,DORDRECHT,0786526565,secondary
Zuid-Holland,Griendencollege voor VMBO,Prof Kamerlingh Onnesln,109,3362 VE,SLIEDRECHT,0610,SLIEDRECHT,0184750200,secondary
Zuid-Holland,Algemeen Bijzondere School voor Praktijkonderwijs De Sprong,Elzenhof,124,3363 HE,SLIEDRECHT,0610,SLIEDRECHT,0184430150,secondary
Zuid-Holland,Regionale Scholengemeenschap Hoeksche Waard VWO Havo Mavo Vbo LWOO,Hoefsmid,1,3263 CC,OUD-BEIJERLAND,1963,HOEKSCHE WAARD,0186617522,secondary
Zuid-Holland,Joh De Wittgymnasium,Oranjepark,11,3311 LP,DORDRECHT,0505,DORDRECHT,0786482626,secondary
Zuid-Holland,"De Goudse Scholengemeenschap voor VMBO-TL, HAVO en VWO Leo Vroman",Willem de Zwijgersingel,5,2805 BP,GOUDA,0513,GOUDA,0182599994,secondary
Zuid-Holland,Coornhert Gymnasium,Jan van Renesseplein,1,2805 GT,GOUDA,0513,GOUDA,0182599517,secondary
Zuid-Holland,Het Segment Regionale School voor Praktijkonderwijs,Van Bergen Ijzendoornprk,43,2801 AB,GOUDA,0513,GOUDA,0182513620,secondary
Zuid-Holland,Coenecoop College voor Atheneum Havo Mavo Voorbereidend Beroeps Onderwijs,Oude Dreef,2,2741 ST,WADDINXVEEN,0627,WADDINXVEEN,0182616055,secondary
Zuid-Holland,Scala College voor Atheneum Havo Vmbo-Loot,Kees Mustersstraat,6,2406 LK,ALPHEN AAN DEN RIJN,0484,ALPHEN AAN DEN RIJN,0172423737,secondary
Zuid-Holland,"EYE college voor vwo, havo, mavo vbo en pro",Pelikaanweg,1,2903 ER,CAPELLE AAN DEN IJSSEL,0502,CAPELLE AAN DEN IJSSEL,0851050200,secondary
Zuid-Holland,Lyceum Schravenlant voor Atheneum en Havo,Hugo de Grootstraat,4,3119 HA,SCHIEDAM,0606,SCHIEDAM,0104093300,secondary
Zuid-Holland,ProNovaCollege voor Praktijkonderwijs,Burg Honnerlage Greteln,494,3118 BB,SCHIEDAM,0606,SCHIEDAM,0104715052,secondary
Zuid-Holland,Mavo Schravenlant XL voor mavo en vmbo,Van Hogendorpstraat,105,3118 LG,SCHIEDAM,0606,SCHIEDAM,0104710077,secondary
Zuid-Holland,Het College Vos,Koninginnelaan,771,3136 EZ,VLAARDINGEN,0622,VLAARDINGEN,0108503500,secondary
Zuid-Holland,Stedelijk Gymnasium Schiedam,Valeriusstraat,29-31,3122 AM,SCHIEDAM,0606,SCHIEDAM,0102470468,secondary
Zuid-Holland,Scholengemeenschap Maerlant College voor Lyceum Havo Mavo Vbo Lwoo,Hossenbosdijk,14-16,3232 PX,BRIELLE,1992,VOORNE AAN ZEE,0181412210,secondary
Zuid-Holland,SG Helinium voor Atheneum Havo Mavo Vbo Lwoo,Fazantenlaan,1,3222 AM,HELLEVOETSLUIS,1992,VOORNE AAN ZEE,0181316488,secondary
Zuid-Holland,Praktijk College Spijkenisse,E. van Dintelstraat,11,3201 KX,SPIJKENISSE,1930,NISSEWAARD,0181613187,secondary
Zuid-Holland,Openbare Scholengemeenschap De Ring van Putten voor Ath Havo Mavo,Groenewoudlaan,25,3201 LP,SPIJKENISSE,1930,NISSEWAARD,0181457144,secondary
Zuid-Holland,MY college voor VMBO,Zinkseweg,2,3201 KZ,SPIJKENISSE,1930,NISSEWAARD,0181622033,secondary
Zuid-Holland,"SNZ voor gymnasium, atheneum, havo, mavo vmbo, pro en lwoo",Slaghekstraat,221,3074 LJ,ROTTERDAM,0599,ROTTERDAM,0104850666,secondary
Zuid-Holland,Openbare Scholengemeenschap Libanon Lyceum voor VWO HAVO MAVO,Ramlehweg,6,3061 JX,ROTTERDAM,0599,ROTTERDAM,0104522500,secondary
Zuid-Holland,Thorbecke Talentschool Rotterdam mavo havo vwo,Prinsenlaan,82,3066 KA,ROTTERDAM,0599,ROTTERDAM,0102890450,secondary
Zuid-Holland,Wolfert van Borselen scholengroep,Bentincklaan,280,3039 KK,ROTTERDAM,0599,ROTTERDAM,0108907700,secondary
Zuid-Holland,Erasmianum Gemeente Gymnasium,Wytemaweg,25,3015 CN,ROTTERDAM,0599,ROTTERDAM,0104360045,secondary
Zuid-Holland,Einstein Lyceum Openbare Scholengemeenschap voor MAVO HAVO Atheneum en Gymnasium,Campusplein,18,3192 CD,HOOGVLIET ROTTERDAM,0599,ROTTERDAM,0104835311,secondary
Zuid-Holland,Regionale Scholengemeenschap Goeree-Overflakkee voor Vmbo,Langeweg,111,3245 KG,SOMMELSDIJK,1924,GOEREE-OVERFLAKKEE,0187485444,secondary
Zuid-Holland,Regionale Scholengemeenschap Goeree-Overflakkee voor Vwo Havo Mavo,Koningin Julianaweg,54,3241 XC,MIDDELHARNIS,1924,GOEREE-OVERFLAKKEE,0187482777,secondary
Zuid-Holland,Stedelijk Gymnasium,Fruinlaan,15,2313 EP,LEIDEN,0546,LEIDEN,0715121365,secondary
Zuid-Holland,Stedelijk Gymnasium Socrates,Nieuwe Marnixstraat,90,2316 ES,LEIDEN,0546,LEIDEN,0715121365,secondary
Zuid-Holland,Leonardo College voor Atheneum Havo Mavo,Telderskade,48,2321 TE,LEIDEN,0546,LEIDEN,0715768202,secondary
Zuid-Holland,Da Vinci College Openbare Scholengemeenschap voor ATH HAVO MAVO VBO LWOO,Kagerstraat,7,2334 CP,LEIDEN,0546,LEIDEN,0715795979,secondary
Zuid-Holland,Emmauscollege Rooms Katholieke Scholengemeenschap voor Vwo en Havo,Alexandriestraat,40,3067 MR,ROTTERDAM,0599,ROTTERDAM,0104212144,secondary
Zuid-Holland,Krimpenerwaard College voor Lyceum Havo Mavo,Groene Wetering,1,2922 CX,KRIMPEN AAN DEN IJSSEL,0542,KRIMPEN AAN DEN IJSSEL,0180450110,secondary
Zuid-Holland,Gomarusschool s.g.voor VMBO Havo Atheneum,Hoefslag,11,4205 NK,GORINCHEM,0512,GORINCHEM,0183610361,secondary
Zuid-Holland,Christelijke Scholengemeenschap voor Atheneum Havo Mavo Willem De Zwijger,Kamerlingh Onnesdreef,4,2871 JN,SCHOONHOVEN,1931,KRIMPENERWAARD,0182390539,secondary
Zuid-Holland,Christelijke Scholengemeenschap voor Vwo Havo Mavo Vmbo Pro Lwoo Prins Maurits,Koningin Julianaweg,57,3241 XB,MIDDELHARNIS,1924,GOEREE-OVERFLAKKEE,0187482745,secondary
Zuid-Holland,"Avicenna College voor vwo, havo, mavo en vbo",Montessoriweg,55,3083 AN,ROTTERDAM,0599,ROTTERDAM,0107900555,secondary
Zuid-Holland,"Avicenna College Den Haag voor mavo, havo en vwo",Zuidlarenstraat,6,2545 VX,'S-GRAVENHAGE,0518,S GRAVENHAGE, ,secondary
Zuid-Holland,"Onderwijsgr. Zuid-Hollandse Waarden gymnasium, atheneum, havo, mavo, vmbo, lwoo",Prinses Margrietstraat,163,2983 ED,RIDDERKERK,0597,RIDDERKERK,0180486999,secondary
Zuid-Holland,"Willem De Zwijger College voor Gym, Ath, Havo, en Vmbo",Van Der Palmstraat,2,3351 HA,PAPENDRECHT,0590,PAPENDRECHT,0786417970,secondary
Zuid-Holland,GSR Gymnasium Atheneum HAVO VMBO,Valenciadreef,15,3067 WL,ROTTERDAM,0599,ROTTERDAM,0102862930,secondary
Zuid-Holland,Stichting voor Voortgezet Vrijeschool Onderwijs Delft Mercurius,Molenstraat,22,2611 KA,DELFT,0503,DELFT,0152410025,secondary
Zuid-Holland,Het Rijnlands Lyceum Scholengemeenschap voor Havo VWO,Backershagenlaan,5,2243 AB,WASSENAAR,0629,WASSENAAR,0705110400,secondary
Zuid-Holland,Het Rijnlands Sassenheim Scholengemeenschap voor Atheneum Havo Mavo,Van Alkemadelaan,2,2171 DH,SASSENHEIM,1525,TEYLINGEN,0252243070,secondary
Zuid-Holland,Rijnlands Lyceum Oegstgeest Vwo Havo,Apollolaan,1,2341 BA,OEGSTGEEST,0579,OEGSTGEEST,0715193500,secondary
Zuid-Holland,Scholengemeenschap Montessori Lyceum Rotterdam voor Gymnasium Atheneum en Havo,Schimmelpenninckstraat,17,3039 KS,ROTTERDAM,0599,ROTTERDAM,0104654022,secondary
Zuid-Holland,St.- Jozefmavo,Willem de Zwijgerlaan,240,3136 AX,VLAARDINGEN,0622,VLAARDINGEN,0104744166,secondary
Zuid-Holland,"Aida College voor mavo, havo en vwo",Veluweplein,1,2571 GA,'S-GRAVENHAGE,0518,S GRAVENHAGE, ,secondary
Zuid-Holland,Fioretti College voor Gymnasium Atheneum Havo Mavo Vbo Lwoo,Sportlaan,3,2161 VA,LISSE,0553,LISSE,0252461700,secondary
Zuid-Holland,Teylingen College voor Gymnasium Atheneum Havo Mavo Vbo Lwoo,Leidsevaart,4,2215 RE,VOORHOUT,1525,TEYLINGEN,0252461700,secondary
Zuid-Holland,Duinzigt Havo,Wijttenbachweg,23,2341 VX,OEGSTGEEST,0579,OEGSTGEEST,0715171131,secondary
Zuid-Holland,Visser 't Hooft Lyceum Lyceum Havo Mavo Vbo Lwoo,Kagerstraat,1,2334 CP,LEIDEN,0546,LEIDEN,0715171661,secondary
Zuid-Holland,Bonaventuracollege SGM voor Gym. Ath. Havo Vmbo,Burggravenlaan,2,2313 HV,LEIDEN,0546,LEIDEN,0715660166,secondary
Zuid-Holland,Stichting Willem van Oranje Onderwijsgroep,Oude Hoven,8,4205 AK,GORINCHEM,0512,GORINCHEM, ,secondary
Zuid-Holland,Grafisch Lyceum Rotterdam voor MBO en VMBO,Heer Bokelweg,255,3032 AD,ROTTERDAM,0599,ROTTERDAM,0108802500,secondary
Zuid-Holland,Protestants Christelijke School voor Praktijkonderwijs De Poort,2e Sweelinckstraat,160,2517 HB,'S-GRAVENHAGE,0518,S GRAVENHAGE,0703588970,secondary
Zuid-Holland,S. Adelbert College voor VMBO-T - Havo - VWO - Gymnasium,Deijlerweg,163,2241 AE,WASSENAAR,0629,WASSENAAR,0705119224,secondary
Zuid-Holland,Vrijzinnig Christelijk Lyceum Scholengemeenschap voor Vwo en Havo,Van Stolkweg,35,2585 JN,'S-GRAVENHAGE,0518,S GRAVENHAGE,0703066630,secondary
Zuid-Holland,Rooms Katholiek Alfrink College Scholengemeenschap voor Atheneum en Havo,Werflaan,45,2725 DE,ZOETERMEER,0637,ZOETERMEER,0793306666,secondary
Zuid-Holland,Christelijk Lyceum Delft Scholengemeenschap voor Lyceum Havo Mavo Vbo,Molenhuispad,1,2614 GE,DELFT,0503,DELFT,0152684330,secondary
Zuid-Holland,Vrije School Zuid-Holland voor Atheneum Havo Mavo,Waalsdorperweg,12,2597 JB,'S-GRAVENHAGE,0518,S GRAVENHAGE,0703244300,secondary
Gelderland,SOMA College,Ceintuurbaan,2,3847 LG,HARDERWIJK,0243,HARDERWIJK,0341499100,vocational
Overijssel,C I B A P Christelijk MBO,Nijverheidstraat,11,8031 DZ,ZWOLLE,0193,ZWOLLE,0384546944,vocational
Utrecht,Grafisch Lyceum Utrecht,Vondellaan,178,3521 GH,UTRECHT,0344,UTRECHT,0302807070,vocational
Utrecht,Nimeto Algemeen Bijzondere Scholengemeenschap voor Mbo Kmbo,Smijerslaan,2,3572 LP,UTRECHT,0344,UTRECHT,0302714624,vocational
Utrecht,SVO vakopleiding food,Sleepboot,2,3991 CN,HOUTEN,0321,HOUTEN,0302758181,vocational
Zuid-Holland,Hout- en Meubileringscollege,Erasmuspad,10,3052 KP,ROTTERDAM,0599,ROTTERDAM,0102855555,vocational
Zuid-Holland,Leidse Instrumentmakers School,Einsteinweg,61,2333 CC,LEIDEN,0546,LEIDEN,0715275568,vocational
Gelderland,Aeres VMBO en Aeres MBO,Bovenbuurtweg,27,6717 XA,EDE,0228,EDE,0880207020,vocational
Gelderland,Zone.college,Hoeflingweg,9,7241 CJ,LOCHEM,0262,LOCHEM,0882620700,vocational
Noord-Brabant,Curio,Trivium,74,4873 LP,ETTEN-LEUR,0777,ETTEN-LEUR,0765048000,vocational
Noord-Brabant,SiNTLUCAS,Torenallee,75,5617 BB,EINDHOVEN,0772,EINDHOVEN,0402591391,vocational
Noord-Holland,Stichting Media Amsterdam,Contactweg,36,1014 AN,AMSTERDAM,0363,AMSTERDAM,0208509500,vocational
Utrecht,Yuverta,De Molen,94,3995 AX,HOUTEN,0321,HOUTEN,0306345100,vocational
Zuid-Holland,Scheepvaart en Transport College,Lloydstraat,300,3024 EA,ROTTERDAM,0599,ROTTERDAM,0883186000,vocational
Zuid-Holland,Lentiz onderwijsgroep,Schiedamsedijk,114,3134 KK,VLAARDINGEN,0622,VLAARDINGEN,0104349925,vocational
Zuid-Holland,Grafisch Lyceum Rotterdam voor MBO en VMBO,Heer Bokelweg,255,3032 AD,ROTTERDAM,0599,ROTTERDAM,0108802500,vocational
Noord-Brabant,BBO de Schalm,Vlijmenseweg,2-A,5223 GW,'S-HERTOGENBOSCH,0796,S HERTOGENBOSCH,0736249624,vocational
Flevoland,Regionaal Opleidingen Centrum van Flevoland,Straat van Florida,1,1334 PA,ALMERE,0034,ALMERE,0365495900,vocational
Friesland,Firda,De Eenhoorn,4,8932 NX,LEEUWARDEN,0080,LEEUWARDEN,0582849340,vocational
Gelderland,Regionaal Opleidingen Centrum Rivor,Bachstraat,1,4003 KZ,TIEL,0281,TIEL,0344656200,vocational
Gelderland,Regionaal Opleidingen Centrum Graafschap College,Slingelaan,1,7001 EA,DOETINCHEM,0222,DOETINCHEM,0314353500,vocational
Gelderland,Regionaal Opleidingen Centrum Rijn IJssel,Tivolilaan,10,6824 BW,ARNHEM,0202,ARNHEM,0263129000,vocational
Gelderland,Regionaal Opleidingen Centrum Nijmegen eo,Campusbaan,6,6512 BT,NIJMEGEN,0268,NIJMEGEN,0248904500,vocational
Gelderland,Stichting Regionaal Opleidingen Centrum AVENTUS,Ln van de Mensenrechten,500,7331 VZ,APELDOORN,0200,APELDOORN, ,vocational
Gelderland,Regionaal Opleidingen Centrum A12,Reehorsterweg,80,6717 LG,EDE,0228,EDE,0318455500,vocational
Groningen,Regionaal Opleidingen Centrum Alfa-college,Boumaboulevard,573,9723 ZS,GRONINGEN,0014,GRONINGEN,0505973000,vocational
Groningen,Stichting Noorderpoort,Verzetsstrijderslaan,4,9727 CE,GRONINGEN,0014,GRONINGEN,0505977400,vocational
Groningen,ROC Menso Alting,Vondelpad,4,9721 LX,GRONINGEN,0014,GRONINGEN,0505244580,vocational
Limburg,VISTA College,Sibemaweg,20,6224 DC,MAASTRICHT,0935,MAASTRICHT,0880015000,vocational
Limburg,Regionaal Opleidingen Centrum Gilde Opleidingen Beroepsonderwijs en Educatie,Olympialaan,1,6042 JZ,ROERMOND,0957,ROERMOND,0475349349,vocational
Noord-Brabant,Koning Willem I College,Vlijmenseweg,2,5223 GW,'S-HERTOGENBOSCH,0796,S HERTOGENBOSCH,0736249624,vocational
Noord-Brabant,Yonder,Stappegoorweg,183,5022 DD,TILBURG,0855,TILBURG,0135397090,vocational
Noord-Brabant,Stichting Regionaal Opleidingencentrum Ter AA,Keizerin Marialaan,2,5702 NR,HELMOND,0794,HELMOND,0492507900,vocational
Noord-Holland,ROC van Amsterdam,Fraijlemaborg,141,1102 CV,AMSTERDAM,0363,AMSTERDAM,0205791000,vocational
Noord-Holland,ROC TOP,NDSM-straat,1,1033 SB,AMSTERDAM,0363,AMSTERDAM,0205042400,vocational
Noord-Holland,Regionaal Opleidingen Centrum Nova College,Diakenhuisweg,37-45,2033 AP,HAARLEM,0392,HAARLEM,0235302000,vocational
Noord-Holland,Talland College,Kruseman van Eltenweg,4,1817 BC,ALKMAAR,0361,ALKMAAR,0725476600,vocational
Overijssel,Deltion College,Mozartlaan,15,8031 AA,ZWOLLE,0193,ZWOLLE,0388503000,vocational
Overijssel,Regionaal Opleidingencentrum van Twente,Gieterij,200,7553 VZ,HENGELO OV,0164,HENGELO,0748525000,vocational
Utrecht,Stichting ROC Midden Nederland,Brandenburchdreef,20,3562 CS,UTRECHT,0344,UTRECHT,0307541700,vocational
Utrecht,Hoornbeeck College voor Mbo op Reformatorische Grondslag,Utrechtseweg,230,3818 ET,AMERSFOORT,0307,AMERSFOORT,0334680808,vocational
Utrecht,Stichting Interconfessioneel Beroepsonderwijs Volwasseneneducatie regio Utrecht,Australielaan,23,3526 AB,UTRECHT,0344,UTRECHT,0302815100,vocational
Utrecht,Stichting Interconf. Beroepsonderwijs en Volwasseneneducatie Regio Amersfoort,Leusderweg,30-34,3817 KB,AMERSFOORT,0307,AMERSFOORT,0334221400,vocational
Zeeland,Scalda voor middelbaar beroepsonderwijs en volwasseneneducatie,Vlietstraat,11-A,4535 HA,TERNEUZEN,0715,TERNEUZEN,0115641600,vocational
Zuid-Holland,Zadkine,Marten Meesweg,50,3068 AV,ROTTERDAM,0599,ROTTERDAM,0889452480,vocational
Zuid-Holland,Stichting Albeda,Rosestraat,1101,3071 AL,ROTTERDAM,0599,ROTTERDAM,0102901010,vocational
Zuid-Holland,Regionaal Opleidingen Centrum Da Vinci College,Leerparkpromenade,100,3312 KW,DORDRECHT,0505,DORDRECHT,0886572657,vocational
Zuid-Holland,mboRijnland,Betaplein,18,2321 KS,LEIDEN,0546,LEIDEN,0882221777,vocational
Zuid-Holland,ROC Mondriaan,Leeghwaterplein,72,2521 DB,'S-GRAVENHAGE,0518,S GRAVENHAGE,0886663300,vocational
Drenthe,Drenthe College Terra,Anne de Vriesstraat,70,9402 NT,ASSEN,0106,ASSEN,0881884444,vocational
Noord-Brabant,Curio,Trivium,74,4873 LP,ETTEN-LEUR,0777,ETTEN-LEUR,0765048000,vocational
Noord-Brabant,Stg ROC Summa College,Habsburglaan,1,5616 HV,EINDHOVEN,0772,EINDHOVEN,0402694000,vocational
Noord-Brabant,Scholengemeenschap De Rooi Pannen,Dr. Ahausstraat,1,5042 EK,TILBURG,0855,TILBURG,0135002100,vocational
Noord-Holland,Vonk,Drechterwaard,10-A,1824 EX,ALKMAAR,0361,ALKMAAR,0725147666,vocational
Overijssel,Stichting Landstede,Rechterland,1,8024 AH,ZWOLLE,0193,ZWOLLE,0888508040,vocational
Friesland,NHL Stenden Hogeschool,Rengerslaan,10,8917 DD,LEEUWARDEN,0080,LEEUWARDEN,0582512345,university
Gelderland,Christelijke Hogeschool Ede,Oude Kerkweg,100,6717 JS,EDE,0228,EDE,0318696300,university
Gelderland,Aeres Hogeschool,Mansholtlaan,18,6708 PA,WAGENINGEN,0289,WAGENINGEN,0880207000,university
Gelderland,ArtEZ,Onderlangs,9,6812 CE,ARNHEM,0202,ARNHEM,0263535600,university
Gelderland,Hogeschool Van Hall Larenstein,Larensteinselaan,26-A,6882 CT,VELP GLD,0275,RHEDEN,0263695695,university
Gelderland,Iselinge Hogeschool,Bachlaan,11,7002 MZ,DOETINCHEM,0222,DOETINCHEM,0880931000,university
Gelderland,Hogeschool van Arnhem en Nijmegen,Ruitenberglaan,31,6826 CC,ARNHEM,0202,ARNHEM,0263691555,university
Groningen,Hanzehogeschool Groningen,Zernikeplein,1,9747 AS,GRONINGEN,0014,GRONINGEN,0505955610,university
Limburg,Zuyd Hogeschool,Nieuw-Eyckholt,300,6419 DJ,HEERLEN,0917,HEERLEN,0454006060,university
Noord-Brabant,Avans Hogeschool,Prof Cobbenhagenlaan,13,5037 DA,TILBURG,0855,TILBURG,0135958100,university
Noord-Brabant,Breda University of Applied Sciences,Mgr. Hopmansstraat,2,4817 JS,BREDA,0758,BREDA,0765332203,university
Noord-Brabant,HAS green academy,Onderwijsboulevard,221,5223 DE,'S-HERTOGENBOSCH,0796,S HERTOGENBOSCH,0888903600,university
Noord-Brabant,Fontys Hogeschool,Rachelsmolen,1,5612 MA,EINDHOVEN,0772,EINDHOVEN,0877873677,university
Noord-Brabant,Pedagogische Hogeschool De Kempel,Deurneseweg,11,5709 AH,HELMOND,0794,HELMOND,0492514400,university
Noord-Brabant,Design Academy Eindhoven,Emmasingel,14,5611 AZ,EINDHOVEN,0772,EINDHOVEN,0402393939,university
Noord-Holland,Gerrit Rietveld Academie,Fred. Roeskestraat,96,1076 ED,AMSTERDAM,0363,AMSTERDAM,0205711600,university
Noord-Holland,Amsterdamse Hogeschool voor de Kunsten,Jodenbreestraat,3,1011 NG,AMSTERDAM,0363,AMSTERDAM,0205277710,university
Noord-Holland,Hogeschool IPABO Amsterdam Alkmaar,Jan Tooropstraat,136,1061 AD,AMSTERDAM,0363,AMSTERDAM,0206137079,university
Noord-Holland,Hogeschool van Amsterdam,Wibautstraat,3-B,1091 GH,AMSTERDAM,0363,AMSTERDAM,0205952341,university
Overijssel,Hogeschool KPZ,Ten Oeverstraat,68,8012 EW,ZWOLLE,0193,ZWOLLE,0384217425,university
Overijssel,Stichting Hogeschool Viaa,Wethouder Alferinkweg,2,8012 GA,ZWOLLE,0193,ZWOLLE,0384255542,university
Overijssel,Saxion Hogeschool,M.H. Tromplaan,28,7513 AB,ENSCHEDE,0153,ENSCHEDE,0534871111,university
Overijssel,Christelijke Hogeschool Windesheim,Campus,2-6,8017 CA,ZWOLLE,0193,ZWOLLE,0384699911,university
Utrecht,Hogeschool voor de Kunsten Utrecht,Nieuwekade,1,3511 RV,UTRECHT,0344,UTRECHT,0302091509,university
Utrecht,Hogeschool Utrecht,Padualaan,99,3584 CH,UTRECHT,0344,UTRECHT,0302388898,university
Utrecht,Marnix Academie,Vogelsanglaan,1,3571 ZM,UTRECHT,0344,UTRECHT,0302753400,university
Zeeland,HZ University of Applied Sciences,Edisonweg,4,4382 NW,VLISSINGEN,0718,VLISSINGEN,0118489000,university
Zuid-Holland,"Codarts, Hogeschool voor de Kunsten",Kruisplein,26,3012 CC,ROTTERDAM,0599,ROTTERDAM,0102171100,university
Zuid-Holland,Hogeschool Leiden,Zernikedreef,11,2333 CK,LEIDEN,0546,LEIDEN,0715188800,university
Zuid-Holland,Hogeschool Rotterdam,Museumpark,40,3015 CX,ROTTERDAM,0599,ROTTERDAM,0107940000,university
Zuid-Holland,Hogeschool der Kunsten Den Haag,Spuiplein,150,2511 DG,'S-GRAVENHAGE,0518,S GRAVENHAGE,0703154777,university
Zuid-Holland,Driestar educatief,Burgemeester Jamessingel,2,2803 PD,GOUDA,0513,GOUDA,0182540333,university
Zuid-Holland,Hogeschool Inholland,Posthumalaan,90,3072 AG,ROTTERDAM,0599,ROTTERDAM,0703120100,university
Zuid-Holland,De Haagse Hogeschool,Johanna Westerdijkplein,75,2521 EN,'S-GRAVENHAGE,0518,S GRAVENHAGE,0704458888,university
Zuid-Holland,Hogeschool Thomas More,Stationssingel,80,3033 HJ,ROTTERDAM,0599,ROTTERDAM,0104657066,university
Zuid-Holland,Hotelschool The Hague,Brusselselaan,2,2587 AH,'S-GRAVENHAGE,0518,S GRAVENHAGE,0703512481,university
Gelderland,Wageningen University,Droevendaalsesteeg,4,6708 PB,WAGENINGEN,0289,WAGENINGEN,0317480100,university
Gelderland,Theologische Universiteit Apeldoorn,Wilhelminapark,4,7316 BT,APELDOORN,0200,APELDOORN,0555775700,university
Gelderland,Radboud Universiteit Nijmegen,Houtlaan,4,6525 XZ,NIJMEGEN,0268,NIJMEGEN,0243616161,university
Groningen,Rijksuniversiteit Groningen,Broerstraat,5-7,9712 CP,GRONINGEN,0014,GRONINGEN,0503639111,university
Limburg,Universiteit Maastricht,Minderbroedersberg,4-6,6211 LK,MAASTRICHT,0935,MAASTRICHT,0433882222,university
Limburg,Open Universiteit,Valkenburgerweg,177,6419 AT,HEERLEN,0917,HEERLEN,0455762222,university
Noord-Brabant,Technische Universiteit Eindhoven,Den Dolech,2,5612 AZ,EINDHOVEN,0772,EINDHOVEN,0402479111,university
Noord-Brabant,Tilburg University,Warandelaan,2,5037 AB,TILBURG,0855,TILBURG,0134669111,university
Noord-Holland,Universiteit van Amsterdam,Spui,21,1012 WX,AMSTERDAM,0363,AMSTERDAM,0205252704,university
Noord-Holland,Vrije Universiteit Amsterdam,De Boelelaan,1105,1081 HV,AMSTERDAM,0363,AMSTERDAM,0205989898,university
Overijssel,Universiteit Twente,Drienerlolaan,5,7522 NB,ENSCHEDE,0153,ENSCHEDE,0534899111,university
Utrecht,Universiteit Utrecht,Heidelberglaan,8,3584 CS,UTRECHT,0344,UTRECHT,0302533550,university
Utrecht,Protestantse Theologische Universiteit,Janskerkhof,12,3512 BL,UTRECHT,0344,UTRECHT,0883371610,university
Utrecht,Universiteit voor Humanistiek,Kromme Nieuwegracht,29,3512 HD,UTRECHT,0344,UTRECHT,0302390100,university
Utrecht,Theologische Universiteit van de Nederlandse Gereformeerde Kerken,Plompetorengracht,3,3512 CA,UTRECHT,0344,UTRECHT,0853410200,university
Zuid-Holland,Erasmus Universiteit Rotterdam,Burgemeester Oudlaan,50,3062 PA,ROTTERDAM,0599,ROTTERDAM,0104081730,university
Zuid-Holland,Technische Universiteit Delft,Prometheusplein,1,2628 ZC,DELFT,0503,DELFT,0152789111,university
Zuid-Holland,Universiteit Leiden,Rapenburg,70,2311 EZ,LEIDEN,0546,LEIDEN,0715272727,university
